PathFileType	4	(X/Y/Z)	 P5 -130r1 01.trc
DataRate	CameraRate	NumFrames	NumMarkers	Units	OrigDataRate	OrigDataStartFrame	OrigNumFrames
200	200	100	38	m	200	1	100
Frame#	Time	RASIS			LASIS			RPSIS			LPSIS			RThighRear1			RThighFront1			RThighRear2			RThighFront2			RKneeLat			RKneeMed			RShankRear1			RShankFront1			RShankRear2			RShankFront2			RAnkleLat			RAnkleMed			RM5			RM1			RMid			RHeel			LThighRear1			LThighFront1			LThighRear2			LThighFront2			LKneeLat			LKneeMed			LShankRear1			LShankFront1			LShankRear2			LShankFront2			LAnkleLat			LAnkleMed			LM5			LM1			LMid			LHeel			RShoulder			LShoulder			
		X1	Y1	Z1	X2	Y2	Z2	X3	Y3	Z3	X4	Y4	Z4	X5	Y5	Z5	X6	Y6	Z6	X7	Y7	Z7	X8	Y8	Z8	X9	Y9	Z9	X10	Y10	Z10	X11	Y11	Z11	X12	Y12	Z12	X13	Y13	Z13	X14	Y14	Z14	X15	Y15	Z15	X16	Y16	Z16	X17	Y17	Z17	X18	Y18	Z18	X19	Y19	Z19	X20	Y20	Z20	X21	Y21	Z21	X22	Y22	Z22	X23	Y23	Z23	X24	Y24	Z24	X25	Y25	Z25	X26	Y26	Z26	X27	Y27	Z27	X28	Y28	Z28	X29	Y29	Z29	X30	Y30	Z30	X31	Y31	Z31	X32	Y32	Z32	X33	Y33	Z33	X34	Y34	Z34	X35	Y35	Z35	X36	Y36	Z36	X37	Y37	Z37	X38	Y38	Z38	
1	0.0000	-1.506501	0.925171	-0.351182	-1.514982	0.928392	-0.563384	-1.681085	0.978995	-0.415786	-1.681770	0.973852	-0.513464	-1.640512	0.746019	-0.272137	-1.590921	0.738521	-0.277309	-1.643746	0.699256	-0.270150	-1.596889	0.688365	-0.276139	-1.674684	0.469979	-0.291470	-1.678674	0.452611	-0.401098	-1.816466	0.465042	-0.277665	-1.793748	0.417199	-0.281595	-1.852881	0.444977	-0.278220	-1.831304	0.402033	-0.285262	-2.061478	0.349983	-0.304390	-2.047450	0.311861	-0.382200	-2.096803	0.234084	-0.245705	-2.086597	0.189728	-0.344049	-2.054872	0.147106	-0.276401	-2.106529	0.385410	-0.366455	-1.548505	0.740357	-0.620171	-1.507696	0.756098	-0.603590	-1.540736	0.700442	-0.614190	-1.498901	0.718156	-0.607841	-1.447047	0.490596	-0.544355	-1.451035	0.499349	-0.442634	-1.480645	0.353926	-0.548799	-1.435908	0.360579	-0.533620	-1.476152	0.306342	-0.536806	-1.436533	0.311428	-0.525526	-1.449358	0.095498	-0.466924	-1.427093	0.116567	-0.384980	-1.328333	0.047338	-0.489687	-1.304296	0.050879	-0.383108	-1.240108	0.084306	-0.439682	-1.497490	0.063840	-0.409154	-1.440338	1.407167	-0.293582	-1.481766	1.416575	-0.592026	
2	0.0050	-1.494693	0.922875	-0.351458	-1.503694	0.926646	-0.563692	-1.669777	0.976687	-0.414962	-1.670710	0.972270	-0.512796	-1.625458	0.742916	-0.271971	-1.575718	0.736416	-0.277228	-1.627635	0.696164	-0.269911	-1.580568	0.686314	-0.275988	-1.653651	0.467118	-0.291427	-1.657953	0.449702	-0.401459	-1.794513	0.463594	-0.277214	-1.772578	0.415482	-0.281202	-1.831212	0.444246	-0.277368	-1.810343	0.400925	-0.284746	-2.041015	0.352655	-0.302771	-2.027946	0.314489	-0.380688	-2.076312	0.237165	-0.243785	-2.067642	0.192670	-0.342135	-2.035398	0.149934	-0.274941	-2.086426	0.388554	-0.364456	-1.537647	0.738994	-0.620406	-1.496752	0.754695	-0.603932	-1.529907	0.699055	-0.614455	-1.488033	0.716713	-0.608156	-1.436081	0.488752	-0.545183	-1.440116	0.497445	-0.443337	-1.472131	0.352777	-0.548986	-1.427432	0.358546	-0.533836	-1.468796	0.305307	-0.536883	-1.429248	0.309592	-0.525501	-1.447769	0.095352	-0.466101	-1.425077	0.115827	-0.384007	-1.327771	0.046455	-0.489703	-1.303581	0.049003	-0.382800	-1.239001	0.080822	-0.438982	-1.496742	0.064389	-0.408702	-1.428501	1.404670	-0.293084	-1.469105	1.413746	-0.592206	
3	0.0100	-1.482737	0.920557	-0.351730	-1.492259	0.924888	-0.563999	-1.658321	0.974359	-0.414129	-1.659500	0.970677	-0.512116	-1.610180	0.739796	-0.271814	-1.560289	0.734314	-0.277158	-1.611273	0.693059	-0.269684	-1.564000	0.684275	-0.275855	-1.632259	0.464270	-0.291419	-1.636888	0.446816	-0.401862	-1.772197	0.462132	-0.276768	-1.751046	0.413751	-0.280835	-1.809181	0.443499	-0.276521	-1.789021	0.399806	-0.284243	-2.020204	0.355300	-0.301124	-2.008102	0.317111	-0.379156	-2.055441	0.240194	-0.241860	-2.048317	0.195579	-0.340223	-2.015528	0.152720	-0.273507	-2.065998	0.391681	-0.362405	-1.526679	0.737608	-0.620649	-1.485688	0.753263	-0.604299	-1.518974	0.697643	-0.614729	-1.477056	0.715238	-0.608497	-1.425034	0.486857	-0.546026	-1.429113	0.495491	-0.444054	-1.463552	0.351594	-0.549181	-1.418893	0.356470	-0.534061	-1.461387	0.304242	-0.536970	-1.421911	0.307719	-0.525482	-1.446180	0.095196	-0.465276	-1.423067	0.115086	-0.383029	-1.327211	0.045583	-0.489720	-1.302869	0.047153	-0.382493	-1.237898	0.077362	-0.438287	-1.496001	0.064917	-0.408250	-1.416496	1.402144	-0.292579	-1.456247	1.410887	-0.592382	
4	0.0150	-1.470648	0.918232	-0.351994	-1.480688	0.923130	-0.564302	-1.646727	0.972027	-0.413292	-1.648147	0.969088	-0.511428	-1.594687	0.736690	-0.271672	-1.544646	0.732247	-0.277108	-1.594670	0.689977	-0.269476	-1.547196	0.682282	-0.275749	-1.610509	0.461480	-0.291465	-1.615484	0.444005	-0.402323	-1.749523	0.460668	-0.276340	-1.729147	0.412023	-0.280514	-1.786791	0.442735	-0.275691	-1.767332	0.398683	-0.283770	-1.999035	0.357864	-0.299458	-1.987900	0.319684	-0.377616	-2.034157	0.243101	-0.239951	-2.028574	0.198398	-0.338338	-1.995207	0.155408	-0.272132	-2.045248	0.394731	-0.360303	-1.515624	0.736205	-0.620899	-1.474527	0.751804	-0.604694	-1.507963	0.696213	-0.615011	-1.465996	0.713732	-0.608869	-1.413958	0.484912	-0.546879	-1.418076	0.493487	-0.444779	-1.454952	0.350380	-0.549384	-1.410337	0.354354	-0.534293	-1.453967	0.303151	-0.537066	-1.414563	0.305812	-0.525470	-1.444604	0.095033	-0.464454	-1.421081	0.114352	-0.382051	-1.326662	0.044734	-0.489736	-1.302167	0.045349	-0.382193	-1.236812	0.073963	-0.437605	-1.495277	0.065418	-0.407799	-1.404334	1.399604	-0.292066	-1.443197	1.408015	-0.592551	
5	0.0200	-1.458436	0.915916	-0.352245	-1.468981	0.921383	-0.564597	-1.634997	0.969708	-0.412454	-1.636652	0.967516	-0.510733	-1.578985	0.733627	-0.271552	-1.528795	0.730247	-0.277084	-1.577828	0.686950	-0.269299	-1.530162	0.680370	-0.275683	-1.588397	0.458796	-0.291583	-1.593740	0.441322	-0.402860	-1.726491	0.459215	-0.275940	-1.706869	0.410314	-0.280258	-1.764038	0.441957	-0.274893	-1.745260	0.397563	-0.283341	-1.977489	0.360289	-0.297781	-1.967313	0.322160	-0.376079	-2.012414	0.245815	-0.238080	-2.008354	0.201065	-0.336508	-1.974365	0.157941	-0.270846	-2.024164	0.397638	-0.358154	-1.504500	0.734791	-0.621152	-1.463285	0.750318	-0.605116	-1.496897	0.694769	-0.615298	-1.454875	0.712197	-0.609271	-1.402904	0.482914	-0.547737	-1.407056	0.491434	-0.445508	-1.446374	0.349137	-0.549593	-1.401805	0.352204	-0.534533	-1.446575	0.302035	-0.537172	-1.407242	0.303879	-0.525466	-1.443056	0.094865	-0.463641	-1.419136	0.113634	-0.381080	-1.326129	0.043918	-0.489752	-1.301484	0.043614	-0.381903	-1.235752	0.070661	-0.436946	-1.494580	0.065884	-0.407351	-1.392026	1.397067	-0.291546	-1.429952	1.405150	-0.592707	
6	0.0250	-1.446103	0.913628	-0.352477	-1.457137	0.919661	-0.564879	-1.623133	0.967420	-0.411619	-1.625008	0.965976	-0.510034	-1.563071	0.730638	-0.271462	-1.512737	0.728345	-0.277096	-1.560743	0.684016	-0.269160	-1.512898	0.678576	-0.275667	-1.565911	0.456268	-0.291792	-1.571647	0.438821	-0.403491	-1.703094	0.457784	-0.275581	-1.684193	0.408643	-0.280087	-1.740909	0.441165	-0.274142	-1.722784	0.396456	-0.282974	-1.955539	0.362516	-0.296103	-1.946307	0.324489	-0.374559	-1.990158	0.248262	-0.236272	-1.987589	0.203517	-0.334761	-1.952925	0.160258	-0.269685	-2.002731	0.400334	-0.355961	-1.493321	0.733372	-0.621406	-1.451972	0.748806	-0.605564	-1.485794	0.693318	-0.615587	-1.443708	0.710631	-0.609703	-1.391920	0.480864	-0.548594	-1.396098	0.489332	-0.446234	-1.437858	0.347868	-0.549808	-1.393340	0.350024	-0.534778	-1.439246	0.300901	-0.537289	-1.399984	0.301923	-0.525470	-1.441548	0.094696	-0.462843	-1.417248	0.112941	-0.380122	-1.325620	0.043144	-0.489765	-1.300825	0.041967	-0.381624	-1.234730	0.067492	-0.436316	-1.493919	0.066310	-0.406906	-1.379575	1.394550	-0.291019	-1.416507	1.402310	-0.592845	
7	0.0300	-1.433648	0.911385	-0.352686	-1.445149	0.917976	-0.565143	-1.611128	0.965180	-0.410791	-1.613206	0.964484	-0.509333	-1.546940	0.727756	-0.271407	-1.496469	0.726576	-0.277152	-1.543410	0.681209	-0.269069	-1.495403	0.676938	-0.275713	-1.543040	0.453946	-0.292111	-1.549196	0.436556	-0.404231	-1.679322	0.456390	-0.275275	-1.661098	0.407028	-0.280018	-1.717392	0.440361	-0.273453	-1.699879	0.395371	-0.282685	-1.933156	0.364485	-0.294437	-1.924844	0.326620	-0.373069	-1.967332	0.250373	-0.234551	-1.966206	0.205693	-0.333123	-1.930805	0.162304	-0.268680	-1.980930	0.402751	-0.353728	-1.482094	0.731953	-0.621657	-1.440597	0.747269	-0.606034	-1.474667	0.691866	-0.615875	-1.432508	0.709038	-0.610162	-1.381051	0.478760	-0.549442	-1.385249	0.487181	-0.446950	-1.429444	0.346578	-0.550026	-1.384981	0.347820	-0.535026	-1.432016	0.299752	-0.537414	-1.392826	0.299954	-0.525483	-1.440092	0.094530	-0.462064	-1.415432	0.112282	-0.379184	-1.325140	0.042421	-0.489774	-1.300196	0.040422	-0.381360	-1.233754	0.064484	-0.435724	-1.493301	0.066692	-0.406466	-1.366985	1.392073	-0.290483	-1.402854	1.399516	-0.592962	
8	0.0350	-1.421069	0.909205	-0.352866	-1.433007	0.916339	-0.565385	-1.598974	0.963008	-0.409975	-1.601236	0.963054	-0.508632	-1.530587	0.725011	-0.271393	-1.479987	0.724972	-0.277259	-1.525823	0.678565	-0.269034	-1.477673	0.675491	-0.275832	-1.519772	0.451880	-0.292557	-1.526378	0.434580	-0.405097	-1.655169	0.455047	-0.275036	-1.637562	0.405490	-0.280071	-1.693474	0.439547	-0.272838	-1.676523	0.394316	-0.282488	-1.910309	0.366137	-0.292793	-1.902885	0.328501	-0.371624	-1.943879	0.252076	-0.232941	-1.944133	0.207532	-0.331623	-1.907924	0.164024	-0.267863	-1.958740	0.404818	-0.351465	-1.470823	0.730541	-0.621901	-1.429162	0.745711	-0.606521	-1.463524	0.690421	-0.616158	-1.421282	0.707417	-0.610643	-1.370338	0.476605	-0.550275	-1.374549	0.484985	-0.447648	-1.421167	0.345272	-0.550244	-1.376766	0.345600	-0.535276	-1.424919	0.298595	-0.537547	-1.385801	0.297978	-0.525503	-1.438699	0.094373	-0.461308	-1.413699	0.111666	-0.378270	-1.324695	0.041756	-0.489778	-1.299604	0.038994	-0.381113	-1.232833	0.061664	-0.435174	-1.492735	0.067028	-0.406031	-1.354256	1.389655	-0.289938	-1.388982	1.396788	-0.593052	
9	0.0400	-1.408358	0.907107	-0.353013	-1.420698	0.914764	-0.565599	-1.586662	0.960921	-0.409173	-1.589082	0.961701	-0.507936	-1.514007	0.722435	-0.271427	-1.463291	0.723565	-0.277424	-1.507975	0.676120	-0.269062	-1.459706	0.674271	-0.276033	-1.496101	0.450118	-0.293144	-1.503189	0.432944	-0.406101	-1.630629	0.453767	-0.274875	-1.613570	0.404048	-0.280260	-1.669146	0.438726	-0.272314	-1.652696	0.393301	-0.282400	-1.886970	0.367413	-0.291186	-1.880394	0.330082	-0.370240	-1.919743	0.253307	-0.231467	-1.921301	0.208976	-0.330288	-1.884207	0.165366	-0.267264	-1.936140	0.406465	-0.349180	-1.459510	0.729145	-0.622131	-1.417668	0.744132	-0.607018	-1.452371	0.688989	-0.616429	-1.410035	0.705771	-0.611139	-1.359822	0.474403	-0.551084	-1.364037	0.482748	-0.448320	-1.413064	0.343958	-0.550460	-1.368729	0.343372	-0.535525	-1.417985	0.297439	-0.537685	-1.378939	0.296005	-0.525530	-1.437380	0.094229	-0.460580	-1.412061	0.111100	-0.377388	-1.324290	0.041154	-0.489773	-1.299052	0.037691	-0.380884	-1.231974	0.059055	-0.434674	-1.492226	0.067317	-0.405601	-1.341392	1.387317	-0.289385	-1.374885	1.394147	-0.593111	
10	0.0450	-1.395511	0.905109	-0.353122	-1.408212	0.913261	-0.565782	-1.574183	0.958938	-0.408392	-1.576733	0.960441	-0.507248	-1.497196	0.720059	-0.271511	-1.446379	0.722386	-0.277653	-1.489868	0.673909	-0.269160	-1.441505	0.673311	-0.276324	-1.472029	0.448706	-0.293886	-1.479630	0.431695	-0.407253	-1.605706	0.452566	-0.274805	-1.589112	0.402721	-0.280602	-1.644406	0.437900	-0.271893	-1.628384	0.392336	-0.282434	-1.863117	0.368259	-0.289632	-1.857341	0.331313	-0.368933	-1.894877	0.254006	-0.230153	-1.897649	0.209971	-0.329145	-1.859584	0.166286	-0.266911	-1.913115	0.407626	-0.346887	-1.448152	0.727772	-0.622342	-1.406114	0.742538	-0.607516	-1.441212	0.687580	-0.616684	-1.398769	0.704103	-0.611642	-1.349537	0.472158	-0.551860	-1.353749	0.480477	-0.448957	-1.405165	0.342645	-0.550670	-1.360904	0.341147	-0.535768	-1.411244	0.296293	-0.537825	-1.372271	0.294046	-0.525562	-1.436142	0.094107	-0.459882	-1.410525	0.110592	-0.376541	-1.323928	0.040617	-0.489759	-1.298545	0.036520	-0.380674	-1.231182	0.056675	-0.434227	-1.491779	0.067564	-0.405176	-1.328394	1.385081	-0.288821	-1.360555	1.391615	-0.593135	
11	0.0500	-1.382521	0.903232	-0.353189	-1.395536	0.911843	-0.565928	-1.561527	0.957077	-0.407633	-1.564175	0.959288	-0.506572	-1.480156	0.717911	-0.271651	-1.429255	0.721461	-0.277951	-1.471502	0.671963	-0.269334	-1.423074	0.672641	-0.276712	-1.447564	0.447685	-0.294793	-1.455711	0.430876	-0.408560	-1.580409	0.451455	-0.274837	-1.564186	0.401528	-0.281106	-1.619260	0.437072	-0.271587	-1.603584	0.391429	-0.282603	-1.838733	0.368624	-0.288146	-1.833702	0.332147	-0.367720	-1.869240	0.254120	-0.229024	-1.873124	0.210470	-0.328221	-1.834000	0.166744	-0.266830	-1.889653	0.408236	-0.344602	-1.436746	0.726431	-0.622527	-1.394498	0.740934	-0.608004	-1.430048	0.686204	-0.616916	-1.387487	0.702420	-0.612140	-1.339516	0.469880	-0.552595	-1.343717	0.478179	-0.449551	-1.397500	0.341344	-0.550870	-1.353319	0.338937	-0.536004	-1.404721	0.295168	-0.537965	-1.365823	0.292115	-0.525598	-1.434990	0.094013	-0.459219	-1.409095	0.110150	-0.375736	-1.323614	0.040149	-0.489733	-1.298085	0.035483	-0.380485	-1.230462	0.054534	-0.433836	-1.491397	0.067773	-0.404758	-1.315268	1.382966	-0.288248	-1.345990	1.389213	-0.593120	
12	0.0550	-1.369382	0.901492	-0.353210	-1.382661	0.910520	-0.566034	-1.548687	0.955355	-0.406903	-1.551399	0.958256	-0.505911	-1.462891	0.716019	-0.271849	-1.411926	0.720818	-0.278323	-1.452887	0.670312	-0.269588	-1.404425	0.672289	-0.277200	-1.422728	0.447093	-0.295870	-1.431451	0.430524	-0.410028	-1.554758	0.450446	-0.274980	-1.538802	0.400487	-0.281784	-1.593720	0.436245	-0.271409	-1.578300	0.390589	-0.282917	-1.813808	0.368462	-0.286748	-1.809461	0.332539	-0.366620	-1.842804	0.253606	-0.228104	-1.847685	0.210431	-0.327539	-1.807410	0.166709	-0.267044	-1.865749	0.408235	-0.342344	-1.425289	0.725132	-0.622681	-1.382818	0.739325	-0.608469	-1.418877	0.684871	-0.617119	-1.376187	0.700726	-0.612622	-1.329787	0.467579	-0.553280	-1.333970	0.475867	-0.450091	-1.390094	0.340069	-0.551056	-1.346002	0.336758	-0.536229	-1.398438	0.294078	-0.538100	-1.359616	0.290224	-0.525636	-1.433929	0.093958	-0.458594	-1.407775	0.109782	-0.374978	-1.323348	0.039749	-0.489694	-1.297674	0.034580	-0.380315	-1.229817	0.052641	-0.433505	-1.491080	0.067954	-0.404346	-1.302020	1.380997	-0.287666	-1.331190	1.386961	-0.593062	
13	0.0600	-1.356090	0.899909	-0.353182	-1.369577	0.909303	-0.566095	-1.535656	0.953789	-0.406203	-1.538394	0.957357	-0.505270	-1.445411	0.714407	-0.272105	-1.394405	0.720478	-0.278769	-1.434037	0.668983	-0.269924	-1.385572	0.672277	-0.277792	-1.397551	0.446961	-0.297122	-1.406879	0.430670	-0.411654	-1.528783	0.449550	-0.275244	-1.512978	0.399614	-0.282641	-1.567813	0.435422	-0.271367	-1.552549	0.389824	-0.283386	-1.788344	0.367731	-0.285455	-1.784611	0.332451	-0.365650	-1.815552	0.252428	-0.227415	-1.821304	0.209820	-0.327123	-1.779785	0.166160	-0.267574	-1.841401	0.407568	-0.340133	-1.413774	0.723885	-0.622794	-1.371070	0.737719	-0.608900	-1.407699	0.683593	-0.617285	-1.364868	0.699030	-0.613073	-1.320373	0.465270	-0.553906	-1.324531	0.473555	-0.450571	-1.382971	0.338835	-0.551225	-1.338973	0.334625	-0.536440	-1.392413	0.293039	-0.538227	-1.353670	0.288393	-0.525675	-1.432959	0.093951	-0.458009	-1.406561	0.109497	-0.374272	-1.323133	0.039414	-0.489639	-1.297313	0.033806	-0.380166	-1.229249	0.050996	-0.433232	-1.490826	0.068118	-0.403942	-1.288661	1.379193	-0.287073	-1.316162	1.384882	-0.592960	
14	0.0650	-1.342642	0.898500	-0.353102	-1.356279	0.908201	-0.566108	-1.522432	0.952395	-0.405537	-1.525156	0.956603	-0.504651	-1.427729	0.713096	-0.272421	-1.376707	0.720458	-0.279290	-1.414973	0.667999	-0.270342	-1.366538	0.672623	-0.278489	-1.372075	0.447314	-0.298548	-1.382034	0.431336	-0.413436	-1.502521	0.448775	-0.275635	-1.486747	0.398923	-0.283680	-1.541570	0.434605	-0.271471	-1.526358	0.389140	-0.284016	-1.762346	0.366399	-0.284288	-1.759154	0.331848	-0.364830	-1.787476	0.250561	-0.226980	-1.793967	0.208615	-0.326995	-1.751113	0.165082	-0.268437	-1.816616	0.406187	-0.337995	-1.402197	0.722702	-0.622862	-1.359252	0.736126	-0.609283	-1.396510	0.682381	-0.617407	-1.353528	0.697342	-0.613480	-1.311292	0.462969	-0.554466	-1.315420	0.471258	-0.450982	-1.376146	0.337659	-0.551373	-1.332250	0.332558	-0.536633	-1.386660	0.292068	-0.538344	-1.347999	0.286638	-0.525714	-1.432080	0.094004	-0.457470	-1.405452	0.109301	-0.373626	-1.322967	0.039143	-0.489568	-1.297003	0.033155	-0.380037	-1.228759	0.049598	-0.433018	-1.490633	0.068281	-0.403549	-1.275203	1.377575	-0.286472	-1.300915	1.382996	-0.592810	
15	0.0700	-1.329037	0.897280	-0.352968	-1.342763	0.907225	-0.566070	-1.509012	0.951187	-0.404907	-1.511682	0.956006	-0.504057	-1.409865	0.712106	-0.272795	-1.358855	0.720774	-0.279885	-1.395720	0.667378	-0.270843	-1.347349	0.673340	-0.279287	-1.346354	0.448171	-0.300144	-1.356964	0.432538	-0.415365	-1.476020	0.448127	-0.276160	-1.460148	0.398425	-0.284901	-1.515035	0.433796	-0.271727	-1.499762	0.388543	-0.284812	-1.735831	0.364437	-0.283268	-1.733103	0.330700	-0.364178	-1.758582	0.247992	-0.226820	-1.765673	0.206800	-0.327174	-1.721395	0.163473	-0.269647	-1.791405	0.404052	-0.335953	-1.390552	0.721595	-0.622877	-1.347363	0.734557	-0.609603	-1.385306	0.681249	-0.617480	-1.342165	0.695674	-0.613828	-1.302558	0.460697	-0.554953	-1.306648	0.468997	-0.451317	-1.369632	0.336562	-0.551498	-1.325846	0.330579	-0.536809	-1.381189	0.291185	-0.538447	-1.342613	0.284980	-0.525752	-1.431287	0.094130	-0.456979	-1.404438	0.109204	-0.373044	-1.322851	0.038929	-0.489480	-1.296742	0.032617	-0.379926	-1.228346	0.048439	-0.432860	-1.490493	0.068463	-0.403169	-1.261659	1.376164	-0.285862	-1.285464	1.381320	-0.592611	
16	0.0750	-1.315276	0.896265	-0.352779	-1.329028	0.906382	-0.565977	-1.495398	0.950178	-0.404315	-1.497971	0.955573	-0.503492	-1.391843	0.711449	-0.273224	-1.340872	0.721433	-0.280551	-1.376311	0.667135	-0.271422	-1.328036	0.674436	-0.280184	-1.320449	0.449540	-0.301903	-1.331727	0.434281	-0.417431	-1.449337	0.447608	-0.276820	-1.433233	0.398130	-0.286300	-1.488257	0.432994	-0.272139	-1.472808	0.388035	-0.285778	-1.708820	0.361828	-0.282416	-1.706477	0.328987	-0.363712	-1.728885	0.244720	-0.226955	-1.736434	0.204371	-0.327680	-1.690650	0.161342	-0.271217	-1.765783	0.401129	-0.334037	-1.378833	0.720576	-0.622833	-1.335400	0.733023	-0.609848	-1.374084	0.680211	-0.617496	-1.330775	0.694039	-0.614103	-1.294175	0.458474	-0.555363	-1.298224	0.466792	-0.451572	-1.363436	0.335565	-0.551598	-1.319766	0.328708	-0.536964	-1.376002	0.290409	-0.538533	-1.337518	0.283441	-0.525789	-1.430572	0.094342	-0.456543	-1.403510	0.109214	-0.372535	-1.322782	0.038769	-0.489374	-1.296529	0.032183	-0.379833	-1.228010	0.047506	-0.432754	-1.490398	0.068684	-0.402808	-1.248046	1.374977	-0.285245	-1.269827	1.379871	-0.592362	
17	0.0800	-1.301361	0.895469	-0.352533	-1.315076	0.905679	-0.565828	-1.481592	0.949379	-0.403761	-1.484028	0.955313	-0.502957	-1.373689	0.711136	-0.273705	-1.322788	0.722440	-0.281283	-1.356780	0.667277	-0.272076	-1.308633	0.675911	-0.281173	-1.294431	0.451424	-0.303814	-1.306388	0.436565	-0.419618	-1.422531	0.447219	-0.277618	-1.406059	0.398043	-0.287872	-1.461293	0.432198	-0.272710	-1.445550	0.387618	-0.286912	-1.681340	0.358559	-0.281752	-1.679300	0.326691	-0.363451	-1.698410	0.240752	-0.227405	-1.706274	0.201336	-0.328529	-1.658907	0.158706	-0.273155	-1.739768	0.397394	-0.332273	-1.367036	0.719657	-0.622725	-1.323361	0.731538	-0.610006	-1.362837	0.679279	-0.617451	-1.319357	0.692450	-0.614293	-1.286145	0.456326	-0.555690	-1.290147	0.464667	-0.451743	-1.357559	0.334690	-0.551671	-1.314012	0.326971	-0.537100	-1.371099	0.289763	-0.538604	-1.332710	0.282044	-0.525828	-1.429926	0.094656	-0.456166	-1.402655	0.109340	-0.372105	-1.322758	0.038655	-0.489249	-1.296363	0.031840	-0.379757	-1.227748	0.046786	-0.432696	-1.490335	0.068972	-0.402471	-1.234381	1.374030	-0.284622	-1.254024	1.378667	-0.592062	
18	0.0850	-1.287296	0.894901	-0.352231	-1.300912	0.905122	-0.565622	-1.467601	0.948797	-0.403245	-1.469856	0.955229	-0.502452	-1.355433	0.711170	-0.274232	-1.304632	0.723793	-0.282074	-1.337168	0.667807	-0.272797	-1.289178	0.677762	-0.282245	-1.268376	0.453814	-0.305862	-1.281015	0.439376	-0.421907	-1.395670	0.446956	-0.278553	-1.378692	0.398166	-0.289607	-1.434204	0.431405	-0.273440	-1.418049	0.387293	-0.288213	-1.653421	0.354628	-0.281298	-1.651604	0.323806	-0.363411	-1.667190	0.236111	-0.228186	-1.675227	0.197712	-0.329735	-1.626211	0.155595	-0.275469	-1.713378	0.392832	-0.330692	-1.355156	0.718851	-0.622547	-1.311247	0.730116	-0.610066	-1.351560	0.678468	-0.617339	-1.307905	0.690924	-0.614385	-1.278461	0.454279	-0.555935	-1.282412	0.462644	-0.451829	-1.351994	0.333962	-0.551719	-1.308577	0.325392	-0.537218	-1.366472	0.289271	-0.538657	-1.328185	0.280812	-0.525871	-1.429335	0.095087	-0.455855	-1.401855	0.109593	-0.371762	-1.322773	0.038581	-0.489108	-1.296240	0.031576	-0.379697	-1.227557	0.046259	-0.432680	-1.490292	0.069353	-0.402166	-1.220680	1.373336	-0.283994	-1.238081	1.377717	-0.591713	
19	0.0900	-1.273086	0.894570	-0.351872	-1.286542	0.904717	-0.565357	-1.453430	0.948439	-0.402767	-1.455464	0.955327	-0.501978	-1.337107	0.711553	-0.274800	-1.286436	0.725485	-0.282916	-1.317515	0.668721	-0.273580	-1.269710	0.679975	-0.283390	-1.242364	0.456695	-0.308032	-1.255683	0.442695	-0.424278	-1.368822	0.446812	-0.279621	-1.351203	0.398496	-0.291494	-1.407054	0.430611	-0.274329	-1.390369	0.387055	-0.289678	-1.625096	0.350039	-0.281074	-1.623424	0.320333	-0.363608	-1.635262	0.230828	-0.229315	-1.643337	0.193527	-0.331311	-1.592615	0.152048	-0.278163	-1.686633	0.387436	-0.329322	-1.343188	0.718171	-0.622297	-1.299057	0.728770	-0.610019	-1.340246	0.677791	-0.617158	-1.296418	0.689478	-0.614371	-1.271110	0.452358	-0.556098	-1.275005	0.460749	-0.451832	-1.346731	0.333404	-0.551743	-1.303450	0.323996	-0.537321	-1.362106	0.288955	-0.538696	-1.323928	0.279770	-0.525921	-1.428783	0.095652	-0.455617	-1.401092	0.109983	-0.371514	-1.322823	0.038540	-0.488949	-1.296157	0.031379	-0.379651	-1.227436	0.045905	-0.432697	-1.490250	0.069858	-0.401901	-1.206962	1.372907	-0.283363	-1.222023	1.377034	-0.591314	
20	0.0950	-1.258735	0.894483	-0.351457	-1.271974	0.904468	-0.565032	-1.439087	0.948308	-0.402324	-1.440862	0.955607	-0.501533	-1.318744	0.712278	-0.275401	-1.268232	0.727504	-0.283799	-1.297864	0.670011	-0.274413	-1.250268	0.682535	-0.284596	-1.216478	0.460042	-0.310303	-1.230469	0.446491	-0.426707	-1.342057	0.446775	-0.280818	-1.323663	0.399027	-0.293518	-1.379906	0.429808	-0.275373	-1.362578	0.386901	-0.291300	-1.596397	0.344806	-0.281099	-1.594797	0.316278	-0.364057	-1.602669	0.224946	-0.230807	-1.610654	0.188821	-0.333268	-1.558182	0.148115	-0.281240	-1.659549	0.381211	-0.328191	-1.331129	0.717627	-0.621973	-1.286790	0.727518	-0.609859	-1.328890	0.677261	-0.616905	-1.284891	0.688128	-0.614243	-1.264074	0.450591	-0.556181	-1.267907	0.459007	-0.451753	-1.341750	0.333040	-0.551746	-1.298612	0.322808	-0.537413	-1.357984	0.288839	-0.538722	-1.319922	0.278940	-0.525984	-1.428250	0.096367	-0.455460	-1.400345	0.110519	-0.371371	-1.322902	0.038524	-0.488777	-1.296111	0.031239	-0.379620	-1.227380	0.045703	-0.432741	-1.490191	0.070519	-0.401689	-1.193242	1.372751	-0.282730	-1.205877	1.376624	-0.590867	
21	0.1000	-1.244249	0.894643	-0.350987	-1.257218	0.904376	-0.564648	-1.424582	0.948404	-0.401913	-1.426061	0.956067	-0.501116	-1.300377	0.713336	-0.276027	-1.250051	0.729831	-0.284712	-1.278256	0.671660	-0.275287	-1.230891	0.685419	-0.285848	-1.190802	0.463822	-0.312655	-1.205447	0.450727	-0.429170	-1.315440	0.446831	-0.282136	-1.296146	0.399749	-0.295663	-1.352825	0.428989	-0.276567	-1.334743	0.386821	-0.293071	-1.567356	0.338950	-0.281392	-1.565759	0.311657	-0.364771	-1.569455	0.218517	-0.232673	-1.577235	0.183644	-0.335613	-1.522980	0.143855	-0.284701	-1.632142	0.374170	-0.327325	-1.318976	0.717232	-0.621572	-1.274447	0.726372	-0.609583	-1.317484	0.676891	-0.616579	-1.273320	0.686891	-0.613996	-1.257325	0.449006	-0.556190	-1.261091	0.457442	-0.451600	-1.337028	0.332896	-0.551734	-1.294039	0.321851	-0.537499	-1.354080	0.288945	-0.538741	-1.316143	0.278347	-0.526066	-1.427715	0.097249	-0.455393	-1.399591	0.111214	-0.371342	-1.323003	0.038528	-0.488593	-1.296098	0.031146	-0.379602	-1.227386	0.045627	-0.432801	-1.490094	0.071369	-0.401542	-1.179534	1.372872	-0.282098	-1.189668	1.376491	-0.590374	
22	0.1050	-1.229635	0.895051	-0.350465	-1.242285	0.904443	-0.564206	-1.409923	0.948727	-0.401529	-1.411073	0.956705	-0.500722	-1.282036	0.714711	-0.276668	-1.231923	0.732445	-0.285642	-1.258733	0.673648	-0.276191	-1.211615	0.688597	-0.287131	-1.165416	0.467995	-0.315065	-1.180692	0.455358	-0.431640	-1.289038	0.446960	-0.283568	-1.268724	0.400649	-0.297911	-1.325870	0.428142	-0.277904	-1.306932	0.386808	-0.294982	-1.538002	0.332498	-0.281967	-1.536347	0.306495	-0.365761	-1.535667	0.211604	-0.234925	-1.543138	0.178054	-0.338354	-1.487084	0.139334	-0.288545	-1.604423	0.366334	-0.326748	-1.306725	0.716996	-0.621097	-1.262028	0.725348	-0.609190	-1.306020	0.676691	-0.616180	-1.261701	0.685784	-0.613629	-1.250834	0.447628	-0.556133	-1.254525	0.456078	-0.451379	-1.332536	0.332992	-0.551711	-1.289700	0.321149	-0.537587	-1.350365	0.289295	-0.538758	-1.312562	0.278010	-0.526173	-1.427152	0.098313	-0.455426	-1.398805	0.112079	-0.371436	-1.323117	0.038546	-0.488400	-1.296112	0.031093	-0.379598	-1.227449	0.045656	-0.432869	-1.489934	0.072443	-0.401474	-1.165852	1.373271	-0.281468	-1.173423	1.376636	-0.589837	
23	0.1100	-1.214899	0.895703	-0.349892	-1.227186	0.904669	-0.563708	-1.395120	0.949269	-0.401169	-1.395910	0.957516	-0.500349	-1.263753	0.716384	-0.277316	-1.213875	0.735317	-0.286576	-1.239332	0.675948	-0.277111	-1.192474	0.692035	-0.288430	-1.140397	0.472511	-0.317510	-1.156275	0.460331	-0.434090	-1.262911	0.447142	-0.285101	-1.241468	0.401707	-0.300245	-1.299099	0.427255	-0.279375	-1.279208	0.386848	-0.297021	-1.508361	0.325487	-0.282839	-1.506597	0.300822	-0.367036	-1.501349	0.204274	-0.237573	-1.508427	0.172118	-0.341493	-1.450570	0.134627	-0.292769	-1.576397	0.357734	-0.326484	-1.294374	0.716927	-0.620547	-1.249533	0.724460	-0.608681	-1.294492	0.676672	-0.615711	-1.250030	0.684823	-0.613143	-1.244563	0.446482	-0.556019	-1.248171	0.454935	-0.451101	-1.328236	0.333350	-0.551685	-1.285561	0.320721	-0.537685	-1.346803	0.289909	-0.538779	-1.309143	0.277951	-0.526316	-1.426536	0.099576	-0.455569	-1.397962	0.113123	-0.371663	-1.323236	0.038572	-0.488203	-1.296149	0.031074	-0.379607	-1.227566	0.045766	-0.432934	-1.489686	0.073772	-0.401502	-1.152205	1.373946	-0.280842	-1.157165	1.377055	-0.589259	
24	0.1150	-1.200047	0.896593	-0.349270	-1.211934	0.905053	-0.563154	-1.380182	0.950025	-0.400828	-1.380587	0.958493	-0.499990	-1.245554	0.718329	-0.277960	-1.195931	0.738416	-0.287501	-1.220088	0.678527	-0.278036	-1.173499	0.695696	-0.289726	-1.115818	0.477317	-0.319967	-1.132262	0.465589	-0.436495	-1.237111	0.447350	-0.286726	-1.214442	0.402902	-0.302644	-1.272561	0.426313	-0.280972	-1.251633	0.386928	-0.299176	-1.478453	0.317959	-0.284020	-1.476539	0.294676	-0.368603	-1.466545	0.196605	-0.240621	-1.473162	0.165911	-0.345034	-1.413515	0.129812	-0.297370	-1.548066	0.348410	-0.326549	-1.281921	0.717032	-0.619928	-1.236962	0.723721	-0.608063	-1.282891	0.676840	-0.615173	-1.238301	0.684024	-0.612542	-1.238472	0.445590	-0.555858	-1.241987	0.454032	-0.450777	-1.324091	0.333988	-0.551664	-1.281580	0.320587	-0.537801	-1.343357	0.290804	-0.538815	-1.305849	0.278187	-0.526501	-1.425838	0.101051	-0.455832	-1.397034	0.114358	-0.372033	-1.323351	0.038604	-0.488005	-1.296203	0.031087	-0.379630	-1.227732	0.045933	-0.432988	-1.489324	0.075390	-0.401641	-1.138599	1.374892	-0.280223	-1.140917	1.377744	-0.588642	
25	0.1200	-1.185082	0.897714	-0.348604	-1.196541	0.905591	-0.562548	-1.365117	0.950982	-0.400498	-1.365116	0.959624	-0.499640	-1.227462	0.720518	-0.278590	-1.178112	0.741706	-0.288400	-1.201032	0.681350	-0.278951	-1.154716	0.699536	-0.291003	-1.091743	0.482354	-0.322413	-1.108713	0.471067	-0.438828	-1.211687	0.447558	-0.288428	-1.187707	0.404210	-0.305089	-1.246300	0.425302	-0.282681	-1.224261	0.387033	-0.301435	-1.448295	0.309961	-0.285519	-1.446202	0.288102	-0.370466	-1.431295	0.188676	-0.244075	-1.437406	0.159512	-0.348975	-1.375997	0.124975	-0.302340	-1.519427	0.338410	-0.326961	-1.269363	0.717319	-0.619242	-1.224314	0.723141	-0.607343	-1.271208	0.677204	-0.614573	-1.226510	0.683400	-0.611833	-1.232516	0.444972	-0.555664	-1.235926	0.453386	-0.450421	-1.320055	0.334921	-0.551658	-1.277715	0.320761	-0.537946	-1.339983	0.291996	-0.538873	-1.302638	0.278731	-0.526740	-1.425028	0.102751	-0.456226	-1.395993	0.115793	-0.372555	-1.323452	0.038640	-0.487814	-1.296269	0.031133	-0.379668	-1.227941	0.046135	-0.433020	-1.488817	0.077327	-0.401910	-1.125039	1.376098	-0.279612	-1.124697	1.378693	-0.587991	
26	0.1250	-1.170011	0.899052	-0.347897	-1.181020	0.906280	-0.561894	-1.349933	0.952127	-0.400175	-1.349509	0.960901	-0.499294	-1.209499	0.722920	-0.279195	-1.160434	0.745148	-0.289261	-1.182191	0.684376	-0.279845	-1.136147	0.703510	-0.292243	-1.068230	0.487556	-0.324823	-1.085679	0.476699	-0.441066	-1.186677	0.447736	-0.290195	-1.161317	0.405604	-0.307562	-1.220355	0.424205	-0.284493	-1.197142	0.387148	-0.303782	-1.417900	0.301546	-0.287342	-1.415611	0.281149	-0.372625	-1.395638	0.180573	-0.247935	-1.401220	0.153005	-0.353313	-1.338092	0.120201	-0.307674	-1.490473	0.327788	-0.327731	-1.256699	0.717789	-0.618497	-1.211588	0.722731	-0.606530	-1.259437	0.677766	-0.613915	-1.214651	0.682961	-0.611025	-1.226648	0.444643	-0.555451	-1.229938	0.453008	-0.450046	-1.316081	0.336161	-0.551676	-1.273917	0.321255	-0.538129	-1.336637	0.293494	-0.538964	-1.299465	0.279594	-0.527042	-1.424076	0.104685	-0.456763	-1.394814	0.117439	-0.373237	-1.323526	0.038678	-0.487633	-1.296340	0.031214	-0.379722	-1.228190	0.046353	-0.433022	-1.488138	0.079612	-0.402327	-1.111526	1.377554	-0.279011	-1.108522	1.379889	-0.587307	
27	0.1300	-1.154836	0.900592	-0.347152	-1.165381	0.907114	-0.561194	-1.334638	0.953446	-0.399852	-1.333778	0.962309	-0.498944	-1.191681	0.725498	-0.279765	-1.142910	0.748699	-0.290068	-1.163585	0.687560	-0.280704	-1.117810	0.707569	-0.293429	-1.045328	0.492857	-0.327178	-1.063207	0.482416	-0.443186	-1.162113	0.447852	-0.292012	-1.135319	0.407054	-0.310042	-1.194754	0.423006	-0.286394	-1.170318	0.387253	-0.306202	-1.387276	0.292772	-0.289492	-1.384787	0.273872	-0.375081	-1.359611	0.172383	-0.252201	-1.364664	0.146479	-0.358041	-1.299874	0.115579	-0.313359	-1.461192	0.316606	-0.328866	-1.243927	0.718446	-0.617698	-1.198783	0.722497	-0.605638	-1.247569	0.678528	-0.613207	-1.202718	0.682717	-0.610132	-1.220817	0.444614	-0.555231	-1.223972	0.452909	-0.449667	-1.312120	0.337717	-0.551728	-1.270138	0.322077	-0.538361	-1.333271	0.295307	-0.539097	-1.296282	0.280783	-0.527416	-1.422949	0.106863	-0.457451	-1.393467	0.119301	-0.374088	-1.323564	0.038721	-0.487470	-1.296409	0.031339	-0.379794	-1.228470	0.046568	-0.432985	-1.487255	0.082267	-0.402911	-1.098058	1.379243	-0.278422	-1.092405	1.381317	-0.586595	
28	0.1350	-1.139562	0.902318	-0.346374	-1.149637	0.908086	-0.560453	-1.319236	0.954920	-0.399522	-1.317935	0.963835	-0.498584	-1.174020	0.728217	-0.280289	-1.125547	0.752316	-0.290807	-1.145231	0.690856	-0.281517	-1.099715	0.711663	-0.294544	-1.023074	0.498188	-0.329457	-1.041331	0.488146	-0.445169	-1.138018	0.447877	-0.293867	-1.109753	0.408529	-0.312513	-1.169522	0.421687	-0.288371	-1.143827	0.387333	-0.308681	-1.356428	0.283700	-0.291968	-1.353749	0.266329	-0.377828	-1.323248	0.164191	-0.256868	-1.327795	0.140020	-0.363149	-1.261416	0.111194	-0.319385	-1.431571	0.304929	-0.330371	-1.231046	0.719288	-0.616853	-1.185896	0.722444	-0.604682	-1.235595	0.679490	-0.612455	-1.190705	0.682675	-0.609165	-1.214973	0.444894	-0.555021	-1.217976	0.453091	-0.449300	-1.308120	0.339592	-0.551824	-1.266326	0.323228	-0.538651	-1.329838	0.297438	-0.539285	-1.293042	0.282301	-0.527871	-1.421617	0.109289	-0.458301	-1.391927	0.121387	-0.375114	-1.323554	0.038771	-0.487330	-1.296468	0.031515	-0.379887	-1.228777	0.046763	-0.432903	-1.486137	0.085315	-0.403679	-1.084630	1.381148	-0.277846	-1.076357	1.382959	-0.585858	
29	0.1400	-1.124190	0.904209	-0.345567	-1.133796	0.909189	-0.559676	-1.303734	0.956529	-0.399180	-1.301990	0.965462	-0.498207	-1.156525	0.731036	-0.280759	-1.108350	0.755954	-0.291466	-1.127141	0.694216	-0.282271	-1.081869	0.715741	-0.295572	-1.001499	0.503481	-0.331641	-1.020080	0.493818	-0.446998	-1.114408	0.447777	-0.295744	-1.084650	0.409998	-0.314957	-1.144673	0.420232	-0.290411	-1.117697	0.387369	-0.311202	-1.325358	0.274392	-0.294768	-1.322512	0.258582	-0.380859	-1.286582	0.156084	-0.261926	-1.290669	0.133716	-0.368625	-1.222788	0.107130	-0.325737	-1.401596	0.292830	-0.332245	-1.218052	0.720313	-0.615972	-1.172926	0.722576	-0.603675	-1.223509	0.680648	-0.611669	-1.178605	0.682838	-0.608141	-1.209065	0.445484	-0.554833	-1.211896	0.453555	-0.448958	-1.304031	0.341785	-0.551972	-1.262429	0.324709	-0.539009	-1.326289	0.299886	-0.539536	-1.289695	0.284146	-0.528415	-1.420049	0.111966	-0.459320	-1.390169	0.123700	-0.376321	-1.323482	0.038833	-0.487222	-1.296508	0.031755	-0.380003	-1.229102	0.046924	-0.432770	-1.484755	0.088771	-0.404649	-1.071235	1.383248	-0.277285	-1.060385	1.384795	-0.585099	
30	0.1450	-1.108722	0.906241	-0.344738	-1.117870	0.910411	-0.558867	-1.288135	0.958252	-0.398821	-1.285951	0.967173	-0.497808	-1.139199	0.733915	-0.281164	-1.091318	0.759567	-0.292033	-1.109318	0.697591	-0.282957	-1.064276	0.719751	-0.296499	-0.980622	0.508665	-0.333715	-0.999473	0.499363	-0.448660	-1.091290	0.447524	-0.297631	-1.060036	0.411428	-0.317359	-1.120217	0.418626	-0.292500	-1.091952	0.387344	-0.313751	-1.294069	0.264913	-0.297884	-1.291092	0.250693	-0.384165	-1.249645	0.148145	-0.267365	-1.253340	0.127650	-0.374453	-1.184056	0.103467	-0.332395	-1.371252	0.280384	-0.334484	-1.204945	0.721514	-0.615062	-1.159868	0.722890	-0.602636	-1.211300	0.681997	-0.610856	-1.166412	0.683206	-0.607074	-1.203042	0.446382	-0.554680	-1.205681	0.454296	-0.448655	-1.299799	0.344292	-0.552183	-1.258397	0.326513	-0.539441	-1.322575	0.302646	-0.539860	-1.286193	0.286311	-0.529056	-1.418215	0.114895	-0.460517	-1.388168	0.126244	-0.377712	-1.323337	0.038916	-0.487151	-1.296520	0.032074	-0.380145	-1.229438	0.047039	-0.432584	-1.483079	0.092647	-0.405837	-1.057864	1.385520	-0.276738	-1.044493	1.386801	-0.584321	
31	0.1500	-1.093159	0.908391	-0.343891	-1.101865	0.911743	-0.558033	-1.272441	0.960065	-0.398440	-1.269826	0.968952	-0.497380	-1.122042	0.736813	-0.281498	-1.074448	0.763109	-0.292497	-1.091766	0.700930	-0.283565	-1.046933	0.723643	-0.297312	-0.960453	0.513676	-0.335665	-0.979519	0.504714	-0.450143	-1.068667	0.447089	-0.299516	-1.035928	0.412790	-0.319707	-1.096158	0.416856	-0.294626	-1.066610	0.387242	-0.316311	-1.262562	0.255330	-0.301305	-1.259502	0.242727	-0.387732	-1.212469	0.140453	-0.273167	-1.215862	0.121903	-0.380611	-1.145285	0.100276	-0.339338	-1.340530	0.267671	-0.337078	-1.191721	0.722884	-0.614133	-1.146719	0.723385	-0.601580	-1.198963	0.683527	-0.610026	-1.154118	0.683776	-0.605983	-1.196855	0.447580	-0.554574	-1.199281	0.455306	-0.448404	-1.295375	0.347101	-0.552463	-1.254179	0.328629	-0.539955	-1.318650	0.305707	-0.540265	-1.282489	0.288785	-0.529798	-1.416087	0.118072	-0.461895	-1.385900	0.129017	-0.379290	-1.323105	0.039027	-0.487125	-1.296492	0.032487	-0.380317	-1.229774	0.047097	-0.432342	-1.481078	0.096947	-0.407255	-1.044506	1.387940	-0.276207	-1.028683	1.388954	-0.583528	
32	0.1550	-1.077503	0.910632	-0.343032	-1.085791	0.913173	-0.557178	-1.256656	0.961946	-0.398032	-1.253623	0.970778	-0.496919	-1.105053	0.739690	-0.281754	-1.057732	0.766536	-0.292849	-1.074480	0.704187	-0.284089	-1.029833	0.727368	-0.298000	-0.940994	0.518449	-0.337481	-0.960220	0.509806	-0.451442	-1.046533	0.446446	-0.301387	-1.012339	0.414052	-0.321987	-1.072495	0.414909	-0.296776	-1.041683	0.387048	-0.318869	-1.230842	0.245708	-0.305018	-1.227758	0.234746	-0.391545	-1.175092	0.133080	-0.279313	-1.178287	0.116546	-0.387075	-1.106540	0.097620	-0.346541	-1.309423	0.254771	-0.340015	-1.178378	0.724411	-0.613195	-1.133474	0.724053	-0.600523	-1.186488	0.685226	-0.609189	-1.141715	0.684542	-0.604881	-1.190456	0.449064	-0.554527	-1.192648	0.456569	-0.448214	-1.290710	0.350199	-0.552819	-1.249727	0.331041	-0.540556	-1.314469	0.309054	-0.540760	-1.278538	0.291551	-0.530644	-1.413639	0.121491	-0.463459	-1.383346	0.132018	-0.381053	-1.322774	0.039177	-0.487152	-1.296413	0.033011	-0.380524	-1.230100	0.047093	-0.432046	-1.478725	0.101672	-0.408914	-1.031149	1.390482	-0.275691	-1.012957	1.391228	-0.582721	
33	0.1600	-1.061753	0.912936	-0.342167	-1.069653	0.914686	-0.556309	-1.240782	0.963868	-0.397594	-1.237346	0.972634	-0.496420	-1.088226	0.742504	-0.281925	-1.041162	0.769804	-0.293082	-1.057452	0.707314	-0.284520	-1.012967	0.730880	-0.298555	-0.922235	0.522926	-0.339154	-0.941570	0.514581	-0.452554	-1.024878	0.445573	-0.303235	-0.989272	0.415187	-0.324191	-1.049222	0.412776	-0.298938	-1.017179	0.386749	-0.321409	-1.198918	0.236111	-0.309005	-1.195876	0.226813	-0.395585	-1.137551	0.126092	-0.285777	-1.140670	0.111644	-0.393818	-1.067882	0.095552	-0.353974	-1.277929	0.241765	-0.343280	-1.164913	0.726082	-0.612256	-1.120127	0.724884	-0.599482	-1.173868	0.687080	-0.608351	-1.129194	0.685493	-0.603786	-1.183801	0.450817	-0.554545	-1.185738	0.458068	-0.448096	-1.285756	0.353564	-0.553257	-1.244996	0.333729	-0.541247	-1.309988	0.312669	-0.541350	-1.274295	0.294591	-0.531598	-1.410846	0.125144	-0.465209	-1.380485	0.135241	-0.383000	-1.322331	0.039380	-0.487239	-1.296269	0.033666	-0.380771	-1.230404	0.047020	-0.431700	-1.475994	0.106816	-0.410823	-1.017781	1.393118	-0.275191	-0.997312	1.393596	-0.581904	
34	0.1650	-1.045910	0.915276	-0.341302	-1.053456	0.916267	-0.555432	-1.224818	0.965806	-0.397123	-1.221000	0.974498	-0.495881	-1.071551	0.745217	-0.282007	-1.024724	0.772874	-0.293191	-1.040673	0.710267	-0.284855	-0.996323	0.734136	-0.298968	-0.904161	0.527053	-0.340677	-0.923555	0.518986	-0.453479	-1.003690	0.444449	-0.305050	-0.966728	0.416167	-0.326310	-1.026333	0.410450	-0.301102	-0.993100	0.386331	-0.323919	-1.166804	0.226602	-0.313246	-1.163876	0.218986	-0.399832	-1.099890	0.119544	-0.292530	-1.103065	0.107251	-0.400807	-1.029375	0.094113	-0.361605	-1.246057	0.228736	-0.346853	-1.151322	0.727880	-0.611325	-1.106673	0.725866	-0.598471	-1.161096	0.689070	-0.607522	-1.116548	0.686615	-0.602712	-1.176848	0.452815	-0.554636	-1.178510	0.459779	-0.448054	-1.280472	0.357173	-0.553779	-1.239943	0.336668	-0.542029	-1.305168	0.316528	-0.542040	-1.269722	0.297879	-0.532657	-1.407688	0.129020	-0.467145	-1.377300	0.138680	-0.385126	-1.321764	0.039650	-0.487393	-1.296045	0.034468	-0.381063	-1.230673	0.046877	-0.431312	-1.472860	0.112368	-0.412985	-1.004390	1.395820	-0.274705	-0.981746	1.396030	-0.581078	
35	0.1700	-1.029974	0.917621	-0.340444	-1.037207	0.917901	-0.554552	-1.208767	0.967736	-0.396619	-1.204591	0.976353	-0.495298	-1.055019	0.747792	-0.281998	-1.008405	0.775706	-0.293172	-1.024127	0.713005	-0.285092	-0.979884	0.737094	-0.299236	-0.886748	0.530784	-0.342049	-0.906154	0.522974	-0.454222	-0.982951	0.443062	-0.306827	-0.944702	0.416970	-0.328338	-1.003817	0.407927	-0.303257	-0.969448	0.385786	-0.326385	-1.134520	0.217238	-0.317718	-1.131784	0.211319	-0.404263	-1.062160	0.113484	-0.299538	-1.065528	0.103412	-0.408006	-0.991080	0.093331	-0.369394	-1.213826	0.215766	-0.350713	-1.137601	0.729788	-0.610411	-1.093105	0.726984	-0.597502	-1.148164	0.691178	-0.606710	-1.103766	0.687893	-0.601672	-1.169558	0.455028	-0.554803	-1.170929	0.461675	-0.448094	-1.274815	0.360998	-0.554388	-1.234528	0.339829	-0.542903	-1.299973	0.320603	-0.542832	-1.264781	0.301386	-0.533820	-1.404147	0.133105	-0.469262	-1.373775	0.142323	-0.387424	-1.321058	0.040003	-0.487621	-1.295723	0.035436	-0.381407	-1.230892	0.046663	-0.430891	-1.469300	0.118313	-0.415400	-0.990962	1.398558	-0.274232	-0.966254	1.398504	-0.580246	
36	0.1750	-1.013946	0.919943	-0.339598	-1.020908	0.919571	-0.553675	-1.192630	0.969631	-0.396081	-1.188120	0.978177	-0.494673	-1.038618	0.750194	-0.281896	-0.992191	0.778267	-0.293025	-1.007799	0.715489	-0.285228	-0.963635	0.739721	-0.299356	-0.869964	0.534077	-0.343269	-0.889339	0.526506	-0.454789	-0.962641	0.441401	-0.308560	-0.923185	0.417576	-0.330271	-0.981664	0.405208	-0.305395	-0.946219	0.385105	-0.328797	-1.102095	0.208077	-0.322394	-1.099630	0.203865	-0.408852	-1.024417	0.107947	-0.306762	-1.028121	0.100155	-0.415374	-0.953061	0.093218	-0.377302	-1.181263	0.202934	-0.354833	-1.123747	0.731783	-0.609521	-1.079417	0.728217	-0.596586	-1.135064	0.693378	-0.605922	-1.090841	0.689304	-0.600677	-1.161897	0.457426	-0.555050	-1.162962	0.463725	-0.448218	-1.268751	0.365006	-0.555084	-1.228717	0.343180	-0.543865	-1.294369	0.324863	-0.543727	-1.259439	0.305080	-0.535082	-1.400207	0.137384	-0.471555	-1.369898	0.146159	-0.389885	-1.320202	0.040457	-0.487932	-1.295287	0.036586	-0.381810	-1.231044	0.046382	-0.430451	-1.465295	0.124627	-0.418064	-0.977486	1.401303	-0.273771	-0.950834	1.400987	-0.579409	
37	0.1800	-0.997827	0.922212	-0.338770	-1.004564	0.921258	-0.552808	-1.176408	0.971466	-0.395508	-1.171592	0.979951	-0.494004	-1.022335	0.752391	-0.281701	-0.976067	0.780525	-0.292752	-0.991671	0.717688	-0.285265	-0.947556	0.741986	-0.299329	-0.853772	0.536901	-0.344339	-0.873078	0.529549	-0.455191	-0.942741	0.439460	-0.310245	-0.902164	0.417966	-0.332107	-0.959863	0.402294	-0.307508	-0.923412	0.384282	-0.331145	-1.069568	0.199168	-0.327247	-1.067450	0.196667	-0.413573	-0.986726	0.102958	-0.314160	-0.990905	0.097498	-0.422868	-0.915384	0.093770	-0.385281	-1.148410	0.190316	-0.359189	-1.109753	0.733841	-0.608662	-1.065601	0.729545	-0.595733	-1.121791	0.695647	-0.605163	-1.077761	0.690826	-0.599738	-1.153834	0.459969	-0.555376	-1.154581	0.465896	-0.448427	-1.262246	0.369163	-0.555867	-1.222479	0.346685	-0.544913	-1.288328	0.329274	-0.544726	-1.253669	0.308927	-0.536437	-1.395856	0.141841	-0.474015	-1.365657	0.150173	-0.392499	-1.319182	0.041030	-0.488333	-1.294717	0.037934	-0.382279	-1.231111	0.046037	-0.430010	-1.460827	0.131286	-0.420968	-0.963951	1.404026	-0.273319	-0.935481	1.403454	-0.578569	
38	0.1850	-0.981618	0.924401	-0.337966	-0.988177	0.922942	-0.551955	-1.160102	0.973216	-0.394904	-1.155010	0.981656	-0.493294	-1.006158	0.754354	-0.281416	-0.960017	0.782455	-0.292354	-0.975724	0.719573	-0.285204	-0.931629	0.743865	-0.299157	-0.838131	0.539231	-0.345262	-0.857331	0.532082	-0.455440	-0.923229	0.437242	-0.311880	-0.881624	0.418129	-0.333844	-0.938402	0.399193	-0.309590	-0.901020	0.383313	-0.333418	-1.036986	0.190556	-0.332246	-1.035288	0.189764	-0.418400	-0.949161	0.098529	-0.321686	-0.953948	0.095443	-0.430442	-0.878115	0.094968	-0.393284	-1.115322	0.177988	-0.363751	-1.095617	0.735937	-0.607840	-1.051649	0.730944	-0.594950	-1.108337	0.697956	-0.604440	-1.064519	0.692432	-0.598862	-1.145341	0.462619	-0.555781	-1.145765	0.468149	-0.448718	-1.255272	0.373429	-0.556733	-1.215787	0.350305	-0.546041	-1.281824	0.333801	-0.545824	-1.247445	0.312889	-0.537877	-1.391087	0.146459	-0.476631	-1.361041	0.154349	-0.395251	-1.317986	0.041741	-0.488830	-1.293989	0.039493	-0.382824	-1.231075	0.045637	-0.429588	-1.455882	0.138260	-0.424098	-0.950348	1.406696	-0.272874	-0.920192	1.405876	-0.577727	
39	0.1900	-0.965322	0.926481	-0.337190	-0.971751	0.924603	-0.551121	-1.143717	0.974858	-0.394269	-1.138377	0.983270	-0.492546	-0.990073	0.756056	-0.281043	-0.944026	0.784036	-0.291838	-0.959936	0.721119	-0.285049	-0.915834	0.745337	-0.298845	-0.822992	0.541050	-0.346046	-0.842056	0.534089	-0.455552	-0.904083	0.434749	-0.313465	-0.861548	0.418054	-0.335483	-0.917274	0.395913	-0.311635	-0.879039	0.382198	-0.335611	-1.004408	0.182282	-0.337359	-1.003197	0.183189	-0.423302	-0.911805	0.094660	-0.329289	-0.917321	0.093977	-0.438046	-0.841323	0.096776	-0.401259	-1.082067	0.166017	-0.368491	-1.081332	0.738043	-0.607060	-1.037556	0.732388	-0.594240	-1.094696	0.700275	-0.603758	-1.051104	0.694094	-0.598055	-1.136395	0.465330	-0.556260	-1.136495	0.470445	-0.449089	-1.247806	0.377765	-0.557680	-1.208620	0.354000	-0.547244	-1.274836	0.338404	-0.547020	-1.240747	0.316927	-0.539393	-1.385893	0.151220	-0.479389	-1.356044	0.158668	-0.398128	-1.316602	0.042611	-0.489433	-1.293083	0.041272	-0.383453	-1.230914	0.045191	-0.429209	-1.450447	0.145514	-0.427437	-0.936669	1.409284	-0.272433	-0.904964	1.408228	-0.576884	
40	0.1950	-0.948942	0.928427	-0.336448	-0.955289	0.926222	-0.550310	-1.127256	0.976369	-0.393608	-1.121696	0.984776	-0.491763	-0.974067	0.757477	-0.280588	-0.928080	0.785250	-0.291211	-0.944289	0.722311	-0.284806	-0.900152	0.746390	-0.298401	-0.808306	0.542352	-0.346698	-0.827206	0.535565	-0.455541	-0.885282	0.431994	-0.315000	-0.841917	0.417736	-0.337027	-0.896469	0.392467	-0.313640	-0.857461	0.380934	-0.337717	-0.971903	0.174377	-0.342554	-0.971236	0.176967	-0.428252	-0.874750	0.091339	-0.336916	-0.881101	0.093074	-0.445630	-0.805079	0.099143	-0.409153	-1.048728	0.154470	-0.373379	-1.066895	0.740130	-0.606326	-1.023314	0.733849	-0.593607	-1.080862	0.702573	-0.603119	-1.037508	0.695779	-0.597321	-1.126977	0.468058	-0.556811	-1.126756	0.472742	-0.449536	-1.239828	0.382129	-0.558704	-1.200960	0.357727	-0.548514	-1.267347	0.343043	-0.548307	-1.233559	0.320999	-0.540975	-1.380272	0.156107	-0.482275	-1.350658	0.163111	-0.401113	-1.315016	0.043660	-0.490149	-1.291974	0.043280	-0.384177	-1.230606	0.044712	-0.428902	-1.444515	0.153014	-0.430961	-0.922907	1.411761	-0.271992	-0.889793	1.410482	-0.576041	
41	0.2000	-0.932484	0.930213	-0.335743	-0.938793	0.927775	-0.549527	-1.110725	0.977726	-0.392924	-1.104973	0.986155	-0.490950	-0.958130	0.758597	-0.280058	-0.912167	0.786087	-0.290483	-0.928762	0.723134	-0.284480	-0.884565	0.747016	-0.297834	-0.794017	0.543135	-0.347228	-0.812731	0.536512	-0.455427	-0.866807	0.428991	-0.316488	-0.822709	0.417173	-0.338479	-0.875982	0.388870	-0.315601	-0.836282	0.379525	-0.339733	-0.939552	0.166869	-0.347797	-0.939471	0.171114	-0.433220	-0.838095	0.088542	-0.344515	-0.845367	0.092692	-0.453142	-0.769457	0.102001	-0.416911	-1.015398	0.143403	-0.378384	-1.052302	0.742167	-0.605642	-1.008916	0.735296	-0.593051	-1.066832	0.704817	-0.602528	-1.023722	0.697456	-0.596663	-1.117072	0.470754	-0.557429	-1.116540	0.474996	-0.450052	-1.231322	0.386478	-0.559799	-1.192793	0.361443	-0.549844	-1.259344	0.347680	-0.549680	-1.225869	0.325066	-0.542612	-1.374224	0.161104	-0.485271	-1.344878	0.167659	-0.404189	-1.313214	0.044910	-0.490987	-1.290635	0.045521	-0.385006	-1.230129	0.044214	-0.428695	-1.438079	0.160722	-0.434644	-0.909059	1.414097	-0.271548	-0.874679	1.412616	-0.575199	
42	0.2050	-0.915953	0.931817	-0.335077	-0.922268	0.929242	-0.548775	-1.094129	0.978910	-0.392222	-1.088212	0.987387	-0.490114	-0.942249	0.759402	-0.279460	-0.896276	0.786541	-0.289664	-0.913336	0.723581	-0.284081	-0.869054	0.747214	-0.297155	-0.780071	0.543410	-0.347647	-0.798578	0.536942	-0.455227	-0.848637	0.425760	-0.317931	-0.803905	0.416364	-0.339842	-0.855809	0.385142	-0.317518	-0.815497	0.377973	-0.341654	-0.907442	0.159776	-0.353054	-0.907978	0.165641	-0.438180	-0.801948	0.086235	-0.352029	-0.810203	0.092778	-0.460531	-0.734532	0.105268	-0.424479	-0.982185	0.132871	-0.383476	-1.037548	0.744123	-0.605011	-0.994358	0.736701	-0.592572	-1.052600	0.706974	-0.601987	-1.009740	0.699091	-0.596081	-1.106666	0.473369	-0.558109	-1.105838	0.477162	-0.450634	-1.222276	0.390770	-0.560960	-1.184110	0.365106	-0.551226	-1.250817	0.352272	-0.551132	-1.217669	0.329087	-0.544293	-1.367752	0.166193	-0.488360	-1.338700	0.172289	-0.407338	-1.311184	0.046380	-0.491955	-1.289041	0.047997	-0.385954	-1.229459	0.043714	-0.428622	-1.431135	0.168600	-0.438455	-0.895122	1.416266	-0.271097	-0.859621	1.414605	-0.574358	
43	0.2100	-0.899357	0.933218	-0.334453	-0.905717	0.930600	-0.548056	-1.077479	0.979901	-0.391507	-1.071421	0.988456	-0.489260	-0.926416	0.759883	-0.278802	-0.880396	0.786610	-0.288765	-0.897991	0.723652	-0.283616	-0.853604	0.746988	-0.296377	-0.766409	0.543192	-0.347967	-0.784692	0.536874	-0.454959	-0.830755	0.422323	-0.319332	-0.785481	0.415317	-0.341122	-0.835947	0.381302	-0.319390	-0.795099	0.376284	-0.343482	-0.875672	0.153112	-0.358292	-0.876836	0.160550	-0.443103	-0.766423	0.084373	-0.359402	-0.775697	0.093264	-0.467744	-0.700379	0.108850	-0.431804	-0.949208	0.122918	-0.388626	-1.022632	0.745966	-0.604433	-0.979635	0.738031	-0.592166	-1.038165	0.709009	-0.601498	-0.995554	0.700649	-0.595576	-1.095751	0.475855	-0.558845	-1.094649	0.479196	-0.451276	-1.212683	0.394961	-0.562183	-1.174905	0.368674	-0.552654	-1.241758	0.356782	-0.552655	-1.208955	0.333021	-0.546009	-1.360860	0.171361	-0.491520	-1.332122	0.176982	-0.410541	-1.308911	0.048090	-0.493061	-1.287164	0.050704	-0.387033	-1.228571	0.043232	-0.428718	-1.423684	0.176607	-0.442360	-0.881094	1.418241	-0.270636	-0.844619	1.416427	-0.573519	
44	0.2150	-0.882705	0.934397	-0.333872	-0.889147	0.931828	-0.547371	-1.060783	0.980684	-0.390783	-1.054607	0.989344	-0.488397	-0.910623	0.760034	-0.278096	-0.864522	0.786298	-0.287801	-0.882711	0.723349	-0.283096	-0.838199	0.746349	-0.295516	-0.752972	0.542504	-0.348201	-0.771017	0.536332	-0.454641	-0.813144	0.418707	-0.320696	-0.767416	0.414037	-0.342325	-0.816394	0.377371	-0.321216	-0.775084	0.374462	-0.345215	-0.844346	0.146882	-0.363480	-0.846134	0.155837	-0.447963	-0.731639	0.082902	-0.366581	-0.741938	0.094074	-0.474734	-0.667078	0.112642	-0.438835	-0.916592	0.113583	-0.393807	-1.007551	0.747663	-0.603911	-0.964744	0.739256	-0.591830	-1.023524	0.710887	-0.601063	-0.981159	0.702095	-0.595145	-1.084322	0.478163	-0.559634	-1.082971	0.481053	-0.451971	-1.202539	0.399012	-0.563461	-1.165175	0.372104	-0.554121	-1.232165	0.361170	-0.554242	-1.199725	0.336832	-0.547750	-1.353553	0.176595	-0.494733	-1.325140	0.181716	-0.413780	-1.306378	0.050060	-0.494316	-1.284977	0.053637	-0.388255	-1.227438	0.042788	-0.429017	-1.415726	0.184706	-0.446323	-0.866977	1.419994	-0.270160	-0.829673	1.418061	-0.572683	
45	0.2200	-0.866008	0.935338	-0.333333	-0.872563	0.932905	-0.546722	-1.044055	0.981241	-0.390058	-1.037781	0.990035	-0.487532	-0.894862	0.759851	-0.277350	-0.848648	0.785615	-0.286785	-0.867479	0.722680	-0.282531	-0.822826	0.745312	-0.294586	-0.739703	0.541375	-0.348361	-0.757498	0.535351	-0.454291	-0.795788	0.414943	-0.322027	-0.749687	0.412534	-0.343457	-0.797153	0.373374	-0.322997	-0.755449	0.372515	-0.346857	-0.813574	0.141085	-0.368586	-0.815963	0.151491	-0.452738	-0.697717	0.081761	-0.373514	-0.709019	0.095124	-0.481454	-0.634703	0.116531	-0.445525	-0.884473	0.104896	-0.398989	-0.992307	0.749184	-0.603446	-0.949683	0.740346	-0.591560	-1.008678	0.712577	-0.600683	-0.966553	0.703396	-0.594786	-1.072375	0.480247	-0.560471	-1.070804	0.482689	-0.452718	-1.191841	0.402883	-0.564791	-1.154921	0.375357	-0.555621	-1.222036	0.365401	-0.555885	-1.189980	0.340482	-0.549506	-1.345839	0.181884	-0.497978	-1.317752	0.186470	-0.417037	-1.303570	0.052307	-0.495728	-1.282450	0.056788	-0.389635	-1.226034	0.042405	-0.429558	-1.407266	0.192860	-0.450306	-0.852773	1.421503	-0.269666	-0.814785	1.419489	-0.571849	
46	0.2250	-0.849279	0.936028	-0.332836	-0.855972	0.933810	-0.546108	-1.027307	0.981560	-0.389335	-1.020952	0.990514	-0.486672	-0.879130	0.759338	-0.276578	-0.832770	0.784574	-0.285733	-0.852280	0.721658	-0.281931	-0.807473	0.743897	-0.293603	-0.726544	0.539839	-0.348461	-0.744078	0.533969	-0.453925	-0.778674	0.411060	-0.323330	-0.732272	0.410823	-0.344525	-0.778224	0.369335	-0.324734	-0.736189	0.370450	-0.348410	-0.783469	0.135715	-0.373581	-0.786418	0.147496	-0.457405	-0.664780	0.080885	-0.380151	-0.677031	0.096321	-0.487861	-0.603332	0.120399	-0.451831	-0.852988	0.096881	-0.404148	-0.976899	0.750498	-0.603036	-0.934452	0.741270	-0.591352	-0.993626	0.714044	-0.600359	-0.951732	0.704518	-0.594499	-1.059908	0.482060	-0.561354	-1.058154	0.484063	-0.453511	-1.180590	0.406538	-0.566168	-1.144145	0.378396	-0.557148	-1.211372	0.369441	-0.557578	-1.179724	0.343939	-0.551270	-1.337724	0.187220	-0.501234	-1.309957	0.191227	-0.420295	-1.300467	0.054846	-0.497307	-1.279557	0.060144	-0.391187	-1.224332	0.042108	-0.430377	-1.398307	0.201031	-0.454268	-0.838485	1.422744	-0.269149	-0.799957	1.420693	-0.571020	
47	0.2300	-0.832533	0.936456	-0.332379	-0.839384	0.934524	-0.545530	-1.010556	0.981630	-0.388622	-1.004134	0.990765	-0.485826	-0.863422	0.758500	-0.275789	-0.816887	0.783192	-0.284657	-0.837102	0.720301	-0.281307	-0.792131	0.742130	-0.292586	-0.713438	0.537937	-0.348514	-0.730703	0.532227	-0.453558	-0.761787	0.407092	-0.324607	-0.715150	0.408915	-0.345537	-0.759610	0.365278	-0.326430	-0.717300	0.368275	-0.349879	-0.754147	0.130759	-0.378439	-0.757594	0.143829	-0.461944	-0.632949	0.080204	-0.386447	-0.646066	0.097572	-0.493919	-0.573039	0.124124	-0.457717	-0.822278	0.089552	-0.409259	-0.961331	0.751576	-0.602684	-0.919053	0.742002	-0.591199	-0.978373	0.715258	-0.600093	-0.936696	0.705430	-0.594279	-1.046925	0.483563	-0.562281	-1.045022	0.485135	-0.454349	-1.168792	0.409942	-0.567590	-1.132854	0.381188	-0.558699	-1.200176	0.373260	-0.559311	-1.168964	0.347173	-0.553036	-1.329214	0.192594	-0.504480	-1.301752	0.195967	-0.423537	-1.297050	0.057692	-0.499064	-1.276268	0.063690	-0.392926	-1.222305	0.041921	-0.431509	-1.388858	0.209188	-0.458172	-0.824120	1.423697	-0.268606	-0.785191	1.421656	-0.570195	
48	0.2350	-0.815784	0.936614	-0.331958	-0.822808	0.935029	-0.544986	-0.993819	0.981442	-0.387924	-0.987342	0.990777	-0.485003	-0.847737	0.757347	-0.274996	-0.801001	0.781491	-0.283575	-0.821933	0.718628	-0.280670	-0.776793	0.740039	-0.291550	-0.700332	0.535710	-0.348534	-0.717319	0.530172	-0.453203	-0.745116	0.403072	-0.325863	-0.698298	0.406829	-0.346501	-0.741315	0.361227	-0.328085	-0.698780	0.365999	-0.351271	-0.725722	0.126201	-0.383136	-0.729589	0.140467	-0.466338	-0.602340	0.079647	-0.392364	-0.616213	0.098781	-0.499594	-0.543894	0.127588	-0.463153	-0.792483	0.082917	-0.414299	-0.945607	0.752391	-0.602388	-0.903489	0.742515	-0.591098	-0.962921	0.716191	-0.599885	-0.921448	0.706104	-0.594125	-1.033427	0.484715	-0.563252	-1.031414	0.485868	-0.455231	-1.156449	0.413065	-0.569054	-1.121052	0.383702	-0.560272	-1.188453	0.376830	-0.561081	-1.157704	0.350158	-0.554799	-1.320313	0.198002	-0.507699	-1.293134	0.200675	-0.426749	-1.293296	0.060856	-0.501007	-1.272556	0.067411	-0.394865	-1.219924	0.041871	-0.432988	-1.378924	0.217299	-0.461978	-0.809681	1.424343	-0.268033	-0.770488	1.422367	-0.569375	
49	0.2400	-0.799051	0.936497	-0.331571	-0.806254	0.935309	-0.544475	-0.977113	0.980989	-0.387245	-0.970591	0.990537	-0.484208	-0.832075	0.755891	-0.274208	-0.785114	0.779497	-0.282499	-0.806763	0.716663	-0.280032	-0.761451	0.737656	-0.290513	-0.687176	0.533203	-0.348533	-0.703878	0.527852	-0.452872	-0.728649	0.399032	-0.327101	-0.681698	0.404580	-0.347423	-0.723343	0.357206	-0.329702	-0.680624	0.363629	-0.352592	-0.698303	0.122020	-0.387651	-0.702497	0.137379	-0.470574	-0.573066	0.079144	-0.397868	-0.587557	0.099855	-0.504863	-0.515963	0.130674	-0.468116	-0.763738	0.076975	-0.419248	-0.929734	0.752919	-0.602149	-0.887765	0.742787	-0.591044	-0.947277	0.716816	-0.599736	-0.905989	0.706514	-0.594035	-1.019420	0.485485	-0.564267	-1.017336	0.486229	-0.456158	-1.143569	0.415882	-0.570558	-1.108747	0.385911	-0.561865	-1.176208	0.380129	-0.562881	-1.145953	0.352872	-0.556558	-1.311026	0.203440	-0.510871	-1.284101	0.205334	-0.429916	-1.289180	0.064346	-0.503146	-1.268394	0.071286	-0.397018	-1.217159	0.041983	-0.434845	-1.368514	0.225335	-0.465651	-0.795177	1.424665	-0.267428	-0.755851	1.422811	-0.568561	
50	0.2450	-0.782352	0.936103	-0.331212	-0.789737	0.935349	-0.543993	-0.960460	0.980266	-0.386591	-0.953898	0.990035	-0.483450	-0.816437	0.754149	-0.273438	-0.769231	0.777236	-0.281443	-0.791586	0.714432	-0.279401	-0.746103	0.735016	-0.289492	-0.673922	0.530463	-0.348522	-0.690333	0.525318	-0.452574	-0.712376	0.395005	-0.328323	-0.665330	0.402185	-0.348313	-0.705695	0.353239	-0.331282	-0.662829	0.361174	-0.353851	-0.671996	0.118192	-0.391966	-0.676410	0.134536	-0.474640	-0.545228	0.078629	-0.402932	-0.560179	0.100705	-0.509706	-0.489310	0.133275	-0.472594	-0.736172	0.071717	-0.424086	-0.913718	0.753140	-0.601966	-0.871888	0.742798	-0.591033	-0.931447	0.717112	-0.599649	-0.890325	0.706638	-0.594007	-1.004909	0.485844	-0.565328	-1.002791	0.486189	-0.457132	-1.130160	0.418371	-0.572102	-1.095947	0.387793	-0.563478	-1.163445	0.383139	-0.564706	-1.133719	0.355297	-0.558311	-1.301353	0.208904	-0.513982	-1.274646	0.209932	-0.433028	-1.284674	0.068168	-0.505489	-1.263755	0.075296	-0.399398	-1.213980	0.042282	-0.437106	-1.357634	0.233271	-0.469158	-0.780613	1.424651	-0.266786	-0.741280	1.422980	-0.567753	
51	0.2500	-0.765706	0.935433	-0.330876	-0.773267	0.935138	-0.543539	-0.943879	0.979274	-0.385967	-0.937282	0.989264	-0.482736	-0.800825	0.752140	-0.272695	-0.753359	0.774737	-0.280421	-0.776395	0.711963	-0.278789	-0.730747	0.732153	-0.288500	-0.660531	0.527535	-0.348514	-0.676644	0.522619	-0.452319	-0.696289	0.391021	-0.329530	-0.649176	0.399664	-0.349177	-0.688377	0.349346	-0.332826	-0.645393	0.358644	-0.355056	-0.646898	0.114692	-0.396067	-0.651414	0.131906	-0.478527	-0.518917	0.078038	-0.407538	-0.534153	0.101251	-0.514111	-0.463987	0.135294	-0.476580	-0.709905	0.067129	-0.428796	-0.897570	0.753036	-0.601838	-0.855866	0.742532	-0.591061	-0.915439	0.717059	-0.599623	-0.874462	0.706457	-0.594040	-0.989900	0.485769	-0.566437	-0.987785	0.485726	-0.458154	-1.116227	0.420516	-0.573685	-1.082659	0.389332	-0.565111	-1.150171	0.385844	-0.566553	-1.121007	0.357421	-0.560059	-1.291293	0.214395	-0.517016	-1.264766	0.214456	-0.436074	-1.279747	0.072323	-0.508045	-1.258613	0.079418	-0.402016	-1.210355	0.042791	-0.439795	-1.346292	0.241085	-0.472468	-0.765998	1.424290	-0.266107	-0.726777	1.422866	-0.566953	
52	0.2550	-0.749133	0.934491	-0.330559	-0.756861	0.934665	-0.543108	-0.927390	0.978012	-0.385375	-0.920762	0.988217	-0.482070	-0.785243	0.749885	-0.271986	-0.737505	0.772032	-0.279442	-0.761188	0.709286	-0.278203	-0.715382	0.729106	-0.287554	-0.646966	0.524465	-0.348518	-0.662774	0.519802	-0.452110	-0.680378	0.387108	-0.330724	-0.633220	0.397032	-0.350024	-0.671389	0.345546	-0.334335	-0.628312	0.356047	-0.356215	-0.623096	0.111492	-0.399942	-0.627588	0.129458	-0.482230	-0.494211	0.077317	-0.411675	-0.509543	0.101422	-0.518076	-0.440043	0.136647	-0.480079	-0.685043	0.063187	-0.433362	-0.881298	0.752593	-0.601765	-0.839708	0.741977	-0.591126	-0.899263	0.716645	-0.599661	-0.858408	0.705958	-0.594133	-0.974400	0.485245	-0.567599	-0.972320	0.484821	-0.459228	-1.101780	0.422303	-0.575308	-1.068890	0.390514	-0.566765	-1.136391	0.388236	-0.568418	-1.107825	0.359236	-0.561803	-1.280840	0.219909	-0.519962	-1.254453	0.218897	-0.439048	-1.274367	0.076809	-0.510819	-1.252943	0.083630	-0.404883	-1.206253	0.043532	-0.442928	-1.334493	0.248758	-0.475558	-0.751337	1.423574	-0.265389	-0.712340	1.422464	-0.566160	
53	0.2600	-0.732652	0.933283	-0.330254	-0.740531	0.933924	-0.542698	-0.911014	0.976485	-0.384818	-0.904356	0.986892	-0.481458	-0.769694	0.747406	-0.271321	-0.721677	0.769153	-0.278518	-0.745962	0.706429	-0.277651	-0.700010	0.725911	-0.286665	-0.633196	0.521296	-0.348544	-0.648694	0.516915	-0.451954	-0.664638	0.383292	-0.331904	-0.617448	0.394308	-0.350862	-0.654735	0.341857	-0.335811	-0.611582	0.353390	-0.357338	-0.600666	0.108565	-0.403583	-0.605002	0.127163	-0.485746	-0.471175	0.076418	-0.415339	-0.486405	0.101159	-0.521602	-0.417516	0.137269	-0.483101	-0.661680	0.059865	-0.437771	-0.864914	0.751802	-0.601747	-0.823425	0.741126	-0.591225	-0.882928	0.715858	-0.599763	-0.842171	0.705134	-0.594286	-0.958417	0.484263	-0.568817	-0.956401	0.483463	-0.460359	-1.086823	0.423726	-0.576971	-1.054646	0.391333	-0.568443	-1.122107	0.390308	-0.570300	-1.094176	0.360738	-0.563548	-1.269986	0.225445	-0.522809	-1.243698	0.223246	-0.441943	-1.268496	0.081617	-0.513818	-1.246718	0.087909	-0.408006	-1.201638	0.044522	-0.446516	-1.322240	0.256272	-0.478408	-0.736637	1.422502	-0.264629	-0.697968	1.421772	-0.565376	
54	0.2650	-0.716283	0.931819	-0.329955	-0.724292	0.932913	-0.542305	-0.894769	0.974699	-0.384300	-0.888083	0.985288	-0.480903	-0.754184	0.744730	-0.270706	-0.705885	0.766131	-0.277657	-0.730718	0.703424	-0.277140	-0.684635	0.722605	-0.285844	-0.619201	0.518069	-0.348599	-0.634383	0.513999	-0.451852	-0.649061	0.379595	-0.333069	-0.601850	0.391509	-0.351696	-0.638415	0.338295	-0.337253	-0.595201	0.350683	-0.358434	-0.579668	0.105884	-0.406987	-0.583716	0.124992	-0.489073	-0.449854	0.075304	-0.418536	-0.464784	0.100416	-0.524701	-0.396437	0.137110	-0.485667	-0.639892	0.057128	-0.442010	-0.848430	0.750661	-0.601782	-0.807027	0.739977	-0.591357	-0.866443	0.714696	-0.599930	-0.825761	0.703981	-0.594499	-0.941956	0.482820	-0.570095	-0.940028	0.481647	-0.461548	-1.071363	0.424784	-0.578676	-1.039930	0.391786	-0.570147	-1.107324	0.392062	-0.572196	-1.080063	0.361928	-0.565297	-1.258719	0.231000	-0.525552	-1.232490	0.227496	-0.444757	-1.262095	0.086736	-0.517045	-1.239915	0.092231	-0.411390	-1.196474	0.045777	-0.450563	-1.309537	0.263613	-0.481004	-0.721904	1.421074	-0.263827	-0.683658	1.420790	-0.564600	
55	0.2700	-0.700044	0.930112	-0.329656	-0.708159	0.931631	-0.541925	-0.878675	0.972666	-0.383821	-0.871961	0.983407	-0.480407	-0.738719	0.741882	-0.270144	-0.690139	0.762999	-0.276864	-0.715458	0.700300	-0.276675	-0.669261	0.719222	-0.285100	-0.604963	0.514819	-0.348691	-0.619826	0.511093	-0.451806	-0.633645	0.376037	-0.334217	-0.586416	0.388648	-0.352533	-0.622431	0.334870	-0.338662	-0.579167	0.347933	-0.359512	-0.560151	0.103424	-0.410152	-0.563780	0.122921	-0.492214	-0.430279	0.073949	-0.421276	-0.444713	0.099165	-0.527388	-0.376825	0.136143	-0.487804	-0.619736	0.054938	-0.446069	-0.831856	0.749171	-0.601869	-0.790526	0.738533	-0.591519	-0.849818	0.713161	-0.600163	-0.809188	0.702503	-0.594771	-0.925024	0.480923	-0.571435	-0.923203	0.479377	-0.462799	-1.055404	0.425481	-0.580422	-1.024744	0.391878	-0.571878	-1.092043	0.393501	-0.574106	-1.065487	0.362813	-0.567054	-1.247022	0.236570	-0.528186	-1.220815	0.231641	-0.447487	-1.255120	0.092149	-0.520499	-1.232507	0.096574	-0.415038	-1.190723	0.047307	-0.455067	-1.296381	0.270768	-0.483339	-0.707142	1.419294	-0.262983	-0.669405	1.419521	-0.563834	
56	0.2750	-0.683950	0.928177	-0.329351	-0.692145	0.930081	-0.541553	-0.862746	0.970397	-0.383380	-0.856006	0.981256	-0.479972	-0.723304	0.738888	-0.269639	-0.674449	0.759785	-0.276145	-0.700186	0.697086	-0.276260	-0.653894	0.715797	-0.284441	-0.590478	0.511579	-0.348823	-0.605017	0.508232	-0.451815	-0.618387	0.372632	-0.335347	-0.571142	0.385742	-0.353381	-0.606783	0.331593	-0.340037	-0.563478	0.345147	-0.360581	-0.542145	0.101162	-0.413078	-0.545231	0.120929	-0.495170	-0.412460	0.072336	-0.423580	-0.426213	0.097392	-0.529688	-0.358690	0.134359	-0.489545	-0.601253	0.053254	-0.449938	-0.815202	0.747338	-0.602007	-0.773931	0.736802	-0.591709	-0.833063	0.711259	-0.600460	-0.792459	0.700708	-0.595101	-0.907624	0.478586	-0.572839	-0.905924	0.476663	-0.464114	-1.038948	0.425823	-0.582209	-1.009089	0.391617	-0.573639	-1.076261	0.394634	-0.576027	-1.050444	0.363401	-0.568825	-1.234874	0.242149	-0.530709	-1.208660	0.235675	-0.450134	-1.247524	0.097834	-0.524180	-1.224468	0.100914	-0.418949	-1.184342	0.049116	-0.460017	-1.282769	0.277726	-0.485413	-0.692356	1.417173	-0.262098	-0.655204	1.417971	-0.563077	
57	0.2800	-0.668017	0.926031	-0.329034	-0.676262	0.928272	-0.541186	-0.846997	0.967909	-0.382978	-0.840231	0.978843	-0.479596	-0.707945	0.735776	-0.269193	-0.658825	0.756520	-0.275502	-0.684909	0.693810	-0.275898	-0.638542	0.712359	-0.283869	-0.575745	0.508376	-0.349002	-0.589958	0.505442	-0.451880	-0.603288	0.369392	-0.336456	-0.556025	0.382803	-0.354243	-0.591472	0.328470	-0.341378	-0.548133	0.342333	-0.361647	-0.525665	0.099076	-0.415770	-0.528091	0.118999	-0.497948	-0.396391	0.070463	-0.425472	-0.409290	0.095100	-0.531627	-0.342031	0.131772	-0.490929	-0.584460	0.052028	-0.453609	-0.798480	0.745175	-0.602192	-0.757253	0.734797	-0.591926	-0.816184	0.709004	-0.600821	-0.775584	0.698612	-0.595488	-0.889761	0.475830	-0.574309	-0.888192	0.473523	-0.465492	-1.021995	0.425826	-0.584036	-0.992961	0.391017	-0.575428	-1.059978	0.395473	-0.577960	-1.034930	0.363709	-0.570613	-1.222251	0.247728	-0.533122	-1.196006	0.239595	-0.452700	-1.239259	0.103764	-0.528084	-1.215771	0.105228	-0.423119	-1.177288	0.051204	-0.465393	-1.268696	0.284477	-0.487231	-0.677547	1.414724	-0.261172	-0.641048	1.416151	-0.562329	
58	0.2850	-0.652254	0.923695	-0.328699	-0.660519	0.926215	-0.540820	-0.831436	0.965221	-0.382612	-0.824649	0.976182	-0.479278	-0.692649	0.732572	-0.268805	-0.643276	0.753229	-0.274934	-0.669633	0.690496	-0.275589	-0.623213	0.708935	-0.283387	-0.560774	0.505232	-0.349229	-0.574660	0.502746	-0.451997	-0.588349	0.366323	-0.337541	-0.541066	0.379842	-0.355125	-0.576499	0.325505	-0.342683	-0.533131	0.339498	-0.362717	-0.510709	0.097147	-0.418235	-0.512370	0.117119	-0.500553	-0.382045	0.068335	-0.426984	-0.393939	0.092307	-0.533237	-0.326835	0.128416	-0.491999	-0.569357	0.051215	-0.457076	-0.781695	0.742701	-0.602422	-0.740499	0.732539	-0.592166	-0.799189	0.706417	-0.601244	-0.758569	0.696236	-0.595930	-0.871437	0.472684	-0.575842	-0.870001	0.469984	-0.466933	-1.004542	0.425506	-0.585901	-0.976354	0.390096	-0.577247	-1.043187	0.396035	-0.579903	-1.018935	0.363752	-0.572422	-1.209124	0.253296	-0.535428	-1.182833	0.243395	-0.455189	-1.230272	0.109904	-0.532201	-1.206387	0.109494	-0.427539	-1.169513	0.053564	-0.471171	-1.254152	0.291010	-0.488805	-0.662716	1.411966	-0.260207	-0.626928	1.414073	-0.561590	
59	0.2900	-0.636669	0.921191	-0.328341	-0.644926	0.923923	-0.540451	-0.816069	0.962355	-0.382279	-0.809268	0.973290	-0.479013	-0.677422	0.729302	-0.268474	-0.627811	0.749937	-0.274442	-0.654368	0.687170	-0.275332	-0.607915	0.705550	-0.282994	-0.545583	0.502163	-0.349505	-0.559143	0.500161	-0.452164	-0.573578	0.363429	-0.338597	-0.526272	0.376870	-0.356029	-0.561865	0.322700	-0.343951	-0.518475	0.336647	-0.363797	-0.497259	0.095361	-0.420481	-0.498065	0.115280	-0.502991	-0.369381	0.065972	-0.428149	-0.380138	0.089047	-0.534554	-0.313080	0.124345	-0.492799	-0.555922	0.050767	-0.460334	-0.764855	0.739940	-0.602692	-0.723676	0.730053	-0.592426	-0.782081	0.703522	-0.601724	-0.741420	0.693607	-0.596421	-0.852651	0.469184	-0.577435	-0.851350	0.466080	-0.468432	-0.986586	0.424887	-0.587800	-0.959260	0.388878	-0.579092	-1.025881	0.396340	-0.581853	-1.002448	0.363552	-0.574254	-1.195462	0.258837	-0.537633	-1.169118	0.247070	-0.457605	-1.220510	0.116217	-0.536523	-1.196284	0.113689	-0.432198	-1.160967	0.056183	-0.477317	-1.239123	0.297315	-0.490153	-0.647861	1.408922	-0.259204	-0.612833	1.411753	-0.560859	
60	0.2950	-0.621265	0.918542	-0.327955	-0.629488	0.921418	-0.540074	-0.800900	0.959335	-0.381973	-0.794090	0.970187	-0.478797	-0.662270	0.725993	-0.268195	-0.612438	0.746665	-0.274019	-0.639122	0.683852	-0.275126	-0.592658	0.702223	-0.282688	-0.530199	0.499180	-0.349831	-0.543435	0.497696	-0.452379	-0.558981	0.360710	-0.339623	-0.511651	0.373894	-0.356958	-0.547572	0.320052	-0.345181	-0.504167	0.333788	-0.364891	-0.485281	0.093704	-0.422516	-0.485158	0.113479	-0.505271	-0.358337	0.063399	-0.429007	-0.367853	0.085367	-0.535613	-0.300731	0.119629	-0.493376	-0.544116	0.050633	-0.463380	-0.747963	0.736923	-0.602998	-0.706787	0.727367	-0.592700	-0.764863	0.700352	-0.602257	-0.724140	0.690758	-0.596958	-0.833402	0.465374	-0.579083	-0.832234	0.461853	-0.469981	-0.968120	0.423995	-0.589727	-0.941667	0.387392	-0.580960	-1.008050	0.396409	-0.583809	-0.985454	0.363132	-0.576108	-1.181229	0.264333	-0.539744	-1.154837	0.250617	-0.459954	-1.209916	0.122659	-0.541034	-1.185430	0.117792	-0.437078	-1.151595	0.059042	-0.483791	-1.223595	0.303381	-0.491299	-0.632980	1.405620	-0.258167	-0.598753	1.409212	-0.560135	
61	0.3000	-0.606043	0.915775	-0.327536	-0.614205	0.918721	-0.539687	-0.785925	0.956190	-0.381689	-0.779116	0.966898	-0.478620	-0.647197	0.722667	-0.267965	-0.597164	0.743431	-0.273662	-0.623909	0.680562	-0.274966	-0.577451	0.698971	-0.282463	-0.514654	0.496287	-0.350205	-0.527570	0.495355	-0.452636	-0.544570	0.358162	-0.340613	-0.497217	0.370923	-0.357912	-0.533623	0.317558	-0.346372	-0.490212	0.330925	-0.366002	-0.474726	0.092167	-0.424353	-0.473617	0.111716	-0.507400	-0.348839	0.060652	-0.429596	-0.357037	0.081327	-0.536452	-0.289746	0.114356	-0.493775	-0.533881	0.050767	-0.466211	-0.731019	0.733683	-0.603331	-0.689834	0.724518	-0.592984	-0.747534	0.696944	-0.602836	-0.706730	0.687727	-0.597532	-0.813688	0.461305	-0.580774	-0.812648	0.457352	-0.471572	-0.949135	0.422859	-0.591676	-0.923561	0.385667	-0.582845	-0.989684	0.396268	-0.585766	-0.967935	0.362518	-0.577984	-1.166389	0.269762	-0.541770	-1.139961	0.254028	-0.462242	-1.198434	0.129183	-0.545716	-1.173789	0.121780	-0.442159	-1.141343	0.062116	-0.490546	-1.207550	0.309196	-0.492269	-0.618069	1.402094	-0.257098	-0.584675	1.406473	-0.559418	
62	0.3050	-0.590996	0.912915	-0.327081	-0.599078	0.915859	-0.539285	-0.771136	0.952949	-0.381419	-0.764341	0.963452	-0.478476	-0.632208	0.719347	-0.267776	-0.581993	0.740251	-0.273364	-0.608739	0.677317	-0.274849	-0.562305	0.695804	-0.282311	-0.498990	0.493484	-0.350623	-0.511594	0.493137	-0.452933	-0.530359	0.355777	-0.341564	-0.482986	0.367961	-0.358892	-0.520023	0.315211	-0.347521	-0.476615	0.328063	-0.367131	-0.465532	0.090743	-0.426002	-0.463398	0.109996	-0.509385	-0.340799	0.057773	-0.429959	-0.347632	0.076995	-0.537109	-0.280071	0.108623	-0.494040	-0.525141	0.051122	-0.468827	-0.714020	0.730261	-0.603686	-0.672815	0.721544	-0.593268	-0.730089	0.693341	-0.603453	-0.689188	0.684559	-0.598135	-0.793504	0.457030	-0.582499	-0.792585	0.452633	-0.473191	-0.929621	0.421512	-0.593638	-0.904927	0.383740	-0.584739	-0.970767	0.395943	-0.587721	-0.949871	0.361738	-0.579878	-1.150902	0.275097	-0.543722	-1.124463	0.257297	-0.464474	-1.186006	0.135735	-0.550550	-1.161322	0.125631	-0.447418	-1.130149	0.065373	-0.497529	-1.190965	0.314744	-0.493095	-0.603120	1.398378	-0.256000	-0.570585	1.403563	-0.558705	
63	0.3100	-0.576114	0.909992	-0.326586	-0.584100	0.912861	-0.538864	-0.756522	0.949643	-0.381156	-0.749755	0.959880	-0.478353	-0.617307	0.716056	-0.267621	-0.566929	0.737137	-0.273114	-0.593625	0.674132	-0.274767	-0.547228	0.692732	-0.282224	-0.483254	0.490767	-0.351082	-0.495553	0.491035	-0.453265	-0.516367	0.353545	-0.342473	-0.468979	0.365014	-0.359895	-0.506777	0.313003	-0.348626	-0.463384	0.325209	-0.368276	-0.457625	0.089428	-0.427477	-0.454446	0.108325	-0.511234	-0.334118	0.054807	-0.430135	-0.339566	0.072446	-0.537620	-0.271644	0.102539	-0.494213	-0.517809	0.051655	-0.471228	-0.696962	0.726701	-0.604051	-0.655727	0.718490	-0.593544	-0.712524	0.689590	-0.604097	-0.671510	0.681301	-0.598755	-0.772844	0.452613	-0.584242	-0.772043	0.447758	-0.474823	-0.909565	0.419989	-0.595602	-0.885745	0.381648	-0.586633	-0.951286	0.395462	-0.589666	-0.931241	0.360819	-0.581784	-1.134729	0.280309	-0.545610	-1.108311	0.260415	-0.466657	-1.172575	0.142261	-0.555510	-1.147987	0.129324	-0.452825	-1.117952	0.068776	-0.504684	-1.173819	0.320010	-0.493811	-0.588125	1.394514	-0.254877	-0.556471	1.400511	-0.557995	
64	0.3150	-0.561383	0.907033	-0.326047	-0.569262	0.909761	-0.538421	-0.742065	0.946307	-0.380889	-0.735343	0.956218	-0.478239	-0.602495	0.712812	-0.267491	-0.551974	0.734098	-0.272904	-0.578579	0.671018	-0.274714	-0.532230	0.689758	-0.282190	-0.467498	0.488128	-0.351576	-0.479503	0.489039	-0.453627	-0.502613	0.351455	-0.343336	-0.455220	0.362084	-0.360918	-0.493892	0.310925	-0.349687	-0.450528	0.322366	-0.369436	-0.450920	0.088219	-0.428789	-0.446694	0.106715	-0.512952	-0.328686	0.051805	-0.430164	-0.332760	0.067762	-0.538017	-0.264396	0.096216	-0.494331	-0.511783	0.052325	-0.473417	-0.679835	0.723053	-0.604419	-0.638562	0.715403	-0.593801	-0.694829	0.685742	-0.604757	-0.653690	0.678004	-0.599379	-0.751702	0.448116	-0.585985	-0.751016	0.442795	-0.476448	-0.888955	0.418328	-0.597554	-0.865997	0.379432	-0.588513	-0.931226	0.394853	-0.591595	-0.912020	0.359792	-0.583692	-1.117830	0.285366	-0.547446	-1.091475	0.263373	-0.468797	-1.158084	0.148701	-0.560569	-1.133743	0.132835	-0.458350	-1.104690	0.072285	-0.511950	-1.156087	0.324976	-0.494452	-0.573076	1.390543	-0.253731	-0.542318	1.397351	-0.557286	
65	0.3200	-0.546783	0.904068	-0.325461	-0.554552	0.906593	-0.537951	-0.727742	0.942975	-0.380608	-0.721086	0.952502	-0.478122	-0.587776	0.709633	-0.267379	-0.537128	0.731140	-0.272723	-0.563614	0.667986	-0.274681	-0.517320	0.686885	-0.282197	-0.451779	0.485554	-0.352097	-0.463503	0.487133	-0.454014	-0.489122	0.349493	-0.344150	-0.441734	0.359174	-0.361956	-0.481377	0.308966	-0.350700	-0.438057	0.319539	-0.370606	-0.445322	0.087115	-0.429952	-0.440066	0.105178	-0.514547	-0.324389	0.048815	-0.430082	-0.327124	0.063025	-0.538333	-0.258251	0.089770	-0.494426	-0.506954	0.053095	-0.475396	-0.662627	0.719368	-0.604776	-0.621311	0.712332	-0.594027	-0.676992	0.681852	-0.605420	-0.635719	0.674723	-0.599992	-0.730071	0.443608	-0.587706	-0.729501	0.437814	-0.478046	-0.867779	0.416566	-0.599481	-0.845664	0.377132	-0.590366	-0.910572	0.394146	-0.593499	-0.892186	0.358686	-0.585592	-1.100169	0.290231	-0.549240	-1.073924	0.266159	-0.470898	-1.142481	0.154996	-0.565699	-1.118542	0.136142	-0.463957	-1.090301	0.075855	-0.519262	-1.137746	0.329619	-0.495053	-0.557960	1.386514	-0.252567	-0.528112	1.394118	-0.556575	
66	0.3250	-0.532291	0.901125	-0.324828	-0.539953	0.903395	-0.537450	-0.713530	0.939683	-0.380303	-0.706959	0.948773	-0.477988	-0.573150	0.706537	-0.267272	-0.522391	0.728268	-0.272560	-0.548743	0.665045	-0.274660	-0.502505	0.684110	-0.282232	-0.436158	0.483033	-0.352638	-0.447613	0.485300	-0.454420	-0.475917	0.347645	-0.344911	-0.428549	0.356288	-0.363002	-0.469242	0.307115	-0.351663	-0.425983	0.316733	-0.371781	-0.440734	0.086118	-0.430975	-0.434478	0.103728	-0.516023	-0.321106	0.045888	-0.429924	-0.322563	0.058314	-0.538594	-0.253129	0.083314	-0.494527	-0.503203	0.053933	-0.477171	-0.645326	0.715699	-0.605110	-0.603962	0.709328	-0.594208	-0.659001	0.677978	-0.606071	-0.617586	0.671513	-0.600577	-0.707945	0.439159	-0.589385	-0.707496	0.432889	-0.479594	-0.846025	0.414742	-0.601366	-0.824726	0.374793	-0.592175	-0.889308	0.393368	-0.595367	-0.871717	0.357529	-0.587471	-1.081708	0.294869	-0.551003	-1.055627	0.268761	-0.472963	-1.125716	0.161082	-0.570866	-1.102341	0.139223	-0.469609	-1.074721	0.079436	-0.526555	-1.118770	0.333918	-0.495651	-0.542767	1.382473	-0.251387	-0.513841	1.390849	-0.555859	
67	0.3300	-0.517881	0.898232	-0.324143	-0.525445	0.900205	-0.536915	-0.699398	0.936467	-0.379961	-0.692936	0.945073	-0.477823	-0.558617	0.703538	-0.267163	-0.507760	0.725485	-0.272403	-0.533976	0.662203	-0.274640	-0.487793	0.681430	-0.282282	-0.420694	0.480549	-0.353188	-0.431896	0.483524	-0.454840	-0.463025	0.345896	-0.345616	-0.415695	0.353426	-0.364048	-0.457497	0.305362	-0.352574	-0.414317	0.313954	-0.372951	-0.437050	0.085229	-0.431872	-0.429840	0.102380	-0.517385	-0.318718	0.043068	-0.429721	-0.318976	0.053708	-0.538824	-0.248943	0.076958	-0.494654	-0.500409	0.054814	-0.478746	-0.627916	0.712102	-0.605408	-0.586502	0.706445	-0.594329	-0.640841	0.674177	-0.606693	-0.599281	0.668433	-0.601115	-0.685321	0.434840	-0.590994	-0.685004	0.428094	-0.481064	-0.823685	0.412895	-0.603191	-0.803167	0.372455	-0.593923	-0.867425	0.392547	-0.597187	-0.850591	0.356349	-0.589313	-1.062416	0.299238	-0.552745	-1.036556	0.271163	-0.474995	-1.107744	0.166899	-0.576037	-1.085093	0.142056	-0.475266	-1.057894	0.082981	-0.533765	-1.099138	0.337846	-0.496276	-0.527484	1.378469	-0.250196	-0.499491	1.387583	-0.555137	
68	0.3350	-0.503523	0.895417	-0.323406	-0.511005	0.897064	-0.536340	-0.685314	0.933362	-0.379570	-0.678986	0.941444	-0.477612	-0.544177	0.700649	-0.267039	-0.493231	0.722791	-0.272239	-0.519326	0.659466	-0.274614	-0.473191	0.678842	-0.282331	-0.405450	0.478088	-0.353739	-0.416416	0.481783	-0.455265	-0.450476	0.344233	-0.346262	-0.403201	0.350592	-0.365084	-0.446155	0.303695	-0.353430	-0.403073	0.311207	-0.374108	-0.434164	0.084451	-0.432652	-0.426059	0.101148	-0.518635	-0.317102	0.040399	-0.429498	-0.316260	0.049278	-0.539042	-0.245607	0.070802	-0.494823	-0.498447	0.055714	-0.480129	-0.610379	0.708632	-0.605655	-0.568917	0.703735	-0.594374	-0.622498	0.670509	-0.607270	-0.580792	0.665538	-0.601587	-0.662198	0.430719	-0.592508	-0.662028	0.423506	-0.482432	-0.800752	0.411063	-0.604938	-0.780974	0.370163	-0.595590	-0.844912	0.391708	-0.598947	-0.828791	0.355175	-0.591099	-1.042266	0.303301	-0.554474	-1.016686	0.273352	-0.476995	-1.088527	0.172386	-0.581178	-1.066755	0.144616	-0.480888	-1.039764	0.086440	-0.540824	-1.078830	0.341378	-0.496961	-0.512099	1.374552	-0.248997	-0.485052	1.384361	-0.554404	
69	0.3400	-0.489188	0.892708	-0.322615	-0.496611	0.894012	-0.535723	-0.671246	0.930404	-0.379120	-0.665076	0.937929	-0.477342	-0.529828	0.697885	-0.266892	-0.478800	0.720187	-0.272058	-0.504802	0.656840	-0.274570	-0.458706	0.676337	-0.282367	-0.390486	0.475635	-0.354278	-0.401233	0.480060	-0.455690	-0.438297	0.342643	-0.346846	-0.391098	0.347790	-0.366101	-0.435228	0.302107	-0.354227	-0.392263	0.308498	-0.375241	-0.431971	0.083786	-0.433325	-0.423036	0.100048	-0.519777	-0.316142	0.037916	-0.429278	-0.314311	0.045088	-0.539263	-0.243033	0.064937	-0.495046	-0.497194	0.056619	-0.481328	-0.592699	0.705345	-0.605838	-0.551194	0.701249	-0.594328	-0.603957	0.667032	-0.607783	-0.562108	0.662885	-0.601973	-0.638576	0.426865	-0.593900	-0.638578	0.419196	-0.483670	-0.777225	0.409282	-0.606588	-0.758136	0.367957	-0.597155	-0.821765	0.390874	-0.600632	-0.806305	0.354032	-0.592812	-1.021239	0.307017	-0.556195	-0.995996	0.275309	-0.478962	-1.068036	0.177485	-0.586252	-1.047289	0.146884	-0.486432	-1.020284	0.089762	-0.547672	-1.057829	0.344485	-0.497731	-0.496601	1.370771	-0.247792	-0.470516	1.381223	-0.553658	
70	0.3450	-0.474845	0.890127	-0.321769	-0.482236	0.891086	-0.535058	-0.657161	0.927625	-0.378599	-0.651173	0.934570	-0.476998	-0.515569	0.695256	-0.266711	-0.464464	0.717672	-0.271849	-0.490416	0.654331	-0.274500	-0.444343	0.673912	-0.282376	-0.375861	0.473178	-0.354794	-0.386406	0.478337	-0.456105	-0.426516	0.341115	-0.347364	-0.379413	0.345024	-0.367085	-0.424728	0.300589	-0.354963	-0.381898	0.305834	-0.376338	-0.430364	0.083237	-0.433900	-0.420675	0.099093	-0.520812	-0.315723	0.035649	-0.429079	-0.313024	0.041192	-0.539499	-0.241132	0.059440	-0.495328	-0.496528	0.057518	-0.482349	-0.574861	0.702294	-0.605941	-0.533320	0.699036	-0.594174	-0.585207	0.663802	-0.608216	-0.543221	0.660525	-0.602251	-0.614464	0.423343	-0.595141	-0.614668	0.415236	-0.484750	-0.753108	0.407587	-0.608121	-0.734651	0.365875	-0.598598	-0.797988	0.390069	-0.602227	-0.783126	0.352942	-0.594432	-0.999322	0.310348	-0.557913	-0.974473	0.277019	-0.480893	-1.046251	0.182143	-0.591224	-1.026660	0.148838	-0.491857	-0.999416	0.092902	-0.554247	-1.036125	0.347138	-0.498609	-0.480980	1.367174	-0.246584	-0.455877	1.378210	-0.552897	
71	0.3500	-0.460464	0.887700	-0.320867	-0.467855	0.888327	-0.534341	-0.643025	0.925058	-0.377997	-0.637244	0.931408	-0.476568	-0.501400	0.692774	-0.266487	-0.450218	0.715247	-0.271602	-0.476175	0.651944	-0.274394	-0.430110	0.671561	-0.282346	-0.361629	0.470708	-0.355276	-0.371992	0.476600	-0.456503	-0.415160	0.339641	-0.347813	-0.368173	0.342299	-0.368024	-0.414666	0.299135	-0.355633	-0.371988	0.303224	-0.377386	-0.429242	0.082805	-0.434384	-0.418877	0.098295	-0.521741	-0.315739	0.033622	-0.428913	-0.312297	0.037634	-0.539757	-0.239818	0.054374	-0.495669	-0.496332	0.058405	-0.483204	-0.556851	0.699529	-0.605950	-0.515286	0.697141	-0.593898	-0.566236	0.660871	-0.608550	-0.524124	0.658509	-0.602402	-0.589875	0.420212	-0.596205	-0.590319	0.411691	-0.485648	-0.728413	0.406009	-0.609517	-0.710523	0.363955	-0.599899	-0.773587	0.389310	-0.603718	-0.759257	0.351927	-0.595937	-0.976513	0.313258	-0.559630	-0.952110	0.278465	-0.482785	-1.023164	0.186310	-0.596058	-1.004842	0.150458	-0.497122	-0.977134	0.095816	-0.560494	-1.013714	0.349311	-0.499612	-0.465229	1.363804	-0.245377	-0.441131	1.375361	-0.552116	
72	0.3550	-0.446018	0.885447	-0.319908	-0.453444	0.885769	-0.533568	-0.628810	0.922730	-0.377305	-0.623258	0.928481	-0.476041	-0.487320	0.690448	-0.266212	-0.436059	0.712912	-0.271306	-0.462090	0.649684	-0.274243	-0.416013	0.669279	-0.282263	-0.347841	0.468218	-0.355709	-0.358039	0.474838	-0.456873	-0.404255	0.338214	-0.348190	-0.357402	0.339623	-0.368905	-0.405054	0.297743	-0.356233	-0.362543	0.300678	-0.378372	-0.428509	0.082494	-0.434784	-0.417549	0.097664	-0.522564	-0.316090	0.031849	-0.428790	-0.312034	0.034448	-0.540039	-0.239007	0.049789	-0.496067	-0.496498	0.059281	-0.483900	-0.538661	0.697097	-0.605853	-0.497085	0.695607	-0.593483	-0.547042	0.658290	-0.608769	-0.504817	0.656881	-0.602407	-0.564830	0.417527	-0.597067	-0.565557	0.408620	-0.486337	-0.703160	0.404578	-0.610759	-0.685766	0.362229	-0.601037	-0.748582	0.388615	-0.605088	-0.734708	0.351007	-0.597308	-0.952819	0.315716	-0.561345	-0.928908	0.279629	-0.484631	-0.998780	0.189942	-0.600720	-0.981821	0.151727	-0.502187	-0.953424	0.098463	-0.566362	-0.990601	0.350976	-0.500752	-0.449345	1.360705	-0.244171	-0.426280	1.372712	-0.551315	
73	0.3600	-0.431483	0.883387	-0.318891	-0.438983	0.883445	-0.532735	-0.614490	0.920668	-0.376515	-0.609186	0.925824	-0.475407	-0.473331	0.688288	-0.265879	-0.421985	0.710669	-0.270955	-0.448170	0.647559	-0.274039	-0.402058	0.667064	-0.282120	-0.334542	0.465706	-0.356084	-0.344592	0.473042	-0.457207	-0.393821	0.336832	-0.348493	-0.347121	0.337004	-0.369714	-0.395899	0.296411	-0.356759	-0.353570	0.298204	-0.379283	-0.428073	0.082304	-0.435106	-0.416600	0.097210	-0.523281	-0.316688	0.030339	-0.428715	-0.312140	0.031655	-0.540346	-0.238619	0.045717	-0.496513	-0.496924	0.060150	-0.484447	-0.520285	0.695038	-0.605637	-0.478715	0.694469	-0.592918	-0.527624	0.656100	-0.608857	-0.485303	0.655679	-0.602249	-0.539359	0.415336	-0.597703	-0.540418	0.406075	-0.486798	-0.677378	0.403318	-0.611829	-0.660402	0.360727	-0.601993	-0.723000	0.387996	-0.606323	-0.709500	0.350196	-0.598526	-0.928263	0.317691	-0.563055	-0.904883	0.280497	-0.486424	-0.973122	0.193003	-0.605179	-0.957596	0.152631	-0.507014	-0.928290	0.100810	-0.571806	-0.966800	0.352110	-0.502035	-0.433326	1.357913	-0.242971	-0.411328	1.370299	-0.550490	
74	0.3650	-0.416842	0.881536	-0.317818	-0.424453	0.881385	-0.531839	-0.600045	0.918892	-0.375622	-0.595007	0.923468	-0.474660	-0.459435	0.686304	-0.265481	-0.407999	0.708520	-0.270542	-0.434423	0.645574	-0.273776	-0.388254	0.664915	-0.281905	-0.321769	0.463172	-0.356387	-0.331690	0.471208	-0.457494	-0.383880	0.335496	-0.348717	-0.337347	0.334454	-0.370439	-0.387209	0.295140	-0.357207	-0.345072	0.295816	-0.380103	-0.427852	0.082237	-0.435355	-0.415943	0.096938	-0.523892	-0.317451	0.029093	-0.428690	-0.312532	0.029266	-0.540676	-0.238579	0.042174	-0.497000	-0.497516	0.061020	-0.484855	-0.501725	0.693388	-0.605292	-0.460182	0.693757	-0.592191	-0.507990	0.654339	-0.608801	-0.465593	0.654935	-0.601912	-0.513502	0.413676	-0.598092	-0.514947	0.404098	-0.487010	-0.651108	0.402250	-0.612712	-0.634466	0.359473	-0.602750	-0.696878	0.387464	-0.607410	-0.683668	0.349509	-0.599572	-0.902877	0.319162	-0.564757	-0.880059	0.281055	-0.488157	-0.946228	0.195466	-0.609403	-0.932178	0.153159	-0.511568	-0.901755	0.102828	-0.576789	-0.942337	0.352692	-0.503462	-0.417178	1.355462	-0.241776	-0.396287	1.368152	-0.549640	
75	0.3700	-0.402083	0.879908	-0.316687	-0.409844	0.879613	-0.530876	-0.585461	0.917420	-0.374622	-0.580704	0.921439	-0.473795	-0.445639	0.684504	-0.265012	-0.394104	0.706468	-0.270061	-0.420860	0.643737	-0.273447	-0.374611	0.662833	-0.281614	-0.309554	0.460624	-0.356608	-0.319364	0.469337	-0.457724	-0.374446	0.334207	-0.348860	-0.328093	0.331983	-0.371065	-0.378989	0.293934	-0.357573	-0.337052	0.293524	-0.380822	-0.427771	0.082290	-0.435535	-0.415501	0.096852	-0.524396	-0.318310	0.028105	-0.428714	-0.313130	0.027280	-0.541024	-0.238817	0.039164	-0.497516	-0.498194	0.061904	-0.485134	-0.482992	0.692175	-0.604810	-0.441498	0.693493	-0.591294	-0.488156	0.653037	-0.608588	-0.445706	0.654672	-0.601385	-0.487310	0.412580	-0.598218	-0.489198	0.402724	-0.486960	-0.624404	0.401392	-0.613394	-0.608008	0.358487	-0.603294	-0.670269	0.387026	-0.608334	-0.657258	0.348955	-0.600429	-0.876712	0.320111	-0.566441	-0.854476	0.281292	-0.489820	-0.918154	0.197309	-0.613367	-0.905600	0.153301	-0.515820	-0.873862	0.104497	-0.581279	-0.917248	0.352707	-0.505027	-0.400913	1.353379	-0.240589	-0.381171	1.366299	-0.548764	
76	0.3750	-0.387202	0.878512	-0.315500	-0.395148	0.878151	-0.529845	-0.570734	0.916265	-0.373515	-0.566269	0.919759	-0.472810	-0.431951	0.682895	-0.264471	-0.380306	0.704519	-0.269510	-0.407493	0.642054	-0.273047	-0.361141	0.660822	-0.281240	-0.297922	0.458069	-0.356738	-0.307638	0.467433	-0.457888	-0.365531	0.332972	-0.348920	-0.319367	0.329604	-0.371582	-0.371241	0.292799	-0.357852	-0.329509	0.291342	-0.381427	-0.427764	0.082465	-0.435648	-0.415201	0.096953	-0.524793	-0.319205	0.027362	-0.428783	-0.313865	0.025688	-0.541385	-0.239270	0.036675	-0.498048	-0.498885	0.062814	-0.485292	-0.464102	0.691419	-0.604184	-0.422682	0.693692	-0.590222	-0.468146	0.652214	-0.608211	-0.425670	0.654905	-0.600657	-0.460844	0.412066	-0.598069	-0.463236	0.401974	-0.486636	-0.597329	0.400753	-0.613866	-0.581088	0.357783	-0.603612	-0.643235	0.386686	-0.609086	-0.630333	0.348541	-0.601086	-0.849832	0.320527	-0.568101	-0.828190	0.281200	-0.491403	-0.888979	0.198525	-0.617047	-0.877913	0.153057	-0.519742	-0.844678	0.105802	-0.585256	-0.891585	0.352144	-0.506722	-0.384548	1.351683	-0.239412	-0.366001	1.364762	-0.547861	
77	0.3800	-0.372206	0.877355	-0.314259	-0.380369	0.877013	-0.528744	-0.555868	0.915433	-0.372302	-0.551701	0.918443	-0.471707	-0.418384	0.681483	-0.263854	-0.366619	0.702677	-0.268888	-0.394334	0.640532	-0.272574	-0.347858	0.658886	-0.280781	-0.286892	0.455523	-0.356768	-0.296530	0.465507	-0.457976	-0.357142	0.331799	-0.348894	-0.311173	0.327333	-0.371979	-0.363964	0.291743	-0.358040	-0.322439	0.289284	-0.381907	-0.427773	0.082757	-0.435699	-0.414979	0.097239	-0.525083	-0.320088	0.026849	-0.428892	-0.314675	0.024471	-0.541751	-0.239882	0.034686	-0.498586	-0.499531	0.063766	-0.485339	-0.445083	0.691134	-0.603411	-0.403765	0.694361	-0.588972	-0.447995	0.651883	-0.607663	-0.405522	0.655641	-0.599724	-0.434178	0.412144	-0.597635	-0.437134	0.401859	-0.486033	-0.569963	0.400343	-0.614119	-0.553783	0.357369	-0.603697	-0.615855	0.386446	-0.609656	-0.602968	0.348272	-0.601531	-0.822318	0.320409	-0.569725	-0.801270	0.280775	-0.492897	-0.858799	0.199111	-0.620423	-0.849188	0.152427	-0.523312	-0.814293	0.106736	-0.588703	-0.865413	0.351001	-0.508530	-0.368107	1.350388	-0.238247	-0.350806	1.363557	-0.546932	
78	0.3850	-0.357110	0.876441	-0.312965	-0.365518	0.876208	-0.527574	-0.540878	0.914928	-0.370987	-0.537012	0.917499	-0.470488	-0.404953	0.680274	-0.263161	-0.353059	0.700951	-0.268193	-0.381398	0.639178	-0.272026	-0.334779	0.657032	-0.280236	-0.276473	0.453001	-0.356692	-0.286051	0.463569	-0.457981	-0.349282	0.330698	-0.348782	-0.303509	0.325182	-0.372247	-0.357155	0.290774	-0.358135	-0.315834	0.287361	-0.382253	-0.427751	0.083165	-0.435689	-0.414781	0.097706	-0.525266	-0.320920	0.026543	-0.429034	-0.315510	0.023604	-0.542115	-0.240602	0.033162	-0.499115	-0.500081	0.064775	-0.485284	-0.425974	0.691322	-0.602491	-0.384786	0.695496	-0.587546	-0.427749	0.652048	-0.606942	-0.385309	0.656876	-0.598586	-0.407398	0.412814	-0.596916	-0.410979	0.402378	-0.485151	-0.542397	0.400162	-0.614150	-0.526182	0.357249	-0.603544	-0.588218	0.386305	-0.610039	-0.575255	0.348148	-0.601757	-0.794268	0.319761	-0.571303	-0.773806	0.280016	-0.494291	-0.827734	0.199079	-0.623481	-0.819522	0.151419	-0.526513	-0.782824	0.107302	-0.591615	-0.838813	0.349282	-0.510435	-0.351623	1.349502	-0.237095	-0.335619	1.362694	-0.545978	
79	0.3900	-0.341939	0.875770	-0.311622	-0.350614	0.875740	-0.526336	-0.525789	0.914746	-0.369576	-0.522221	0.916929	-0.469161	-0.391679	0.679271	-0.262393	-0.339646	0.699346	-0.267428	-0.368704	0.637999	-0.271403	-0.321924	0.655269	-0.279605	-0.266671	0.450524	-0.356504	-0.276204	0.461635	-0.457895	-0.341949	0.329681	-0.348582	-0.296372	0.323166	-0.372380	-0.350806	0.289902	-0.358135	-0.309685	0.285587	-0.382461	-0.427660	0.083684	-0.435620	-0.414560	0.098346	-0.525345	-0.321672	0.026422	-0.429202	-0.316325	0.023056	-0.542469	-0.241386	0.032062	-0.499626	-0.500499	0.065855	-0.485135	-0.406822	0.691977	-0.601426	-0.365794	0.697086	-0.585950	-0.407464	0.652702	-0.606049	-0.365087	0.658597	-0.597244	-0.380602	0.414063	-0.595913	-0.384865	0.403518	-0.483996	-0.514733	0.400208	-0.613959	-0.498391	0.357420	-0.603152	-0.560430	0.386259	-0.610232	-0.547299	0.348166	-0.601761	-0.765796	0.318597	-0.572823	-0.745902	0.278930	-0.495578	-0.795924	0.198449	-0.626209	-0.789033	0.150046	-0.529336	-0.750411	0.107506	-0.593994	-0.811880	0.347000	-0.512413	-0.335138	1.349023	-0.235958	-0.320479	1.362180	-0.545000	
80	0.3950	-0.326731	0.875338	-0.310234	-0.335689	0.875605	-0.525032	-0.510637	0.914878	-0.368080	-0.507363	0.916729	-0.467735	-0.378589	0.678475	-0.261554	-0.326409	0.697870	-0.266598	-0.356271	0.636998	-0.270706	-0.309317	0.653605	-0.278892	-0.257485	0.448111	-0.356203	-0.266988	0.459724	-0.457715	-0.335137	0.328757	-0.348295	-0.289750	0.321300	-0.372375	-0.344909	0.289137	-0.358038	-0.303980	0.283973	-0.382524	-0.427472	0.084308	-0.435497	-0.414280	0.099152	-0.525320	-0.322323	0.026459	-0.429388	-0.317088	0.022792	-0.542807	-0.242200	0.031341	-0.500109	-0.500756	0.067021	-0.484901	-0.387687	0.693085	-0.600222	-0.346848	0.699112	-0.584192	-0.387207	0.653831	-0.604989	-0.344925	0.660781	-0.595708	-0.353897	0.415869	-0.594636	-0.358898	0.405255	-0.482577	-0.487089	0.400473	-0.613551	-0.470528	0.357872	-0.602527	-0.532607	0.386302	-0.610234	-0.519222	0.348322	-0.601545	-0.737030	0.316939	-0.574272	-0.717678	0.277526	-0.496749	-0.763530	0.197250	-0.628602	-0.757863	0.148327	-0.531773	-0.717220	0.107366	-0.595850	-0.784724	0.344177	-0.514441	-0.318699	1.348944	-0.234838	-0.305434	1.362010	-0.544001	
81	0.4000	-0.311533	0.875138	-0.308807	-0.320783	0.875795	-0.523667	-0.495470	0.915310	-0.366509	-0.492480	0.916886	-0.466223	-0.365711	0.677886	-0.260648	-0.313377	0.696530	-0.265706	-0.344124	0.636178	-0.269940	-0.296984	0.652050	-0.278102	-0.248907	0.445785	-0.355789	-0.258396	0.457854	-0.457435	-0.328836	0.327940	-0.347923	-0.283632	0.319595	-0.372228	-0.339452	0.288488	-0.357845	-0.298705	0.282530	-0.382443	-0.427166	0.085030	-0.435320	-0.413913	0.100109	-0.525196	-0.322861	0.026627	-0.429584	-0.317771	0.022772	-0.543120	-0.243012	0.030946	-0.500554	-0.500836	0.068282	-0.484591	-0.368639	0.694624	-0.598889	-0.328017	0.701543	-0.582286	-0.367055	0.655408	-0.603771	-0.324900	0.663397	-0.593989	-0.327402	0.418198	-0.593098	-0.333190	0.407552	-0.480912	-0.459591	0.400945	-0.612934	-0.442723	0.358592	-0.601676	-0.504878	0.386427	-0.610048	-0.491157	0.348609	-0.601114	-0.708117	0.314816	-0.575640	-0.689271	0.275819	-0.497797	-0.730733	0.195521	-0.630660	-0.726176	0.146286	-0.533827	-0.683441	0.106902	-0.597203	-0.757469	0.340842	-0.516493	-0.302365	1.349248	-0.233738	-0.290536	1.362178	-0.542985	
82	0.4050	-0.296401	0.875158	-0.307347	-0.305945	0.876295	-0.522249	-0.480346	0.916023	-0.364877	-0.477625	0.917383	-0.464638	-0.353082	0.677500	-0.259683	-0.300589	0.695331	-0.264761	-0.332288	0.635541	-0.269109	-0.284956	0.650613	-0.277243	-0.240927	0.443567	-0.355264	-0.250417	0.456045	-0.457056	-0.323034	0.327239	-0.347469	-0.278001	0.318062	-0.371942	-0.334420	0.287962	-0.357557	-0.293842	0.281263	-0.382218	-0.426730	0.085844	-0.435092	-0.413438	0.101205	-0.524977	-0.323280	0.026899	-0.429782	-0.318358	0.022957	-0.543405	-0.243798	0.030826	-0.500956	-0.500731	0.069646	-0.484212	-0.349755	0.696561	-0.597439	-0.309378	0.704345	-0.580249	-0.347094	0.657402	-0.602406	-0.305095	0.666406	-0.592104	-0.301244	0.421007	-0.591320	-0.307861	0.410362	-0.479021	-0.432375	0.401609	-0.612118	-0.415117	0.359560	-0.600612	-0.477381	0.386623	-0.609683	-0.463249	0.349015	-0.600478	-0.679212	0.312267	-0.576915	-0.660833	0.273831	-0.498717	-0.697729	0.193310	-0.632386	-0.694157	0.143953	-0.535503	-0.649285	0.106144	-0.598076	-0.730252	0.337037	-0.518542	-0.286198	1.349915	-0.232660	-0.275841	1.362669	-0.541956	
83	0.4100	-0.281402	0.875386	-0.305861	-0.291236	0.877084	-0.520784	-0.465332	0.916994	-0.363199	-0.462864	0.918196	-0.462997	-0.340739	0.677311	-0.258664	-0.288086	0.694277	-0.263771	-0.320793	0.635084	-0.268220	-0.273265	0.649301	-0.276322	-0.233530	0.441477	-0.354633	-0.243034	0.454317	-0.456579	-0.317712	0.326663	-0.346936	-0.272839	0.316709	-0.371522	-0.329798	0.287565	-0.357179	-0.289375	0.280180	-0.381854	-0.426160	0.086738	-0.434818	-0.412846	0.102423	-0.524668	-0.323580	0.027249	-0.429975	-0.318837	0.023309	-0.543657	-0.244541	0.030927	-0.501309	-0.500441	0.071116	-0.483773	-0.331122	0.698857	-0.595886	-0.291016	0.707473	-0.578099	-0.327418	0.659772	-0.600911	-0.285605	0.669759	-0.590073	-0.275555	0.424245	-0.589327	-0.283036	0.413632	-0.476931	-0.405583	0.402446	-0.611121	-0.387860	0.360754	-0.599354	-0.450262	0.386882	-0.609148	-0.435651	0.349528	-0.599650	-0.650485	0.309336	-0.578089	-0.632527	0.271587	-0.499507	-0.664730	0.190672	-0.633790	-0.662010	0.141365	-0.536815	-0.614982	0.105123	-0.598504	-0.703221	0.332810	-0.520562	-0.270269	1.350914	-0.231608	-0.261413	1.363461	-0.540919	
84	0.4150	-0.266609	0.875804	-0.304359	-0.276723	0.878136	-0.519282	-0.450503	0.918195	-0.361492	-0.448269	0.919296	-0.461317	-0.328727	0.677311	-0.257603	-0.275913	0.693372	-0.262745	-0.309671	0.634804	-0.267283	-0.261948	0.648122	-0.275349	-0.226698	0.439533	-0.353904	-0.236231	0.452687	-0.456007	-0.312854	0.326217	-0.346332	-0.268124	0.315542	-0.370975	-0.325568	0.287301	-0.356715	-0.285283	0.279282	-0.381360	-0.425458	0.087704	-0.434500	-0.412132	0.103744	-0.524278	-0.323768	0.027653	-0.430158	-0.319204	0.023788	-0.543872	-0.245227	0.031199	-0.501611	-0.499972	0.072691	-0.483282	-0.312834	0.701468	-0.594248	-0.273021	0.710877	-0.575861	-0.308127	0.662469	-0.599304	-0.266525	0.673403	-0.587921	-0.250470	0.427851	-0.587147	-0.258844	0.417295	-0.474672	-0.379363	0.403431	-0.609962	-0.361108	0.362144	-0.597921	-0.423674	0.387191	-0.608457	-0.408524	0.350136	-0.598648	-0.622111	0.306075	-0.579153	-0.604524	0.269118	-0.500166	-0.631960	0.187668	-0.634885	-0.629954	0.138559	-0.537780	-0.580774	0.103877	-0.598522	-0.676533	0.328217	-0.522529	-0.254654	1.352214	-0.230584	-0.247317	1.364528	-0.539881	
85	0.4200	-0.252103	0.876393	-0.302851	-0.262480	0.879422	-0.517755	-0.435940	0.919594	-0.359774	-0.433919	0.920647	-0.459618	-0.317090	0.677488	-0.256510	-0.264118	0.692614	-0.261694	-0.298957	0.634693	-0.266306	-0.251042	0.647079	-0.274338	-0.220411	0.437752	-0.353086	-0.229985	0.451173	-0.455348	-0.308437	0.325907	-0.345664	-0.263834	0.314563	-0.370310	-0.321711	0.287172	-0.356173	-0.281549	0.278569	-0.380745	-0.424633	0.088730	-0.434144	-0.411298	0.105150	-0.523814	-0.323852	0.028087	-0.430326	-0.319460	0.024359	-0.544050	-0.245849	0.031595	-0.501861	-0.499339	0.074367	-0.482748	-0.294989	0.704343	-0.592545	-0.255487	0.714503	-0.573559	-0.289325	0.665441	-0.597606	-0.247958	0.677280	-0.585674	-0.226128	0.431761	-0.584813	-0.235412	0.421283	-0.472277	-0.353864	0.404542	-0.608663	-0.335020	0.363700	-0.596340	-0.397771	0.387540	-0.607627	-0.382033	0.350822	-0.597493	-0.594273	0.302540	-0.580103	-0.577006	0.266461	-0.500694	-0.599648	0.184364	-0.635690	-0.598217	0.135581	-0.538420	-0.546916	0.102444	-0.598175	-0.650350	0.323322	-0.524418	-0.239431	1.353774	-0.229592	-0.233620	1.365839	-0.538849	
86	0.4250	-0.237967	0.877130	-0.301347	-0.248586	0.880907	-0.516216	-0.421731	0.921158	-0.358062	-0.419899	0.922213	-0.457917	-0.305876	0.677827	-0.255396	-0.252750	0.692003	-0.260629	-0.288684	0.634742	-0.265300	-0.240584	0.646177	-0.273299	-0.214647	0.436144	-0.352193	-0.224275	0.449787	-0.454610	-0.304439	0.325731	-0.344939	-0.259945	0.313770	-0.369542	-0.318209	0.287174	-0.355561	-0.278152	0.278035	-0.380022	-0.423697	0.089802	-0.433755	-0.410356	0.106620	-0.523286	-0.323843	0.028533	-0.430476	-0.319610	0.024988	-0.544189	-0.246400	0.032070	-0.502060	-0.498560	0.076132	-0.482179	-0.277686	0.707425	-0.590797	-0.238511	0.718293	-0.571221	-0.271118	0.668630	-0.595840	-0.230005	0.681326	-0.583362	-0.202663	0.435904	-0.582363	-0.212865	0.425520	-0.469783	-0.329232	0.405751	-0.607249	-0.309752	0.365388	-0.594638	-0.372705	0.387916	-0.606676	-0.356340	0.351570	-0.596209	-0.567152	0.298793	-0.580935	-0.550152	0.263653	-0.501097	-0.568028	0.180829	-0.636226	-0.567036	0.132476	-0.538763	-0.513667	0.100866	-0.597507	-0.624837	0.318195	-0.526210	-0.224682	1.355552	-0.228636	-0.220392	1.367360	-0.537828	
87	0.4300	-0.224286	0.877992	-0.299860	-0.235122	0.882554	-0.514679	-0.407962	0.922850	-0.356375	-0.406296	0.923951	-0.456236	-0.295133	0.678310	-0.254274	-0.241859	0.691533	-0.259562	-0.278888	0.634938	-0.264278	-0.230613	0.645414	-0.272245	-0.209385	0.434719	-0.351237	-0.219076	0.448540	-0.453804	-0.300836	0.325687	-0.344169	-0.256436	0.313159	-0.368684	-0.315041	0.287302	-0.354889	-0.275072	0.277675	-0.379206	-0.422668	0.090908	-0.433337	-0.409317	0.108131	-0.522705	-0.323755	0.028974	-0.430604	-0.319663	0.025647	-0.544290	-0.246880	0.032587	-0.502210	-0.497656	0.077974	-0.481584	-0.261026	0.710659	-0.589028	-0.222188	0.722185	-0.568874	-0.253610	0.671975	-0.594032	-0.212765	0.685477	-0.581015	-0.180206	0.440208	-0.579833	-0.191324	0.429930	-0.467226	-0.305610	0.407032	-0.605746	-0.285459	0.367175	-0.592843	-0.348625	0.388310	-0.605627	-0.331605	0.352363	-0.594822	-0.540928	0.294896	-0.581648	-0.524145	0.260738	-0.501380	-0.537330	0.177134	-0.636519	-0.536647	0.129291	-0.538839	-0.481283	0.099185	-0.596570	-0.600158	0.312909	-0.527886	-0.210488	1.357503	-0.227720	-0.207699	1.369051	-0.536826	
88	0.4350	-0.211147	0.878953	-0.298401	-0.222170	0.884324	-0.513157	-0.394722	0.924633	-0.354729	-0.393197	0.925820	-0.454591	-0.284907	0.678918	-0.253155	-0.231496	0.691198	-0.258505	-0.269605	0.635265	-0.263252	-0.221167	0.644788	-0.271191	-0.204601	0.433479	-0.350235	-0.214364	0.447439	-0.452944	-0.297605	0.325769	-0.343364	-0.253280	0.312721	-0.367755	-0.312188	0.287548	-0.354170	-0.272289	0.277476	-0.378316	-0.421565	0.092033	-0.432898	-0.408201	0.109663	-0.522081	-0.323603	0.029395	-0.430709	-0.319630	0.026309	-0.544356	-0.247289	0.033114	-0.502314	-0.496653	0.079873	-0.480971	-0.245103	0.713985	-0.587260	-0.206609	0.726120	-0.566546	-0.236900	0.675415	-0.592207	-0.196335	0.689668	-0.578664	-0.158876	0.444598	-0.577263	-0.170898	0.434434	-0.464646	-0.283130	0.408358	-0.604182	-0.262284	0.369023	-0.590989	-0.325672	0.388711	-0.604501	-0.307979	0.353184	-0.593360	-0.515773	0.290915	-0.582243	-0.499158	0.257759	-0.501551	-0.507775	0.173349	-0.636595	-0.507281	0.126075	-0.538681	-0.450014	0.097441	-0.595413	-0.576472	0.307541	-0.529433	-0.196928	1.359582	-0.226847	-0.195608	1.370872	-0.535852	
89	0.4400	-0.198629	0.879988	-0.296983	-0.209811	0.886179	-0.511666	-0.382094	0.926471	-0.353142	-0.380687	0.927775	-0.453000	-0.275245	0.679630	-0.252054	-0.221705	0.690989	-0.257471	-0.260867	0.635705	-0.262233	-0.212278	0.644294	-0.270148	-0.200271	0.432424	-0.349202	-0.210115	0.446487	-0.452043	-0.294722	0.325965	-0.342538	-0.250455	0.312445	-0.366772	-0.309630	0.287900	-0.353416	-0.269787	0.277424	-0.377369	-0.420410	0.093164	-0.432444	-0.407027	0.111194	-0.521428	-0.323402	0.029787	-0.430792	-0.319524	0.026954	-0.544389	-0.247633	0.033625	-0.502378	-0.495578	0.081809	-0.480350	-0.230010	0.717344	-0.585514	-0.191861	0.730037	-0.564265	-0.221082	0.678889	-0.590390	-0.180802	0.693836	-0.576341	-0.138784	0.449002	-0.574693	-0.151688	0.438955	-0.462081	-0.261914	0.409700	-0.602587	-0.240362	0.370899	-0.589106	-0.303973	0.389108	-0.603323	-0.285603	0.354017	-0.591852	-0.491849	0.286914	-0.582725	-0.475355	0.254761	-0.501620	-0.479572	0.169542	-0.636484	-0.479158	0.122876	-0.538326	-0.420096	0.095674	-0.594087	-0.553927	0.302168	-0.530840	-0.184074	1.361740	-0.226022	-0.184176	1.372781	-0.534912	
90	0.4450	-0.186808	0.881071	-0.295617	-0.198118	0.888077	-0.510221	-0.370156	0.928327	-0.351628	-0.368845	0.929774	-0.451480	-0.266185	0.680423	-0.250982	-0.212528	0.690892	-0.256469	-0.252702	0.636240	-0.261236	-0.203979	0.643923	-0.269131	-0.196373	0.431550	-0.348155	-0.206302	0.445683	-0.451118	-0.292162	0.326265	-0.341701	-0.247939	0.312316	-0.365755	-0.307347	0.288344	-0.352641	-0.267545	0.277505	-0.376386	-0.419227	0.094284	-0.431983	-0.405819	0.112701	-0.520757	-0.323166	0.030141	-0.430853	-0.319359	0.027565	-0.544393	-0.247914	0.034099	-0.502405	-0.494457	0.083758	-0.479729	-0.215827	0.720680	-0.583814	-0.178018	0.733880	-0.562057	-0.206239	0.682339	-0.588607	-0.166245	0.697920	-0.574075	-0.120023	0.453350	-0.572159	-0.133779	0.443419	-0.459566	-0.242067	0.411036	-0.600987	-0.219809	0.372769	-0.587225	-0.283641	0.389494	-0.602118	-0.264599	0.354846	-0.590325	-0.469301	0.282955	-0.583100	-0.452886	0.251787	-0.501599	-0.452911	0.165779	-0.636218	-0.452481	0.119739	-0.537809	-0.391746	0.093920	-0.592641	-0.532660	0.296865	-0.532101	-0.171993	1.363933	-0.225247	-0.173460	1.374738	-0.534014	
91	0.4500	-0.175751	0.882177	-0.294315	-0.187159	0.889982	-0.508834	-0.358979	0.930167	-0.350202	-0.357741	0.931776	-0.450045	-0.257764	0.681274	-0.249951	-0.204003	0.690896	-0.255511	-0.245137	0.636848	-0.260270	-0.196294	0.643667	-0.268151	-0.192883	0.430847	-0.347113	-0.202902	0.445023	-0.450184	-0.289902	0.326651	-0.340867	-0.245709	0.312317	-0.364723	-0.305321	0.288863	-0.351857	-0.265547	0.277698	-0.375385	-0.418038	0.095381	-0.431521	-0.404598	0.114167	-0.520081	-0.322908	0.030452	-0.430892	-0.319150	0.028130	-0.544373	-0.248140	0.034522	-0.502402	-0.493316	0.085694	-0.479117	-0.202624	0.723940	-0.582180	-0.165147	0.737595	-0.559947	-0.192441	0.685709	-0.586880	-0.152729	0.701864	-0.571895	-0.102670	0.457577	-0.569698	-0.117237	0.447759	-0.457135	-0.223675	0.412339	-0.599410	-0.200723	0.374600	-0.585377	-0.264770	0.389862	-0.600907	-0.245071	0.355657	-0.588807	-0.448255	0.279096	-0.583376	-0.431882	0.248880	-0.501501	-0.427958	0.162119	-0.635826	-0.427431	0.116706	-0.537167	-0.365154	0.092212	-0.591125	-0.512790	0.291704	-0.533214	-0.160744	1.366116	-0.224525	-0.163505	1.376702	-0.533164	
92	0.4550	-0.165514	0.883280	-0.293088	-0.176991	0.891856	-0.507520	-0.348620	0.931958	-0.348873	-0.347438	0.933743	-0.448706	-0.250010	0.682158	-0.248971	-0.196156	0.690984	-0.254606	-0.238190	0.637509	-0.259348	-0.189244	0.643512	-0.267219	-0.189778	0.430304	-0.346090	-0.199889	0.444498	-0.449258	-0.287919	0.327108	-0.340049	-0.243743	0.312428	-0.363697	-0.303533	0.289441	-0.351079	-0.263776	0.277984	-0.374387	-0.416865	0.096441	-0.431065	-0.403389	0.115572	-0.519412	-0.322641	0.030718	-0.430913	-0.318910	0.028639	-0.544332	-0.248316	0.034886	-0.502374	-0.492181	0.087591	-0.478522	-0.190457	0.727075	-0.580628	-0.153300	0.741134	-0.557956	-0.179744	0.688948	-0.585232	-0.140307	0.705618	-0.569825	-0.086779	0.461624	-0.567343	-0.102112	0.451913	-0.454819	-0.206805	0.413591	-0.597880	-0.183180	0.376364	-0.583589	-0.247433	0.390205	-0.599714	-0.227102	0.356437	-0.587325	-0.428812	0.275391	-0.583562	-0.412450	0.246080	-0.501340	-0.404849	0.158617	-0.635340	-0.404160	0.113817	-0.536436	-0.340480	0.090579	-0.589581	-0.494414	0.286752	-0.534179	-0.150373	1.368250	-0.223859	-0.154345	1.378635	-0.532367	
93	0.4600	-0.156139	0.884360	-0.291945	-0.167660	0.893667	-0.506291	-0.339126	0.933673	-0.347651	-0.337981	0.935639	-0.447473	-0.242942	0.683053	-0.248053	-0.189009	0.691142	-0.253762	-0.231874	0.638200	-0.258480	-0.182840	0.643445	-0.266344	-0.187036	0.429905	-0.345103	-0.197238	0.444099	-0.448354	-0.286191	0.327617	-0.339259	-0.242022	0.312630	-0.362694	-0.301967	0.290057	-0.350320	-0.262216	0.278343	-0.373409	-0.415729	0.097451	-0.430622	-0.402212	0.116900	-0.518761	-0.322375	0.030940	-0.430918	-0.318652	0.029089	-0.544275	-0.248450	0.035185	-0.502328	-0.491076	0.089423	-0.477951	-0.179366	0.730043	-0.579176	-0.142512	0.744458	-0.556102	-0.168187	0.692014	-0.583681	-0.129012	0.709138	-0.567887	-0.072386	0.465440	-0.565122	-0.088431	0.455828	-0.452644	-0.191497	0.414773	-0.596420	-0.167232	0.378036	-0.581887	-0.231679	0.390520	-0.598561	-0.210748	0.357174	-0.585902	-0.411049	0.271887	-0.583671	-0.394671	0.243422	-0.501129	-0.383689	0.155317	-0.634788	-0.382787	0.111103	-0.535648	-0.317846	0.089045	-0.588051	-0.477604	0.282068	-0.535001	-0.140913	1.370299	-0.223252	-0.146007	1.380503	-0.531630	
94	0.4650	-0.147656	0.885397	-0.290893	-0.159197	0.895386	-0.505154	-0.330527	0.935286	-0.346542	-0.329405	0.937434	-0.446354	-0.236572	0.683938	-0.247204	-0.182572	0.691353	-0.252986	-0.226194	0.638902	-0.257673	-0.177086	0.643452	-0.265535	-0.184633	0.429633	-0.344167	-0.194925	0.443811	-0.447488	-0.284696	0.328159	-0.338507	-0.240527	0.312901	-0.361732	-0.300604	0.290693	-0.349593	-0.260853	0.278752	-0.372469	-0.414649	0.098400	-0.430199	-0.401088	0.118137	-0.518138	-0.322119	0.031118	-0.430910	-0.318388	0.029476	-0.544207	-0.248548	0.035421	-0.502269	-0.490019	0.091167	-0.477413	-0.169375	0.732809	-0.577837	-0.132803	0.747532	-0.554400	-0.157790	0.694870	-0.582242	-0.118862	0.712392	-0.566098	-0.059501	0.468983	-0.563058	-0.076199	0.459460	-0.450632	-0.177769	0.415870	-0.595050	-0.152904	0.379595	-0.580292	-0.217529	0.390803	-0.597464	-0.196040	0.357859	-0.584558	-0.395011	0.268623	-0.583714	-0.378598	0.240937	-0.500884	-0.364547	0.152257	-0.634198	-0.363398	0.108592	-0.534836	-0.297339	0.087629	-0.586571	-0.462410	0.277703	-0.535689	-0.132385	1.372231	-0.222703	-0.138503	1.382276	-0.530956	
95	0.4700	-0.140078	0.886372	-0.289938	-0.151620	0.896989	-0.504119	-0.322839	0.936778	-0.345550	-0.321728	0.939104	-0.445351	-0.230901	0.684793	-0.246430	-0.176845	0.691601	-0.252282	-0.221146	0.639595	-0.256934	-0.171979	0.643518	-0.264797	-0.182547	0.429469	-0.343292	-0.192925	0.443621	-0.446673	-0.283415	0.328715	-0.337803	-0.239237	0.313220	-0.360824	-0.299429	0.291331	-0.348907	-0.259671	0.279192	-0.371582	-0.413639	0.099278	-0.429802	-0.400033	0.119273	-0.517553	-0.321879	0.031257	-0.430891	-0.318129	0.029803	-0.544132	-0.248618	0.035596	-0.502202	-0.489030	0.092801	-0.476911	-0.160488	0.735345	-0.576619	-0.124176	0.750332	-0.552859	-0.148555	0.697486	-0.580928	-0.109855	0.715351	-0.564472	-0.048111	0.472220	-0.561171	-0.065400	0.462777	-0.448800	-0.165613	0.416871	-0.593784	-0.140194	0.381025	-0.578822	-0.204981	0.391053	-0.596440	-0.182979	0.358485	-0.583311	-0.380717	0.265631	-0.583703	-0.364253	0.238650	-0.500617	-0.347454	0.149467	-0.633596	-0.346039	0.106304	-0.534028	-0.279002	0.086345	-0.585169	-0.448850	0.273697	-0.536251	-0.124791	1.374020	-0.222213	-0.131833	1.383928	-0.530347	
96	0.4750	-0.133401	0.887273	-0.289084	-0.144929	0.898456	-0.503190	-0.316060	0.938134	-0.344675	-0.314950	0.940628	-0.444466	-0.225918	0.685601	-0.245734	-0.171817	0.691871	-0.251653	-0.216718	0.640262	-0.256268	-0.167504	0.643627	-0.264135	-0.180755	0.429395	-0.342489	-0.191214	0.443513	-0.445918	-0.282326	0.329268	-0.337156	-0.238137	0.313569	-0.359985	-0.298426	0.291953	-0.348271	-0.258656	0.279644	-0.370761	-0.412713	0.100078	-0.429434	-0.399062	0.120299	-0.517012	-0.321661	0.031360	-0.430864	-0.317881	0.030071	-0.544054	-0.248664	0.035717	-0.502130	-0.488120	0.094306	-0.476452	-0.152692	0.737630	-0.575529	-0.116614	0.752840	-0.551487	-0.140465	0.699843	-0.579747	-0.101973	0.718000	-0.563017	-0.038180	0.475129	-0.559473	-0.055996	0.465754	-0.447157	-0.154997	0.417769	-0.592636	-0.129076	0.382314	-0.577489	-0.194007	0.391269	-0.595501	-0.171542	0.359048	-0.582175	-0.368153	0.262934	-0.583651	-0.351628	0.236579	-0.500340	-0.332405	0.146964	-0.633002	-0.330716	0.104254	-0.533247	-0.262837	0.085201	-0.583871	-0.436914	0.270079	-0.536701	-0.118123	1.375649	-0.221782	-0.125985	1.385440	-0.529805	
97	0.4800	-0.127608	0.888088	-0.288332	-0.139110	0.899774	-0.502370	-0.310174	0.939343	-0.343916	-0.309058	0.941994	-0.443698	-0.221604	0.686348	-0.245120	-0.167468	0.692149	-0.251100	-0.212890	0.640888	-0.255677	-0.163640	0.643766	-0.263551	-0.179233	0.429389	-0.341765	-0.189767	0.443469	-0.445233	-0.281412	0.329801	-0.336570	-0.237207	0.313929	-0.359222	-0.297578	0.292546	-0.347694	-0.257795	0.280091	-0.370014	-0.411879	0.100795	-0.429101	-0.398185	0.121210	-0.516522	-0.321467	0.031432	-0.430833	-0.317652	0.030286	-0.543978	-0.248692	0.035791	-0.502059	-0.487301	0.095670	-0.476039	-0.145955	0.739653	-0.574570	-0.110085	0.755049	-0.550284	-0.133484	0.701928	-0.578704	-0.095176	0.720329	-0.561737	-0.029650	0.477697	-0.557972	-0.047929	0.468379	-0.445711	-0.145863	0.418560	-0.591613	-0.119495	0.383454	-0.576303	-0.184552	0.391453	-0.594656	-0.161676	0.359544	-0.581157	-0.357275	0.260543	-0.583569	-0.340685	0.234736	-0.500066	-0.319357	0.144759	-0.632436	-0.317398	0.102447	-0.532513	-0.248806	0.084201	-0.582695	-0.426567	0.266869	-0.537050	-0.112355	1.377103	-0.221407	-0.120932	1.386798	-0.529330	
98	0.4850	-0.122664	0.888811	-0.287681	-0.134133	0.900934	-0.501659	-0.305147	0.940402	-0.343269	-0.304020	0.943193	-0.443043	-0.217930	0.687024	-0.244588	-0.163767	0.692422	-0.250623	-0.209633	0.641462	-0.255163	-0.160357	0.643922	-0.263044	-0.177958	0.429435	-0.341125	-0.188559	0.443476	-0.444623	-0.280654	0.330302	-0.336051	-0.236431	0.314283	-0.358544	-0.296872	0.293095	-0.347180	-0.257072	0.280518	-0.369350	-0.411144	0.101426	-0.428804	-0.397408	0.122005	-0.516087	-0.321300	0.031479	-0.430800	-0.317446	0.030454	-0.543904	-0.248707	0.035826	-0.501991	-0.486578	0.096880	-0.475674	-0.140229	0.741411	-0.573741	-0.104540	0.756958	-0.549249	-0.127558	0.703739	-0.577800	-0.089413	0.722341	-0.560632	-0.022443	0.479922	-0.556670	-0.041121	0.470652	-0.444459	-0.138133	0.419243	-0.590718	-0.111375	0.384445	-0.575267	-0.176539	0.391605	-0.593911	-0.153306	0.359973	-0.580264	-0.348013	0.258464	-0.583469	-0.331356	0.233126	-0.499804	-0.308232	0.142852	-0.631910	-0.306016	0.100885	-0.531842	-0.236831	0.083344	-0.581651	-0.417744	0.264071	-0.537314	-0.107446	1.378377	-0.221088	-0.116637	1.387992	-0.528920	
99	0.4900	-0.118522	0.889438	-0.287128	-0.129953	0.901934	-0.501053	-0.300934	0.941308	-0.342728	-0.299793	0.944224	-0.442496	-0.214855	0.687620	-0.244135	-0.160673	0.692682	-0.250219	-0.206911	0.641975	-0.254725	-0.157616	0.644084	-0.262613	-0.176907	0.429515	-0.340571	-0.187567	0.443518	-0.444092	-0.280034	0.330759	-0.335600	-0.235794	0.314619	-0.357953	-0.296291	0.293591	-0.346732	-0.256476	0.280912	-0.368770	-0.410509	0.101970	-0.428545	-0.396736	0.122685	-0.515709	-0.321159	0.031507	-0.430766	-0.317267	0.030581	-0.543837	-0.248714	0.035833	-0.501929	-0.485954	0.097934	-0.475357	-0.135450	0.742908	-0.573039	-0.099916	0.758575	-0.548375	-0.122620	0.705279	-0.577031	-0.084614	0.724044	-0.559696	-0.016464	0.481811	-0.555562	-0.035479	0.472580	-0.443399	-0.131710	0.419820	-0.589952	-0.104617	0.385287	-0.574380	-0.169872	0.391729	-0.593267	-0.146333	0.360337	-0.579497	-0.340270	0.256692	-0.583360	-0.323549	0.231748	-0.499560	-0.298921	0.141237	-0.631438	-0.296469	0.099561	-0.531245	-0.226800	0.082625	-0.580747	-0.410358	0.261681	-0.537507	-0.103344	1.379468	-0.220820	-0.113051	1.389021	-0.528574	
100	0.4950	-0.115124	0.889970	-0.286668	-0.126516	0.902777	-0.500549	-0.297473	0.942068	-0.342285	-0.296317	0.945090	-0.442047	-0.212335	0.688134	-0.243757	-0.158139	0.692918	-0.249884	-0.204681	0.642421	-0.254358	-0.155373	0.644240	-0.262255	-0.176055	0.429614	-0.340101	-0.186766	0.443582	-0.443640	-0.279535	0.331165	-0.335217	-0.235279	0.314926	-0.357450	-0.295822	0.294027	-0.346350	-0.255992	0.281265	-0.368277	-0.409973	0.102429	-0.428324	-0.396167	0.123254	-0.515387	-0.321043	0.031519	-0.430735	-0.317114	0.030674	-0.543777	-0.248714	0.035818	-0.501874	-0.485428	0.098830	-0.475089	-0.131544	0.744153	-0.572457	-0.096139	0.759916	-0.547654	-0.118588	0.706561	-0.576391	-0.080698	0.725453	-0.558921	-0.011604	0.483380	-0.554640	-0.030898	0.474179	-0.442519	-0.126480	0.420298	-0.589310	-0.099107	0.385988	-0.573638	-0.164436	0.391826	-0.592725	-0.140643	0.360638	-0.578852	-0.333928	0.255214	-0.583251	-0.317148	0.230594	-0.499342	-0.291286	0.139899	-0.631025	-0.288626	0.098462	-0.530728	-0.218569	0.082036	-0.579982	-0.404300	0.259685	-0.537641	-0.099986	1.380383	-0.220600	-0.110119	1.389887	-0.528287	
