PathFileType	4	(X/Y/Z)	 P6 -65w 08.trc
DataRate	CameraRate	NumFrames	NumMarkers	Units	OrigDataRate	OrigDataStartFrame	OrigNumFrames
200	200	227	38	m	200	2	228
Frame#	Time	RASIS			LASIS			RPSIS			LPSIS			RThighRear1			RThighFront1			RThighRear2			RThighFront2			RKneeLat			RKneeMed			RShankRear1			RShankFront1			RShankRear2			RShankFront2			RAnkleLat			RAnkleMed			RM5			RM1			RMid			RHeel			LThighRear1			LThighFront1			LThighRear2			LThighFront2			LKneeLat			LKneeMed			LShankRear1			LShankFront1			LShankRear2			LShankFront2			LAnkleLat			LAnkleMed			LM5			LM1			LMid			LHeel			RShoulder			LShoulder			
		X1	Y1	Z1	X2	Y2	Z2	X3	Y3	Z3	X4	Y4	Z4	X5	Y5	Z5	X6	Y6	Z6	X7	Y7	Z7	X8	Y8	Z8	X9	Y9	Z9	X10	Y10	Z10	X11	Y11	Z11	X12	Y12	Z12	X13	Y13	Z13	X14	Y14	Z14	X15	Y15	Z15	X16	Y16	Z16	X17	Y17	Z17	X18	Y18	Z18	X19	Y19	Z19	X20	Y20	Z20	X21	Y21	Z21	X22	Y22	Z22	X23	Y23	Z23	X24	Y24	Z24	X25	Y25	Z25	X26	Y26	Z26	X27	Y27	Z27	X28	Y28	Z28	X29	Y29	Z29	X30	Y30	Z30	X31	Y31	Z31	X32	Y32	Z32	X33	Y33	Z33	X34	Y34	Z34	X35	Y35	Z35	X36	Y36	Z36	X37	Y37	Z37	X38	Y38	Z38	
1	0.0000	-1.565774	0.920532	-0.275190	-1.535962	0.914583	-0.534283	-1.704672	0.925904	-0.375572	-1.697875	0.919648	-0.475522	-1.646247	0.758625	-0.238858	-1.595463	0.748245	-0.241989	-1.667804	0.717472	-0.238768	-1.619196	0.706579	-0.237136	-1.746396	0.477003	-0.275101	-1.728401	0.468403	-0.359680	-1.863893	0.391723	-0.256134	-1.818811	0.362018	-0.265405	-1.890914	0.348942	-0.256568	-1.846173	0.324444	-0.265547	-1.997962	0.150476	-0.290537	-1.970216	0.154049	-0.379395	-1.929155	0.043087	-0.276263	-1.908268	0.043139	-0.377032	-1.847337	0.052810	-0.330268	-2.068763	0.151746	-0.348395	-1.550560	0.735158	-0.587933	-1.499588	0.757338	-0.576968	-1.529576	0.702968	-0.587574	-1.485429	0.726281	-0.574326	-1.410890	0.478278	-0.525881	-1.417384	0.490016	-0.426150	-1.408272	0.334304	-0.543434	-1.363002	0.358188	-0.531291	-1.386473	0.299856	-0.537968	-1.349080	0.319591	-0.526443	-1.306874	0.099298	-0.490793	-1.297903	0.124268	-0.404872	-1.159261	0.090836	-0.515391	-1.160109	0.086723	-0.401314	-1.120532	0.128356	-0.457662	-1.360369	0.055202	-0.436269	-1.602184	1.327507	-0.235721	-1.612674	1.340322	-0.599525	
2	0.0050	-1.558080	0.920048	-0.275655	-1.528213	0.914197	-0.534751	-1.697026	0.925277	-0.376070	-1.690218	0.919249	-0.476052	-1.638562	0.757937	-0.239438	-1.587825	0.747710	-0.242447	-1.660047	0.716783	-0.239151	-1.611472	0.706053	-0.237387	-1.737986	0.475786	-0.273993	-1.719490	0.466696	-0.358685	-1.856533	0.391941	-0.255366	-1.811929	0.361687	-0.264548	-1.884220	0.349461	-0.255888	-1.839817	0.324570	-0.264696	-1.993999	0.152931	-0.289806	-1.966182	0.156126	-0.378557	-1.928876	0.043535	-0.276127	-1.907786	0.043583	-0.377086	-1.847330	0.052727	-0.330214	-2.064195	0.156346	-0.347721	-1.542863	0.734723	-0.588126	-1.491690	0.756900	-0.577307	-1.521631	0.702614	-0.587962	-1.477562	0.725852	-0.574572	-1.403328	0.477860	-0.526163	-1.410020	0.489750	-0.426398	-1.402105	0.333882	-0.543516	-1.356618	0.357281	-0.531245	-1.380688	0.299248	-0.537914	-1.343178	0.318566	-0.526325	-1.304151	0.098246	-0.490639	-1.294710	0.122835	-0.404678	-1.157141	0.086273	-0.515024	-1.158139	0.082164	-0.401042	-1.117448	0.122632	-0.457263	-1.358662	0.055901	-0.436293	-1.595966	1.327238	-0.236743	-1.605981	1.339622	-0.600692	
3	0.0100	-1.550285	0.919569	-0.276136	-1.520394	0.913830	-0.535237	-1.689293	0.924656	-0.376560	-1.682485	0.918864	-0.476575	-1.630747	0.757232	-0.240028	-1.580057	0.747169	-0.242927	-1.652148	0.716071	-0.239542	-1.603605	0.705516	-0.237655	-1.729384	0.474529	-0.272874	-1.710383	0.464944	-0.357682	-1.848989	0.392149	-0.254578	-1.804878	0.361333	-0.263681	-1.877354	0.349978	-0.255195	-1.833297	0.324688	-0.263839	-1.989906	0.155456	-0.289072	-1.962017	0.158259	-0.377707	-1.928574	0.044054	-0.275987	-1.907277	0.044094	-0.377135	-1.847343	0.052597	-0.330151	-2.059443	0.161071	-0.347032	-1.535086	0.734317	-0.588339	-1.483717	0.756494	-0.577663	-1.513610	0.702290	-0.588364	-1.469617	0.725454	-0.574837	-1.395671	0.477466	-0.526459	-1.402554	0.489514	-0.426663	-1.395871	0.333490	-0.543617	-1.350166	0.356390	-0.531209	-1.374846	0.298666	-0.537874	-1.337218	0.317557	-0.526218	-1.301446	0.097214	-0.490487	-1.291528	0.121427	-0.404487	-1.155042	0.081746	-0.514661	-1.156181	0.077651	-0.400775	-1.114390	0.116929	-0.456868	-1.356971	0.056607	-0.436317	-1.589662	1.326989	-0.237775	-1.599197	1.338932	-0.601872	
4	0.0150	-1.542396	0.919101	-0.276634	-1.512521	0.913494	-0.535747	-1.681485	0.924047	-0.377038	-1.674689	0.918502	-0.477086	-1.622798	0.756512	-0.240626	-1.572156	0.746627	-0.243431	-1.644099	0.715333	-0.239942	-1.595587	0.704968	-0.237945	-1.720563	0.473228	-0.271748	-1.701055	0.463146	-0.356680	-1.841228	0.392344	-0.253770	-1.797625	0.360952	-0.262810	-1.870285	0.350495	-0.254490	-1.826582	0.324797	-0.262979	-1.985647	0.158066	-0.288337	-1.957686	0.160459	-0.376847	-1.928220	0.044672	-0.275838	-1.906711	0.044695	-0.377174	-1.847358	0.052416	-0.330072	-2.054461	0.165937	-0.346328	-1.527243	0.733951	-0.588576	-1.475683	0.756132	-0.578040	-1.505531	0.702006	-0.588783	-1.461608	0.725100	-0.575124	-1.387934	0.477101	-0.526770	-1.394997	0.489316	-0.426947	-1.389586	0.333135	-0.543738	-1.343663	0.355522	-0.531187	-1.368964	0.298120	-0.537852	-1.331220	0.316571	-0.526125	-1.298779	0.096212	-0.490339	-1.288379	0.120060	-0.404301	-1.152979	0.077292	-0.514304	-1.154249	0.073221	-0.400516	-1.111381	0.111288	-0.456477	-1.355312	0.057315	-0.436344	-1.583269	1.326770	-0.238816	-1.592324	1.338260	-0.603065	
5	0.0200	-1.534420	0.918652	-0.277151	-1.504605	0.913197	-0.536281	-1.673610	0.923459	-0.377500	-1.666841	0.918171	-0.477582	-1.614707	0.755777	-0.241234	-1.564114	0.746086	-0.243965	-1.635887	0.714568	-0.240350	-1.587406	0.704413	-0.238259	-1.711489	0.471881	-0.270624	-1.691479	0.461301	-0.355686	-1.833214	0.392526	-0.252944	-1.790135	0.360544	-0.261939	-1.862973	0.351012	-0.253777	-1.819637	0.324897	-0.262122	-1.981181	0.160775	-0.287604	-1.953153	0.162739	-0.375978	-1.927779	0.045415	-0.275677	-1.906056	0.045411	-0.377198	-1.847353	0.052181	-0.329972	-2.049198	0.170957	-0.345610	-1.519346	0.733636	-0.588844	-1.467604	0.755824	-0.578440	-1.497408	0.701772	-0.589221	-1.453549	0.724800	-0.575439	-1.380133	0.476774	-0.527100	-1.387362	0.489163	-0.427253	-1.383266	0.332827	-0.543885	-1.337126	0.354686	-0.531183	-1.363059	0.297617	-0.537851	-1.325199	0.315618	-0.526050	-1.296170	0.095251	-0.490196	-1.285282	0.118746	-0.404121	-1.150970	0.072948	-0.513956	-1.152357	0.068913	-0.400270	-1.108445	0.105747	-0.456095	-1.353696	0.058025	-0.436371	-1.576787	1.326589	-0.239863	-1.585363	1.337617	-0.604268	
6	0.0250	-1.526362	0.918227	-0.277688	-1.496658	0.912951	-0.536842	-1.665676	0.922897	-0.377944	-1.658951	0.917880	-0.478062	-1.606467	0.755029	-0.241853	-1.555925	0.745554	-0.244531	-1.627501	0.713775	-0.240769	-1.579050	0.703853	-0.238603	-1.702129	0.470486	-0.269507	-1.681626	0.459409	-0.354713	-1.824907	0.392693	-0.252101	-1.782373	0.360107	-0.261072	-1.855382	0.351532	-0.253057	-1.812424	0.324989	-0.261274	-1.976468	0.163600	-0.286874	-1.948376	0.165112	-0.375103	-1.927214	0.046312	-0.275501	-1.905277	0.046265	-0.377202	-1.847301	0.051892	-0.329843	-2.043605	0.176145	-0.344877	-1.511404	0.733384	-0.589145	-1.459490	0.755581	-0.578867	-1.489256	0.701598	-0.589680	-1.445451	0.724562	-0.575784	-1.372281	0.476488	-0.527451	-1.379660	0.489062	-0.427583	-1.376929	0.332574	-0.544060	-1.330572	0.353886	-0.531201	-1.357148	0.297167	-0.537875	-1.319174	0.314704	-0.525999	-1.293638	0.094340	-0.490060	-1.282257	0.117500	-0.403949	-1.149030	0.068746	-0.513621	-1.150518	0.064761	-0.400039	-1.105603	0.100344	-0.455724	-1.352138	0.058732	-0.436400	-1.570211	1.326457	-0.240915	-1.578311	1.337011	-0.605479	
7	0.0300	-1.518227	0.917834	-0.278247	-1.488687	0.912765	-0.537432	-1.657689	0.922369	-0.378369	-1.651026	0.917637	-0.478522	-1.598072	0.754271	-0.242482	-1.547580	0.745034	-0.245132	-1.618929	0.712954	-0.241198	-1.570506	0.703292	-0.238981	-1.692451	0.469040	-0.268406	-1.671466	0.457473	-0.353770	-1.816271	0.392845	-0.251245	-1.774302	0.359642	-0.260218	-1.847472	0.352059	-0.252333	-1.804906	0.325075	-0.260439	-1.971467	0.166556	-0.286151	-1.943317	0.167589	-0.374222	-1.926482	0.047390	-0.275305	-1.904335	0.047281	-0.377178	-1.847171	0.051550	-0.329677	-2.037634	0.181513	-0.344131	-1.503428	0.733203	-0.589484	-1.451351	0.755410	-0.579323	-1.481085	0.701492	-0.590163	-1.437325	0.724395	-0.576163	-1.364396	0.476248	-0.527826	-1.371904	0.489015	-0.427941	-1.370592	0.332380	-0.544266	-1.324020	0.353129	-0.531243	-1.351250	0.296774	-0.537927	-1.313163	0.313835	-0.525973	-1.291200	0.093488	-0.489932	-1.279324	0.116333	-0.403787	-1.147174	0.064718	-0.513300	-1.148743	0.060798	-0.399826	-1.102876	0.095112	-0.455366	-1.350649	0.059433	-0.436431	-1.563535	1.326380	-0.241970	-1.571168	1.336451	-0.606696	
8	0.0350	-1.510020	0.917479	-0.278829	-1.480701	0.912649	-0.538053	-1.649658	0.921882	-0.378773	-1.643072	0.917449	-0.478961	-1.589515	0.753505	-0.243122	-1.539076	0.744534	-0.245771	-1.610160	0.712107	-0.241640	-1.561764	0.702734	-0.239394	-1.682423	0.467545	-0.267328	-1.660974	0.455495	-0.352869	-1.807269	0.392985	-0.250378	-1.765886	0.359150	-0.259380	-1.839206	0.352595	-0.251609	-1.797048	0.325158	-0.259625	-1.966136	0.169658	-0.285436	-1.937936	0.170183	-0.373339	-1.925538	0.048676	-0.275083	-1.903186	0.048479	-0.377122	-1.846927	0.051162	-0.329467	-2.031239	0.187068	-0.343372	-1.495426	0.733101	-0.589864	-1.443198	0.755319	-0.579810	-1.472909	0.701461	-0.590670	-1.429182	0.724306	-0.576578	-1.356494	0.476055	-0.528226	-1.364109	0.489026	-0.428327	-1.364272	0.332251	-0.544503	-1.317487	0.352417	-0.531313	-1.345381	0.296445	-0.538008	-1.307184	0.313015	-0.525976	-1.288872	0.092703	-0.489812	-1.276498	0.115253	-0.403635	-1.145413	0.060892	-0.512997	-1.147044	0.057051	-0.399634	-1.100281	0.090085	-0.455024	-1.349238	0.060125	-0.436462	-1.556755	1.326368	-0.243027	-1.563933	1.335948	-0.607917	
9	0.0400	-1.501750	0.917168	-0.279434	-1.472708	0.912610	-0.538705	-1.641588	0.921442	-0.379156	-1.635098	0.917324	-0.479379	-1.580794	0.752737	-0.243773	-1.530407	0.744059	-0.246450	-1.601186	0.711234	-0.242096	-1.552815	0.702183	-0.239847	-1.672019	0.466004	-0.266284	-1.650127	0.453482	-0.352024	-1.797868	0.393113	-0.249505	-1.757095	0.358634	-0.258568	-1.830551	0.353147	-0.250888	-1.788816	0.325240	-0.258838	-1.960437	0.172917	-0.284731	-1.932196	0.172904	-0.372457	-1.924337	0.050192	-0.274832	-1.901787	0.049879	-0.377027	-1.846528	0.050734	-0.329205	-2.024379	0.192814	-0.342603	-1.487408	0.733086	-0.590287	-1.435041	0.755313	-0.580329	-1.464738	0.701509	-0.591203	-1.421032	0.724297	-0.577032	-1.348594	0.475911	-0.528654	-1.356291	0.489095	-0.428742	-1.357989	0.332188	-0.544773	-1.310994	0.351754	-0.531413	-1.339563	0.296180	-0.538119	-1.301257	0.312247	-0.526011	-1.286668	0.091989	-0.489702	-1.273794	0.114270	-0.403495	-1.143758	0.057291	-0.512713	-1.145430	0.053546	-0.399466	-1.097833	0.085291	-0.454699	-1.347915	0.060805	-0.436494	-1.549866	1.326427	-0.244085	-1.556605	1.335509	-0.609140	
10	0.0450	-1.493424	0.916909	-0.280062	-1.464713	0.912657	-0.539387	-1.633490	0.921055	-0.379519	-1.627110	0.917267	-0.479776	-1.571907	0.751970	-0.244436	-1.521573	0.743617	-0.247167	-1.592004	0.710341	-0.242565	-1.543657	0.701646	-0.240340	-1.661215	0.464420	-0.265282	-1.638909	0.451442	-0.351246	-1.788041	0.393232	-0.248633	-1.747901	0.358098	-0.257788	-1.821477	0.353718	-0.250176	-1.780182	0.325326	-0.258085	-1.954335	0.176342	-0.284039	-1.926066	0.175759	-0.371578	-1.922827	0.051957	-0.274548	-1.900093	0.051494	-0.376887	-1.845929	0.050279	-0.328884	-2.017019	0.198749	-0.341826	-1.479383	0.733161	-0.590753	-1.426890	0.755395	-0.580880	-1.456586	0.701641	-0.591760	-1.412887	0.724373	-0.577524	-1.340718	0.475815	-0.529109	-1.348470	0.489221	-0.429187	-1.351764	0.332192	-0.545075	-1.304562	0.351139	-0.531545	-1.333814	0.295982	-0.538262	-1.295401	0.311533	-0.526079	-1.284599	0.091350	-0.489602	-1.271227	0.113389	-0.403368	-1.142219	0.053938	-0.512450	-1.143908	0.050302	-0.399324	-1.095547	0.080756	-0.454393	-1.346686	0.061468	-0.436526	-1.542866	1.326564	-0.245142	-1.549185	1.335143	-0.610362	
11	0.0500	-1.485053	0.916706	-0.280713	-1.456725	0.912794	-0.540099	-1.625371	0.920728	-0.379863	-1.619116	0.917285	-0.480153	-1.562858	0.751210	-0.245111	-1.512578	0.743216	-0.247924	-1.582613	0.709432	-0.243048	-1.534287	0.701130	-0.240876	-1.649997	0.462802	-0.264331	-1.627307	0.449386	-0.350549	-1.777767	0.393346	-0.247767	-1.738282	0.357549	-0.257047	-1.811961	0.354315	-0.249476	-1.771124	0.325421	-0.257372	-1.947800	0.179942	-0.283360	-1.919515	0.178755	-0.370705	-1.920960	0.053988	-0.274224	-1.898058	0.053338	-0.376696	-1.845083	0.049809	-0.328497	-2.009134	0.204867	-0.341044	-1.471362	0.733331	-0.591263	-1.418755	0.755566	-0.581464	-1.448465	0.701857	-0.592343	-1.404757	0.724533	-0.578056	-1.332889	0.475764	-0.529593	-1.340669	0.489401	-0.429661	-1.345619	0.332261	-0.545408	-1.298213	0.350574	-0.531710	-1.328157	0.295851	-0.538435	-1.289638	0.310874	-0.526183	-1.282676	0.090791	-0.489513	-1.268807	0.112613	-0.403253	-1.140802	0.050848	-0.512210	-1.142486	0.047336	-0.399210	-1.093431	0.076503	-0.454109	-1.345558	0.062111	-0.436558	-1.535753	1.326783	-0.246196	-1.541675	1.334857	-0.611582	
12	0.0550	-1.476651	0.916565	-0.281385	-1.448751	0.913028	-0.540837	-1.617242	0.920466	-0.380189	-1.611124	0.917380	-0.480510	-1.553654	0.750466	-0.245796	-1.503428	0.742864	-0.248719	-1.573016	0.708512	-0.243546	-1.524710	0.700641	-0.241454	-1.638354	0.461158	-0.263443	-1.615319	0.447326	-0.349946	-1.767029	0.393461	-0.246915	-1.728223	0.356993	-0.256353	-1.801985	0.354944	-0.248795	-1.761622	0.325531	-0.256707	-1.940804	0.183717	-0.282696	-1.912519	0.181895	-0.369844	-1.918684	0.056296	-0.273857	-1.895635	0.055416	-0.376448	-1.843938	0.049344	-0.328038	-2.000703	0.211154	-0.340261	-1.463358	0.733596	-0.591816	-1.410647	0.755826	-0.582078	-1.440389	0.702159	-0.592950	-1.396656	0.724776	-0.578625	-1.325132	0.475755	-0.530105	-1.332911	0.489630	-0.430162	-1.339576	0.332394	-0.545770	-1.291970	0.350056	-0.531909	-1.322611	0.295783	-0.538637	-1.283988	0.310269	-0.526322	-1.280905	0.090310	-0.489435	-1.266543	0.111945	-0.403152	-1.139511	0.048035	-0.511994	-1.141167	0.044659	-0.399125	-1.091494	0.072548	-0.453845	-1.344534	0.062729	-0.436589	-1.528527	1.327088	-0.247245	-1.534080	1.334658	-0.612794	
13	0.0600	-1.468231	0.916493	-0.282077	-1.440797	0.913361	-0.541600	-1.609116	0.920274	-0.380501	-1.603143	0.917559	-0.480851	-1.544305	0.749744	-0.246491	-1.494133	0.742569	-0.249549	-1.563223	0.707591	-0.244060	-1.514934	0.700189	-0.242074	-1.626285	0.459499	-0.262626	-1.602945	0.445277	-0.349450	-1.755821	0.393582	-0.246087	-1.717713	0.356441	-0.255715	-1.791538	0.355613	-0.248139	-1.751666	0.325663	-0.256097	-1.933327	0.187668	-0.282050	-1.905059	0.185178	-0.368997	-1.915951	0.058885	-0.273443	-1.892779	0.057731	-0.376139	-1.842440	0.048901	-0.327501	-1.991717	0.217592	-0.339480	-1.455382	0.733958	-0.592409	-1.402578	0.756173	-0.582720	-1.432370	0.702544	-0.593578	-1.388596	0.725099	-0.579230	-1.317475	0.475783	-0.530643	-1.325223	0.489902	-0.430689	-1.333658	0.332585	-0.546158	-1.285856	0.349584	-0.532142	-1.317199	0.295776	-0.538867	-1.278474	0.309715	-0.526497	-1.279291	0.089908	-0.489367	-1.264442	0.111384	-0.403063	-1.138349	0.045505	-0.511802	-1.139956	0.042275	-0.399070	-1.089739	0.068907	-0.453605	-1.343616	0.063320	-0.436619	-1.521194	1.327481	-0.248288	-1.526406	1.334551	-0.613997	
14	0.0650	-1.459810	0.916493	-0.282785	-1.432873	0.913795	-0.542384	-1.601004	0.920156	-0.380802	-1.595182	0.917822	-0.481178	-1.534826	0.749052	-0.247197	-1.484707	0.742340	-0.250412	-1.553247	0.706677	-0.244588	-1.504973	0.699782	-0.242734	-1.613795	0.457840	-0.261890	-1.590196	0.443257	-0.349072	-1.744142	0.393717	-0.245290	-1.706749	0.355901	-0.255139	-1.780616	0.356327	-0.247514	-1.741252	0.325823	-0.255547	-1.925354	0.191788	-0.281423	-1.897122	0.188600	-0.368169	-1.912711	0.061757	-0.272979	-1.889445	0.060280	-0.375764	-1.840532	0.048503	-0.326883	-1.982175	0.224157	-0.338707	-1.447447	0.734413	-0.593040	-1.394560	0.756601	-0.583388	-1.424423	0.703010	-0.594227	-1.380592	0.725497	-0.579868	-1.309945	0.475842	-0.531207	-1.317635	0.490210	-0.431239	-1.327890	0.332829	-0.546569	-1.279896	0.349153	-0.532408	-1.311942	0.295824	-0.539122	-1.273116	0.309211	-0.526708	-1.277837	0.089584	-0.489311	-1.262508	0.110928	-0.402988	-1.137315	0.043261	-0.511635	-1.138853	0.040186	-0.399046	-1.088168	0.065586	-0.453387	-1.342804	0.063880	-0.436647	-1.513757	1.327966	-0.249323	-1.518661	1.334542	-0.615187	
15	0.0700	-1.451405	0.916570	-0.283507	-1.424985	0.914332	-0.543184	-1.592920	0.920117	-0.381095	-1.587251	0.918172	-0.481495	-1.525232	0.748400	-0.247910	-1.475167	0.742186	-0.251304	-1.543103	0.705781	-0.245132	-1.494843	0.699430	-0.243433	-1.600894	0.456196	-0.261246	-1.577087	0.441286	-0.348824	-1.731999	0.393873	-0.244536	-1.695337	0.355386	-0.254633	-1.769222	0.357093	-0.246927	-1.730379	0.326020	-0.255065	-1.916877	0.196069	-0.280817	-1.888701	0.192155	-0.367363	-1.908918	0.064905	-0.272461	-1.885592	0.063057	-0.375320	-1.838159	0.048174	-0.326180	-1.972085	0.230818	-0.337946	-1.439567	0.734959	-0.593705	-1.386605	0.757106	-0.584077	-1.416562	0.703552	-0.594893	-1.372657	0.725964	-0.580535	-1.302570	0.475925	-0.531794	-1.310174	0.490544	-0.431809	-1.322293	0.333118	-0.546998	-1.274112	0.348761	-0.532707	-1.306860	0.295922	-0.539400	-1.267935	0.308752	-0.526953	-1.276542	0.089333	-0.489266	-1.260743	0.110574	-0.402926	-1.136409	0.041302	-0.511493	-1.137859	0.038388	-0.399052	-1.086778	0.062591	-0.453192	-1.342096	0.064407	-0.436673	-1.506224	1.328541	-0.250346	-1.510855	1.334633	-0.616361	
16	0.0750	-1.443034	0.916729	-0.284241	-1.417142	0.914970	-0.543995	-1.584878	0.920159	-0.381384	-1.579359	0.918611	-0.481804	-1.515545	0.747798	-0.248632	-1.465533	0.742116	-0.252220	-1.532811	0.704913	-0.245691	-1.484565	0.699144	-0.244168	-1.587603	0.454585	-0.260700	-1.563639	0.439384	-0.348715	-1.719405	0.394060	-0.243833	-1.683484	0.354908	-0.254204	-1.757366	0.357919	-0.246384	-1.719057	0.326261	-0.254656	-1.907893	0.200495	-0.280233	-1.879793	0.195833	-0.366585	-1.904529	0.068318	-0.271887	-1.881179	0.066047	-0.374804	-1.835264	0.047936	-0.325391	-1.961462	0.237541	-0.337203	-1.431755	0.735592	-0.594399	-1.378726	0.757681	-0.584784	-1.408800	0.704165	-0.595573	-1.364807	0.726493	-0.581226	-1.295379	0.476026	-0.532401	-1.302872	0.490897	-0.432394	-1.316889	0.333445	-0.547441	-1.268526	0.348402	-0.533037	-1.301973	0.296062	-0.539697	-1.262949	0.308335	-0.527231	-1.275404	0.089151	-0.489232	-1.259146	0.110316	-0.402877	-1.135627	0.039622	-0.511376	-1.136972	0.036873	-0.399088	-1.085567	0.059920	-0.453021	-1.341490	0.064897	-0.436696	-1.498607	1.329206	-0.251357	-1.502999	1.334828	-0.617514	
17	0.0800	-1.434715	0.916971	-0.284981	-1.409351	0.915708	-0.544813	-1.576890	0.920285	-0.381675	-1.571516	0.919138	-0.482111	-1.505786	0.747255	-0.249360	-1.455827	0.742138	-0.253156	-1.522396	0.704086	-0.246265	-1.474161	0.698934	-0.244935	-1.573943	0.453026	-0.260262	-1.549877	0.437572	-0.348753	-1.706380	0.394286	-0.243191	-1.671207	0.354480	-0.253857	-1.745064	0.358810	-0.245893	-1.707298	0.326554	-0.254324	-1.898402	0.205050	-0.279672	-1.870401	0.199620	-0.365839	-1.899503	0.071978	-0.271255	-1.876170	0.069234	-0.374215	-1.831792	0.047815	-0.324516	-1.950329	0.244289	-0.336483	-1.424024	0.736307	-0.595118	-1.370934	0.758318	-0.585503	-1.401150	0.704843	-0.596265	-1.357054	0.727074	-0.581936	-1.288400	0.476138	-0.533026	-1.295757	0.491258	-0.432992	-1.311699	0.333802	-0.547894	-1.263159	0.348073	-0.533395	-1.297298	0.296238	-0.540011	-1.258177	0.307955	-0.527539	-1.274417	0.089035	-0.489207	-1.257714	0.110146	-0.402840	-1.134962	0.038210	-0.511282	-1.136190	0.035627	-0.399151	-1.084526	0.057569	-0.452871	-1.340981	0.065349	-0.436716	-1.490917	1.329960	-0.252354	-1.495104	1.335127	-0.618645	
18	0.0850	-1.426467	0.917300	-0.285726	-1.401619	0.916541	-0.545632	-1.568969	0.920498	-0.381970	-1.563730	0.919754	-0.482419	-1.495978	0.746781	-0.250093	-1.446071	0.742262	-0.254107	-1.511881	0.703312	-0.246854	-1.463657	0.698810	-0.245732	-1.559945	0.451538	-0.259936	-1.535834	0.435874	-0.348944	-1.692949	0.394561	-0.242620	-1.658526	0.354115	-0.253597	-1.732336	0.359772	-0.245457	-1.695120	0.326908	-0.254074	-1.888413	0.209710	-0.279137	-1.860533	0.203500	-0.365127	-1.893806	0.075864	-0.270565	-1.870533	0.072596	-0.373553	-1.827688	0.047834	-0.323556	-1.938718	0.251018	-0.335790	-1.416386	0.737096	-0.595855	-1.363240	0.759007	-0.586229	-1.393625	0.705578	-0.596964	-1.349412	0.727698	-0.582661	-1.281656	0.476253	-0.533664	-1.288857	0.491618	-0.433599	-1.306741	0.334179	-0.548352	-1.258029	0.347768	-0.533780	-1.292850	0.296441	-0.540338	-1.253632	0.307607	-0.527875	-1.273576	0.088977	-0.489193	-1.256441	0.110059	-0.402815	-1.134408	0.037054	-0.511211	-1.135509	0.034635	-0.399241	-1.083647	0.055529	-0.452744	-1.340564	0.065762	-0.436732	-1.483167	1.330800	-0.253333	-1.487182	1.335532	-0.619749	
19	0.0900	-1.418306	0.917718	-0.286472	-1.393952	0.917466	-0.546447	-1.561127	0.920799	-0.382274	-1.556011	0.920457	-0.482732	-1.486146	0.746385	-0.250830	-1.436290	0.742494	-0.255067	-1.501293	0.702605	-0.247456	-1.453079	0.698785	-0.246554	-1.545640	0.450142	-0.259729	-1.521541	0.434312	-0.349292	-1.679143	0.394895	-0.242130	-1.645465	0.353827	-0.253429	-1.719208	0.360809	-0.245085	-1.682546	0.327330	-0.253909	-1.877938	0.214452	-0.278629	-1.850201	0.207452	-0.364455	-1.887407	0.079946	-0.269816	-1.864239	0.076106	-0.372818	-1.822903	0.048013	-0.322515	-1.926663	0.257687	-0.335131	-1.408854	0.737954	-0.596606	-1.355656	0.759740	-0.586958	-1.386234	0.706364	-0.597667	-1.341893	0.728358	-0.583393	-1.275172	0.476365	-0.534313	-1.282198	0.491969	-0.434210	-1.302029	0.334570	-0.548811	-1.253152	0.347483	-0.534188	-1.288641	0.296665	-0.540674	-1.249329	0.307288	-0.528235	-1.272872	0.088971	-0.489187	-1.255320	0.110044	-0.402802	-1.133958	0.036136	-0.511160	-1.134924	0.033876	-0.399356	-1.082920	0.053785	-0.452637	-1.340231	0.066136	-0.436744	-1.475372	1.331723	-0.254293	-1.479247	1.336040	-0.620823	
20	0.0950	-1.410248	0.918225	-0.287216	-1.386356	0.918477	-0.547252	-1.553376	0.921189	-0.382591	-1.548365	0.921245	-0.483054	-1.476313	0.746076	-0.251568	-1.426507	0.742843	-0.256032	-1.490658	0.701977	-0.248073	-1.442455	0.698867	-0.247398	-1.531066	0.448859	-0.259644	-1.507034	0.432909	-0.349799	-1.664994	0.395297	-0.241728	-1.632053	0.353627	-0.253355	-1.705711	0.361927	-0.244781	-1.669600	0.327827	-0.253830	-1.866993	0.219246	-0.278149	-1.839421	0.211456	-0.363824	-1.880280	0.084193	-0.269010	-1.857266	0.079735	-0.372012	-1.817391	0.048372	-0.321396	-1.914205	0.264250	-0.334510	-1.401438	0.738872	-0.597364	-1.348189	0.760508	-0.587683	-1.378988	0.707193	-0.598371	-1.334508	0.729042	-0.584129	-1.268968	0.476467	-0.534969	-1.275804	0.492303	-0.434822	-1.297577	0.334965	-0.549266	-1.248539	0.347214	-0.534617	-1.284682	0.296903	-0.541017	-1.245275	0.306993	-0.528618	-1.272294	0.089011	-0.489190	-1.254342	0.110095	-0.402800	-1.133601	0.035436	-0.511128	-1.134428	0.033330	-0.399491	-1.082332	0.052322	-0.452550	-1.339976	0.066471	-0.436753	-1.467547	1.332725	-0.255233	-1.471309	1.336650	-0.621867	
21	0.1000	-1.402306	0.918824	-0.287954	-1.378836	0.919567	-0.548043	-1.545722	0.921668	-0.382925	-1.540799	0.922117	-0.483389	-1.466502	0.745865	-0.252308	-1.416746	0.743316	-0.256998	-1.480003	0.701441	-0.248703	-1.431812	0.699066	-0.248258	-1.516259	0.447709	-0.259684	-1.492349	0.431685	-0.350465	-1.650539	0.395777	-0.241422	-1.618319	0.353528	-0.253377	-1.691876	0.363127	-0.244548	-1.656313	0.328407	-0.253839	-1.855596	0.224062	-0.277698	-1.828211	0.215486	-0.363238	-1.872407	0.088569	-0.268148	-1.849595	0.083451	-0.371138	-1.811111	0.048925	-0.320207	-1.901386	0.270662	-0.333930	-1.394147	0.739845	-0.598125	-1.340850	0.761302	-0.588400	-1.371895	0.708059	-0.599072	-1.327267	0.729743	-0.584861	-1.263060	0.476555	-0.535628	-1.269693	0.492611	-0.435431	-1.293394	0.335358	-0.549714	-1.244202	0.346957	-0.535064	-1.280979	0.297147	-0.541364	-1.241478	0.306717	-0.529020	-1.271831	0.089090	-0.489202	-1.253496	0.110200	-0.402808	-1.133328	0.034933	-0.511114	-1.134016	0.032972	-0.399646	-1.081869	0.051119	-0.452481	-1.339789	0.066767	-0.436758	-1.459708	1.333802	-0.256151	-1.463381	1.337359	-0.622876	
22	0.1050	-1.394491	0.919513	-0.288684	-1.371396	0.920729	-0.548817	-1.538175	0.922236	-0.383277	-1.533319	0.923068	-0.483739	-1.456735	0.745757	-0.253047	-1.407027	0.743917	-0.257959	-1.469354	0.701009	-0.249346	-1.421176	0.699393	-0.249133	-1.501259	0.446712	-0.259850	-1.477523	0.430663	-0.351287	-1.635816	0.396342	-0.241219	-1.604297	0.353542	-0.253496	-1.677738	0.364411	-0.244391	-1.642713	0.329075	-0.253935	-1.843771	0.228868	-0.277279	-1.816594	0.219518	-0.362699	-1.863774	0.093035	-0.267233	-1.841214	0.087219	-0.370201	-1.804028	0.049686	-0.318955	-1.888250	0.276879	-0.333396	-1.386989	0.740863	-0.598882	-1.333643	0.762113	-0.589105	-1.364960	0.708953	-0.599768	-1.320178	0.730451	-0.585586	-1.257461	0.476624	-0.536285	-1.263883	0.492889	-0.436034	-1.289484	0.335742	-0.550152	-1.240143	0.346710	-0.535526	-1.277534	0.297393	-0.541712	-1.237941	0.306459	-0.529436	-1.271471	0.089202	-0.489221	-1.252771	0.110353	-0.402827	-1.133128	0.034604	-0.511114	-1.133680	0.032778	-0.399817	-1.081517	0.050155	-0.452429	-1.339664	0.067028	-0.436760	-1.451871	1.334949	-0.257045	-1.455473	1.338163	-0.623850	
23	0.1100	-1.386812	0.920292	-0.289404	-1.364038	0.921956	-0.549569	-1.530739	0.922891	-0.383651	-1.525927	0.924096	-0.484108	-1.447031	0.745761	-0.253782	-1.397371	0.744653	-0.258913	-1.458733	0.700692	-0.250001	-1.410570	0.699855	-0.250016	-1.486104	0.445887	-0.260140	-1.462591	0.429859	-0.352261	-1.620865	0.397001	-0.241122	-1.590019	0.353677	-0.253711	-1.663334	0.365780	-0.244313	-1.628832	0.329835	-0.254117	-1.831541	0.233628	-0.276892	-1.804591	0.223522	-0.362209	-1.854375	0.097548	-0.266269	-1.832114	0.091002	-0.369206	-1.796113	0.050658	-0.317648	-1.874843	0.282858	-0.332910	-1.379968	0.741921	-0.599632	-1.326575	0.762933	-0.589792	-1.358187	0.709869	-0.600455	-1.313245	0.731159	-0.586299	-1.252179	0.476672	-0.536939	-1.258383	0.493132	-0.436629	-1.285849	0.336113	-0.550577	-1.236367	0.346469	-0.535999	-1.274349	0.297635	-0.542059	-1.234663	0.306213	-0.529865	-1.271202	0.089339	-0.489246	-1.252153	0.110543	-0.402855	-1.132991	0.034424	-0.511127	-1.133412	0.032723	-0.400000	-1.081263	0.049405	-0.452392	-1.339591	0.067254	-0.436758	-1.444050	1.336162	-0.257915	-1.447593	1.339056	-0.624787	
24	0.1150	-1.379276	0.921159	-0.290112	-1.356764	0.923240	-0.550297	-1.523417	0.923631	-0.384048	-1.518627	0.925195	-0.484497	-1.437409	0.745883	-0.254514	-1.387796	0.745525	-0.259857	-1.448163	0.700501	-0.250667	-1.400019	0.700460	-0.250906	-1.470833	0.445251	-0.260553	-1.447587	0.429292	-0.353380	-1.605724	0.397758	-0.241137	-1.575517	0.353941	-0.254022	-1.648701	0.367231	-0.244314	-1.614703	0.330691	-0.254382	-1.818932	0.238309	-0.276537	-1.792227	0.227473	-0.361769	-1.844208	0.102067	-0.265261	-1.822295	0.094764	-0.368159	-1.787344	0.051845	-0.316297	-1.861209	0.288559	-0.332475	-1.373090	0.743010	-0.600368	-1.319647	0.763755	-0.590461	-1.351580	0.710802	-0.601130	-1.306474	0.731859	-0.586997	-1.247218	0.476695	-0.537585	-1.253200	0.493336	-0.437214	-1.282489	0.336465	-0.550986	-1.232871	0.346234	-0.536480	-1.271419	0.297869	-0.542405	-1.231642	0.305980	-0.530303	-1.271011	0.089497	-0.489279	-1.251630	0.110764	-0.402894	-1.132907	0.034371	-0.511151	-1.133205	0.032782	-0.400193	-1.081090	0.048846	-0.452370	-1.339562	0.067449	-0.436754	-1.436260	1.337437	-0.258760	-1.439750	1.340035	-0.625687	
25	0.1200	-1.371884	0.922113	-0.290807	-1.349576	0.924572	-0.550999	-1.516210	0.924455	-0.384469	-1.511419	0.926362	-0.484907	-1.427882	0.746126	-0.255239	-1.378315	0.746537	-0.260787	-1.437663	0.700443	-0.251344	-1.389541	0.701214	-0.251800	-1.455483	0.444819	-0.261086	-1.432543	0.428975	-0.354635	-1.590434	0.398620	-0.241266	-1.560826	0.354342	-0.254424	-1.633873	0.368763	-0.244397	-1.600355	0.331646	-0.254728	-1.805969	0.242875	-0.276217	-1.779525	0.231340	-0.361380	-1.833280	0.106548	-0.264214	-1.811758	0.098467	-0.367068	-1.777710	0.053241	-0.314913	-1.847390	0.293943	-0.332092	-1.366357	0.744124	-0.601088	-1.312864	0.764571	-0.591107	-1.345139	0.711746	-0.601792	-1.299867	0.732546	-0.587676	-1.242579	0.476693	-0.538220	-1.248338	0.493500	-0.437785	-1.279397	0.336796	-0.551380	-1.229649	0.346002	-0.536968	-1.268737	0.298092	-0.542746	-1.228871	0.305756	-0.530747	-1.270884	0.089669	-0.489317	-1.251187	0.111007	-0.402942	-1.132866	0.034420	-0.511183	-1.133052	0.032931	-0.400392	-1.080985	0.048451	-0.452360	-1.339568	0.067616	-0.436748	-1.428514	1.338767	-0.259580	-1.431949	1.341092	-0.626550	
26	0.1250	-1.364636	0.923149	-0.291489	-1.342473	0.925944	-0.551674	-1.509117	0.925358	-0.384913	-1.504304	0.927591	-0.485339	-1.418462	0.746495	-0.255955	-1.368941	0.747691	-0.261703	-1.427249	0.700527	-0.252030	-1.379153	0.702120	-0.252694	-1.440089	0.444604	-0.261732	-1.417489	0.428920	-0.356016	-1.575029	0.399587	-0.241508	-1.545975	0.354882	-0.254916	-1.618888	0.370369	-0.244559	-1.585819	0.332699	-0.255149	-1.792679	0.247293	-0.275932	-1.766511	0.235095	-0.361042	-1.821602	0.110947	-0.263135	-1.800514	0.102074	-0.365941	-1.767203	0.054835	-0.313507	-1.833425	0.298977	-0.331761	-1.359770	0.745257	-0.601786	-1.306223	0.765376	-0.591729	-1.338863	0.712695	-0.602438	-1.293423	0.733215	-0.588335	-1.238256	0.476667	-0.538842	-1.243793	0.493623	-0.438344	-1.276566	0.337104	-0.551756	-1.226694	0.345775	-0.537459	-1.266296	0.298304	-0.543084	-1.226340	0.305542	-0.531194	-1.270810	0.089850	-0.489360	-1.250813	0.111266	-0.403000	-1.132858	0.034548	-0.511220	-1.132944	0.033148	-0.400595	-1.080934	0.048196	-0.452362	-1.339602	0.067758	-0.436739	-1.420824	1.340148	-0.260374	-1.424195	1.342221	-0.627376	
27	0.1300	-1.357532	0.924266	-0.292158	-1.335454	0.927347	-0.552323	-1.502136	0.926336	-0.385380	-1.497279	0.928877	-0.485793	-1.409158	0.746992	-0.256661	-1.359684	0.748984	-0.262603	-1.416935	0.700759	-0.252723	-1.368870	0.703182	-0.253586	-1.424684	0.444618	-0.262488	-1.402450	0.429137	-0.357512	-1.559547	0.400663	-0.241864	-1.530995	0.355563	-0.255493	-1.603778	0.372046	-0.244801	-1.571124	0.333850	-0.255642	-1.779088	0.251529	-0.275681	-1.753208	0.238709	-0.360755	-1.809191	0.115222	-0.262031	-1.788575	0.105550	-0.364786	-1.755826	0.056614	-0.312091	-1.819349	0.303630	-0.331483	-1.353327	0.746401	-0.602461	-1.299725	0.766165	-0.592328	-1.332750	0.713645	-0.603068	-1.287141	0.733860	-0.588973	-1.234243	0.476616	-0.539448	-1.239557	0.493705	-0.438888	-1.273983	0.337389	-0.552115	-1.223993	0.345551	-0.537951	-1.264083	0.298501	-0.543416	-1.224039	0.305335	-0.531642	-1.270777	0.090037	-0.489409	-1.250494	0.111535	-0.403067	-1.132874	0.034735	-0.511262	-1.132875	0.033411	-0.400798	-1.080926	0.048057	-0.452374	-1.339657	0.067879	-0.436730	-1.413198	1.341575	-0.261144	-1.416490	1.343415	-0.628165	
28	0.1350	-1.350564	0.925458	-0.292813	-1.328519	0.928772	-0.552945	-1.495261	0.927386	-0.385868	-1.490344	0.930213	-0.486267	-1.399975	0.747617	-0.257355	-1.350549	0.750417	-0.263487	-1.406730	0.701141	-0.253422	-1.358703	0.704401	-0.254476	-1.409296	0.444868	-0.263346	-1.387451	0.429630	-0.359110	-1.544020	0.401845	-0.242331	-1.515915	0.356386	-0.256150	-1.588576	0.373783	-0.245120	-1.556298	0.335097	-0.256199	-1.765221	0.255551	-0.275467	-1.739638	0.242157	-0.360518	-1.796069	0.119333	-0.260909	-1.775958	0.108862	-0.363614	-1.743589	0.058556	-0.310679	-1.805195	0.307875	-0.331257	-1.347027	0.747553	-0.603110	-1.293367	0.766934	-0.592903	-1.326795	0.714593	-0.603678	-1.281018	0.734478	-0.589590	-1.230526	0.476544	-0.540037	-1.235621	0.493750	-0.439418	-1.271635	0.337650	-0.552456	-1.221533	0.345333	-0.538442	-1.262085	0.298686	-0.543744	-1.221952	0.305138	-0.532088	-1.270774	0.090226	-0.489462	-1.250218	0.111810	-0.403144	-1.132907	0.034960	-0.511306	-1.132838	0.033703	-0.400999	-1.080947	0.048009	-0.452394	-1.339726	0.067984	-0.436720	-1.405646	1.343043	-0.261889	-1.408836	1.344666	-0.628920	
29	0.1400	-1.343725	0.926720	-0.293457	-1.321663	0.930213	-0.553543	-1.488487	0.928501	-0.386375	-1.483494	0.931592	-0.486761	-1.390917	0.748370	-0.258034	-1.341538	0.751985	-0.264356	-1.396641	0.701676	-0.254126	-1.348658	0.705777	-0.255361	-1.393953	0.445361	-0.264299	-1.372512	0.430404	-0.360797	-1.528479	0.403131	-0.242905	-1.500758	0.357348	-0.256883	-1.573311	0.375573	-0.245513	-1.541364	0.336436	-0.256816	-1.751102	0.259330	-0.275289	-1.725824	0.245411	-0.360332	-1.782263	0.123241	-0.259777	-1.762687	0.111979	-0.362435	-1.730508	0.060634	-0.309281	-1.790988	0.311690	-0.331081	-1.340866	0.748706	-0.603731	-1.287145	0.767679	-0.593456	-1.320995	0.715534	-0.604268	-1.275050	0.735068	-0.590186	-1.227092	0.476451	-0.540607	-1.231968	0.493760	-0.439933	-1.269507	0.337889	-0.552780	-1.219298	0.345120	-0.538929	-1.260286	0.298857	-0.544067	-1.220065	0.304950	-0.532531	-1.270790	0.090414	-0.489519	-1.249973	0.112085	-0.403231	-1.132949	0.035207	-0.511350	-1.132825	0.034006	-0.401196	-1.080988	0.048033	-0.452423	-1.339803	0.068076	-0.436710	-1.398174	1.344548	-0.262612	-1.401231	1.345968	-0.629642	
30	0.1450	-1.337007	0.928047	-0.294089	-1.314886	0.931660	-0.554118	-1.481807	0.929675	-0.386897	-1.476725	0.933008	-0.487270	-1.381982	0.749250	-0.258697	-1.332654	0.753684	-0.265211	-1.386672	0.702366	-0.254831	-1.338740	0.707307	-0.256241	-1.378678	0.446099	-0.265339	-1.357650	0.431459	-0.362560	-1.512951	0.404515	-0.243582	-1.485550	0.358445	-0.257685	-1.558010	0.377405	-0.245977	-1.526346	0.337860	-0.257485	-1.736753	0.262839	-0.275146	-1.711785	0.248447	-0.360195	-1.767804	0.126912	-0.258646	-1.748785	0.114872	-0.361258	-1.716608	0.062821	-0.307912	-1.776750	0.315056	-0.330953	-1.334839	0.749855	-0.604322	-1.281053	0.768399	-0.593989	-1.315343	0.716466	-0.604838	-1.269230	0.735627	-0.590764	-1.223921	0.476342	-0.541158	-1.228581	0.493739	-0.440434	-1.267580	0.338108	-0.553089	-1.217270	0.344916	-0.539412	-1.258669	0.299018	-0.544387	-1.218361	0.304771	-0.532968	-1.270818	0.090599	-0.489580	-1.249751	0.112359	-0.403327	-1.132994	0.035459	-0.511392	-1.132832	0.034308	-0.401386	-1.081039	0.048108	-0.452458	-1.339884	0.068159	-0.436700	-1.390784	1.346085	-0.263312	-1.393675	1.347311	-0.630332	
31	0.1500	-1.330397	0.929433	-0.294712	-1.308183	0.933105	-0.554674	-1.475211	0.930903	-0.387430	-1.470033	0.934453	-0.487793	-1.373168	0.750254	-0.259341	-1.323893	0.755509	-0.266053	-1.376825	0.703208	-0.255535	-1.328951	0.708989	-0.257117	-1.363492	0.447082	-0.266457	-1.342880	0.432790	-0.364384	-1.497459	0.405991	-0.244356	-1.470310	0.359670	-0.258550	-1.542698	0.379265	-0.246507	-1.511264	0.339363	-0.258200	-1.722196	0.266052	-0.275039	-1.697540	0.251244	-0.360106	-1.752725	0.130314	-0.257523	-1.734281	0.117517	-0.360094	-1.701919	0.065084	-0.306582	-1.762499	0.317961	-0.330871	-1.328942	0.750996	-0.604882	-1.275088	0.769089	-0.594504	-1.309832	0.717386	-0.605387	-1.263552	0.736154	-0.591326	-1.220995	0.476221	-0.541688	-1.225439	0.493690	-0.440922	-1.265835	0.338310	-0.553383	-1.215430	0.344721	-0.539889	-1.257217	0.299170	-0.544702	-1.216821	0.304604	-0.533399	-1.270849	0.090778	-0.489645	-1.249541	0.112629	-0.403433	-1.133038	0.035706	-0.511432	-1.132854	0.034596	-0.401567	-1.081093	0.048217	-0.452500	-1.339963	0.068237	-0.436692	-1.383481	1.347648	-0.263993	-1.386164	1.348690	-0.630993	
32	0.1550	-1.323884	0.930870	-0.295327	-1.301551	0.934543	-0.555214	-1.468692	0.932176	-0.387971	-1.463411	0.935920	-0.488326	-1.364471	0.751376	-0.259965	-1.315251	0.757453	-0.266884	-1.367097	0.704200	-0.256236	-1.319290	0.710816	-0.257987	-1.348411	0.448308	-0.267646	-1.328215	0.434394	-0.366258	-1.482027	0.407551	-0.245219	-1.455056	0.361015	-0.259474	-1.527395	0.381142	-0.247099	-1.496136	0.340936	-0.258955	-1.707448	0.268949	-0.274967	-1.683105	0.253782	-0.360065	-1.737062	0.133421	-0.256417	-1.719203	0.119892	-0.358953	-1.686475	0.067388	-0.305304	-1.748245	0.320392	-0.330831	-1.323168	0.752124	-0.605412	-1.269242	0.769750	-0.595005	-1.304456	0.718292	-0.605914	-1.258008	0.736649	-0.591874	-1.218292	0.476089	-0.542197	-1.222518	0.493620	-0.441397	-1.264254	0.338497	-0.553663	-1.213757	0.344537	-0.540358	-1.255912	0.299315	-0.545015	-1.215427	0.304449	-0.533822	-1.270876	0.090952	-0.489714	-1.249336	0.112893	-0.403548	-1.133075	0.035935	-0.511468	-1.132885	0.034863	-0.401739	-1.081144	0.048345	-0.452547	-1.340039	0.068313	-0.436685	-1.376264	1.349232	-0.264655	-1.378695	1.350095	-0.631628	
33	0.1600	-1.317454	0.932352	-0.295936	-1.294988	0.935966	-0.555740	-1.462240	0.933488	-0.388515	-1.456856	0.937402	-0.488864	-1.355883	0.752613	-0.260567	-1.306721	0.759508	-0.267706	-1.357485	0.705337	-0.256931	-1.309754	0.712781	-0.258853	-1.333450	0.449772	-0.268897	-1.313664	0.436260	-0.368167	-1.466671	0.409183	-0.246164	-1.439804	0.362469	-0.260451	-1.512120	0.383021	-0.247749	-1.480978	0.342569	-0.259744	-1.692528	0.271512	-0.274929	-1.668496	0.256042	-0.360071	-1.720853	0.136209	-0.255339	-1.703584	0.121981	-0.357846	-1.670315	0.069698	-0.304088	-1.733997	0.322345	-0.330830	-1.317511	0.753236	-0.605911	-1.263509	0.770381	-0.595495	-1.299206	0.719181	-0.606419	-1.252590	0.737111	-0.592412	-1.215789	0.475952	-0.542686	-1.219794	0.493533	-0.441860	-1.262816	0.338675	-0.553931	-1.212233	0.344366	-0.540820	-1.254735	0.299456	-0.545325	-1.214162	0.304307	-0.534236	-1.270896	0.091120	-0.489785	-1.249131	0.113151	-0.403673	-1.133105	0.036139	-0.511499	-1.132922	0.035102	-0.401899	-1.081187	0.048479	-0.452599	-1.340107	0.068390	-0.436680	-1.369132	1.350833	-0.265301	-1.371264	1.351520	-0.632239	
34	0.1650	-1.311092	0.933872	-0.296542	-1.288488	0.937368	-0.556259	-1.455844	0.934831	-0.389057	-1.450361	0.938890	-0.489403	-1.347395	0.753957	-0.261147	-1.298297	0.761666	-0.268522	-1.347984	0.706613	-0.257616	-1.300338	0.714876	-0.259715	-1.318621	0.451465	-0.270202	-1.299236	0.438378	-0.370100	-1.451407	0.410875	-0.247181	-1.424569	0.364023	-0.261474	-1.496887	0.384887	-0.248450	-1.465802	0.344251	-0.260560	-1.677450	0.273725	-0.274925	-1.653724	0.258011	-0.360123	-1.704137	0.138659	-0.254298	-1.687456	0.123769	-0.356783	-1.653484	0.071977	-0.302946	-1.719756	0.323816	-0.330865	-1.311963	0.754328	-0.606379	-1.257882	0.770980	-0.595978	-1.294074	0.720052	-0.606902	-1.247290	0.737541	-0.592943	-1.213464	0.475813	-0.543155	-1.217242	0.493434	-0.442313	-1.261502	0.338845	-0.554189	-1.210836	0.344210	-0.541272	-1.253669	0.299596	-0.545633	-1.213006	0.304180	-0.534641	-1.270903	0.091281	-0.489860	-1.248919	0.113402	-0.403808	-1.133123	0.036312	-0.511524	-1.132961	0.035308	-0.402047	-1.081217	0.048609	-0.452656	-1.340165	0.068472	-0.436677	-1.362082	1.352446	-0.265933	-1.363865	1.352956	-0.632829	
35	0.1700	-1.304786	0.935420	-0.297146	-1.282049	0.938742	-0.556772	-1.449496	0.936197	-0.389592	-1.443921	0.940377	-0.489939	-1.338998	0.755403	-0.261702	-1.289970	0.763916	-0.269333	-1.338586	0.708020	-0.258289	-1.291034	0.717091	-0.260575	-1.303933	0.453380	-0.271553	-1.284938	0.440735	-0.372046	-1.436246	0.412615	-0.248261	-1.409360	0.365663	-0.262538	-1.481711	0.386725	-0.249199	-1.450620	0.345971	-0.261399	-1.662227	0.275576	-0.274952	-1.638802	0.259676	-0.360220	-1.686952	0.140758	-0.253302	-1.670849	0.125248	-0.355775	-1.636027	0.074192	-0.301887	-1.705522	0.324804	-0.330932	-1.306517	0.755397	-0.606818	-1.252354	0.771548	-0.596457	-1.289053	0.720903	-0.607363	-1.242098	0.737940	-0.593472	-1.211292	0.475674	-0.543605	-1.214836	0.493327	-0.442755	-1.260293	0.339012	-0.554436	-1.209547	0.344070	-0.541714	-1.252697	0.299737	-0.545939	-1.211943	0.304068	-0.535037	-1.270895	0.091435	-0.489937	-1.248698	0.113646	-0.403951	-1.133129	0.036452	-0.511543	-1.133000	0.035481	-0.402183	-1.081234	0.048728	-0.452717	-1.340213	0.068561	-0.436677	-1.355111	1.354064	-0.266552	-1.356495	1.354397	-0.633399	
36	0.1750	-1.298520	0.936989	-0.297749	-1.275667	0.940084	-0.557283	-1.443187	0.937577	-0.390115	-1.437530	0.941855	-0.490467	-1.330682	0.756943	-0.262234	-1.281729	0.766248	-0.270144	-1.329282	0.709552	-0.258947	-1.281835	0.719417	-0.261434	-1.289393	0.455503	-0.272943	-1.270774	0.443316	-0.373993	-1.421198	0.414388	-0.249394	-1.394188	0.367377	-0.263638	-1.466599	0.388519	-0.249989	-1.435442	0.347714	-0.262255	-1.646870	0.277057	-0.275010	-1.623739	0.261028	-0.360361	-1.669335	0.142496	-0.252361	-1.653798	0.126412	-0.354831	-1.617989	0.076308	-0.300919	-1.691289	0.325313	-0.331027	-1.301166	0.756439	-0.607228	-1.246917	0.772083	-0.596936	-1.284133	0.721732	-0.607803	-1.237005	0.738307	-0.594000	-1.209252	0.475540	-0.544036	-1.212550	0.493217	-0.443189	-1.259170	0.339178	-0.554675	-1.208349	0.343948	-0.542147	-1.251802	0.299882	-0.546245	-1.210955	0.303972	-0.535423	-1.270870	0.091584	-0.490017	-1.248464	0.113884	-0.404104	-1.133123	0.036555	-0.511556	-1.133037	0.035620	-0.402306	-1.081234	0.048830	-0.452782	-1.340249	0.068659	-0.436679	-1.348213	1.355682	-0.267161	-1.349147	1.355836	-0.633954	
37	0.1800	-1.292282	0.938570	-0.298354	-1.269338	0.941390	-0.557798	-1.436906	0.938963	-0.390621	-1.431183	0.943318	-0.490982	-1.322435	0.758568	-0.262742	-1.273564	0.768651	-0.270955	-1.320065	0.711197	-0.259586	-1.272732	0.721840	-0.262292	-1.275007	0.457821	-0.274364	-1.256751	0.446104	-0.375933	-1.406270	0.416180	-0.250572	-1.379060	0.369151	-0.264770	-1.451559	0.390253	-0.250816	-1.420273	0.349469	-0.263126	-1.631389	0.278162	-0.275098	-1.608543	0.262062	-0.360546	-1.651324	0.143868	-0.251483	-1.636331	0.127260	-0.353960	-1.599418	0.078297	-0.300053	-1.677051	0.325347	-0.331147	-1.295903	0.757451	-0.607610	-1.241565	0.772587	-0.597419	-1.279307	0.722538	-0.608222	-1.232003	0.738645	-0.594531	-1.207322	0.475412	-0.544449	-1.210361	0.493107	-0.443613	-1.258115	0.339348	-0.554905	-1.207222	0.343844	-0.542568	-1.250969	0.300034	-0.546549	-1.210028	0.303893	-0.535798	-1.270826	0.091729	-0.490100	-1.248215	0.114117	-0.404266	-1.133104	0.036623	-0.511562	-1.133071	0.035725	-0.402416	-1.081219	0.048910	-0.452852	-1.340273	0.068768	-0.436684	-1.341383	1.357295	-0.267762	-1.341818	1.357265	-0.634496	
38	0.1850	-1.286060	0.940155	-0.298961	-1.263059	0.942653	-0.558317	-1.430647	0.940347	-0.391106	-1.424875	0.944758	-0.491479	-1.314247	0.760270	-0.263226	-1.265466	0.771115	-0.271769	-1.310924	0.712946	-0.260204	-1.263716	0.724349	-0.263152	-1.260778	0.460320	-0.275810	-1.242873	0.449081	-0.377858	-1.391465	0.417974	-0.251782	-1.363983	0.370971	-0.265928	-1.436596	0.391912	-0.251676	-1.405120	0.351220	-0.264008	-1.615790	0.278889	-0.275213	-1.593219	0.262773	-0.360775	-1.632954	0.144873	-0.250677	-1.618480	0.127795	-0.353172	-1.580362	0.080131	-0.299295	-1.662796	0.324914	-0.331288	-1.290720	0.758432	-0.607966	-1.236291	0.773060	-0.597908	-1.274566	0.723320	-0.608619	-1.227083	0.738952	-0.595069	-1.205480	0.475292	-0.544845	-1.208246	0.493001	-0.444029	-1.257113	0.339523	-0.555129	-1.206151	0.343758	-0.542978	-1.250183	0.300194	-0.546851	-1.209146	0.303831	-0.536164	-1.270764	0.091869	-0.490185	-1.247953	0.114345	-0.404435	-1.133073	0.036656	-0.511562	-1.133099	0.035800	-0.402513	-1.081188	0.048967	-0.452926	-1.340285	0.068890	-0.436690	-1.334613	1.358897	-0.268356	-1.334503	1.358679	-0.635026	
39	0.1900	-1.279840	0.941736	-0.299572	-1.256826	0.943872	-0.558846	-1.424402	0.941721	-0.391566	-1.418601	0.946168	-0.491954	-1.306106	0.762040	-0.263688	-1.257425	0.773628	-0.272588	-1.301851	0.714788	-0.260798	-1.254777	0.726932	-0.264013	-1.246708	0.462984	-0.277275	-1.229143	0.452227	-0.379761	-1.376787	0.419755	-0.253016	-1.348960	0.372823	-0.267107	-1.421712	0.393480	-0.252562	-1.389988	0.352954	-0.264900	-1.600079	0.279237	-0.275354	-1.577773	0.263162	-0.361047	-1.614256	0.145513	-0.249951	-1.600272	0.128021	-0.352475	-1.560865	0.081787	-0.298653	-1.648513	0.324022	-0.331445	-1.285610	0.759378	-0.608298	-1.231088	0.773500	-0.598406	-1.269902	0.724075	-0.608995	-1.222237	0.739231	-0.595613	-1.203707	0.475182	-0.545225	-1.206182	0.492901	-0.444438	-1.256149	0.339706	-0.555345	-1.205122	0.343692	-0.543376	-1.249432	0.300364	-0.547152	-1.208297	0.303785	-0.536519	-1.270684	0.092006	-0.490271	-1.247675	0.114570	-0.404613	-1.133031	0.036657	-0.511557	-1.133123	0.035847	-0.402597	-1.081142	0.049001	-0.453004	-1.340284	0.069026	-0.436699	-1.327898	1.360481	-0.268945	-1.327198	1.360070	-0.635547	
40	0.1950	-1.273614	0.943305	-0.300188	-1.250636	0.945042	-0.559385	-1.418164	0.943078	-0.391996	-1.412357	0.947543	-0.492403	-1.298003	0.763869	-0.264128	-1.249432	0.776178	-0.273413	-1.292836	0.716711	-0.261366	-1.245906	0.729574	-0.264878	-1.232801	0.465795	-0.278754	-1.215566	0.455522	-0.381634	-1.362236	0.421508	-0.254263	-1.333995	0.374695	-0.268305	-1.406908	0.394943	-0.253472	-1.374879	0.354657	-0.265798	-1.584261	0.279210	-0.275521	-1.562208	0.263229	-0.361362	-1.595261	0.145795	-0.249314	-1.581735	0.127948	-0.351877	-1.540972	0.083248	-0.298134	-1.634187	0.322682	-0.331617	-1.280565	0.760288	-0.608607	-1.225949	0.773910	-0.598914	-1.265306	0.724803	-0.609350	-1.217457	0.739482	-0.596168	-1.201986	0.475083	-0.545590	-1.204150	0.492809	-0.444838	-1.255211	0.339898	-0.555555	-1.204121	0.343644	-0.543763	-1.248704	0.300545	-0.547451	-1.207469	0.303756	-0.536864	-1.270586	0.092141	-0.490359	-1.247384	0.114793	-0.404797	-1.132980	0.036630	-0.511545	-1.133140	0.035871	-0.402669	-1.081083	0.049013	-0.453086	-1.340271	0.069176	-0.436710	-1.321230	1.362040	-0.269531	-1.319901	1.361433	-0.636062	
41	0.2000	-1.267372	0.944853	-0.300809	-1.244486	0.946161	-0.559937	-1.411928	0.944409	-0.392392	-1.406139	0.948876	-0.492823	-1.289929	0.765747	-0.264550	-1.241477	0.778754	-0.274245	-1.283871	0.718704	-0.261907	-1.237095	0.732262	-0.265746	-1.219056	0.468736	-0.280240	-1.202145	0.458946	-0.383475	-1.347809	0.423216	-0.255514	-1.319092	0.376573	-0.269516	-1.392182	0.396288	-0.254400	-1.359796	0.356315	-0.266704	-1.568336	0.278811	-0.275711	-1.546527	0.262979	-0.361720	-1.575997	0.145729	-0.248772	-1.562892	0.127589	-0.351386	-1.520725	0.084500	-0.297745	-1.619804	0.320905	-0.331799	-1.275580	0.761160	-0.608894	-1.220869	0.774287	-0.599432	-1.260772	0.725502	-0.609684	-1.212735	0.739705	-0.596732	-1.200301	0.474995	-0.545941	-1.202134	0.492726	-0.445230	-1.254286	0.340102	-0.555758	-1.203137	0.343614	-0.544136	-1.247990	0.300738	-0.547746	-1.206654	0.303742	-0.537198	-1.270472	0.092275	-0.490449	-1.247080	0.115014	-0.404987	-1.132921	0.036578	-0.511528	-1.133153	0.035874	-0.402730	-1.081013	0.049003	-0.453173	-1.340246	0.069341	-0.436722	-1.314603	1.363570	-0.270115	-1.312609	1.362763	-0.636572	
42	0.2050	-1.261106	0.946373	-0.301436	-1.238371	0.947227	-0.560502	-1.405688	0.945708	-0.392754	-1.399942	0.950162	-0.493209	-1.281875	0.767665	-0.264955	-1.233553	0.781345	-0.275084	-1.274949	0.720754	-0.262419	-1.228335	0.734984	-0.266619	-1.205475	0.471790	-0.281729	-1.188887	0.462478	-0.385277	-1.333506	0.424866	-0.256761	-1.304253	0.378444	-0.270737	-1.377534	0.397502	-0.255343	-1.344740	0.357915	-0.267617	-1.552307	0.278048	-0.275924	-1.530731	0.262419	-0.362119	-1.556486	0.145328	-0.248332	-1.543767	0.126956	-0.351010	-1.500163	0.085535	-0.297492	-1.605348	0.318703	-0.331989	-1.270646	0.761992	-0.609160	-1.215841	0.774633	-0.599963	-1.256290	0.726171	-0.609998	-1.208064	0.739900	-0.597306	-1.198639	0.474919	-0.546278	-1.200119	0.492652	-0.445613	-1.253366	0.340317	-0.555954	-1.202160	0.343601	-0.544497	-1.247281	0.300943	-0.548036	-1.205841	0.303743	-0.537522	-1.270344	0.092408	-0.490539	-1.246765	0.115235	-0.405182	-1.132855	0.036506	-0.511507	-1.133160	0.035862	-0.402780	-1.080933	0.048975	-0.453264	-1.340210	0.069522	-0.436734	-1.308010	1.365063	-0.270698	-1.305320	1.364053	-0.637079	
43	0.2100	-1.254811	0.947857	-0.302067	-1.232290	0.948238	-0.561083	-1.399441	0.946968	-0.393077	-1.393765	0.951398	-0.493560	-1.273834	0.769613	-0.265345	-1.225654	0.783939	-0.275931	-1.266062	0.722850	-0.262901	-1.219621	0.737727	-0.267495	-1.192058	0.474939	-0.283217	-1.175794	0.466097	-0.387037	-1.319321	0.426443	-0.257993	-1.289478	0.380298	-0.271966	-1.362957	0.398574	-0.256297	-1.329712	0.359444	-0.268538	-1.536172	0.276928	-0.276159	-1.514822	0.261556	-0.362560	-1.536750	0.144605	-0.248003	-1.524380	0.126068	-0.350755	-1.479321	0.086350	-0.297380	-1.590804	0.316089	-0.332184	-1.265758	0.762783	-0.609409	-1.210860	0.774948	-0.600504	-1.251853	0.726809	-0.610291	-1.203437	0.740068	-0.597890	-1.196988	0.474853	-0.546602	-1.198092	0.492587	-0.445987	-1.252443	0.340544	-0.556143	-1.201183	0.343604	-0.544844	-1.246570	0.301161	-0.548321	-1.205026	0.303757	-0.537836	-1.270203	0.092542	-0.490629	-1.246441	0.115457	-0.405382	-1.132785	0.036418	-0.511482	-1.133162	0.035839	-0.402820	-1.080846	0.048932	-0.453360	-1.340162	0.069718	-0.436748	-1.301444	1.366513	-0.271280	-1.298033	1.365298	-0.637584	
44	0.2150	-1.248480	0.949299	-0.302704	-1.226239	0.949191	-0.561678	-1.393183	0.948183	-0.393360	-1.387602	0.952578	-0.493874	-1.265800	0.771582	-0.265724	-1.217774	0.786527	-0.276785	-1.257206	0.724979	-0.263355	-1.210945	0.740477	-0.268375	-1.178806	0.478163	-0.284699	-1.162872	0.469783	-0.388752	-1.305251	0.427934	-0.259205	-1.274769	0.382123	-0.273198	-1.348449	0.399493	-0.257257	-1.314711	0.360890	-0.269469	-1.519931	0.275461	-0.276415	-1.498798	0.260399	-0.363042	-1.516806	0.143577	-0.247790	-1.504750	0.124941	-0.350628	-1.458232	0.086945	-0.297417	-1.576155	0.313077	-0.332382	-1.260909	0.763532	-0.609639	-1.205921	0.775230	-0.601056	-1.247455	0.727416	-0.610564	-1.198848	0.740209	-0.598483	-1.195338	0.474798	-0.546913	-1.196045	0.492530	-0.446351	-1.251510	0.340784	-0.556323	-1.200199	0.343622	-0.545177	-1.245852	0.301390	-0.548600	-1.204202	0.303785	-0.538139	-1.270050	0.092677	-0.490719	-1.246109	0.115679	-0.405584	-1.132712	0.036318	-0.511454	-1.133160	0.035808	-0.402852	-1.080754	0.048875	-0.453459	-1.340104	0.069930	-0.436760	-1.294899	1.367915	-0.271863	-1.290749	1.366495	-0.638088	
45	0.2200	-1.242112	0.950692	-0.303344	-1.220214	0.950087	-0.562287	-1.386912	0.949348	-0.393603	-1.381452	0.953700	-0.494148	-1.257769	0.773563	-0.266093	-1.209909	0.789097	-0.277645	-1.248377	0.727130	-0.263779	-1.202304	0.743222	-0.269257	-1.165721	0.481446	-0.286171	-1.150125	0.473515	-0.390421	-1.291291	0.429327	-0.260388	-1.260127	0.383910	-0.274431	-1.334004	0.400252	-0.258221	-1.299738	0.362242	-0.270410	-1.503579	0.273659	-0.276693	-1.482661	0.258961	-0.363564	-1.496670	0.142264	-0.247699	-1.484894	0.123597	-0.350636	-1.436925	0.087328	-0.297608	-1.561387	0.309682	-0.332579	-1.256094	0.764239	-0.609854	-1.201018	0.775480	-0.601616	-1.243088	0.727990	-0.610817	-1.194292	0.740323	-0.599083	-1.193682	0.474752	-0.547212	-1.193970	0.492479	-0.446705	-1.250562	0.341035	-0.556494	-1.199205	0.343653	-0.545497	-1.245122	0.301631	-0.548869	-1.203367	0.303823	-0.538432	-1.269888	0.092814	-0.490807	-1.245770	0.115904	-0.405789	-1.132639	0.036212	-0.511424	-1.133154	0.035772	-0.402875	-1.080659	0.048810	-0.453563	-1.340035	0.070157	-0.436773	-1.288371	1.369262	-0.272447	-1.283468	1.367638	-0.638592	
46	0.2250	-1.235704	0.952031	-0.303987	-1.214212	0.950924	-0.562910	-1.380626	0.950458	-0.393806	-1.375312	0.954760	-0.494383	-1.249739	0.775545	-0.266456	-1.202057	0.791640	-0.278509	-1.239572	0.729291	-0.264175	-1.193694	0.745951	-0.270140	-1.152802	0.484771	-0.287630	-1.137559	0.477274	-0.392039	-1.277433	0.430611	-0.261535	-1.245553	0.385650	-0.275661	-1.319616	0.400843	-0.259183	-1.284793	0.363490	-0.271365	-1.487114	0.271534	-0.276992	-1.466408	0.257253	-0.364126	-1.476353	0.140684	-0.247738	-1.464827	0.122055	-0.350783	-1.415427	0.087508	-0.297959	-1.546485	0.305917	-0.332775	-1.251306	0.764903	-0.610054	-1.196147	0.775698	-0.602184	-1.238745	0.728532	-0.611049	-1.189762	0.740410	-0.599687	-1.192015	0.474714	-0.547498	-1.191863	0.492434	-0.447048	-1.249598	0.341298	-0.556656	-1.198198	0.343695	-0.545801	-1.244379	0.301882	-0.549129	-1.202518	0.303871	-0.538714	-1.269718	0.092953	-0.490894	-1.245428	0.116131	-0.405994	-1.132565	0.036102	-0.511392	-1.133146	0.035735	-0.402893	-1.080562	0.048738	-0.453671	-1.339956	0.070399	-0.436783	-1.281855	1.370549	-0.273031	-1.276190	1.368724	-0.639097	
47	0.2300	-1.229255	0.953311	-0.304631	-1.208230	0.951702	-0.563544	-1.374325	0.951509	-0.393968	-1.369179	0.955758	-0.494578	-1.241707	0.777519	-0.266814	-1.194217	0.794147	-0.279375	-1.230790	0.731450	-0.264545	-1.185114	0.748653	-0.271023	-1.140051	0.488119	-0.289071	-1.125178	0.481041	-0.393606	-1.263673	0.431775	-0.262642	-1.231048	0.387335	-0.276887	-1.305279	0.401261	-0.260142	-1.269876	0.364627	-0.272335	-1.470531	0.269097	-0.277313	-1.450039	0.255289	-0.364726	-1.455865	0.138858	-0.247911	-1.444564	0.120338	-0.351075	-1.393760	0.087498	-0.298476	-1.531434	0.301797	-0.332967	-1.246540	0.765525	-0.610241	-1.191303	0.775882	-0.602755	-1.234420	0.729039	-0.611260	-1.185253	0.740470	-0.600294	-1.190333	0.474684	-0.547772	-1.189722	0.492392	-0.447379	-1.248616	0.341572	-0.556807	-1.197175	0.343749	-0.546091	-1.243620	0.302144	-0.549378	-1.201654	0.303929	-0.538985	-1.269541	0.093094	-0.490978	-1.245082	0.116362	-0.406199	-1.132493	0.035992	-0.511359	-1.133135	0.035699	-0.402905	-1.080466	0.048663	-0.453783	-1.339867	0.070654	-0.436792	-1.275346	1.371771	-0.273615	-1.268917	1.369749	-0.639604	
48	0.2350	-1.222767	0.954526	-0.305276	-1.202263	0.952421	-0.564188	-1.368007	0.952498	-0.394091	-1.363051	0.956690	-0.494734	-1.233674	0.779476	-0.267170	-1.186387	0.796608	-0.280241	-1.222031	0.733596	-0.264890	-1.176561	0.751317	-0.271902	-1.127471	0.491476	-0.290492	-1.112988	0.484798	-0.395119	-1.250005	0.432812	-0.263703	-1.216612	0.388960	-0.278105	-1.290987	0.401502	-0.261092	-1.254985	0.365646	-0.273321	-1.453825	0.266362	-0.277658	-1.433553	0.253082	-0.365364	-1.435213	0.136807	-0.248225	-1.424116	0.118468	-0.351517	-1.371944	0.087317	-0.299165	-1.516222	0.297338	-0.333154	-1.241791	0.766103	-0.610414	-1.186482	0.776034	-0.603329	-1.230106	0.729514	-0.611451	-1.180762	0.740502	-0.600900	-1.188635	0.474661	-0.548033	-1.187546	0.492351	-0.447698	-1.247615	0.341857	-0.556946	-1.196138	0.343811	-0.546367	-1.242846	0.302415	-0.549613	-1.200775	0.303995	-0.539245	-1.269360	0.093238	-0.491059	-1.244733	0.116595	-0.406403	-1.132423	0.035885	-0.511326	-1.133122	0.035665	-0.402912	-1.080371	0.048586	-0.453898	-1.339767	0.070924	-0.436799	-1.268841	1.372924	-0.274200	-1.261651	1.370711	-0.640111	
49	0.2400	-1.216241	0.955673	-0.305918	-1.196309	0.953081	-0.564839	-1.361674	0.953421	-0.394177	-1.356926	0.957557	-0.494851	-1.225642	0.781408	-0.267525	-1.178569	0.799016	-0.281104	-1.213298	0.735717	-0.265213	-1.168038	0.753933	-0.272774	-1.115064	0.494825	-0.291888	-1.100993	0.488528	-0.396577	-1.236423	0.433715	-0.264713	-1.202247	0.390517	-0.279314	-1.276734	0.401565	-0.262031	-1.240122	0.366541	-0.274327	-1.436991	0.263344	-0.278029	-1.416948	0.250647	-0.366038	-1.414403	0.134552	-0.248685	-1.403495	0.116465	-0.352113	-1.349998	0.086983	-0.300030	-1.500836	0.292556	-0.333336	-1.237054	0.766639	-0.610575	-1.181679	0.776151	-0.603901	-1.225799	0.729954	-0.611621	-1.176283	0.740506	-0.601502	-1.186921	0.474643	-0.548280	-1.185337	0.492310	-0.448004	-1.246597	0.342151	-0.557072	-1.195087	0.343881	-0.546628	-1.242058	0.302695	-0.549835	-1.199884	0.304068	-0.539495	-1.269174	0.093385	-0.491136	-1.244383	0.116832	-0.406603	-1.132357	0.035784	-0.511293	-1.133108	0.035636	-0.402917	-1.080278	0.048510	-0.454016	-1.339656	0.071207	-0.436803	-1.262337	1.374004	-0.274784	-1.254395	1.371606	-0.640620	
50	0.2450	-1.209679	0.956750	-0.306557	-1.190363	0.953682	-0.565495	-1.355324	0.954276	-0.394228	-1.350801	0.958358	-0.494932	-1.217613	0.783304	-0.267881	-1.170765	0.801362	-0.281960	-1.204592	0.737804	-0.265516	-1.159545	0.756492	-0.273638	-1.102832	0.498152	-0.293257	-1.089197	0.492215	-0.397977	-1.222921	0.434478	-0.265671	-1.187953	0.392002	-0.280511	-1.262515	0.401448	-0.262956	-1.225286	0.367307	-0.275353	-1.420022	0.260056	-0.278426	-1.400222	0.247998	-0.366748	-1.393437	0.132116	-0.249295	-1.382712	0.114354	-0.352868	-1.327936	0.086519	-0.301077	-1.485265	0.287466	-0.333511	-1.232325	0.767133	-0.610725	-1.176890	0.776233	-0.604470	-1.221493	0.730362	-0.611770	-1.171813	0.740482	-0.602098	-1.185192	0.474630	-0.548513	-1.183097	0.492265	-0.448296	-1.245563	0.342454	-0.557184	-1.194025	0.343959	-0.546874	-1.241256	0.302983	-0.550040	-1.198981	0.304148	-0.539733	-1.268984	0.093535	-0.491209	-1.244031	0.117073	-0.406800	-1.132295	0.035690	-0.511262	-1.133092	0.035613	-0.402921	-1.080189	0.048436	-0.454137	-1.339535	0.071502	-0.436803	-1.255832	1.375006	-0.275367	-1.247150	1.372432	-0.641131	
51	0.2500	-1.203086	0.957752	-0.307191	-1.184422	0.954224	-0.566151	-1.348959	0.955062	-0.394246	-1.344673	0.959091	-0.494979	-1.209590	0.785156	-0.268236	-1.162978	0.803639	-0.282806	-1.195917	0.739845	-0.265802	-1.151085	0.758985	-0.274488	-1.090778	0.501441	-0.294594	-1.077605	0.495843	-0.399317	-1.209494	0.435095	-0.266572	-1.173733	0.393411	-0.281695	-1.248326	0.401154	-0.263861	-1.210478	0.367944	-0.276401	-1.402914	0.256515	-0.278852	-1.383376	0.245150	-0.367491	-1.372319	0.129520	-0.250060	-1.361778	0.112155	-0.353784	-1.305771	0.085948	-0.302311	-1.469500	0.282085	-0.333680	-1.227599	0.767586	-0.610864	-1.172111	0.776281	-0.605032	-1.217184	0.730736	-0.611898	-1.167349	0.740430	-0.602685	-1.183451	0.474622	-0.548732	-1.180833	0.492217	-0.448574	-1.244518	0.342766	-0.557281	-1.192955	0.344043	-0.547106	-1.240444	0.303280	-0.550229	-1.198070	0.304235	-0.539961	-1.268792	0.093688	-0.491275	-1.243679	0.117318	-0.406990	-1.132238	0.035605	-0.511232	-1.133075	0.035595	-0.402923	-1.080103	0.048366	-0.454259	-1.339403	0.071810	-0.436800	-1.249323	1.375930	-0.275948	-1.239918	1.373188	-0.641642	
52	0.2550	-1.196463	0.958678	-0.307817	-1.178480	0.954708	-0.566806	-1.342580	0.955777	-0.394235	-1.338542	0.959759	-0.494995	-1.201579	0.786956	-0.268592	-1.155210	0.805840	-0.283639	-1.187279	0.741832	-0.266073	-1.142662	0.761405	-0.275322	-1.078907	0.504679	-0.295897	-1.066220	0.499399	-0.400596	-1.196139	0.435566	-0.267417	-1.159588	0.394741	-0.282863	-1.234163	0.400683	-0.264746	-1.195700	0.368451	-0.277470	-1.385660	0.252734	-0.279310	-1.366407	0.242119	-0.368268	-1.351051	0.126784	-0.250984	-1.340702	0.109891	-0.354864	-1.283514	0.085294	-0.303736	-1.453531	0.276431	-0.333843	-1.222873	0.767999	-0.610992	-1.167339	0.776294	-0.605584	-1.212868	0.731078	-0.612005	-1.162888	0.740350	-0.603259	-1.181702	0.474618	-0.548935	-1.178548	0.492162	-0.448838	-1.243465	0.343087	-0.557363	-1.191881	0.344134	-0.547324	-1.239625	0.303584	-0.550400	-1.197155	0.304329	-0.540177	-1.268598	0.093846	-0.491336	-1.243324	0.117567	-0.407175	-1.132186	0.035529	-0.511203	-1.133057	0.035583	-0.402927	-1.080020	0.048300	-0.454382	-1.339260	0.072129	-0.436793	-1.242811	1.376771	-0.276526	-1.232703	1.373872	-0.642153	
53	0.2600	-1.189817	0.959526	-0.308433	-1.172535	0.955134	-0.567456	-1.336188	0.956420	-0.394198	-1.332404	0.960361	-0.494983	-1.193584	0.788696	-0.268948	-1.147468	0.807958	-0.284453	-1.178683	0.743754	-0.266332	-1.134279	0.763744	-0.276134	-1.067222	0.507853	-0.297163	-1.055045	0.502869	-0.401811	-1.182853	0.435886	-0.268203	-1.145521	0.395989	-0.284015	-1.220022	0.400042	-0.265606	-1.180953	0.368828	-0.278562	-1.368255	0.248731	-0.279802	-1.349316	0.238919	-0.369077	-1.329633	0.123933	-0.252069	-1.319493	0.107582	-0.356110	-1.261176	0.084583	-0.305353	-1.437350	0.270519	-0.334001	-1.218143	0.768373	-0.611110	-1.162569	0.776271	-0.606125	-1.208541	0.731389	-0.612092	-1.158427	0.740242	-0.603819	-1.179948	0.474619	-0.549122	-1.176250	0.492100	-0.449087	-1.242408	0.343418	-0.557428	-1.190807	0.344232	-0.547530	-1.238803	0.303896	-0.550552	-1.196240	0.304431	-0.540383	-1.268403	0.094006	-0.491389	-1.242968	0.117820	-0.407352	-1.132138	0.035463	-0.511177	-1.133038	0.035577	-0.402932	-1.079942	0.048237	-0.454507	-1.339107	0.072459	-0.436781	-1.236292	1.377530	-0.277101	-1.225505	1.374483	-0.642664	
54	0.2650	-1.183152	0.960295	-0.309038	-1.166582	0.955503	-0.568097	-1.329782	0.956991	-0.394140	-1.326257	0.960897	-0.494947	-1.185614	0.790366	-0.269301	-1.139754	0.809986	-0.285246	-1.170135	0.745602	-0.266580	-1.125943	0.765994	-0.276922	-1.055728	0.510950	-0.298388	-1.044081	0.506240	-0.402961	-1.169633	0.436057	-0.268931	-1.131535	0.397154	-0.285148	-1.205901	0.399234	-0.266439	-1.166239	0.369078	-0.279674	-1.350694	0.244521	-0.280333	-1.332101	0.235566	-0.369917	-1.308068	0.120985	-0.253319	-1.298160	0.105248	-0.357522	-1.238767	0.083841	-0.307165	-1.420952	0.264369	-0.334156	-1.213406	0.768710	-0.611218	-1.157799	0.776212	-0.606653	-1.204201	0.731669	-0.612158	-1.153964	0.740105	-0.604362	-1.178196	0.474626	-0.549292	-1.173944	0.492029	-0.449322	-1.241353	0.343758	-0.557477	-1.189738	0.344336	-0.547723	-1.237983	0.304217	-0.550685	-1.195330	0.304541	-0.540579	-1.268205	0.094171	-0.491436	-1.242610	0.118077	-0.407521	-1.132095	0.035407	-0.511152	-1.133017	0.035577	-0.402941	-1.079866	0.048179	-0.454631	-1.338942	0.072800	-0.436765	-1.229766	1.378206	-0.277670	-1.218328	1.375022	-0.643173	
55	0.2700	-1.176471	0.960984	-0.309629	-1.160617	0.955816	-0.568726	-1.323365	0.957490	-0.394063	-1.320098	0.961370	-0.494889	-1.177672	0.791961	-0.269650	-1.132074	0.811920	-0.286013	-1.161642	0.747368	-0.266820	-1.117657	0.768149	-0.277679	-1.044427	0.513958	-0.299571	-1.033331	0.509501	-0.404044	-1.156477	0.436077	-0.269603	-1.117634	0.398234	-0.286263	-1.191801	0.398266	-0.267242	-1.151563	0.369205	-0.280807	-1.332973	0.240123	-0.280903	-1.314764	0.232075	-0.370788	-1.286356	0.117964	-0.254733	-1.276714	0.102910	-0.359099	-1.216294	0.083092	-0.309171	-1.404330	0.258000	-0.334309	-1.208660	0.769010	-0.611317	-1.153025	0.776117	-0.607164	-1.199845	0.731919	-0.612204	-1.149497	0.739940	-0.604885	-1.176451	0.474638	-0.549445	-1.171639	0.491951	-0.449543	-1.240304	0.344109	-0.557507	-1.188678	0.344449	-0.547904	-1.237168	0.304548	-0.550799	-1.194428	0.304660	-0.540764	-1.268006	0.094341	-0.491475	-1.242248	0.118339	-0.407680	-1.132057	0.035360	-0.511130	-1.132994	0.035582	-0.402953	-1.079793	0.048124	-0.454754	-1.338767	0.073151	-0.436744	-1.223234	1.378797	-0.278235	-1.211172	1.375486	-0.643681	
56	0.2750	-1.169780	0.961593	-0.310205	-1.154635	0.956073	-0.569341	-1.316937	0.957916	-0.393972	-1.313926	0.961780	-0.494815	-1.169768	0.793472	-0.269993	-1.124434	0.813752	-0.286750	-1.153211	0.749044	-0.267052	-1.109428	0.770203	-0.278403	-1.033326	0.516866	-0.300709	-1.022796	0.512641	-0.405058	-1.143387	0.435949	-0.270220	-1.103820	0.399227	-0.287358	-1.177721	0.397145	-0.268015	-1.136927	0.369214	-0.281957	-1.315088	0.235553	-0.281517	-1.297305	0.228460	-0.371688	-1.264500	0.114891	-0.256311	-1.255163	0.100587	-0.360840	-1.193766	0.082361	-0.311371	-1.387480	0.251431	-0.334465	-1.203902	0.769275	-0.611406	-1.148245	0.775986	-0.607658	-1.195471	0.732141	-0.612231	-1.145025	0.739746	-0.605388	-1.174718	0.474658	-0.549580	-1.169339	0.491864	-0.449750	-1.239267	0.344471	-0.557519	-1.187634	0.344570	-0.548076	-1.236363	0.304889	-0.550893	-1.193540	0.304790	-0.540940	-1.267805	0.094516	-0.491507	-1.241882	0.118605	-0.407830	-1.132023	0.035322	-0.511110	-1.132969	0.035591	-0.402969	-1.079722	0.048072	-0.454876	-1.338581	0.073513	-0.436719	-1.216693	1.379305	-0.278793	-1.204039	1.375877	-0.644186	
57	0.2800	-1.163083	0.962122	-0.310763	-1.148634	0.956274	-0.569937	-1.310498	0.958271	-0.393871	-1.307737	0.962128	-0.494728	-1.161907	0.794892	-0.270326	-1.116837	0.815478	-0.287454	-1.144849	0.750623	-0.267278	-1.101262	0.772148	-0.279090	-1.022428	0.519662	-0.301799	-1.012475	0.515649	-0.406003	-1.130363	0.435675	-0.270784	-1.090101	0.400135	-0.288433	-1.163663	0.395880	-0.268756	-1.122336	0.369112	-0.283122	-1.297036	0.230830	-0.282177	-1.279724	0.224738	-0.372617	-1.242503	0.111787	-0.258051	-1.233517	0.098298	-0.362741	-1.171192	0.081674	-0.313760	-1.370398	0.244682	-0.334625	-1.199131	0.769507	-0.611486	-1.143455	0.775818	-0.608133	-1.191080	0.732335	-0.612239	-1.140546	0.739525	-0.605869	-1.173002	0.474687	-0.549697	-1.167053	0.491768	-0.449943	-1.238247	0.344847	-0.557513	-1.186609	0.344701	-0.548239	-1.235572	0.305242	-0.550967	-1.192669	0.304932	-0.541107	-1.267602	0.094696	-0.491530	-1.241511	0.118876	-0.407969	-1.131992	0.035291	-0.511092	-1.132941	0.035605	-0.402991	-1.079653	0.048022	-0.454996	-1.338385	0.073884	-0.436688	-1.210145	1.379730	-0.279344	-1.196929	1.376195	-0.644688	
58	0.2850	-1.156384	0.962571	-0.311302	-1.142608	0.956421	-0.570513	-1.304049	0.958555	-0.393764	-1.301530	0.962416	-0.494632	-1.154097	0.796215	-0.270647	-1.109288	0.817092	-0.288119	-1.136563	0.752096	-0.267498	-1.093164	0.773979	-0.279735	-1.011738	0.522336	-0.302842	-1.002369	0.518517	-0.406876	-1.117408	0.435258	-0.271300	-1.076479	0.400955	-0.289487	-1.149632	0.394479	-0.269464	-1.107796	0.368905	-0.284300	-1.278816	0.225975	-0.282886	-1.262023	0.220923	-0.373576	-1.220370	0.108674	-0.259951	-1.211786	0.096060	-0.364799	-1.148580	0.081052	-0.316332	-1.353084	0.237775	-0.334795	-1.194344	0.769707	-0.611558	-1.138654	0.775613	-0.608589	-1.186670	0.732503	-0.612229	-1.136061	0.739275	-0.606328	-1.171309	0.474725	-0.549796	-1.164785	0.491665	-0.450122	-1.237248	0.345237	-0.557489	-1.185608	0.344844	-0.548394	-1.234801	0.305609	-0.551022	-1.191821	0.305088	-0.541266	-1.267398	0.094882	-0.491546	-1.241136	0.119151	-0.408098	-1.131965	0.035267	-0.511076	-1.132910	0.035622	-0.403018	-1.079586	0.047974	-0.455113	-1.338179	0.074266	-0.436653	-1.203588	1.380075	-0.279886	-1.189842	1.376441	-0.645184	
59	0.2900	-1.149686	0.962940	-0.311820	-1.136554	0.956512	-0.571067	-1.297590	0.958768	-0.393655	-1.295301	0.962645	-0.494531	-1.146344	0.797434	-0.270952	-1.101792	0.818590	-0.288744	-1.128360	0.753458	-0.267710	-1.085139	0.775690	-0.280335	-1.001260	0.524877	-0.303835	-0.992476	0.521235	-0.407679	-1.104526	0.434702	-0.271770	-1.062962	0.401690	-0.290521	-1.135630	0.392952	-0.270140	-1.093313	0.368601	-0.285486	-1.260428	0.221006	-0.283647	-1.244205	0.217031	-0.374564	-1.198106	0.105574	-0.262005	-1.189979	0.093892	-0.367005	-1.125939	0.080519	-0.319080	-1.335535	0.230732	-0.334979	-1.189541	0.769875	-0.611620	-1.133839	0.775372	-0.609025	-1.182242	0.732646	-0.612202	-1.131568	0.738996	-0.606763	-1.169642	0.474774	-0.549877	-1.162541	0.491554	-0.450289	-1.236275	0.345642	-0.557446	-1.184636	0.345000	-0.548542	-1.234052	0.305990	-0.551058	-1.190998	0.305259	-0.541417	-1.267191	0.095074	-0.491555	-1.240754	0.119431	-0.408216	-1.131941	0.035249	-0.511062	-1.132875	0.035642	-0.403051	-1.079519	0.047925	-0.455227	-1.337964	0.074656	-0.436614	-1.197023	1.380339	-0.280421	-1.182779	1.376616	-0.645675	
60	0.2950	-1.142992	0.963230	-0.312316	-1.130470	0.956549	-0.571595	-1.291121	0.958911	-0.393546	-1.289050	0.962817	-0.494428	-1.138654	0.798544	-0.271238	-1.094352	0.819965	-0.289325	-1.120246	0.754701	-0.267916	-1.077194	0.777275	-0.280888	-0.990998	0.527276	-0.304779	-0.982794	0.523794	-0.408410	-1.091723	0.434012	-0.272201	-1.049555	0.402339	-0.291534	-1.121664	0.391309	-0.270784	-1.078895	0.368211	-0.286678	-1.241874	0.215946	-0.284460	-1.226270	0.213079	-0.375581	-1.175718	0.102510	-0.264205	-1.168107	0.091811	-0.369352	-1.103278	0.080097	-0.321991	-1.317753	0.223576	-0.335183	-1.184721	0.770013	-0.611675	-1.129008	0.775093	-0.609441	-1.177795	0.732764	-0.612160	-1.127068	0.738690	-0.607175	-1.168006	0.474836	-0.549940	-1.160325	0.491437	-0.450444	-1.235330	0.346065	-0.557385	-1.183694	0.345170	-0.548686	-1.233328	0.306388	-0.551076	-1.190204	0.305446	-0.541560	-1.266983	0.095274	-0.491557	-1.240365	0.119715	-0.408323	-1.131920	0.035235	-0.511050	-1.132836	0.035664	-0.403090	-1.079452	0.047876	-0.455337	-1.337739	0.075057	-0.436570	-1.190450	1.380526	-0.280946	-1.175737	1.376720	-0.646160	
61	0.3000	-1.136304	0.963441	-0.312789	-1.124351	0.956531	-0.572097	-1.284642	0.958986	-0.393441	-1.282773	0.962931	-0.494327	-1.131032	0.799540	-0.271502	-1.086972	0.821214	-0.289859	-1.112228	0.755822	-0.268112	-1.069332	0.778727	-0.281391	-0.980956	0.529524	-0.305674	-0.973322	0.526188	-0.409072	-1.079003	0.433192	-0.272596	-1.036266	0.402904	-0.292527	-1.107741	0.389560	-0.271398	-1.064548	0.367742	-0.287869	-1.223156	0.210817	-0.285328	-1.208223	0.209081	-0.376627	-1.153217	0.099504	-0.266543	-1.146179	0.089834	-0.371830	-1.080610	0.079804	-0.325054	-1.299737	0.216331	-0.335411	-1.179883	0.770122	-0.611722	-1.124161	0.774778	-0.609837	-1.173332	0.732860	-0.612105	-1.122561	0.738356	-0.607563	-1.166402	0.474911	-0.549985	-1.158139	0.491316	-0.450588	-1.234417	0.346507	-0.557306	-1.182785	0.345356	-0.548826	-1.232632	0.306803	-0.551076	-1.189440	0.305651	-0.541698	-1.266771	0.095483	-0.491551	-1.239969	0.120004	-0.408419	-1.131901	0.035225	-0.511040	-1.132793	0.035688	-0.403134	-1.079387	0.047825	-0.455441	-1.337507	0.075467	-0.436522	-1.183868	1.380638	-0.281461	-1.168717	1.376754	-0.646637	
62	0.3050	-1.129624	0.963574	-0.313238	-1.118196	0.956458	-0.572571	-1.278151	0.958992	-0.393343	-1.276470	0.962990	-0.494231	-1.123483	0.800416	-0.271741	-1.079654	0.822332	-0.290343	-1.104309	0.756813	-0.268298	-1.061559	0.780042	-0.281841	-0.971137	0.531611	-0.306520	-0.964057	0.528408	-0.409665	-1.066375	0.432248	-0.272963	-1.023101	0.403386	-0.293499	-1.093869	0.387716	-0.271985	-1.050282	0.367204	-0.289057	-1.204279	0.205642	-0.286251	-1.190067	0.205055	-0.377703	-1.130612	0.096580	-0.269008	-1.124207	0.087978	-0.374426	-1.057944	0.079662	-0.328252	-1.281492	0.209022	-0.335672	-1.175027	0.770202	-0.611761	-1.119296	0.774425	-0.610213	-1.168852	0.732932	-0.612037	-1.118045	0.737993	-0.607929	-1.164831	0.475001	-0.550014	-1.155986	0.491190	-0.450720	-1.233536	0.346969	-0.557210	-1.181910	0.345559	-0.548964	-1.231965	0.307237	-0.551059	-1.188708	0.305875	-0.541831	-1.266558	0.095700	-0.491540	-1.239567	0.120297	-0.408506	-1.131883	0.035216	-0.511031	-1.132745	0.035714	-0.403183	-1.079321	0.047771	-0.455541	-1.337267	0.075888	-0.436470	-1.177278	1.380676	-0.281967	-1.161717	1.376721	-0.647106	
63	0.3100	-1.122952	0.963630	-0.313662	-1.112002	0.956331	-0.573016	-1.271648	0.958932	-0.393254	-1.270137	0.962995	-0.494141	-1.116012	0.801169	-0.271953	-1.072399	0.823315	-0.290776	-1.096495	0.757671	-0.268472	-1.053877	0.781212	-0.282238	-0.961544	0.533529	-0.307319	-0.954996	0.530449	-0.410191	-1.053848	0.431186	-0.273307	-1.010069	0.403786	-0.294452	-1.080057	0.385786	-0.272547	-1.036105	0.366607	-0.290237	-1.185249	0.200444	-0.287230	-1.171804	0.201018	-0.378808	-1.107918	0.093762	-0.271586	-1.102199	0.086260	-0.377128	-1.035293	0.079688	-0.331565	-1.263020	0.201674	-0.335972	-1.170153	0.770253	-0.611794	-1.114412	0.774035	-0.610571	-1.164357	0.732983	-0.611959	-1.113523	0.737602	-0.608273	-1.163293	0.475104	-0.550027	-1.153866	0.491061	-0.450843	-1.232688	0.347452	-0.557098	-1.181070	0.345780	-0.549101	-1.231328	0.307691	-0.551027	-1.188008	0.306117	-0.541959	-1.266341	0.095928	-0.491524	-1.239157	0.120594	-0.408582	-1.131867	0.035208	-0.511023	-1.132693	0.035741	-0.403236	-1.079256	0.047714	-0.455634	-1.337019	0.076318	-0.436414	-1.170680	1.380644	-0.282462	-1.154733	1.376620	-0.647566	
64	0.3150	-1.116289	0.963609	-0.314061	-1.105768	0.956148	-0.573433	-1.265132	0.958805	-0.393175	-1.263774	0.962947	-0.494060	-1.108621	0.801794	-0.272134	-1.065209	0.824157	-0.291156	-1.088790	0.758391	-0.268630	-1.046291	0.782232	-0.282582	-0.952179	0.535270	-0.308073	-0.946135	0.532303	-0.410654	-1.041428	0.430013	-0.273635	-0.997178	0.404108	-0.295386	-1.066314	0.383782	-0.273088	-1.022028	0.365960	-0.291405	-1.166075	0.195248	-0.288265	-1.153441	0.196988	-0.379942	-1.085149	0.091073	-0.274262	-1.080169	0.084696	-0.379918	-1.012670	0.079900	-0.334972	-1.244327	0.194313	-0.336316	-1.165261	0.770277	-0.611821	-1.109508	0.773607	-0.610910	-1.159847	0.733011	-0.611872	-1.108994	0.737182	-0.608595	-1.161786	0.475223	-0.550025	-1.151777	0.490930	-0.450957	-1.231872	0.347956	-0.556971	-1.180264	0.346020	-0.549238	-1.230718	0.308165	-0.550979	-1.187338	0.306379	-0.542083	-1.266122	0.096166	-0.491502	-1.238740	0.120895	-0.408649	-1.131852	0.035200	-0.511017	-1.132636	0.035770	-0.403294	-1.079193	0.047653	-0.455721	-1.336765	0.076759	-0.436354	-1.164073	1.380543	-0.282947	-1.147764	1.376454	-0.648016	
65	0.3200	-1.109633	0.963512	-0.314434	-1.099492	0.955910	-0.573821	-1.258601	0.958613	-0.393109	-1.257379	0.962846	-0.493990	-1.101311	0.802287	-0.272285	-1.058082	0.824856	-0.291481	-1.081194	0.758970	-0.268772	-1.038801	0.783096	-0.282871	-0.943044	0.536827	-0.308784	-0.937471	0.533967	-0.411058	-1.029127	0.428733	-0.273954	-0.984434	0.404352	-0.296302	-1.052652	0.381713	-0.273612	-1.008060	0.365274	-0.292555	-1.146767	0.190081	-0.289354	-1.134982	0.192981	-0.381106	-1.062323	0.088538	-0.277018	-1.058126	0.083303	-0.382780	-0.990091	0.080313	-0.338450	-1.225420	0.186966	-0.336714	-1.160350	0.770272	-0.611843	-1.104584	0.773142	-0.611232	-1.155325	0.733018	-0.611779	-1.104457	0.736733	-0.608898	-1.160308	0.475355	-0.550011	-1.149717	0.490797	-0.451061	-1.231085	0.348481	-0.556829	-1.179487	0.346278	-0.549377	-1.230134	0.308659	-0.550917	-1.186697	0.306659	-0.542204	-1.265899	0.096416	-0.491476	-1.238316	0.121199	-0.408707	-1.131838	0.035190	-0.511013	-1.132576	0.035799	-0.403353	-1.079131	0.047588	-0.455800	-1.336505	0.077210	-0.436291	-1.157458	1.380377	-0.283420	-1.140807	1.376222	-0.648456	
66	0.3250	-1.102983	0.963339	-0.314782	-1.093176	0.955616	-0.574181	-1.252055	0.958357	-0.393054	-1.250952	0.962694	-0.493931	-1.094084	0.802646	-0.272402	-1.051019	0.825407	-0.291753	-1.073710	0.759404	-0.268894	-1.031410	0.783800	-0.283106	-0.934140	0.538193	-0.309456	-0.928999	0.535434	-0.411406	-1.016954	0.427355	-0.274270	-0.971847	0.404522	-0.297199	-1.039080	0.379589	-0.274125	-0.994211	0.364556	-0.293685	-1.127337	0.184966	-0.290497	-1.116434	0.189017	-0.382299	-1.039458	0.086180	-0.279837	-1.036083	0.082096	-0.385695	-0.967571	0.080942	-0.341972	-1.206308	0.179661	-0.337172	-1.155421	0.770238	-0.611861	-1.099640	0.772639	-0.611538	-1.150791	0.733002	-0.611681	-1.099914	0.736255	-0.609181	-1.158852	0.475499	-0.549985	-1.147683	0.490662	-0.451159	-1.230322	0.349028	-0.556675	-1.178738	0.346555	-0.549517	-1.229573	0.309173	-0.550842	-1.186081	0.306958	-0.542323	-1.265673	0.096678	-0.491447	-1.237884	0.121508	-0.408757	-1.131826	0.035178	-0.511009	-1.132511	0.035830	-0.403414	-1.079071	0.047517	-0.455872	-1.336239	0.077674	-0.436226	-1.150834	1.380146	-0.283883	-1.133859	1.375926	-0.648885	
67	0.3300	-1.096336	0.963090	-0.315105	-1.086818	0.955265	-0.574513	-1.245490	0.958038	-0.393013	-1.244493	0.962491	-0.493883	-1.086940	0.802868	-0.272487	-1.044018	0.825806	-0.291969	-1.066339	0.759691	-0.268994	-1.024117	0.784337	-0.283290	-0.925467	0.539363	-0.310092	-0.920715	0.536702	-0.411704	-1.004919	0.425884	-0.274591	-0.959425	0.404621	-0.298079	-1.025610	0.377420	-0.274632	-0.980492	0.363816	-0.294791	-1.107800	0.179930	-0.291690	-1.097803	0.185115	-0.383520	-1.016577	0.084023	-0.282697	-1.014052	0.081091	-0.388642	-0.945126	0.081802	-0.345511	-1.186999	0.172423	-0.337696	-1.150474	0.770174	-0.611875	-1.094675	0.772098	-0.611829	-1.146245	0.732964	-0.611581	-1.095363	0.735746	-0.609447	-1.157412	0.475655	-0.549949	-1.145667	0.490525	-0.451249	-1.229579	0.349594	-0.556509	-1.178010	0.346850	-0.549659	-1.229028	0.309707	-0.550756	-1.185484	0.307272	-0.542441	-1.265442	0.096954	-0.491415	-1.237446	0.121819	-0.408799	-1.131814	0.035164	-0.511008	-1.132443	0.035861	-0.403475	-1.079015	0.047440	-0.455935	-1.335967	0.078149	-0.436157	-1.144203	1.379852	-0.284334	-1.126917	1.375566	-0.649302	
68	0.3350	-1.089690	0.962766	-0.315404	-1.080421	0.954857	-0.574820	-1.238906	0.957657	-0.392983	-1.238000	0.962237	-0.493846	-1.079876	0.802951	-0.272539	-1.037074	0.826052	-0.292132	-1.059080	0.759828	-0.269069	-1.016923	0.784703	-0.283423	-0.917022	0.540331	-0.310696	-0.912614	0.537767	-0.411957	-0.993031	0.424326	-0.274924	-0.947174	0.404651	-0.298941	-1.012252	0.375215	-0.275137	-0.966913	0.363061	-0.295869	-1.088172	0.175000	-0.292932	-1.079097	0.181292	-0.384768	-0.993702	0.082092	-0.285577	-0.992045	0.080303	-0.391601	-0.922776	0.082905	-0.349038	-1.167505	0.165280	-0.338294	-1.145509	0.770080	-0.611887	-1.089691	0.771520	-0.612106	-1.141688	0.732901	-0.611480	-1.090804	0.735207	-0.609696	-1.155980	0.475819	-0.549906	-1.143665	0.490386	-0.451333	-1.228848	0.350179	-0.556334	-1.177296	0.347160	-0.549805	-1.228494	0.310257	-0.550658	-1.184900	0.307601	-0.542558	-1.265207	0.097245	-0.491380	-1.237002	0.122134	-0.408834	-1.131803	0.035146	-0.511007	-1.132372	0.035893	-0.403534	-1.078964	0.047357	-0.455988	-1.335688	0.078637	-0.436085	-1.137564	1.379498	-0.284773	-1.119976	1.375144	-0.649708	
69	0.3400	-1.083041	0.962368	-0.315680	-1.073984	0.954392	-0.575102	-1.232301	0.957215	-0.392963	-1.231474	0.961934	-0.493820	-1.072892	0.802893	-0.272559	-1.030186	0.826141	-0.292241	-1.051930	0.759813	-0.269119	-1.009826	0.784893	-0.283507	-0.908806	0.541094	-0.311272	-0.904692	0.538627	-0.412171	-0.981299	0.422689	-0.275274	-0.935103	0.404616	-0.299787	-0.999017	0.372982	-0.275647	-0.953484	0.362300	-0.296916	-1.068471	0.170198	-0.294218	-1.060326	0.177568	-0.386042	-0.970859	0.080407	-0.288455	-0.970075	0.079747	-0.394549	-0.900538	0.084263	-0.352522	-1.147841	0.158258	-0.338972	-1.140525	0.769955	-0.611898	-1.084687	0.770904	-0.612371	-1.137119	0.732813	-0.611381	-1.086236	0.734637	-0.609931	-1.154547	0.475988	-0.549858	-1.141666	0.490243	-0.451412	-1.228121	0.350781	-0.556150	-1.176590	0.347485	-0.549954	-1.227962	0.310823	-0.550549	-1.184323	0.307941	-0.542674	-1.264968	0.097551	-0.491342	-1.236550	0.122453	-0.408862	-1.131794	0.035124	-0.511009	-1.132300	0.035925	-0.403590	-1.078918	0.047268	-0.456032	-1.335404	0.079140	-0.436012	-1.130916	1.379086	-0.285201	-1.113033	1.374658	-0.650101	
70	0.3450	-1.076385	0.961894	-0.315934	-1.067512	0.953869	-0.575363	-1.225672	0.956712	-0.392954	-1.224915	0.961582	-0.493801	-1.065982	0.802693	-0.272548	-1.023349	0.826070	-0.292299	-1.044887	0.759646	-0.269142	-1.002823	0.784904	-0.283547	-0.900814	0.541649	-0.311824	-0.896941	0.539281	-0.412352	-0.969732	0.420978	-0.275647	-0.923218	0.404519	-0.300616	-0.985916	0.370730	-0.276168	-0.940216	0.361538	-0.297930	-1.048719	0.165551	-0.295546	-1.041500	0.173961	-0.387341	-0.948076	0.078991	-0.291308	-0.948158	0.079435	-0.397464	-0.878434	0.085884	-0.355934	-1.128022	0.151383	-0.339735	-1.135523	0.769796	-0.611909	-1.079663	0.770250	-0.612624	-1.132537	0.732698	-0.611285	-1.081657	0.734035	-0.610153	-1.153102	0.476159	-0.549807	-1.139662	0.490095	-0.451487	-1.227388	0.351396	-0.555961	-1.175881	0.347822	-0.550106	-1.227424	0.311402	-0.550432	-1.183744	0.308290	-0.542790	-1.264722	0.097873	-0.491303	-1.236092	0.122774	-0.408884	-1.131786	0.035098	-0.511012	-1.132226	0.035959	-0.403641	-1.078880	0.047172	-0.456065	-1.335112	0.079657	-0.435936	-1.124261	1.378615	-0.285617	-1.106086	1.374110	-0.650481	
71	0.3500	-1.069718	0.961345	-0.316167	-1.061005	0.953288	-0.575603	-1.219018	0.956151	-0.392951	-1.218324	0.961180	-0.493790	-1.059143	0.802351	-0.272508	-1.016558	0.825840	-0.292308	-1.037946	0.759326	-0.269137	-0.995912	0.784733	-0.283544	-0.893042	0.541993	-0.312356	-0.889358	0.539729	-0.412507	-0.958339	0.419199	-0.276050	-0.911526	0.404364	-0.301429	-0.972958	0.368464	-0.276705	-0.927118	0.360781	-0.298910	-1.028937	0.161081	-0.296911	-1.022632	0.170490	-0.388662	-0.925380	0.077862	-0.294112	-0.926309	0.079380	-0.400325	-0.856486	0.087777	-0.359243	-1.108065	0.144680	-0.340589	-1.130503	0.769603	-0.611922	-1.074619	0.769558	-0.612867	-1.127942	0.732555	-0.611194	-1.077067	0.733401	-0.610364	-1.151633	0.476328	-0.549754	-1.137642	0.489941	-0.451559	-1.226640	0.352021	-0.555768	-1.175159	0.348168	-0.550262	-1.226870	0.311990	-0.550307	-1.183153	0.308644	-0.542906	-1.264469	0.098213	-0.491262	-1.235626	0.123099	-0.408900	-1.131780	0.035067	-0.511018	-1.132152	0.035992	-0.403687	-1.078849	0.047068	-0.456087	-1.334813	0.080192	-0.435858	-1.117598	1.378087	-0.286019	-1.099130	1.373499	-0.650849	
72	0.3550	-1.063034	0.960722	-0.316383	-1.054468	0.952649	-0.575826	-1.212336	0.955532	-0.392952	-1.211702	0.960730	-0.493783	-1.052368	0.801866	-0.272442	-1.009806	0.825447	-0.292270	-1.031104	0.758851	-0.269102	-0.989088	0.784378	-0.283503	-0.885484	0.542126	-0.312874	-0.881936	0.539972	-0.412642	-0.947124	0.417358	-0.276487	-0.900030	0.404153	-0.302225	-0.960153	0.366192	-0.277264	-0.914198	0.360036	-0.299853	-1.009149	0.156809	-0.298308	-1.003736	0.167171	-0.390003	-0.902803	0.077038	-0.296846	-0.904545	0.079591	-0.403108	-0.834716	0.089947	-0.362420	-1.087991	0.138171	-0.341537	-1.125462	0.769375	-0.611936	-1.069556	0.768830	-0.613102	-1.123332	0.732382	-0.611109	-1.072464	0.732734	-0.610566	-1.150127	0.476491	-0.549703	-1.135595	0.489778	-0.451629	-1.225863	0.352654	-0.555573	-1.174415	0.348520	-0.550420	-1.226290	0.312585	-0.550175	-1.182541	0.309000	-0.543022	-1.264208	0.098571	-0.491219	-1.235153	0.123428	-0.408911	-1.131775	0.035033	-0.511025	-1.132078	0.036026	-0.403725	-1.078827	0.046956	-0.456097	-1.334505	0.080744	-0.435779	-1.110927	1.377504	-0.286409	-1.092162	1.372825	-0.651203	
73	0.3600	-1.056328	0.960024	-0.316581	-1.047904	0.951951	-0.576034	-1.205625	0.954856	-0.392956	-1.205051	0.960232	-0.493777	-1.045652	0.801239	-0.272352	-1.003089	0.824893	-0.292188	-1.024354	0.758224	-0.269039	-0.982345	0.783837	-0.283427	-0.878134	0.542049	-0.313380	-0.874667	0.540012	-0.412764	-0.936095	0.415461	-0.276962	-0.888737	0.403890	-0.303005	-0.947508	0.363919	-0.277850	-0.901466	0.359304	-0.300759	-0.989383	0.152756	-0.299732	-0.984827	0.164021	-0.391362	-0.880375	0.076531	-0.299487	-0.882884	0.080078	-0.405794	-0.813147	0.092399	-0.365437	-1.067821	0.131879	-0.342581	-1.120401	0.769110	-0.611954	-1.064474	0.768066	-0.613330	-1.118703	0.732177	-0.611032	-1.067843	0.732034	-0.610760	-1.148571	0.476644	-0.549656	-1.133510	0.489605	-0.451698	-1.225047	0.353291	-0.555378	-1.173635	0.348874	-0.550582	-1.225670	0.313183	-0.550036	-1.181895	0.309354	-0.543139	-1.263938	0.098949	-0.491175	-1.234672	0.123761	-0.408917	-1.131771	0.034994	-0.511035	-1.132006	0.036061	-0.403754	-1.078815	0.046836	-0.456095	-1.334188	0.081317	-0.435699	-1.104247	1.376865	-0.286785	-1.085180	1.372088	-0.651543	
74	0.3650	-1.049597	0.959251	-0.316766	-1.041315	0.951197	-0.576229	-1.198882	0.954124	-0.392958	-1.198370	0.959686	-0.493769	-1.038988	0.800470	-0.272241	-0.996399	0.824177	-0.292066	-1.017688	0.757445	-0.268948	-0.975678	0.783112	-0.283321	-0.870984	0.541763	-0.313879	-0.867545	0.539853	-0.412878	-0.925255	0.413513	-0.277479	-0.877648	0.403578	-0.303768	-0.935030	0.361650	-0.278467	-0.888927	0.358589	-0.301628	-0.969666	0.148937	-0.301179	-0.965923	0.161053	-0.392736	-0.858130	0.076354	-0.302016	-0.861346	0.080846	-0.408363	-0.791805	0.095132	-0.368269	-1.047581	0.125822	-0.343724	-1.115319	0.768806	-0.611977	-1.059372	0.767266	-0.613553	-1.114055	0.731938	-0.610964	-1.063204	0.731300	-0.610948	-1.146952	0.476781	-0.549614	-1.131373	0.489418	-0.451767	-1.224179	0.353927	-0.555187	-1.172809	0.349227	-0.550746	-1.225001	0.313780	-0.549893	-1.181207	0.309701	-0.543256	-1.263657	0.099347	-0.491129	-1.234181	0.124098	-0.408917	-1.131769	0.034951	-0.511048	-1.131935	0.036095	-0.403774	-1.078814	0.046706	-0.456081	-1.333859	0.081912	-0.435617	-1.097557	1.376171	-0.287147	-1.078179	1.371287	-0.651869	
75	0.3700	-1.042833	0.958405	-0.316939	-1.034707	0.950385	-0.576416	-1.192106	0.953339	-0.392956	-1.191661	0.959092	-0.493757	-1.032367	0.799563	-0.272113	-0.989729	0.823302	-0.291909	-1.011100	0.756517	-0.268830	-0.969081	0.782202	-0.283189	-0.864025	0.541272	-0.314375	-0.860563	0.539499	-0.412990	-0.914607	0.411519	-0.278039	-0.866767	0.403219	-0.304514	-0.922727	0.359389	-0.279119	-0.876590	0.357894	-0.302459	-0.950027	0.145367	-0.302642	-0.947046	0.158282	-0.394121	-0.836102	0.076513	-0.304413	-0.839952	0.081898	-0.410797	-0.770716	0.098145	-0.370893	-1.027297	0.120017	-0.344966	-1.110214	0.768464	-0.612005	-1.054250	0.766432	-0.613772	-1.109383	0.731663	-0.610906	-1.058543	0.730532	-0.611133	-1.145257	0.476899	-0.549581	-1.129173	0.489215	-0.451839	-1.223246	0.354558	-0.555000	-1.171925	0.349576	-0.550913	-1.224269	0.314372	-0.549747	-1.180463	0.310038	-0.543373	-1.263364	0.099767	-0.491082	-1.233679	0.124441	-0.408913	-1.131769	0.034905	-0.511063	-1.131866	0.036130	-0.403782	-1.078824	0.046568	-0.456053	-1.333518	0.082531	-0.435535	-1.090858	1.375422	-0.287493	-1.071159	1.370422	-0.652181	
76	0.3750	-1.036033	0.957484	-0.317102	-1.028081	0.949517	-0.576596	-1.185294	0.952500	-0.392945	-1.184926	0.958451	-0.493736	-1.025781	0.798518	-0.271972	-0.983073	0.822269	-0.291719	-1.004580	0.755440	-0.268687	-0.962544	0.781111	-0.283035	-0.857245	0.540581	-0.314869	-0.853711	0.538956	-0.413105	-0.904152	0.409484	-0.278645	-0.856094	0.402815	-0.305242	-0.910604	0.357139	-0.279809	-0.864460	0.357218	-0.303254	-0.930497	0.142058	-0.304117	-0.928216	0.155717	-0.395515	-0.814326	0.077010	-0.306664	-0.818727	0.083234	-0.413080	-0.749907	0.101432	-0.373288	-1.007001	0.114479	-0.346306	-1.105084	0.768081	-0.612041	-1.049107	0.765566	-0.613989	-1.104683	0.731351	-0.610860	-1.053856	0.729731	-0.611316	-1.143472	0.476993	-0.549558	-1.126897	0.488994	-0.451914	-1.222236	0.355182	-0.554822	-1.170970	0.349916	-0.551082	-1.223464	0.314956	-0.549599	-1.179654	0.310362	-0.543492	-1.263056	0.100210	-0.491034	-1.233165	0.124791	-0.408905	-1.131770	0.034857	-0.511081	-1.131801	0.036165	-0.403779	-1.078845	0.046419	-0.456012	-1.333162	0.083178	-0.435454	-1.084148	1.374620	-0.287824	-1.064117	1.369492	-0.652479	
77	0.3800	-1.029191	0.956489	-0.317257	-1.021442	0.948595	-0.576772	-1.178445	0.951610	-0.392924	-1.178165	0.957764	-0.493703	-1.019222	0.797338	-0.271821	-0.976423	0.821083	-0.291502	-0.998120	0.754220	-0.268521	-0.956061	0.779843	-0.282863	-0.850633	0.539696	-0.315366	-0.846981	0.538233	-0.413228	-0.893890	0.407411	-0.279295	-0.845629	0.402368	-0.305952	-0.898665	0.354903	-0.280539	-0.852541	0.356561	-0.304012	-0.911108	0.139016	-0.305598	-0.909459	0.153367	-0.396913	-0.792835	0.077843	-0.308753	-0.797694	0.084850	-0.415199	-0.729403	0.104984	-0.375438	-0.986725	0.109219	-0.347742	-1.099927	0.767658	-0.612084	-1.043943	0.764668	-0.614206	-1.099952	0.731001	-0.610825	-1.049139	0.728898	-0.611500	-1.141585	0.477059	-0.549548	-1.124535	0.488752	-0.451994	-1.221136	0.355794	-0.554653	-1.169934	0.350246	-0.551254	-1.222573	0.315529	-0.549450	-1.178769	0.310669	-0.543611	-1.262732	0.100677	-0.490984	-1.232637	0.125148	-0.408893	-1.131773	0.034807	-0.511102	-1.131739	0.036199	-0.403763	-1.078877	0.046261	-0.455959	-1.332790	0.083855	-0.435373	-1.077425	1.373763	-0.288137	-1.057050	1.368499	-0.652762	
78	0.3850	-1.022303	0.955423	-0.317408	-1.014792	0.947621	-0.576946	-1.171558	0.950669	-0.392888	-1.171379	0.957029	-0.493654	-1.012679	0.796029	-0.271663	-0.969771	0.819747	-0.291262	-0.991708	0.752861	-0.268334	-0.949621	0.778403	-0.282678	-0.844175	0.538624	-0.315867	-0.840363	0.537337	-0.413362	-0.883819	0.405307	-0.279991	-0.835372	0.401879	-0.306644	-0.886913	0.352682	-0.281311	-0.840837	0.355922	-0.304736	-0.891895	0.136246	-0.307080	-0.890802	0.151236	-0.398312	-0.771666	0.079005	-0.310669	-0.776882	0.086739	-0.417144	-0.709235	0.108788	-0.377332	-0.966504	0.104245	-0.349269	-1.094741	0.767195	-0.612136	-1.038755	0.763741	-0.614424	-1.095185	0.730611	-0.610802	-1.044389	0.728033	-0.611687	-1.139586	0.477096	-0.549552	-1.122074	0.488488	-0.452082	-1.219937	0.356392	-0.554497	-1.168806	0.350561	-0.551427	-1.221587	0.316087	-0.549304	-1.177798	0.310956	-0.543732	-1.262390	0.101170	-0.490934	-1.232094	0.125515	-0.408878	-1.131776	0.034756	-0.511126	-1.131680	0.036234	-0.403735	-1.078921	0.046092	-0.455892	-1.332401	0.084564	-0.435294	-1.070687	1.372852	-0.288433	-1.049958	1.367440	-0.653030	
79	0.3900	-1.015364	0.954284	-0.317555	-1.008133	0.946595	-0.577122	-1.164629	0.949679	-0.392834	-1.164570	0.956249	-0.493588	-1.006144	0.794593	-0.271503	-0.963110	0.818266	-0.291005	-0.985336	0.751367	-0.268131	-0.943216	0.776799	-0.282484	-0.837858	0.537375	-0.316374	-0.833847	0.536279	-0.413509	-0.873937	0.403173	-0.280730	-0.825319	0.401349	-0.307316	-0.875352	0.350478	-0.282126	-0.829351	0.355298	-0.305427	-0.872890	0.133747	-0.308558	-0.872274	0.149327	-0.399708	-0.750854	0.080483	-0.312406	-0.756320	0.088889	-0.418907	-0.689429	0.112826	-0.378961	-0.946375	0.099562	-0.350883	-1.089524	0.766692	-0.612198	-1.033542	0.762787	-0.614646	-1.090378	0.730181	-0.610792	-1.039602	0.727137	-0.611880	-1.137463	0.477099	-0.549572	-1.119506	0.488200	-0.452178	-1.218627	0.356973	-0.554356	-1.167576	0.350859	-0.551604	-1.220495	0.316630	-0.549161	-1.176732	0.311223	-0.543855	-1.262029	0.101691	-0.490883	-1.231532	0.125892	-0.408861	-1.131780	0.034706	-0.511153	-1.131625	0.036267	-0.403694	-1.078974	0.045913	-0.455813	-1.331992	0.085309	-0.435218	-1.063934	1.371889	-0.288709	-1.042841	1.366318	-0.653282	
80	0.3950	-1.008371	0.953076	-0.317702	-1.001468	0.945522	-0.577300	-1.157658	0.948641	-0.392760	-1.157735	0.955423	-0.493500	-0.999607	0.793036	-0.271343	-0.956432	0.816649	-0.290734	-0.978991	0.749744	-0.267913	-0.936834	0.775039	-0.282285	-0.831665	0.535959	-0.316888	-0.827422	0.535068	-0.413673	-0.864240	0.401014	-0.281510	-0.815468	0.400777	-0.307970	-0.863983	0.348290	-0.282982	-0.818084	0.354684	-0.306086	-0.854129	0.131515	-0.310026	-0.853907	0.147638	-0.401099	-0.730433	0.082259	-0.313958	-0.736038	0.091283	-0.420482	-0.670013	0.117076	-0.380321	-0.926380	0.095171	-0.352578	-1.084273	0.766151	-0.612270	-1.028303	0.761809	-0.614873	-1.085526	0.729711	-0.610796	-1.034774	0.726212	-0.612079	-1.135208	0.477068	-0.549611	-1.116820	0.487887	-0.452285	-1.217199	0.357536	-0.554232	-1.166235	0.351139	-0.551783	-1.219290	0.317154	-0.549024	-1.175563	0.311467	-0.543980	-1.261644	0.102240	-0.490834	-1.230950	0.126283	-0.408843	-1.131784	0.034657	-0.511183	-1.131573	0.036300	-0.403641	-1.079037	0.045723	-0.455721	-1.331562	0.086093	-0.435147	-1.057161	1.370872	-0.288965	-1.035696	1.365131	-0.653518	
81	0.4000	-1.001320	0.951800	-0.317849	-0.994797	0.944402	-0.577483	-1.150642	0.947556	-0.392664	-1.150877	0.954552	-0.493388	-0.993057	0.791365	-0.271187	-0.949730	0.814901	-0.290457	-0.972662	0.748000	-0.267685	-0.930465	0.773133	-0.282084	-0.825580	0.534387	-0.317409	-0.821077	0.533718	-0.413855	-0.854721	0.398834	-0.282328	-0.805814	0.400162	-0.308604	-0.852807	0.346120	-0.283877	-0.807038	0.354077	-0.306716	-0.835647	0.129543	-0.311481	-0.835733	0.146163	-0.402480	-0.710439	0.084309	-0.315323	-0.716070	0.093899	-0.421869	-0.651017	0.121513	-0.381414	-0.906561	0.091070	-0.354346	-1.078985	0.765572	-0.612354	-1.023033	0.760810	-0.615108	-1.080624	0.729202	-0.610813	-1.029900	0.725261	-0.612288	-1.132815	0.477001	-0.549668	-1.114010	0.487548	-0.452406	-1.215644	0.358080	-0.554127	-1.164777	0.351400	-0.551967	-1.217964	0.317661	-0.548896	-1.174284	0.311689	-0.544110	-1.261236	0.102820	-0.490788	-1.230345	0.126689	-0.408826	-1.131787	0.034610	-0.511217	-1.131525	0.036331	-0.403575	-1.079107	0.045522	-0.455619	-1.331110	0.086920	-0.435081	-1.050367	1.369804	-0.289200	-1.028525	1.363882	-0.653738	
82	0.4050	-0.994207	0.950457	-0.317999	-0.988119	0.943240	-0.577673	-1.143581	0.946426	-0.392544	-1.143993	0.953638	-0.493251	-0.986486	0.789586	-0.271037	-0.942996	0.813033	-0.290176	-0.966337	0.746142	-0.267451	-0.924098	0.771092	-0.281886	-0.819587	0.532672	-0.317938	-0.814798	0.532241	-0.414054	-0.845375	0.396635	-0.283181	-0.796350	0.399503	-0.309218	-0.841825	0.343965	-0.284810	-0.796211	0.353470	-0.307320	-0.817480	0.127817	-0.312918	-0.817789	0.144895	-0.403848	-0.690904	0.086604	-0.316505	-0.696448	0.096712	-0.423070	-0.632468	0.126105	-0.382246	-0.886962	0.087255	-0.356177	-1.073655	0.764959	-0.612450	-1.017731	0.759791	-0.615351	-1.075667	0.728655	-0.610845	-1.024976	0.724284	-0.612509	-1.130276	0.476900	-0.549747	-1.111068	0.487182	-0.452542	-1.213957	0.358605	-0.554045	-1.163195	0.351642	-0.552155	-1.216511	0.318149	-0.548781	-1.172891	0.311888	-0.544244	-1.260802	0.103433	-0.490747	-1.229715	0.127112	-0.408812	-1.131789	0.034567	-0.511255	-1.131480	0.036360	-0.403498	-1.079183	0.045313	-0.455506	-1.330633	0.087792	-0.435024	-1.043547	1.368684	-0.289412	-1.021329	1.362572	-0.653942	
83	0.4100	-0.987030	0.949052	-0.318151	-0.981435	0.942039	-0.577870	-1.136471	0.945251	-0.392397	-1.137082	0.952680	-0.493086	-0.979882	0.787708	-0.270896	-0.936224	0.811053	-0.289897	-0.960005	0.744180	-0.267214	-0.917721	0.768930	-0.281694	-0.813666	0.530828	-0.318475	-0.808574	0.530651	-0.414272	-0.836195	0.394420	-0.284062	-0.787072	0.398798	-0.309813	-0.831037	0.341825	-0.285777	-0.785604	0.352857	-0.307899	-0.799662	0.126321	-0.314332	-0.800110	0.143821	-0.405199	-0.671863	0.089110	-0.317506	-0.677208	0.099691	-0.424088	-0.614392	0.130817	-0.382825	-0.867630	0.083717	-0.358062	-1.068282	0.764313	-0.612558	-1.012393	0.758757	-0.615606	-1.070652	0.728071	-0.610891	-1.019997	0.723286	-0.612743	-1.127589	0.476764	-0.549849	-1.107990	0.486791	-0.452695	-1.212133	0.359112	-0.553987	-1.161485	0.351864	-0.552349	-1.214928	0.318621	-0.548680	-1.171379	0.312067	-0.544386	-1.260339	0.104080	-0.490712	-1.229058	0.127554	-0.408803	-1.131788	0.034528	-0.511296	-1.131438	0.036387	-0.403410	-1.079263	0.045094	-0.455383	-1.330131	0.088713	-0.434976	-1.036700	1.367515	-0.289600	-1.014106	1.361202	-0.654128	
84	0.4150	-0.979786	0.947586	-0.318308	-0.974741	0.940802	-0.578074	-1.129312	0.944034	-0.392225	-1.130142	0.951681	-0.492893	-0.973238	0.785738	-0.270767	-0.929406	0.808973	-0.289625	-0.953652	0.742123	-0.266980	-0.911321	0.766661	-0.281510	-0.807799	0.528869	-0.319018	-0.802390	0.528961	-0.414507	-0.827173	0.392193	-0.284969	-0.777972	0.398044	-0.310389	-0.820444	0.339698	-0.286773	-0.775214	0.352230	-0.308456	-0.782229	0.125038	-0.315722	-0.782734	0.142925	-0.406532	-0.653344	0.091787	-0.318336	-0.658386	0.102800	-0.424931	-0.596815	0.135608	-0.383168	-0.848613	0.080445	-0.359991	-1.062860	0.763638	-0.612679	-1.007015	0.757710	-0.615873	-1.065572	0.727453	-0.610952	-1.014961	0.722269	-0.612993	-1.124751	0.476596	-0.549975	-1.104772	0.486375	-0.452868	-1.210169	0.359602	-0.553956	-1.159643	0.352068	-0.552552	-1.213211	0.319079	-0.548598	-1.169745	0.312226	-0.544536	-1.259847	0.104763	-0.490688	-1.228370	0.128019	-0.408802	-1.131785	0.034494	-0.511340	-1.131399	0.036411	-0.403312	-1.079345	0.044867	-0.455252	-1.329602	0.089685	-0.434942	-1.029821	1.366297	-0.289764	-1.006860	1.359775	-0.654296	
85	0.4200	-0.972473	0.946065	-0.318469	-0.968036	0.939533	-0.578287	-1.122100	0.942777	-0.392026	-1.123171	0.950642	-0.492671	-0.966542	0.783687	-0.270650	-0.922534	0.806805	-0.289364	-0.947266	0.739981	-0.266751	-0.904888	0.764300	-0.281337	-0.801967	0.526811	-0.319566	-0.796234	0.527186	-0.414757	-0.818300	0.389956	-0.285894	-0.769040	0.397238	-0.310947	-0.810044	0.337584	-0.287795	-0.765039	0.351581	-0.308994	-0.765214	0.123943	-0.317083	-0.765698	0.142189	-0.407844	-0.635380	0.094591	-0.319004	-0.640017	0.106000	-0.425609	-0.579763	0.140435	-0.383290	-0.829959	0.077426	-0.361952	-1.057386	0.762937	-0.612813	-1.001593	0.756654	-0.616154	-1.060424	0.726804	-0.611028	-1.009863	0.721236	-0.613260	-1.121762	0.476399	-0.550126	-1.101412	0.485936	-0.453063	-1.208064	0.360079	-0.553953	-1.157668	0.352255	-0.552764	-1.211360	0.319526	-0.548538	-1.167988	0.312370	-0.544697	-1.259322	0.105484	-0.490677	-1.227650	0.128510	-0.408814	-1.131777	0.034466	-0.511389	-1.131362	0.036432	-0.403205	-1.079427	0.044634	-0.455115	-1.329045	0.090714	-0.434923	-1.022906	1.365033	-0.289901	-0.999592	1.358294	-0.654446	
86	0.4250	-0.965089	0.944492	-0.318634	-0.961314	0.938235	-0.578508	-1.114835	0.941480	-0.391800	-1.116166	0.949564	-0.492420	-0.959786	0.781564	-0.270549	-0.915603	0.804562	-0.289118	-0.940835	0.737767	-0.266532	-0.898409	0.761863	-0.281179	-0.796151	0.524669	-0.320120	-0.790091	0.525342	-0.415021	-0.809569	0.387713	-0.286834	-0.760270	0.396376	-0.311487	-0.799836	0.335480	-0.288836	-0.755075	0.350902	-0.309515	-0.748650	0.123012	-0.318414	-0.749040	0.141589	-0.409131	-0.617996	0.097475	-0.319524	-0.622137	0.109245	-0.426134	-0.563257	0.145251	-0.383214	-0.811717	0.074646	-0.363933	-1.051856	0.762214	-0.612961	-0.996122	0.755591	-0.616450	-1.055204	0.726127	-0.611121	-1.004698	0.720191	-0.613545	-1.118621	0.476177	-0.550304	-1.097907	0.485476	-0.453282	-1.205818	0.360545	-0.553981	-1.155559	0.352429	-0.552987	-1.209375	0.319965	-0.548504	-1.166109	0.312502	-0.544872	-1.258763	0.106245	-0.490683	-1.226895	0.129027	-0.408841	-1.131764	0.034443	-0.511441	-1.131327	0.036447	-0.403091	-1.079506	0.044395	-0.454971	-1.328459	0.091800	-0.434924	-1.015952	1.363725	-0.290012	-0.992302	1.356762	-0.654577	
87	0.4300	-0.957631	0.942872	-0.318804	-0.954571	0.936912	-0.578737	-1.107512	0.940147	-0.391550	-1.109122	0.948449	-0.492142	-0.952961	0.779381	-0.270463	-0.908604	0.802256	-0.288890	-0.934346	0.735492	-0.266328	-0.891870	0.759367	-0.281037	-0.790331	0.522460	-0.320676	-0.783949	0.523442	-0.415297	-0.800971	0.385465	-0.287782	-0.751652	0.395455	-0.312011	-0.789821	0.333386	-0.289891	-0.745319	0.350183	-0.310022	-0.732569	0.122218	-0.319711	-0.732799	0.141102	-0.410393	-0.601218	0.100389	-0.319910	-0.604781	0.112489	-0.426522	-0.547317	0.150004	-0.382964	-0.793935	0.072086	-0.365922	-1.046265	0.761473	-0.613123	-0.990598	0.754525	-0.616763	-1.049907	0.725427	-0.611229	-0.999464	0.719138	-0.613851	-1.115330	0.475932	-0.550511	-1.094259	0.484997	-0.453528	-1.203432	0.361005	-0.554042	-1.153315	0.352592	-0.553224	-1.207256	0.320402	-0.548500	-1.164106	0.312626	-0.545063	-1.258168	0.107048	-0.490711	-1.226102	0.129575	-0.408889	-1.131746	0.034427	-0.511497	-1.131293	0.036457	-0.402971	-1.079581	0.044153	-0.454823	-1.327844	0.092949	-0.434948	-1.008955	1.362375	-0.290095	-0.984995	1.355184	-0.654688	
88	0.4350	-0.950099	0.941211	-0.318977	-0.947801	0.935568	-0.578972	-1.100131	0.938779	-0.391275	-1.102037	0.947300	-0.491837	-0.946058	0.777151	-0.270394	-0.901532	0.799902	-0.288685	-0.927787	0.733170	-0.266141	-0.885261	0.756829	-0.280915	-0.784489	0.520200	-0.321235	-0.777792	0.521503	-0.415581	-0.792497	0.383217	-0.288733	-0.743177	0.394472	-0.312519	-0.779996	0.331299	-0.290954	-0.735765	0.349418	-0.310519	-0.716999	0.121532	-0.320975	-0.717009	0.140700	-0.411628	-0.585069	0.103279	-0.320179	-0.587983	0.115681	-0.426786	-0.531963	0.154642	-0.382565	-0.776663	0.069730	-0.367907	-1.040609	0.760720	-0.613298	-0.985016	0.753459	-0.617093	-1.044529	0.724707	-0.611355	-0.994156	0.718080	-0.614177	-1.111892	0.475671	-0.550746	-1.090467	0.484501	-0.453801	-1.200907	0.361464	-0.554138	-1.150939	0.352747	-0.553477	-1.205006	0.320842	-0.548529	-1.161983	0.312747	-0.545275	-1.257535	0.107894	-0.490766	-1.225269	0.130157	-0.408962	-1.131720	0.034416	-0.511558	-1.131260	0.036460	-0.402846	-1.079650	0.043911	-0.454672	-1.327198	0.094162	-0.434998	-1.001910	1.360987	-0.290149	-0.977671	1.353564	-0.654780	
89	0.4400	-0.942490	0.939514	-0.319152	-0.940998	0.934208	-0.579214	-1.092688	0.937381	-0.390977	-1.094904	0.946120	-0.491507	-0.939068	0.774885	-0.270344	-0.894378	0.797516	-0.288505	-0.921144	0.730814	-0.265976	-0.878568	0.754268	-0.280813	-0.778605	0.517906	-0.321794	-0.771607	0.519538	-0.415872	-0.784138	0.380971	-0.289682	-0.734833	0.393422	-0.313015	-0.770361	0.329220	-0.292019	-0.726410	0.348596	-0.311006	-0.701968	0.120925	-0.322203	-0.701705	0.140357	-0.412834	-0.569570	0.106093	-0.320348	-0.571774	0.118769	-0.426944	-0.517207	0.159111	-0.382046	-0.759944	0.067559	-0.369877	-1.034884	0.759958	-0.613488	-0.979369	0.752395	-0.617440	-1.039066	0.723972	-0.611498	-0.988771	0.717021	-0.614524	-1.108309	0.475398	-0.551013	-1.086533	0.483992	-0.454105	-1.198247	0.361927	-0.554271	-1.148431	0.352898	-0.553748	-1.202628	0.321290	-0.548597	-1.159741	0.312869	-0.545509	-1.256863	0.108785	-0.490853	-1.224394	0.130773	-0.409064	-1.131686	0.034409	-0.511622	-1.131228	0.036455	-0.402718	-1.079711	0.043669	-0.454519	-1.326521	0.095444	-0.435079	-0.994815	1.359562	-0.290175	-0.970333	1.351908	-0.654850	
90	0.4450	-0.934803	0.937788	-0.319329	-0.934155	0.932833	-0.579460	-1.085180	0.935954	-0.390659	-1.087719	0.944911	-0.491154	-0.931984	0.772597	-0.270311	-0.887138	0.795111	-0.288353	-0.914406	0.728438	-0.265837	-0.871780	0.751700	-0.280735	-0.772662	0.515593	-0.322351	-0.765382	0.517561	-0.416167	-0.775887	0.378731	-0.290623	-0.726613	0.392304	-0.313498	-0.760914	0.327147	-0.293080	-0.717247	0.347712	-0.311487	-0.687500	0.120367	-0.323396	-0.686920	0.140042	-0.414010	-0.554737	0.108775	-0.320434	-0.556184	0.121700	-0.427014	-0.503063	0.163354	-0.381434	-0.743825	0.065556	-0.371819	-1.029084	0.759192	-0.613690	-0.973652	0.751337	-0.617804	-1.033516	0.723228	-0.611660	-0.983304	0.715965	-0.614892	-1.104585	0.475117	-0.551311	-1.082458	0.483471	-0.454441	-1.195454	0.362398	-0.554442	-1.145794	0.353048	-0.554040	-1.200124	0.321753	-0.548706	-1.157383	0.312999	-0.545770	-1.256147	0.109722	-0.490977	-1.223473	0.131428	-0.409203	-1.131644	0.034404	-0.511691	-1.131197	0.036442	-0.402588	-1.079762	0.043430	-0.454365	-1.325810	0.096797	-0.435196	-0.987666	1.358106	-0.290171	-0.962984	1.350222	-0.654899	
91	0.4500	-0.927037	0.936041	-0.319507	-0.927263	0.931450	-0.579709	-1.077604	0.934504	-0.390324	-1.080478	0.943676	-0.490781	-0.924798	0.770300	-0.270297	-0.879804	0.792704	-0.288231	-0.907562	0.726057	-0.265725	-0.864887	0.749144	-0.280682	-0.766641	0.513279	-0.322906	-0.759103	0.515587	-0.416462	-0.767735	0.376500	-0.291551	-0.718505	0.391115	-0.313971	-0.751653	0.325080	-0.294131	-0.708270	0.346757	-0.311964	-0.673616	0.119829	-0.324553	-0.672682	0.139727	-0.415156	-0.540583	0.111274	-0.320457	-0.541238	0.124420	-0.427013	-0.489538	0.167316	-0.380759	-0.728345	0.063702	-0.373723	-1.023204	0.758426	-0.613906	-0.967860	0.750286	-0.618185	-1.027874	0.722479	-0.611840	-0.977753	0.714917	-0.615283	-1.100722	0.474834	-0.551643	-1.078244	0.482943	-0.454810	-1.192531	0.362884	-0.554654	-1.143029	0.353202	-0.554355	-1.197499	0.322236	-0.548861	-1.154910	0.313140	-0.546060	-1.255387	0.110707	-0.491144	-1.222503	0.132122	-0.409382	-1.131594	0.034400	-0.511764	-1.131166	0.036418	-0.402457	-1.079803	0.043197	-0.454211	-1.325064	0.098225	-0.435352	-0.980460	1.356623	-0.290137	-0.955626	1.348512	-0.654926	
92	0.4550	-0.919190	0.934280	-0.319683	-0.920316	0.930060	-0.579960	-1.069959	0.933035	-0.389974	-1.073174	0.942421	-0.490391	-0.917502	0.768008	-0.270302	-0.872371	0.790310	-0.288141	-0.900600	0.723686	-0.265645	-0.857876	0.746617	-0.280656	-0.760528	0.510978	-0.323457	-0.752760	0.513628	-0.416756	-0.759675	0.374283	-0.292463	-0.710500	0.389854	-0.314437	-0.742577	0.323021	-0.295166	-0.699473	0.345727	-0.312439	-0.660334	0.119285	-0.325675	-0.659017	0.139383	-0.416271	-0.527121	0.113537	-0.320434	-0.526960	0.126876	-0.426959	-0.476636	0.170944	-0.380049	-0.713541	0.061981	-0.375579	-1.017241	0.757665	-0.614134	-0.961986	0.749245	-0.618582	-1.022137	0.721730	-0.612039	-0.972113	0.713878	-0.615694	-1.096724	0.474553	-0.552010	-1.073892	0.482409	-0.455215	-1.189481	0.363389	-0.554908	-1.140138	0.353362	-0.554696	-1.194753	0.322745	-0.549065	-1.152325	0.313298	-0.546384	-1.254579	0.111742	-0.491359	-1.221483	0.132859	-0.409607	-1.131533	0.034394	-0.511842	-1.131136	0.036383	-0.402327	-1.079834	0.042973	-0.454057	-1.324281	0.099732	-0.435553	-0.973194	1.355116	-0.290074	-0.948262	1.346786	-0.654931	
93	0.4600	-0.911260	0.932512	-0.319857	-0.913304	0.928668	-0.580212	-1.062240	0.931552	-0.389611	-1.065803	0.941148	-0.489987	-0.910091	0.765736	-0.270326	-0.864831	0.787946	-0.288083	-0.893510	0.721339	-0.265598	-0.850739	0.744136	-0.280658	-0.754307	0.508706	-0.324003	-0.746341	0.511696	-0.417045	-0.751700	0.372084	-0.293354	-0.702587	0.388520	-0.314896	-0.733683	0.320971	-0.296181	-0.690849	0.344617	-0.312915	-0.647668	0.118708	-0.326762	-0.645947	0.138984	-0.417355	-0.514355	0.115517	-0.320381	-0.513368	0.129019	-0.426869	-0.464359	0.174185	-0.379332	-0.699447	0.060379	-0.377378	-1.011188	0.756912	-0.614374	-0.956023	0.748216	-0.618994	-1.016301	0.720985	-0.612258	-0.966380	0.712854	-0.616125	-1.092591	0.474278	-0.552412	-1.069403	0.481872	-0.455655	-1.186306	0.363919	-0.555205	-1.137121	0.353533	-0.555065	-1.191891	0.323285	-0.549321	-1.149629	0.313478	-0.546746	-1.253719	0.112827	-0.491629	-1.220407	0.133641	-0.409883	-1.131464	0.034383	-0.511926	-1.131105	0.036337	-0.402199	-1.079853	0.042759	-0.453904	-1.323457	0.101321	-0.435803	-0.965866	1.353591	-0.289981	-0.940894	1.345050	-0.654913	
94	0.4650	-0.903247	0.930747	-0.320027	-0.906221	0.927278	-0.580461	-1.054446	0.930061	-0.389240	-1.058359	0.939862	-0.489573	-0.902557	0.763498	-0.270368	-0.857181	0.785625	-0.288060	-0.886282	0.719030	-0.265587	-0.843467	0.741716	-0.280690	-0.747964	0.506476	-0.324542	-0.739837	0.509803	-0.417327	-0.743802	0.369909	-0.294221	-0.694758	0.387115	-0.315352	-0.724969	0.318932	-0.297170	-0.682390	0.343423	-0.313392	-0.635629	0.118076	-0.327815	-0.633490	0.138505	-0.418409	-0.502289	0.117169	-0.320316	-0.500476	0.130799	-0.426759	-0.452702	0.176991	-0.378631	-0.686089	0.058883	-0.379111	-1.005040	0.756171	-0.614625	-0.949967	0.747200	-0.619418	-1.010364	0.720250	-0.612497	-0.960551	0.711847	-0.616575	-1.088324	0.474012	-0.552852	-1.064777	0.481333	-0.456132	-1.183007	0.364478	-0.555546	-1.133979	0.353715	-0.555463	-1.188912	0.323862	-0.549632	-1.146823	0.313683	-0.547147	-1.252803	0.113964	-0.491957	-1.219272	0.134469	-0.410216	-1.131385	0.034364	-0.512014	-1.131075	0.036280	-0.402074	-1.079863	0.042558	-0.453751	-1.322589	0.102998	-0.436107	-0.958475	1.352052	-0.289858	-0.933525	1.343314	-0.654872	
95	0.4700	-0.895150	0.928992	-0.320193	-0.899059	0.925893	-0.580708	-1.046573	0.928570	-0.388862	-1.050838	0.938569	-0.489151	-0.894897	0.761309	-0.270429	-0.849415	0.783362	-0.288070	-0.878909	0.716774	-0.265613	-0.836053	0.739372	-0.280754	-0.741488	0.504302	-0.325072	-0.733240	0.507959	-0.417601	-0.735976	0.367762	-0.295061	-0.687003	0.385641	-0.315806	-0.716431	0.316908	-0.298129	-0.674088	0.342146	-0.313873	-0.624222	0.117369	-0.328836	-0.621657	0.137923	-0.419432	-0.490922	0.118454	-0.320253	-0.488293	0.132176	-0.426643	-0.441660	0.179317	-0.377972	-0.673491	0.057481	-0.380772	-0.998793	0.755445	-0.614885	-0.943809	0.746200	-0.619853	-1.004321	0.719528	-0.612755	-0.954620	0.710860	-0.617042	-1.083922	0.473758	-0.553329	-1.060012	0.480793	-0.456648	-1.179583	0.365069	-0.555934	-1.130711	0.353912	-0.555893	-1.185818	0.324479	-0.550001	-1.143905	0.313917	-0.547592	-1.251827	0.115154	-0.492348	-1.218074	0.135345	-0.410610	-1.131298	0.034332	-0.512107	-1.131045	0.036211	-0.401952	-1.079865	0.042371	-0.453598	-1.321672	0.104766	-0.436468	-0.951020	1.350507	-0.289707	-0.926157	1.341586	-0.654808	
96	0.4750	-0.886967	0.927256	-0.320352	-0.891810	0.924516	-0.580950	-1.038619	0.927085	-0.388481	-1.043235	0.937273	-0.488726	-0.887105	0.759181	-0.270507	-0.841530	0.781173	-0.288115	-0.871384	0.714585	-0.265678	-0.828489	0.737118	-0.280851	-0.734869	0.502197	-0.325594	-0.726542	0.506173	-0.417864	-0.728214	0.365650	-0.295870	-0.679312	0.384103	-0.316259	-0.708065	0.314903	-0.299054	-0.665936	0.340786	-0.314359	-0.613448	0.116572	-0.329825	-0.610456	0.137220	-0.420424	-0.480249	0.119340	-0.320205	-0.476825	0.133111	-0.426536	-0.431219	0.181124	-0.377375	-0.661667	0.056167	-0.382353	-0.992441	0.754736	-0.615153	-0.937545	0.745216	-0.620296	-0.998169	0.718823	-0.613033	-0.948583	0.709895	-0.617525	-1.079382	0.473516	-0.553847	-1.055107	0.480254	-0.457201	-1.176032	0.365696	-0.556369	-1.127315	0.354124	-0.556357	-1.182606	0.325139	-0.550428	-1.140875	0.314183	-0.548083	-1.250786	0.116399	-0.492808	-1.216808	0.136270	-0.411069	-1.131203	0.034283	-0.512207	-1.131014	0.036132	-0.401834	-1.079860	0.042202	-0.453445	-1.320698	0.106632	-0.436892	-0.943501	1.348960	-0.289527	-0.918792	1.339873	-0.654720	
97	0.4800	-0.878699	0.925550	-0.320505	-0.884468	0.923152	-0.581186	-1.030584	0.925616	-0.388100	-1.035547	0.935980	-0.488300	-0.879179	0.757129	-0.270604	-0.833521	0.779071	-0.288193	-0.863700	0.712476	-0.265782	-0.820771	0.734968	-0.280981	-0.728097	0.500171	-0.326105	-0.719738	0.504455	-0.418114	-0.720512	0.363581	-0.296646	-0.671678	0.382504	-0.316713	-0.699867	0.312923	-0.299942	-0.657924	0.339345	-0.314850	-0.603306	0.115673	-0.330783	-0.599890	0.136382	-0.421385	-0.470261	0.119799	-0.320185	-0.466069	0.133573	-0.426449	-0.421366	0.182378	-0.376857	-0.650627	0.054935	-0.383852	-0.985980	0.754046	-0.615427	-0.931168	0.744250	-0.620743	-0.991904	0.718138	-0.613330	-0.942435	0.708955	-0.618020	-1.074701	0.473286	-0.554405	-1.050058	0.479714	-0.457793	-1.172353	0.366361	-0.556852	-1.123785	0.354352	-0.556856	-1.179274	0.325845	-0.550915	-1.137728	0.314482	-0.548622	-1.249672	0.117700	-0.493340	-1.215467	0.137248	-0.411596	-1.131102	0.034213	-0.512311	-1.130983	0.036043	-0.401721	-1.079851	0.042050	-0.453291	-1.319662	0.108601	-0.437383	-0.935919	1.347418	-0.289321	-0.911431	1.338186	-0.654609	
98	0.4850	-0.870346	0.923881	-0.320650	-0.877027	0.921804	-0.581414	-1.022466	0.924170	-0.387721	-1.027771	0.934696	-0.487878	-0.871116	0.755165	-0.270717	-0.825387	0.777067	-0.288304	-0.855856	0.710459	-0.265926	-0.812897	0.732931	-0.281146	-0.721168	0.498236	-0.326605	-0.712823	0.502811	-0.418351	-0.712864	0.361560	-0.297388	-0.664092	0.380854	-0.317170	-0.691831	0.310975	-0.300789	-0.650044	0.337830	-0.315348	-0.593787	0.114665	-0.331713	-0.589956	0.135398	-0.422317	-0.460945	0.119813	-0.320200	-0.456021	0.133538	-0.426392	-0.412082	0.183054	-0.376433	-0.640375	0.053780	-0.385264	-0.979403	0.753376	-0.615706	-0.924671	0.743302	-0.621193	-0.985522	0.717476	-0.613645	-0.936170	0.708042	-0.618525	-1.069871	0.473069	-0.555005	-1.044860	0.479173	-0.458423	-1.168539	0.367064	-0.557384	-1.120119	0.354596	-0.557392	-1.175816	0.326598	-0.551464	-1.134460	0.314815	-0.549212	-1.248479	0.119059	-0.493945	-1.214046	0.138278	-0.412193	-1.130996	0.034119	-0.512422	-1.130950	0.035949	-0.401614	-1.079842	0.041918	-0.453134	-1.318552	0.110680	-0.437943	-0.928273	1.345888	-0.289088	-0.904077	1.336534	-0.654475	
99	0.4900	-0.861908	0.922260	-0.320788	-0.869483	0.920476	-0.581635	-1.014265	0.922757	-0.387347	-1.019904	0.933428	-0.487463	-0.862917	0.753302	-0.270847	-0.817128	0.775175	-0.288446	-0.847848	0.708547	-0.266107	-0.804865	0.731019	-0.281345	-0.714077	0.496401	-0.327092	-0.705796	0.501248	-0.418572	-0.705264	0.359597	-0.298093	-0.656548	0.379160	-0.317630	-0.683951	0.309066	-0.301594	-0.642288	0.336246	-0.315853	-0.584881	0.113545	-0.332615	-0.580647	0.134262	-0.423217	-0.452284	0.119369	-0.320259	-0.446669	0.132990	-0.426373	-0.403346	0.183133	-0.376115	-0.630905	0.052703	-0.386587	-0.972707	0.752728	-0.615988	-0.918050	0.742374	-0.621640	-0.979018	0.716837	-0.613976	-0.929784	0.707156	-0.619038	-1.064885	0.472861	-0.555648	-1.039507	0.478629	-0.459091	-1.164583	0.367807	-0.557964	-1.116308	0.354853	-0.557964	-1.172228	0.327397	-0.552074	-1.131064	0.315183	-0.549853	-1.247198	0.120477	-0.494627	-1.212537	0.139363	-0.412864	-1.130886	0.033996	-0.512539	-1.130915	0.035851	-0.401513	-1.079836	0.041804	-0.452975	-1.317358	0.112878	-0.438576	-0.920567	1.344376	-0.288831	-0.896731	1.334925	-0.654318	
100	0.4950	-0.853387	0.920695	-0.320917	-0.861832	0.919172	-0.581846	-1.005981	0.921387	-0.386982	-1.011946	0.932181	-0.487058	-0.854581	0.751551	-0.270992	-0.808743	0.773404	-0.288618	-0.839678	0.706749	-0.266327	-0.796676	0.729239	-0.281578	-0.706822	0.494674	-0.327565	-0.698656	0.499773	-0.418777	-0.697708	0.357699	-0.298760	-0.649038	0.377432	-0.318093	-0.676221	0.307205	-0.302353	-0.634646	0.334603	-0.316365	-0.576572	0.112313	-0.333489	-0.571948	0.132973	-0.424088	-0.444259	0.118463	-0.320368	-0.437997	0.131922	-0.426399	-0.395134	0.182604	-0.375911	-0.622207	0.051705	-0.387819	-0.965885	0.752100	-0.616270	-0.911299	0.741466	-0.622081	-0.972390	0.716224	-0.614324	-0.923269	0.706300	-0.619553	-1.059732	0.472659	-0.556334	-1.033991	0.478081	-0.459797	-1.160478	0.368588	-0.558595	-1.112344	0.355123	-0.558575	-1.168500	0.328241	-0.552744	-1.127532	0.315585	-0.550546	-1.245821	0.121956	-0.495386	-1.210932	0.140506	-0.413607	-1.130775	0.033842	-0.512661	-1.130878	0.035755	-0.401417	-1.079836	0.041710	-0.452812	-1.316066	0.115201	-0.439285	-0.912803	1.342891	-0.288550	-0.889393	1.333369	-0.654139	
101	0.5000	-0.844786	0.919196	-0.321038	-0.854070	0.917896	-0.582048	-0.997615	0.920070	-0.386627	-1.003896	0.930962	-0.486667	-0.846112	0.749923	-0.271151	-0.800236	0.771764	-0.288817	-0.831348	0.705076	-0.266581	-0.788334	0.727598	-0.281845	-0.699404	0.493062	-0.328022	-0.691402	0.498390	-0.418964	-0.690191	0.355875	-0.299387	-0.641557	0.375684	-0.318560	-0.668634	0.305400	-0.303066	-0.627110	0.332911	-0.316883	-0.568841	0.110976	-0.334336	-0.563844	0.131536	-0.424927	-0.436845	0.117100	-0.320530	-0.429986	0.130333	-0.426474	-0.387419	0.181465	-0.375824	-0.614264	0.050790	-0.388960	-0.958935	0.751492	-0.616550	-0.904412	0.740579	-0.622513	-0.965630	0.715637	-0.614684	-0.916622	0.705474	-0.620069	-1.054401	0.472459	-0.557064	-1.028302	0.477524	-0.460538	-1.156212	0.369405	-0.559275	-1.108217	0.355400	-0.559223	-1.164621	0.329128	-0.553474	-1.123853	0.316020	-0.551293	-1.244336	0.123500	-0.496223	-1.209222	0.141707	-0.414424	-1.130664	0.033653	-0.512790	-1.130835	0.035667	-0.401329	-1.079846	0.041635	-0.452643	-1.314662	0.117660	-0.440073	-0.904984	1.341440	-0.288249	-0.882064	1.331876	-0.653939	
102	0.5050	-0.836108	0.917771	-0.321151	-0.846198	0.916653	-0.582238	-0.989171	0.918815	-0.386285	-0.995755	0.929778	-0.486293	-0.837513	0.748426	-0.271323	-0.791610	0.770262	-0.289040	-0.822863	0.703536	-0.266869	-0.779843	0.726103	-0.282144	-0.691825	0.491572	-0.328463	-0.684038	0.497104	-0.419133	-0.682709	0.354134	-0.299974	-0.634101	0.373926	-0.319031	-0.661182	0.303662	-0.303729	-0.619670	0.331183	-0.317408	-0.561666	0.109542	-0.335157	-0.556314	0.129958	-0.425734	-0.430017	0.115293	-0.320746	-0.422610	0.128235	-0.426601	-0.380175	0.179721	-0.375858	-0.607052	0.049961	-0.390010	-0.951850	0.750904	-0.616825	-0.897385	0.739714	-0.622930	-0.958737	0.715074	-0.615056	-0.909834	0.704679	-0.620580	-1.048879	0.472255	-0.557838	-1.022430	0.476956	-0.461314	-1.151772	0.370254	-0.560005	-1.103916	0.355683	-0.559910	-1.160581	0.330055	-0.554263	-1.120016	0.316484	-0.552092	-1.242733	0.125111	-0.497137	-1.207396	0.142969	-0.415314	-1.130555	0.033429	-0.512925	-1.130785	0.035592	-0.401247	-1.079871	0.041576	-0.452468	-1.313129	0.120262	-0.440940	-0.897112	1.340030	-0.287927	-0.874746	1.330454	-0.653719	
103	0.5100	-0.827359	0.916430	-0.321255	-0.838214	0.915447	-0.582418	-0.980652	0.917632	-0.385957	-0.987525	0.928635	-0.485939	-0.828791	0.747068	-0.271506	-0.782870	0.768906	-0.289285	-0.814229	0.702135	-0.267186	-0.771210	0.724757	-0.282472	-0.684090	0.490208	-0.328887	-0.676566	0.495917	-0.419283	-0.675259	0.352484	-0.300519	-0.626665	0.372174	-0.319504	-0.653857	0.302000	-0.304342	-0.612320	0.329432	-0.317939	-0.555020	0.108025	-0.335950	-0.549332	0.128252	-0.426509	-0.423746	0.113060	-0.321017	-0.415843	0.125646	-0.426781	-0.373373	0.177389	-0.376009	-0.600542	0.049225	-0.390971	-0.944628	0.750332	-0.617092	-0.890215	0.738873	-0.623330	-0.951703	0.714535	-0.615435	-0.902901	0.703913	-0.621082	-1.043150	0.472040	-0.558656	-1.016364	0.476371	-0.462123	-1.147146	0.371132	-0.560785	-1.099427	0.355965	-0.560634	-1.156365	0.331016	-0.555108	-1.116008	0.316975	-0.552942	-1.240999	0.126792	-0.498125	-1.205444	0.144295	-0.416274	-1.130451	0.033169	-0.513066	-1.130725	0.035539	-0.401174	-1.079913	0.041533	-0.452287	-1.311448	0.123019	-0.441888	-0.889193	1.338670	-0.287588	-0.867436	1.329112	-0.653480	
104	0.5150	-0.818543	0.915181	-0.321352	-0.830121	0.914282	-0.582586	-0.972062	0.916531	-0.385647	-0.979210	0.927540	-0.485607	-0.819952	0.745857	-0.271698	-0.774024	0.767700	-0.289548	-0.805457	0.700879	-0.267529	-0.762445	0.723564	-0.282828	-0.676206	0.488975	-0.329291	-0.668992	0.494834	-0.419414	-0.667837	0.350936	-0.301020	-0.619246	0.370441	-0.319980	-0.646650	0.300425	-0.304904	-0.605051	0.327672	-0.318474	-0.548877	0.106440	-0.336716	-0.542872	0.126434	-0.427251	-0.418002	0.110429	-0.321341	-0.409653	0.122593	-0.427014	-0.366984	0.174491	-0.376273	-0.594701	0.048587	-0.391844	-0.937264	0.749776	-0.617350	-0.882898	0.738055	-0.623708	-0.944526	0.714018	-0.615820	-0.895816	0.703179	-0.621572	-1.037198	0.471807	-0.559518	-1.010090	0.475765	-0.462963	-1.142317	0.372034	-0.561614	-1.094738	0.356242	-0.561396	-1.151958	0.332007	-0.556007	-1.111815	0.317488	-0.553841	-1.239120	0.128547	-0.499185	-1.203354	0.145688	-0.417301	-1.130352	0.032875	-0.513214	-1.130651	0.035517	-0.401109	-1.079976	0.041503	-0.452099	-1.309598	0.125939	-0.442917	-0.881230	1.337368	-0.287234	-0.860137	1.327860	-0.653222	
105	0.5200	-0.809668	0.914032	-0.321441	-0.821922	0.913163	-0.582742	-0.963407	0.915521	-0.385357	-0.970813	0.926498	-0.485301	-0.811006	0.744797	-0.271898	-0.765082	0.766649	-0.289824	-0.796557	0.699773	-0.267894	-0.753559	0.722524	-0.283208	-0.668182	0.487875	-0.329676	-0.661323	0.493855	-0.419525	-0.660442	0.349497	-0.301478	-0.611844	0.368741	-0.320456	-0.639555	0.298946	-0.305413	-0.597857	0.325920	-0.319013	-0.543207	0.104805	-0.337452	-0.536903	0.124524	-0.427959	-0.412751	0.107432	-0.321716	-0.404007	0.119111	-0.427298	-0.360979	0.171057	-0.376643	-0.589489	0.048055	-0.392632	-0.929756	0.749232	-0.617594	-0.875431	0.737262	-0.624061	-0.937200	0.713521	-0.616207	-0.888574	0.702474	-0.622044	-1.031007	0.471548	-0.560423	-1.003595	0.475134	-0.463831	-1.137269	0.372953	-0.562493	-1.089832	0.356507	-0.562192	-1.147345	0.333021	-0.556958	-1.107420	0.318021	-0.554788	-1.237082	0.130380	-0.500313	-1.201113	0.147149	-0.418392	-1.130259	0.032550	-0.513368	-1.130559	0.035536	-0.401055	-1.080060	0.041483	-0.451905	-1.307556	0.129034	-0.444027	-0.873228	1.336131	-0.286868	-0.852846	1.326704	-0.652949	
106	0.5250	-0.800742	0.912990	-0.321523	-0.813620	0.912096	-0.582886	-0.954694	0.914611	-0.385088	-0.962341	0.925516	-0.485024	-0.801965	0.743891	-0.272103	-0.756053	0.765755	-0.290110	-0.787543	0.698820	-0.268276	-0.744565	0.721639	-0.283608	-0.660029	0.486909	-0.330040	-0.653566	0.492981	-0.419616	-0.653071	0.348175	-0.301891	-0.604458	0.367090	-0.320930	-0.632562	0.297573	-0.305869	-0.590732	0.324189	-0.319553	-0.537980	0.103141	-0.338158	-0.531394	0.122545	-0.428630	-0.407961	0.104110	-0.322136	-0.398871	0.115242	-0.427630	-0.355332	0.167127	-0.377111	-0.584865	0.047632	-0.393337	-0.922102	0.748697	-0.617822	-0.867814	0.736495	-0.624385	-0.929722	0.713040	-0.616591	-0.881170	0.701799	-0.622494	-1.024559	0.471254	-0.561370	-0.996866	0.474471	-0.464725	-1.131983	0.373883	-0.563419	-1.084694	0.356755	-0.563022	-1.142507	0.334052	-0.557956	-1.102809	0.318567	-0.555780	-1.234870	0.132295	-0.501505	-1.198707	0.148683	-0.419543	-1.130172	0.032198	-0.513529	-1.130441	0.035608	-0.401014	-1.080167	0.041469	-0.451707	-1.305299	0.132313	-0.445217	-0.865192	1.334967	-0.286490	-0.845562	1.325652	-0.652661	
107	0.5300	-0.791774	0.912063	-0.321598	-0.805221	0.911085	-0.583018	-0.945931	0.913807	-0.384843	-0.953800	0.924599	-0.484776	-0.792840	0.743143	-0.272311	-0.746951	0.765019	-0.290401	-0.778430	0.698021	-0.268670	-0.735477	0.720907	-0.284024	-0.651761	0.486078	-0.330381	-0.645732	0.492214	-0.419688	-0.645725	0.346977	-0.302258	-0.597089	0.365499	-0.321402	-0.625665	0.296315	-0.306271	-0.583672	0.322495	-0.320094	-0.533164	0.101467	-0.338833	-0.526313	0.120520	-0.429265	-0.403598	0.100505	-0.322596	-0.394208	0.111034	-0.428006	-0.350015	0.162745	-0.377664	-0.580784	0.047325	-0.393963	-0.914299	0.748170	-0.618032	-0.860044	0.735756	-0.624677	-0.922087	0.712572	-0.616970	-0.873599	0.701152	-0.622918	-1.017837	0.470918	-0.562357	-0.989888	0.473771	-0.465641	-1.126443	0.374816	-0.564392	-1.079309	0.356978	-0.563885	-1.137428	0.335092	-0.558999	-1.097964	0.319122	-0.556812	-1.232467	0.134297	-0.502756	-1.196122	0.150293	-0.420748	-1.130090	0.031828	-0.513697	-1.130292	0.035745	-0.400987	-1.080294	0.041458	-0.451506	-1.302801	0.135785	-0.446486	-0.857126	1.333885	-0.286105	-0.838285	1.324713	-0.652361	
108	0.5350	-0.782773	0.911255	-0.321666	-0.796733	0.910136	-0.583137	-0.937126	0.913116	-0.384623	-0.945197	0.923752	-0.484562	-0.783646	0.742552	-0.272520	-0.737789	0.764440	-0.290693	-0.769236	0.697376	-0.269070	-0.726313	0.720327	-0.284450	-0.643392	0.485381	-0.330701	-0.637830	0.491552	-0.419740	-0.638403	0.345908	-0.302578	-0.589740	0.363983	-0.321868	-0.618858	0.295179	-0.306619	-0.576673	0.320853	-0.320632	-0.528727	0.099806	-0.339473	-0.521627	0.118476	-0.429862	-0.399627	0.096666	-0.323091	-0.389982	0.106540	-0.428423	-0.345005	0.157961	-0.378290	-0.577202	0.047136	-0.394512	-0.906348	0.747645	-0.618220	-0.852123	0.735045	-0.624935	-0.914293	0.712113	-0.617339	-0.865858	0.700534	-0.623311	-1.010823	0.470530	-0.563383	-0.982648	0.473029	-0.466576	-1.120629	0.375745	-0.565411	-1.073659	0.357171	-0.564776	-1.132088	0.336134	-0.560084	-1.092867	0.319681	-0.557881	-1.229857	0.136391	-0.504059	-1.193343	0.151982	-0.422002	-1.130009	0.031448	-0.513873	-1.130101	0.035959	-0.400977	-1.080440	0.041445	-0.451306	-1.300037	0.139458	-0.447830	-0.849035	1.332890	-0.285715	-0.831012	1.323890	-0.652050	
109	0.5400	-0.773751	0.910573	-0.321728	-0.788163	0.909252	-0.583243	-0.928290	0.912543	-0.384430	-0.936543	0.922980	-0.484382	-0.774398	0.742117	-0.272726	-0.728582	0.764018	-0.290981	-0.759977	0.696884	-0.269471	-0.717089	0.719895	-0.284882	-0.634939	0.484816	-0.330997	-0.629872	0.490995	-0.419773	-0.631108	0.344975	-0.302853	-0.582414	0.362553	-0.322327	-0.612135	0.294171	-0.306914	-0.569736	0.319276	-0.321166	-0.524640	0.098177	-0.340078	-0.517305	0.116437	-0.430419	-0.396017	0.092643	-0.323613	-0.386158	0.101817	-0.428876	-0.340280	0.152831	-0.378976	-0.574070	0.047067	-0.394989	-0.898249	0.747122	-0.618384	-0.844052	0.734363	-0.625155	-0.906337	0.711659	-0.617693	-0.857944	0.699942	-0.623669	-1.003502	0.470081	-0.564445	-0.975131	0.472239	-0.467525	-1.114522	0.376663	-0.566474	-1.067730	0.357327	-0.565694	-1.126471	0.337172	-0.561207	-1.087502	0.320237	-0.558981	-1.227022	0.138583	-0.505409	-1.190354	0.153753	-0.423298	-1.129925	0.031070	-0.514058	-1.129860	0.036263	-0.400988	-1.080599	0.041428	-0.451111	-1.296978	0.143341	-0.449248	-0.840924	1.331990	-0.285322	-0.823741	1.323190	-0.651730	
110	0.5450	-0.764719	0.910020	-0.321783	-0.779521	0.908439	-0.583337	-0.919431	0.912093	-0.384266	-0.927845	0.922287	-0.484238	-0.765111	0.741837	-0.272928	-0.719347	0.763750	-0.291260	-0.750673	0.696543	-0.269868	-0.707823	0.719608	-0.285313	-0.626419	0.484379	-0.331271	-0.621871	0.490540	-0.419789	-0.623843	0.344179	-0.303081	-0.575117	0.361218	-0.322777	-0.605493	0.293296	-0.307155	-0.562860	0.317776	-0.321694	-0.520873	0.096602	-0.340645	-0.513316	0.114428	-0.430936	-0.392735	0.088487	-0.324156	-0.382701	0.096924	-0.429358	-0.335820	0.147414	-0.379709	-0.571343	0.047117	-0.395396	-0.890003	0.746596	-0.618523	-0.835833	0.733713	-0.625337	-0.898218	0.711205	-0.618030	-0.849855	0.699377	-0.623989	-0.995858	0.469565	-0.565540	-0.967326	0.471398	-0.468485	-1.108106	0.377560	-0.567580	-1.061505	0.357440	-0.566635	-1.120558	0.338199	-0.562363	-1.081853	0.320787	-0.560109	-1.223945	0.140876	-0.506800	-1.187140	0.155611	-0.424630	-1.129831	0.030707	-0.514253	-1.129554	0.036671	-0.401024	-1.080763	0.041400	-0.450927	-1.293599	0.147439	-0.450734	-0.832796	1.331192	-0.284930	-0.816471	1.322617	-0.651404	
111	0.5500	-0.755688	0.909601	-0.321831	-0.770819	0.907701	-0.583419	-0.910561	0.911767	-0.384133	-0.919114	0.921675	-0.484132	-0.755802	0.741707	-0.273124	-0.710098	0.763631	-0.291526	-0.741343	0.696347	-0.270256	-0.698535	0.719461	-0.285739	-0.617852	0.484066	-0.331522	-0.613841	0.490184	-0.419788	-0.616613	0.343523	-0.303264	-0.567857	0.359987	-0.323216	-0.598929	0.292556	-0.307345	-0.556047	0.316364	-0.322214	-0.517397	0.095097	-0.341173	-0.509630	0.112476	-0.431412	-0.389750	0.084250	-0.324712	-0.379576	0.091922	-0.429865	-0.331608	0.141771	-0.380473	-0.568975	0.047284	-0.395739	-0.881613	0.746066	-0.618633	-0.827470	0.733095	-0.625478	-0.889934	0.710749	-0.618345	-0.841590	0.698837	-0.624268	-0.987877	0.468975	-0.566664	-0.959219	0.470499	-0.469449	-1.101361	0.378430	-0.568726	-1.054969	0.357504	-0.567596	-1.114332	0.339208	-0.563549	-1.075902	0.321326	-0.561257	-1.220609	0.143277	-0.508224	-1.183684	0.157557	-0.425992	-1.129718	0.030376	-0.514460	-1.129171	0.037197	-0.401090	-1.080921	0.041360	-0.450760	-1.289872	0.151755	-0.452285	-0.824657	1.330500	-0.284540	-0.809197	1.322175	-0.651075	
112	0.5550	-0.746670	0.909317	-0.321873	-0.762066	0.907042	-0.583490	-0.901690	0.911567	-0.384031	-0.910361	0.921149	-0.484064	-0.746488	0.741722	-0.273311	-0.700853	0.763655	-0.291775	-0.732007	0.696294	-0.270629	-0.689243	0.719447	-0.286153	-0.609259	0.483870	-0.331751	-0.605797	0.489922	-0.419774	-0.609424	0.343005	-0.303402	-0.560641	0.358865	-0.323642	-0.592443	0.291951	-0.307484	-0.549302	0.315048	-0.322723	-0.514187	0.093680	-0.341660	-0.506220	0.110600	-0.431847	-0.387034	0.079985	-0.325274	-0.376751	0.086872	-0.430391	-0.327630	0.135964	-0.381256	-0.566923	0.047564	-0.396021	-0.873082	0.745528	-0.618713	-0.818967	0.732511	-0.625579	-0.881486	0.710286	-0.618634	-0.833150	0.698322	-0.624502	-0.979546	0.468303	-0.567812	-0.950801	0.469541	-0.470415	-1.094273	0.379266	-0.569909	-1.048109	0.357516	-0.568572	-1.107777	0.340193	-0.564761	-1.069636	0.321847	-0.562420	-1.216995	0.145789	-0.509675	-1.179970	0.159596	-0.427377	-1.129576	0.030093	-0.514680	-1.128695	0.037852	-0.401190	-1.081060	0.041304	-0.450617	-1.285772	0.156292	-0.453894	-0.816509	1.329919	-0.284155	-0.801919	1.321866	-0.650744	
113	0.5600	-0.737677	0.909169	-0.321909	-0.753276	0.906467	-0.583548	-0.892828	0.911493	-0.383962	-0.901596	0.920708	-0.484034	-0.737185	0.741876	-0.273488	-0.691628	0.763817	-0.292002	-0.722683	0.696375	-0.270984	-0.679965	0.719561	-0.286551	-0.600660	0.483785	-0.331959	-0.597753	0.489751	-0.419746	-0.602284	0.342624	-0.303497	-0.553480	0.357855	-0.324052	-0.586036	0.291481	-0.307575	-0.542630	0.313834	-0.323219	-0.511219	0.092365	-0.342105	-0.503060	0.108823	-0.432240	-0.384559	0.075740	-0.325835	-0.374196	0.081831	-0.430930	-0.323874	0.130055	-0.382043	-0.565145	0.047949	-0.396246	-0.864415	0.744982	-0.618762	-0.810330	0.731962	-0.625639	-0.872876	0.709811	-0.618894	-0.824538	0.697832	-0.624689	-0.970857	0.467546	-0.568981	-0.942062	0.468520	-0.471375	-1.086827	0.380060	-0.571127	-1.040912	0.357471	-0.569561	-1.100879	0.341151	-0.565995	-1.063039	0.322349	-0.563592	-1.213087	0.148418	-0.511146	-1.175983	0.161729	-0.428779	-1.129388	0.029878	-0.514916	-1.128107	0.038649	-0.401332	-1.081162	0.041229	-0.450509	-1.281275	0.161049	-0.455556	-0.808357	1.329453	-0.283778	-0.794633	1.321690	-0.650414	
114	0.5650	-0.728719	0.909158	-0.321938	-0.744462	0.905977	-0.583596	-0.883987	0.911543	-0.383925	-0.892830	0.920355	-0.484041	-0.727909	0.742160	-0.273652	-0.682440	0.764110	-0.292206	-0.713390	0.696584	-0.271317	-0.670721	0.719794	-0.286927	-0.592077	0.483801	-0.332148	-0.589728	0.489663	-0.419710	-0.595202	0.342376	-0.303551	-0.546383	0.356960	-0.324447	-0.579711	0.291142	-0.307621	-0.536040	0.312726	-0.323701	-0.508470	0.091163	-0.342508	-0.500128	0.107160	-0.432594	-0.382302	0.071564	-0.326388	-0.371884	0.076857	-0.431478	-0.320331	0.124107	-0.382822	-0.563602	0.048431	-0.396420	-0.855619	0.744426	-0.618780	-0.801567	0.731448	-0.625659	-0.864107	0.709323	-0.619122	-0.815756	0.697366	-0.624829	-0.961801	0.466700	-0.570164	-0.932995	0.467435	-0.472324	-1.079009	0.380808	-0.572376	-1.033368	0.357368	-0.570557	-1.093625	0.342077	-0.567247	-1.056101	0.322827	-0.564766	-1.208867	0.151166	-0.512631	-1.171705	0.163958	-0.430190	-1.129137	0.029751	-0.515172	-1.127388	0.039599	-0.401522	-1.081208	0.041135	-0.450443	-1.276358	0.166023	-0.457263	-0.800204	1.329105	-0.283411	-0.787335	1.321648	-0.650088	
115	0.5700	-0.719807	0.909283	-0.321962	-0.735636	0.905576	-0.583634	-0.875176	0.911713	-0.383921	-0.884076	0.920090	-0.484087	-0.718675	0.742566	-0.273805	-0.673302	0.764524	-0.292383	-0.704146	0.696912	-0.271624	-0.661527	0.720140	-0.287278	-0.583534	0.483910	-0.332319	-0.581737	0.489652	-0.419666	-0.588190	0.342254	-0.303568	-0.539364	0.356176	-0.324824	-0.573473	0.290928	-0.307626	-0.529540	0.311727	-0.324167	-0.505921	0.090082	-0.342868	-0.497402	0.105626	-0.432908	-0.380239	0.067498	-0.326928	-0.369788	0.072002	-0.432030	-0.316994	0.118178	-0.383583	-0.562259	0.049000	-0.396545	-0.846700	0.743859	-0.618765	-0.792684	0.730973	-0.625638	-0.855182	0.708818	-0.619315	-0.806811	0.696924	-0.624920	-0.952373	0.465764	-0.571357	-0.923594	0.466284	-0.473257	-1.070808	0.381504	-0.573653	-1.025468	0.357205	-0.571557	-1.086004	0.342970	-0.568513	-1.048810	0.323278	-0.565936	-1.204321	0.154037	-0.514124	-1.167123	0.166285	-0.431606	-1.128802	0.029732	-0.515451	-1.126515	0.040711	-0.401765	-1.081173	0.041020	-0.450432	-1.271001	0.171206	-0.459009	-0.792053	1.328876	-0.283057	-0.780024	1.321739	-0.649767	
116	0.5750	-0.710949	0.909540	-0.321981	-0.726813	0.905265	-0.583663	-0.866405	0.912000	-0.383950	-0.875343	0.919911	-0.484167	-0.709498	0.743085	-0.273944	-0.664230	0.765051	-0.292531	-0.694966	0.697350	-0.271905	-0.652401	0.720588	-0.287599	-0.575052	0.484100	-0.332475	-0.573797	0.489710	-0.419620	-0.581259	0.342251	-0.303549	-0.532435	0.355502	-0.325183	-0.567328	0.290832	-0.307594	-0.523141	0.310835	-0.324614	-0.503556	0.089128	-0.343186	-0.494865	0.104232	-0.433184	-0.378350	0.063584	-0.327449	-0.367886	0.067312	-0.432581	-0.313858	0.112324	-0.384314	-0.561086	0.049643	-0.396628	-0.837667	0.743282	-0.618718	-0.783692	0.730536	-0.625579	-0.846108	0.708294	-0.619472	-0.797708	0.696508	-0.624962	-0.942571	0.464737	-0.572552	-0.913856	0.465070	-0.474168	-1.062217	0.382145	-0.574952	-1.017205	0.356983	-0.572556	-1.078007	0.343828	-0.569788	-1.041157	0.323700	-0.567095	-1.199433	0.157033	-0.515618	-1.162223	0.168711	-0.433020	-1.128359	0.029844	-0.515757	-1.125464	0.041993	-0.402071	-1.081031	0.040886	-0.450486	-1.265187	0.176591	-0.460786	-0.783905	1.328767	-0.282717	-0.772697	1.321960	-0.649455	
117	0.5800	-0.702156	0.909927	-0.321995	-0.718005	0.905047	-0.583685	-0.857684	0.912399	-0.384011	-0.866642	0.919818	-0.484282	-0.700391	0.743705	-0.274071	-0.655237	0.765680	-0.292651	-0.685866	0.697888	-0.272158	-0.643356	0.721130	-0.287890	-0.566654	0.484360	-0.332618	-0.565928	0.489829	-0.419573	-0.574422	0.342357	-0.303501	-0.525610	0.354931	-0.325524	-0.561285	0.290845	-0.307530	-0.516855	0.310048	-0.325043	-0.501359	0.088304	-0.343463	-0.492500	0.102984	-0.433425	-0.376620	0.059854	-0.327945	-0.366158	0.062831	-0.433126	-0.310919	0.106598	-0.385008	-0.560053	0.050348	-0.396672	-0.828530	0.742695	-0.618639	-0.774598	0.730138	-0.625484	-0.836890	0.707751	-0.619590	-0.788456	0.696117	-0.624956	-0.932395	0.463622	-0.573744	-0.903780	0.463793	-0.475050	-1.053229	0.382730	-0.576270	-1.008574	0.356704	-0.573550	-1.069627	0.344651	-0.571068	-1.033136	0.324093	-0.568236	-1.194190	0.160155	-0.517110	-1.156989	0.171234	-0.434428	-1.127780	0.030108	-0.516095	-1.124210	0.043450	-0.402445	-1.080752	0.040736	-0.450618	-1.258901	0.182164	-0.462584	-0.775764	1.328777	-0.282393	-0.765351	1.322308	-0.649153	
118	0.5850	-0.693434	0.910439	-0.322006	-0.709227	0.904921	-0.583701	-0.849018	0.912903	-0.384103	-0.857983	0.919809	-0.484429	-0.691366	0.744417	-0.274186	-0.646333	0.766402	-0.292743	-0.676858	0.698516	-0.272382	-0.634406	0.721755	-0.288147	-0.558361	0.484678	-0.332751	-0.558145	0.489999	-0.419531	-0.567694	0.342562	-0.303426	-0.518902	0.354455	-0.325846	-0.555353	0.290956	-0.307439	-0.510695	0.309362	-0.325451	-0.499319	0.087610	-0.343701	-0.490296	0.101887	-0.433632	-0.375031	0.056339	-0.328413	-0.364584	0.058593	-0.433663	-0.308175	0.101045	-0.385658	-0.559137	0.051101	-0.396683	-0.819298	0.742099	-0.618530	-0.765413	0.729781	-0.625354	-0.827538	0.707188	-0.619670	-0.779064	0.695753	-0.624904	-0.921850	0.462422	-0.574925	-0.893367	0.462458	-0.475898	-1.043841	0.383257	-0.577601	-0.999573	0.356371	-0.574534	-1.060862	0.345441	-0.572350	-1.024744	0.324456	-0.569354	-1.188579	0.163401	-0.518595	-1.151411	0.173853	-0.435825	-1.127034	0.030544	-0.516471	-1.122726	0.045087	-0.402896	-1.080300	0.040574	-0.450839	-1.252133	0.187909	-0.464395	-0.767632	1.328905	-0.282086	-0.757984	1.322778	-0.648863	
119	0.5900	-0.684788	0.911071	-0.322016	-0.700492	0.904887	-0.583713	-0.840417	0.913505	-0.384224	-0.849376	0.919882	-0.484604	-0.682431	0.745210	-0.274291	-0.637528	0.767204	-0.292807	-0.667953	0.699223	-0.272580	-0.625563	0.722455	-0.288372	-0.550194	0.485043	-0.332878	-0.550468	0.490211	-0.419497	-0.561090	0.342853	-0.303331	-0.512326	0.354067	-0.326150	-0.549543	0.291154	-0.307328	-0.504672	0.308769	-0.325839	-0.497423	0.087042	-0.343903	-0.488239	0.100940	-0.433810	-0.373572	0.053061	-0.328849	-0.363148	0.054629	-0.434188	-0.305622	0.095708	-0.386260	-0.558317	0.051887	-0.396665	-0.809983	0.741497	-0.618392	-0.756149	0.729467	-0.625192	-0.818059	0.706607	-0.619710	-0.769541	0.695417	-0.624808	-0.910941	0.461143	-0.576090	-0.882620	0.461070	-0.476705	-1.034053	0.383727	-0.578940	-0.990203	0.355991	-0.575506	-1.051708	0.346201	-0.573628	-1.015977	0.324790	-0.570443	-1.182589	0.166771	-0.520069	-1.145477	0.176566	-0.437208	-1.126087	0.031171	-0.516892	-1.120981	0.046903	-0.403431	-1.079642	0.040406	-0.451162	-1.244878	0.193808	-0.466211	-0.759510	1.329146	-0.281799	-0.750595	1.323365	-0.648588	
120	0.5950	-0.676223	0.911815	-0.322025	-0.691811	0.904945	-0.583723	-0.831885	0.914199	-0.384371	-0.840830	0.920033	-0.484805	-0.673596	0.746072	-0.274387	-0.628830	0.768076	-0.292848	-0.659160	0.699999	-0.272754	-0.616838	0.723217	-0.288565	-0.542175	0.485441	-0.333000	-0.542913	0.490455	-0.419474	-0.554625	0.343219	-0.303221	-0.505895	0.353754	-0.326437	-0.543866	0.291426	-0.307203	-0.498801	0.308263	-0.326207	-0.495663	0.086597	-0.344071	-0.486321	0.100142	-0.433961	-0.372230	0.050039	-0.329252	-0.361838	0.050960	-0.434698	-0.303258	0.090622	-0.386808	-0.557576	0.052693	-0.396622	-0.800596	0.740892	-0.618226	-0.746816	0.729196	-0.625000	-0.808465	0.706008	-0.619712	-0.759901	0.695112	-0.624670	-0.899677	0.459793	-0.577230	-0.871545	0.459634	-0.477467	-1.023867	0.384144	-0.580280	-0.980465	0.355570	-0.576462	-1.042169	0.346936	-0.574899	-1.006837	0.325096	-0.571497	-1.176211	0.170260	-0.521528	-1.139178	0.179369	-0.438573	-1.124901	0.032006	-0.517362	-1.118946	0.048897	-0.404056	-1.078737	0.040241	-0.451598	-1.237132	0.199839	-0.468021	-0.751401	1.329499	-0.281533	-0.743184	1.324062	-0.648330	
121	0.6000	-0.667743	0.912665	-0.322035	-0.683197	0.905094	-0.583734	-0.823428	0.914976	-0.384543	-0.832352	0.920259	-0.485027	-0.664868	0.746993	-0.274478	-0.620245	0.769006	-0.292868	-0.650487	0.700831	-0.272905	-0.608237	0.724032	-0.288729	-0.534321	0.485861	-0.333122	-0.535498	0.490720	-0.419468	-0.548313	0.343646	-0.303100	-0.499622	0.353507	-0.326707	-0.538334	0.291760	-0.307069	-0.493094	0.307834	-0.326553	-0.494032	0.086267	-0.344208	-0.484533	0.099486	-0.434090	-0.370996	0.047283	-0.329618	-0.360640	0.047603	-0.435191	-0.301082	0.085816	-0.387302	-0.556902	0.053505	-0.396560	-0.791150	0.740287	-0.618036	-0.737425	0.728970	-0.624783	-0.798767	0.705396	-0.619676	-0.750154	0.694841	-0.624495	-0.888072	0.458381	-0.578340	-0.860151	0.458160	-0.478179	-1.013288	0.384511	-0.581616	-0.970364	0.355116	-0.577398	-1.032246	0.347651	-0.576158	-0.997326	0.325376	-0.572511	-1.169439	0.173865	-0.522971	-1.132506	0.182258	-0.439917	-1.123438	0.033064	-0.517891	-1.116589	0.051066	-0.404779	-1.077545	0.040087	-0.452158	-1.228900	0.205979	-0.469818	-0.743304	1.329957	-0.281287	-0.735750	1.324861	-0.648089	
122	0.6050	-0.659349	0.913613	-0.322050	-0.674661	0.905330	-0.583747	-0.815049	0.915830	-0.384736	-0.823948	0.920556	-0.485267	-0.656250	0.747962	-0.274565	-0.611777	0.769983	-0.292871	-0.641939	0.701711	-0.273039	-0.599769	0.724890	-0.288866	-0.526650	0.486291	-0.333247	-0.528237	0.490998	-0.419480	-0.542169	0.344121	-0.302976	-0.493520	0.353313	-0.326962	-0.532958	0.292143	-0.306935	-0.487563	0.307472	-0.326878	-0.492522	0.086043	-0.344320	-0.482869	0.098964	-0.434199	-0.369863	0.044801	-0.329948	-0.359544	0.044565	-0.435664	-0.299091	0.081314	-0.387742	-0.556282	0.054309	-0.396483	-0.781656	0.739687	-0.617824	-0.727987	0.728790	-0.624543	-0.788975	0.704773	-0.619605	-0.740313	0.694605	-0.624288	-0.876138	0.456919	-0.579413	-0.848448	0.456656	-0.478835	-1.002324	0.384834	-0.582940	-0.959909	0.354640	-0.578311	-1.021948	0.348352	-0.577401	-0.987449	0.325635	-0.573483	-1.162267	0.177578	-0.524395	-1.125454	0.185226	-0.441239	-1.121657	0.034356	-0.518484	-1.113880	0.053400	-0.405605	-1.076023	0.039955	-0.452852	-1.220186	0.212199	-0.471592	-0.735223	1.330514	-0.281063	-0.728293	1.325756	-0.647869	
123	0.6100	-0.651043	0.914650	-0.322072	-0.666211	0.905652	-0.583766	-0.806751	0.916752	-0.384947	-0.815626	0.920920	-0.485522	-0.647747	0.748970	-0.274652	-0.603429	0.770995	-0.292865	-0.633520	0.702628	-0.273158	-0.591436	0.725780	-0.288981	-0.519178	0.486718	-0.333377	-0.521147	0.491279	-0.419515	-0.536207	0.344630	-0.302854	-0.487602	0.353160	-0.327203	-0.527750	0.292561	-0.306806	-0.482218	0.307169	-0.327184	-0.491128	0.085916	-0.344409	-0.481323	0.098567	-0.434293	-0.368824	0.042594	-0.330240	-0.358542	0.041851	-0.436115	-0.297279	0.077131	-0.388127	-0.555709	0.055095	-0.396394	-0.772126	0.739097	-0.617593	-0.718514	0.728660	-0.624283	-0.779104	0.704145	-0.619501	-0.730393	0.694409	-0.624052	-0.863893	0.455420	-0.580443	-0.836449	0.455134	-0.479431	-0.990986	0.385121	-0.584247	-0.949107	0.354152	-0.579201	-1.011282	0.349048	-0.578623	-0.977214	0.325877	-0.574407	-1.154691	0.181392	-0.525800	-1.118019	0.188267	-0.442537	-1.119513	0.035890	-0.519149	-1.110786	0.055892	-0.406538	-1.074129	0.039859	-0.453688	-1.211004	0.218473	-0.473335	-0.727159	1.331165	-0.280862	-0.720817	1.326737	-0.647669	
124	0.6150	-0.642822	0.915768	-0.322103	-0.657857	0.906057	-0.583793	-0.798536	0.917735	-0.385174	-0.807389	0.921348	-0.485786	-0.639360	0.750008	-0.274743	-0.595202	0.772031	-0.292854	-0.625231	0.703573	-0.273269	-0.583242	0.726693	-0.289079	-0.511918	0.487134	-0.333515	-0.514241	0.491554	-0.419574	-0.530439	0.345161	-0.302739	-0.481876	0.353038	-0.327430	-0.522721	0.293004	-0.306687	-0.477071	0.306912	-0.327470	-0.489845	0.085875	-0.344479	-0.479888	0.098284	-0.434375	-0.367872	0.040658	-0.330496	-0.357625	0.039456	-0.436544	-0.295643	0.073278	-0.388461	-0.555178	0.055851	-0.396299	-0.762574	0.738522	-0.617346	-0.709017	0.728580	-0.624008	-0.769165	0.703518	-0.619368	-0.720407	0.694257	-0.623792	-0.851355	0.453897	-0.581425	-0.824167	0.453606	-0.479964	-0.979288	0.385380	-0.585531	-0.937969	0.353665	-0.580063	-1.000260	0.349747	-0.579822	-0.966629	0.326106	-0.575283	-1.146711	0.185297	-0.527184	-1.110197	0.191373	-0.443811	-1.116965	0.037671	-0.519892	-1.107276	0.058528	-0.407582	-1.071819	0.039812	-0.454673	-1.201367	0.224769	-0.475038	-0.719112	1.331902	-0.280684	-0.713322	1.327796	-0.647491	
125	0.6200	-0.634686	0.916956	-0.322147	-0.649605	0.906541	-0.583830	-0.790404	0.918772	-0.385412	-0.799241	0.921835	-0.486057	-0.631092	0.751067	-0.274840	-0.587095	0.773081	-0.292847	-0.617075	0.704537	-0.273377	-0.575188	0.727618	-0.289166	-0.504882	0.487529	-0.333663	-0.507531	0.491814	-0.419660	-0.524877	0.345702	-0.302636	-0.476352	0.352934	-0.327646	-0.517881	0.293460	-0.306584	-0.472129	0.306694	-0.327737	-0.488667	0.085908	-0.344536	-0.478561	0.098101	-0.434449	-0.367003	0.038986	-0.330716	-0.356786	0.037373	-0.436948	-0.294177	0.069759	-0.388747	-0.554684	0.056569	-0.396200	-0.753010	0.737968	-0.617088	-0.699505	0.728554	-0.623721	-0.759172	0.702898	-0.619208	-0.710367	0.694152	-0.623516	-0.838544	0.452367	-0.582353	-0.811621	0.452086	-0.480432	-0.967245	0.385622	-0.586783	-0.926511	0.353190	-0.580898	-0.988894	0.350457	-0.580993	-0.955705	0.326328	-0.576107	-1.138326	0.189282	-0.528549	-1.101988	0.194534	-0.445060	-1.113967	0.039699	-0.520722	-1.103320	0.061293	-0.408739	-1.069051	0.039827	-0.455812	-1.191294	0.231056	-0.476695	-0.711085	1.332717	-0.280528	-0.705812	1.328924	-0.647336	
126	0.6250	-0.626633	0.918206	-0.322205	-0.641461	0.907101	-0.583881	-0.782356	0.919857	-0.385660	-0.791185	0.922378	-0.486330	-0.622941	0.752142	-0.274948	-0.579105	0.774135	-0.292849	-0.609049	0.705511	-0.273486	-0.567275	0.728548	-0.289248	-0.498080	0.487894	-0.333824	-0.501027	0.492052	-0.419775	-0.519529	0.346242	-0.302549	-0.471037	0.352838	-0.327852	-0.513238	0.293918	-0.306502	-0.467399	0.306503	-0.327987	-0.487591	0.086005	-0.344582	-0.477337	0.098006	-0.434518	-0.366212	0.037564	-0.330902	-0.356020	0.035588	-0.437327	-0.292873	0.066573	-0.388987	-0.554224	0.057241	-0.396101	-0.743446	0.737442	-0.616823	-0.689989	0.728585	-0.623427	-0.749136	0.702293	-0.619026	-0.700287	0.694100	-0.623228	-0.825481	0.450847	-0.583224	-0.798827	0.450587	-0.480832	-0.954875	0.385856	-0.587999	-0.914745	0.352742	-0.581705	-0.977201	0.351187	-0.582132	-0.944456	0.326550	-0.576881	-1.129539	0.193333	-0.529893	-1.093393	0.197740	-0.446284	-1.110478	0.041968	-0.521644	-1.098888	0.064171	-0.410011	-1.065781	0.039920	-0.457107	-1.180809	0.237303	-0.478299	-0.703079	1.333604	-0.280396	-0.698293	1.330112	-0.647204	
127	0.6300	-0.618660	0.919510	-0.322281	-0.633430	0.907732	-0.583946	-0.774390	0.920983	-0.385914	-0.783223	0.922972	-0.486604	-0.614907	0.753225	-0.275069	-0.571231	0.775184	-0.292870	-0.601155	0.706491	-0.273602	-0.559500	0.729473	-0.289332	-0.491519	0.488223	-0.333998	-0.494738	0.492262	-0.419918	-0.514404	0.346771	-0.302483	-0.465938	0.352742	-0.328049	-0.508798	0.294371	-0.306445	-0.462884	0.306332	-0.328220	-0.486611	0.086153	-0.344621	-0.476211	0.097987	-0.434585	-0.365496	0.036378	-0.331056	-0.355320	0.034085	-0.437680	-0.291723	0.063713	-0.389187	-0.553798	0.057863	-0.396005	-0.733892	0.736950	-0.616554	-0.680477	0.728677	-0.623128	-0.739072	0.701711	-0.618827	-0.690181	0.694104	-0.622935	-0.812189	0.449352	-0.584035	-0.785804	0.449125	-0.481164	-0.942198	0.386094	-0.589172	-0.902687	0.352332	-0.582482	-0.965195	0.351946	-0.583236	-0.932894	0.326778	-0.577602	-1.120356	0.197437	-0.531218	-1.084416	0.200981	-0.447484	-1.106456	0.044470	-0.522664	-1.093953	0.067143	-0.411397	-1.061971	0.040105	-0.458558	-1.169937	0.243476	-0.479844	-0.695096	1.334553	-0.280286	-0.690768	1.331351	-0.647096	
128	0.6350	-0.610764	0.920857	-0.322378	-0.625514	0.908431	-0.584029	-0.766505	0.922145	-0.386172	-0.775355	0.923615	-0.486874	-0.606990	0.754312	-0.275207	-0.563469	0.776219	-0.292915	-0.593390	0.707470	-0.273730	-0.551862	0.730388	-0.289425	-0.485204	0.488511	-0.334186	-0.488671	0.492438	-0.420090	-0.509507	0.347281	-0.302441	-0.461057	0.352638	-0.328238	-0.504568	0.294812	-0.306416	-0.458589	0.306173	-0.328438	-0.485722	0.086343	-0.344658	-0.475178	0.098029	-0.434653	-0.364850	0.035410	-0.331179	-0.354683	0.032843	-0.438005	-0.290716	0.061169	-0.389351	-0.553404	0.058429	-0.395914	-0.724357	0.736500	-0.616286	-0.670979	0.728831	-0.622828	-0.728990	0.701161	-0.618615	-0.680059	0.694171	-0.622642	-0.798691	0.447901	-0.584784	-0.772574	0.447716	-0.481428	-0.929234	0.386348	-0.590296	-0.890356	0.351975	-0.583230	-0.952896	0.352743	-0.584302	-0.921035	0.327020	-0.578274	-1.110781	0.201578	-0.532525	-1.075060	0.204244	-0.448660	-1.101861	0.047191	-0.523785	-1.088490	0.070188	-0.412894	-1.057581	0.040394	-0.460163	-1.158705	0.249545	-0.481326	-0.687137	1.335557	-0.280199	-0.683244	1.332633	-0.647013	
129	0.6400	-0.602940	0.922239	-0.322497	-0.617713	0.909194	-0.584130	-0.758699	0.923337	-0.386430	-0.767580	0.924302	-0.487139	-0.599187	0.755399	-0.275364	-0.555813	0.777233	-0.292993	-0.585753	0.708443	-0.273874	-0.544359	0.731284	-0.289532	-0.479138	0.488754	-0.334389	-0.482830	0.492578	-0.420289	-0.504841	0.347766	-0.302424	-0.456397	0.352520	-0.328420	-0.500550	0.295234	-0.306416	-0.454514	0.306019	-0.328641	-0.484920	0.086564	-0.344694	-0.474233	0.098121	-0.434724	-0.364270	0.034640	-0.331274	-0.354104	0.031840	-0.438302	-0.289844	0.058926	-0.389483	-0.553042	0.058940	-0.395830	-0.714851	0.736098	-0.616022	-0.661501	0.729054	-0.622533	-0.718902	0.700651	-0.618395	-0.669934	0.694304	-0.622355	-0.785010	0.446511	-0.585468	-0.759157	0.446377	-0.481624	-0.916006	0.386631	-0.591367	-0.877768	0.351683	-0.583949	-0.940323	0.353585	-0.585328	-0.908896	0.327282	-0.578897	-1.100822	0.205739	-0.533815	-1.065332	0.207517	-0.449813	-1.096658	0.050114	-0.525012	-1.082475	0.073284	-0.414499	-1.052579	0.040801	-0.461917	-1.147142	0.255478	-0.482742	-0.679204	1.336609	-0.280135	-0.675727	1.333950	-0.646953	
130	0.6450	-0.595186	0.923648	-0.322641	-0.610029	0.910016	-0.584252	-0.750970	0.924557	-0.386689	-0.759897	0.925031	-0.487397	-0.591499	0.756483	-0.275542	-0.548261	0.778220	-0.293108	-0.578242	0.709407	-0.274039	-0.536985	0.732158	-0.289659	-0.473322	0.488950	-0.334606	-0.477219	0.492677	-0.420514	-0.500407	0.348220	-0.302435	-0.451958	0.352383	-0.328596	-0.496746	0.295633	-0.306446	-0.450657	0.305865	-0.328830	-0.484199	0.086807	-0.344732	-0.473372	0.098251	-0.434799	-0.363753	0.034048	-0.331343	-0.353579	0.031052	-0.438570	-0.289093	0.056966	-0.389589	-0.552712	0.059393	-0.395755	-0.705380	0.735751	-0.615768	-0.652050	0.729349	-0.622245	-0.708820	0.700190	-0.618173	-0.659816	0.694510	-0.622080	-0.771169	0.445199	-0.586088	-0.745574	0.445122	-0.481754	-0.902537	0.386952	-0.592380	-0.864942	0.351467	-0.584640	-0.927494	0.354478	-0.586310	-0.896493	0.327571	-0.579474	-1.090489	0.209901	-0.535088	-1.055240	0.210788	-0.450945	-1.090813	0.053216	-0.526346	-1.075890	0.076409	-0.416206	-1.046932	0.041336	-0.463812	-1.135280	0.261246	-0.484089	-0.671299	1.337700	-0.280093	-0.668225	1.335294	-0.646918	
131	0.6500	-0.587497	0.925077	-0.322811	-0.602458	0.910895	-0.584395	-0.743316	0.925799	-0.386945	-0.752304	0.925799	-0.487647	-0.583923	0.757563	-0.275741	-0.540807	0.779173	-0.293266	-0.570855	0.710361	-0.274225	-0.529738	0.733002	-0.289812	-0.467755	0.489098	-0.334837	-0.471837	0.492735	-0.420763	-0.496205	0.348639	-0.302473	-0.447740	0.352224	-0.328766	-0.493156	0.296008	-0.306507	-0.447016	0.305707	-0.329006	-0.483553	0.087063	-0.344774	-0.472588	0.098410	-0.434880	-0.363295	0.033612	-0.331389	-0.353104	0.030455	-0.438809	-0.288453	0.055269	-0.389673	-0.552414	0.059792	-0.395690	-0.695952	0.735465	-0.615527	-0.642631	0.729719	-0.621969	-0.698751	0.699788	-0.617955	-0.649714	0.694793	-0.621822	-0.757191	0.443983	-0.586645	-0.731846	0.443969	-0.481822	-0.888851	0.387324	-0.593331	-0.851896	0.351337	-0.585303	-0.914431	0.355429	-0.587249	-0.883843	0.327895	-0.580008	-1.079793	0.214047	-0.536345	-1.044793	0.214041	-0.452055	-1.084300	0.056471	-0.527786	-1.068718	0.079538	-0.418008	-1.040613	0.042006	-0.465839	-1.123149	0.266820	-0.485367	-0.663424	1.338825	-0.280074	-0.660745	1.336658	-0.646906	
132	0.6550	-0.579872	0.926518	-0.323007	-0.594998	0.911825	-0.584560	-0.735733	0.927060	-0.387200	-0.744799	0.926603	-0.487890	-0.576459	0.758636	-0.275963	-0.533446	0.780088	-0.293471	-0.563592	0.711301	-0.274437	-0.522613	0.733814	-0.289994	-0.462434	0.489198	-0.335081	-0.466684	0.492751	-0.421032	-0.492232	0.349021	-0.302540	-0.443738	0.352041	-0.328931	-0.489776	0.296357	-0.306597	-0.443585	0.305541	-0.329170	-0.482976	0.087326	-0.344823	-0.471876	0.098587	-0.434967	-0.362892	0.033310	-0.331415	-0.352675	0.030023	-0.439018	-0.287911	0.053813	-0.389738	-0.552148	0.060137	-0.395635	-0.686570	0.735247	-0.615304	-0.633250	0.730170	-0.621708	-0.688706	0.699452	-0.617744	-0.639637	0.695159	-0.621587	-0.743098	0.442878	-0.587139	-0.717996	0.442933	-0.481832	-0.874972	0.387756	-0.594218	-0.838650	0.351302	-0.585939	-0.901153	0.356441	-0.588141	-0.870963	0.328261	-0.580502	-1.068743	0.218156	-0.537587	-1.034001	0.217263	-0.453146	-1.077094	0.059850	-0.529332	-1.060947	0.082650	-0.419896	-1.033601	0.042817	-0.467984	-1.110781	0.272174	-0.486575	-0.655580	1.339976	-0.280076	-0.653294	1.338037	-0.646918	
133	0.6600	-0.572306	0.927965	-0.323230	-0.587645	0.912803	-0.584746	-0.728219	0.928337	-0.387451	-0.737377	0.927442	-0.488125	-0.569107	0.759703	-0.276207	-0.526174	0.780961	-0.293726	-0.556452	0.712229	-0.274674	-0.515606	0.734591	-0.290207	-0.457353	0.489252	-0.335336	-0.461755	0.492726	-0.421319	-0.488482	0.349366	-0.302633	-0.439950	0.351835	-0.329091	-0.486603	0.296680	-0.306715	-0.440358	0.305367	-0.329323	-0.482462	0.087589	-0.344878	-0.471229	0.098775	-0.435060	-0.362539	0.033121	-0.331423	-0.352289	0.029732	-0.439197	-0.287455	0.052574	-0.389789	-0.551912	0.060433	-0.395592	-0.677240	0.735102	-0.615101	-0.623911	0.730704	-0.621465	-0.678691	0.699190	-0.617546	-0.629593	0.695611	-0.621378	-0.728911	0.441898	-0.587573	-0.704044	0.442028	-0.481786	-0.860923	0.388257	-0.595037	-0.825222	0.351370	-0.586550	-0.887681	0.357517	-0.588987	-0.857871	0.328673	-0.580961	-1.057355	0.222207	-0.538815	-1.022875	0.220441	-0.454219	-1.069178	0.063322	-0.530980	-1.052567	0.085720	-0.421861	-1.025879	0.043770	-0.470234	-1.098204	0.277283	-0.487714	-0.647770	1.341148	-0.280100	-0.645881	1.339426	-0.646952	
134	0.6650	-0.564799	0.929412	-0.323480	-0.580394	0.913826	-0.584953	-0.720773	0.929628	-0.387700	-0.730036	0.928313	-0.488354	-0.561867	0.760764	-0.276472	-0.518989	0.781790	-0.294031	-0.549435	0.713143	-0.274936	-0.508714	0.735329	-0.290455	-0.452509	0.489263	-0.335599	-0.457047	0.492661	-0.421618	-0.484950	0.349673	-0.302752	-0.436370	0.351607	-0.329245	-0.483631	0.296979	-0.306858	-0.437328	0.305184	-0.329466	-0.482005	0.087847	-0.344941	-0.470643	0.098967	-0.435161	-0.362232	0.033024	-0.331415	-0.351942	0.029557	-0.439346	-0.287073	0.051529	-0.389829	-0.551707	0.060685	-0.395561	-0.667963	0.735036	-0.614923	-0.614616	0.731327	-0.621245	-0.668713	0.699011	-0.617367	-0.619586	0.696155	-0.621199	-0.714651	0.441059	-0.587950	-0.690011	0.441269	-0.481692	-0.846728	0.388834	-0.595789	-0.811630	0.351546	-0.587136	-0.874035	0.358658	-0.589786	-0.844584	0.329138	-0.581388	-1.045639	0.226180	-0.540029	-1.011428	0.223558	-0.455273	-1.060539	0.066852	-0.532723	-1.043574	0.088724	-0.423890	-1.017433	0.044865	-0.472572	-1.085448	0.282125	-0.488788	-0.639995	1.342336	-0.280145	-0.638511	1.340819	-0.647007	
135	0.6700	-0.557347	0.930854	-0.323755	-0.573237	0.914891	-0.585180	-0.713390	0.930930	-0.387948	-0.722771	0.929214	-0.488578	-0.554738	0.761817	-0.276757	-0.511886	0.782572	-0.294387	-0.542542	0.714045	-0.275222	-0.501932	0.736026	-0.290737	-0.447892	0.489234	-0.335870	-0.452553	0.492561	-0.421927	-0.481627	0.349945	-0.302895	-0.432991	0.351360	-0.329395	-0.480852	0.297256	-0.307023	-0.434485	0.304992	-0.329598	-0.481598	0.088098	-0.345011	-0.470109	0.099159	-0.435268	-0.361967	0.033000	-0.331395	-0.351632	0.029478	-0.439465	-0.286754	0.050653	-0.389860	-0.551529	0.060899	-0.395541	-0.658741	0.735052	-0.614772	-0.605367	0.732040	-0.621050	-0.658778	0.698921	-0.617211	-0.609624	0.696793	-0.621054	-0.700337	0.440370	-0.588275	-0.675915	0.440668	-0.481554	-0.832409	0.389493	-0.596472	-0.797892	0.351834	-0.587697	-0.860235	0.359862	-0.590538	-0.831119	0.329660	-0.581788	-1.033611	0.230054	-0.541227	-0.999671	0.226600	-0.456309	-1.051171	0.070404	-0.534556	-1.033966	0.091642	-0.425972	-1.008256	0.046096	-0.474979	-1.072539	0.286681	-0.489799	-0.632256	1.343534	-0.280212	-0.631193	1.342213	-0.647084	
136	0.6750	-0.549949	0.932287	-0.324054	-0.566169	0.915995	-0.585426	-0.706070	0.932239	-0.388195	-0.715577	0.930144	-0.488800	-0.547723	0.762864	-0.277059	-0.504863	0.783305	-0.294791	-0.535773	0.714936	-0.275530	-0.495256	0.736682	-0.291051	-0.443496	0.489169	-0.336145	-0.448265	0.492427	-0.422241	-0.478504	0.350184	-0.303059	-0.429806	0.351097	-0.329539	-0.478257	0.297515	-0.307206	-0.431820	0.304792	-0.329721	-0.481235	0.088338	-0.345090	-0.469623	0.099347	-0.435382	-0.361740	0.033031	-0.331364	-0.351356	0.029472	-0.439554	-0.286486	0.049925	-0.389884	-0.551377	0.061079	-0.395533	-0.649575	0.735156	-0.614653	-0.596167	0.732848	-0.620883	-0.648888	0.698925	-0.617082	-0.599709	0.697530	-0.620946	-0.685986	0.439843	-0.588550	-0.661776	0.440236	-0.481379	-0.817990	0.390237	-0.597087	-0.784023	0.352235	-0.588236	-0.846298	0.361127	-0.591245	-0.817492	0.330243	-0.582164	-1.021285	0.233808	-0.542411	-0.987618	0.229552	-0.457329	-1.041073	0.073942	-0.536467	-1.023746	0.094451	-0.428093	-0.998348	0.047455	-0.477438	-1.059501	0.290933	-0.490752	-0.624554	1.344740	-0.280301	-0.623932	1.343606	-0.647181	
137	0.6800	-0.542606	0.933705	-0.324374	-0.559181	0.917133	-0.585689	-0.698809	0.933555	-0.388444	-0.708449	0.931101	-0.489022	-0.540821	0.763904	-0.277376	-0.497918	0.783990	-0.295239	-0.529130	0.715817	-0.275857	-0.488684	0.737295	-0.291397	-0.439310	0.489073	-0.336421	-0.444175	0.492265	-0.422556	-0.475572	0.350394	-0.303241	-0.426807	0.350822	-0.329678	-0.475838	0.297758	-0.307403	-0.429323	0.304587	-0.329836	-0.480910	0.088565	-0.345176	-0.469177	0.099527	-0.435501	-0.361546	0.033102	-0.331324	-0.351109	0.029522	-0.439614	-0.286260	0.049321	-0.389904	-0.551249	0.061232	-0.395536	-0.640465	0.735349	-0.614567	-0.587016	0.733752	-0.620747	-0.639048	0.699029	-0.616984	-0.589844	0.698367	-0.620875	-0.671616	0.439486	-0.588782	-0.647610	0.439983	-0.481174	-0.803490	0.391067	-0.597637	-0.770040	0.352749	-0.588753	-0.832244	0.362447	-0.591908	-0.803719	0.330889	-0.582522	-1.008675	0.237419	-0.543578	-0.975283	0.232400	-0.458331	-1.030251	0.077430	-0.538447	-1.012920	0.097131	-0.430240	-0.987711	0.048928	-0.479928	-1.046357	0.294865	-0.491651	-0.616892	1.345950	-0.280410	-0.616733	1.344994	-0.647298	
138	0.6850	-0.535315	0.935107	-0.324712	-0.552265	0.918305	-0.585967	-0.691607	0.934874	-0.388697	-0.701384	0.932084	-0.489246	-0.534034	0.764937	-0.277705	-0.491051	0.784625	-0.295727	-0.522615	0.716689	-0.276200	-0.482213	0.737865	-0.291770	-0.435327	0.488951	-0.336697	-0.440273	0.492079	-0.422869	-0.472820	0.350577	-0.303439	-0.423986	0.350540	-0.329812	-0.473583	0.297990	-0.307611	-0.426984	0.304379	-0.329942	-0.480617	0.088780	-0.345270	-0.468766	0.099699	-0.435625	-0.361380	0.033199	-0.331277	-0.350890	0.029610	-0.439646	-0.286066	0.048822	-0.389920	-0.551141	0.061365	-0.395550	-0.631409	0.735633	-0.614517	-0.577915	0.734753	-0.620643	-0.629258	0.699236	-0.616921	-0.580032	0.699307	-0.620844	-0.657240	0.439304	-0.588975	-0.633433	0.439916	-0.480945	-0.788928	0.391983	-0.598123	-0.755959	0.353373	-0.589248	-0.818089	0.363816	-0.592527	-0.789816	0.331600	-0.582863	-0.995795	0.240867	-0.544726	-0.962677	0.235128	-0.459317	-1.018714	0.080831	-0.540482	-1.001497	0.099663	-0.432398	-0.976354	0.050501	-0.482430	-1.033126	0.298466	-0.492502	-0.609270	1.347160	-0.280542	-0.609602	1.346375	-0.647433	
139	0.6900	-0.528079	0.936489	-0.325065	-0.545414	0.919505	-0.586258	-0.684462	0.936194	-0.388955	-0.694376	0.933089	-0.489477	-0.527363	0.765963	-0.278042	-0.484260	0.785212	-0.296248	-0.516230	0.717553	-0.276554	-0.475841	0.738392	-0.292166	-0.431535	0.488808	-0.336971	-0.436548	0.491873	-0.423175	-0.470237	0.350740	-0.303650	-0.421334	0.350256	-0.329939	-0.471482	0.298215	-0.307826	-0.424791	0.304171	-0.330041	-0.480349	0.088982	-0.345371	-0.468384	0.099861	-0.435754	-0.361239	0.033310	-0.331225	-0.350696	0.029722	-0.439651	-0.285897	0.048407	-0.389934	-0.551051	0.061483	-0.395575	-0.622406	0.736010	-0.614504	-0.568862	0.735853	-0.620575	-0.619521	0.699549	-0.616896	-0.570275	0.700350	-0.620853	-0.642873	0.439303	-0.589135	-0.619262	0.440041	-0.480698	-0.774324	0.392981	-0.598549	-0.741792	0.354103	-0.589722	-0.803848	0.365225	-0.593106	-0.775796	0.332375	-0.583191	-0.982661	0.244132	-0.545855	-0.949816	0.237723	-0.460285	-1.006478	0.084112	-0.542559	-0.989491	0.102031	-0.434553	-0.964288	0.052155	-0.484923	-1.019823	0.301724	-0.493310	-0.601688	1.348370	-0.280695	-0.602541	1.347749	-0.647585	
140	0.6950	-0.520897	0.937848	-0.325429	-0.538618	0.920733	-0.586558	-0.677371	0.937512	-0.389222	-0.687421	0.934116	-0.489717	-0.520809	0.766980	-0.278385	-0.477547	0.785752	-0.296794	-0.509976	0.718412	-0.276915	-0.469564	0.738877	-0.292579	-0.427925	0.488649	-0.337239	-0.432990	0.491654	-0.423472	-0.467812	0.350887	-0.303871	-0.418842	0.349977	-0.330061	-0.469523	0.298437	-0.308042	-0.422734	0.303966	-0.330132	-0.480102	0.089172	-0.345479	-0.468024	0.100015	-0.435888	-0.361118	0.033425	-0.331170	-0.350524	0.029847	-0.439630	-0.285744	0.048059	-0.389946	-0.550974	0.061593	-0.395610	-0.613452	0.736480	-0.614531	-0.559858	0.737050	-0.620541	-0.609836	0.699970	-0.616912	-0.560573	0.701497	-0.620902	-0.628526	0.439485	-0.589267	-0.605108	0.440362	-0.480442	-0.759695	0.394057	-0.598920	-0.727552	0.354932	-0.590176	-0.789538	0.366665	-0.593647	-0.761673	0.333213	-0.583510	-0.969287	0.247193	-0.546962	-0.936711	0.240169	-0.461234	-0.993563	0.087238	-0.544664	-0.976916	0.104218	-0.436692	-0.951532	0.053868	-0.487389	-1.006462	0.304631	-0.494080	-0.594148	1.349577	-0.280869	-0.595553	1.349115	-0.647755	
141	0.7000	-0.513770	0.939183	-0.325800	-0.531869	0.921983	-0.586865	-0.670335	0.938825	-0.389500	-0.680514	0.935163	-0.489970	-0.514372	0.767988	-0.278729	-0.470911	0.786244	-0.297357	-0.503855	0.719265	-0.277278	-0.463382	0.739320	-0.293005	-0.424487	0.488478	-0.337499	-0.429589	0.491426	-0.423757	-0.465535	0.351021	-0.304100	-0.416501	0.349707	-0.330177	-0.467695	0.298659	-0.308259	-0.420803	0.303768	-0.330218	-0.479870	0.089351	-0.345593	-0.467683	0.100161	-0.436025	-0.361014	0.033536	-0.331113	-0.350371	0.029974	-0.439586	-0.285602	0.047764	-0.389956	-0.550907	0.061700	-0.395655	-0.604547	0.737041	-0.614599	-0.550902	0.738344	-0.620545	-0.600202	0.700498	-0.616972	-0.550926	0.702747	-0.620989	-0.614212	0.439851	-0.589375	-0.590984	0.440882	-0.480182	-0.745054	0.395204	-0.599241	-0.713252	0.355854	-0.590609	-0.775171	0.368123	-0.594152	-0.747461	0.334111	-0.583821	-0.955687	0.250033	-0.548045	-0.923376	0.242455	-0.462164	-0.979993	0.090181	-0.546781	-0.963789	0.106212	-0.438801	-0.938104	0.055618	-0.489809	-0.993052	0.307179	-0.494819	-0.586648	1.350779	-0.281065	-0.588638	1.350471	-0.647940	
142	0.7050	-0.506699	0.940491	-0.326173	-0.525160	0.923255	-0.587176	-0.663351	0.940132	-0.389791	-0.673650	0.936226	-0.490239	-0.508052	0.768984	-0.279072	-0.464355	0.786693	-0.297929	-0.497868	0.720114	-0.277639	-0.457293	0.739722	-0.293436	-0.421210	0.488302	-0.337751	-0.426333	0.491195	-0.424028	-0.463394	0.351149	-0.304334	-0.414303	0.349450	-0.330287	-0.465987	0.298884	-0.308471	-0.418987	0.303581	-0.330298	-0.479649	0.089521	-0.345712	-0.467354	0.100300	-0.436166	-0.360923	0.033637	-0.331056	-0.350234	0.030095	-0.439520	-0.285467	0.047508	-0.389964	-0.550847	0.061808	-0.395711	-0.595685	0.737692	-0.614708	-0.541993	0.739732	-0.620585	-0.590620	0.701133	-0.617076	-0.541333	0.704099	-0.621114	-0.599938	0.440398	-0.589467	-0.576901	0.441600	-0.479925	-0.730417	0.396413	-0.599516	-0.698903	0.356860	-0.591021	-0.760761	0.369589	-0.594625	-0.733170	0.335067	-0.584126	-0.941875	0.252632	-0.549099	-0.909823	0.244566	-0.463074	-0.965795	0.092913	-0.548895	-0.950131	0.108000	-0.440866	-0.924030	0.057381	-0.492167	-0.979602	0.309363	-0.495532	-0.579190	1.351975	-0.281283	-0.581798	1.351817	-0.648141	
143	0.7100	-0.499686	0.941772	-0.326545	-0.518482	0.924543	-0.587488	-0.656420	0.941428	-0.390099	-0.666828	0.937303	-0.490527	-0.501850	0.769966	-0.279412	-0.457879	0.787098	-0.298500	-0.492016	0.720959	-0.277994	-0.451296	0.740085	-0.293866	-0.418086	0.488123	-0.337993	-0.423212	0.490964	-0.424284	-0.461379	0.351274	-0.304572	-0.412238	0.349213	-0.330391	-0.464387	0.299116	-0.308678	-0.417279	0.303406	-0.330373	-0.479435	0.089684	-0.345837	-0.467035	0.100435	-0.436310	-0.360842	0.033725	-0.330999	-0.350113	0.030206	-0.439433	-0.285334	0.047280	-0.389969	-0.550789	0.061924	-0.395776	-0.586865	0.738430	-0.614860	-0.533129	0.741211	-0.620661	-0.581086	0.701874	-0.617228	-0.531795	0.705550	-0.621275	-0.585715	0.441124	-0.589545	-0.562870	0.442514	-0.479675	-0.715796	0.397674	-0.599753	-0.684513	0.357938	-0.591414	-0.746318	0.371049	-0.595069	-0.718814	0.336075	-0.584426	-0.927864	0.254975	-0.550124	-0.896064	0.246491	-0.463962	-0.951000	0.095409	-0.550991	-0.935962	0.109572	-0.442877	-0.909334	0.059131	-0.494447	-0.966114	0.311179	-0.496222	-0.571774	1.353165	-0.281522	-0.575029	1.353152	-0.648357	
144	0.7150	-0.492732	0.943024	-0.326911	-0.511829	0.925846	-0.587799	-0.649539	0.942710	-0.390424	-0.660041	0.938392	-0.490836	-0.495763	0.770933	-0.279745	-0.451484	0.787463	-0.299062	-0.486298	0.721799	-0.278340	-0.445389	0.740409	-0.294290	-0.415105	0.487946	-0.338224	-0.420216	0.490739	-0.424524	-0.459481	0.351400	-0.304813	-0.410297	0.348999	-0.330490	-0.462885	0.299357	-0.308876	-0.415668	0.303248	-0.330444	-0.479224	0.089843	-0.345968	-0.466720	0.100567	-0.436458	-0.360769	0.033796	-0.330944	-0.350004	0.030302	-0.439329	-0.285201	0.047070	-0.389973	-0.550730	0.062049	-0.395851	-0.578082	0.739252	-0.615054	-0.524308	0.742778	-0.620773	-0.571599	0.702715	-0.617426	-0.522309	0.707098	-0.621469	-0.571549	0.442024	-0.589616	-0.548898	0.443620	-0.479440	-0.701201	0.398974	-0.599958	-0.670092	0.359079	-0.591786	-0.731854	0.372489	-0.595486	-0.704402	0.337129	-0.584722	-0.913665	0.257047	-0.551115	-0.882109	0.248217	-0.464826	-0.935639	0.097650	-0.553053	-0.921303	0.110920	-0.444822	-0.894044	0.060843	-0.496637	-0.952591	0.312624	-0.496894	-0.564398	1.354347	-0.281783	-0.568331	1.354476	-0.648587	
145	0.7200	-0.485838	0.944245	-0.327268	-0.505193	0.927159	-0.588106	-0.642708	0.943977	-0.390771	-0.653288	0.939490	-0.491170	-0.489789	0.771880	-0.280070	-0.445174	0.787791	-0.299606	-0.480713	0.722634	-0.278673	-0.439571	0.740698	-0.294700	-0.412257	0.487774	-0.338442	-0.417334	0.490523	-0.424748	-0.457691	0.351533	-0.305054	-0.408474	0.348811	-0.330583	-0.461471	0.299609	-0.309066	-0.414147	0.303109	-0.330511	-0.479014	0.090000	-0.346103	-0.466406	0.100698	-0.436609	-0.360702	0.033849	-0.330891	-0.349905	0.030380	-0.439210	-0.285066	0.046871	-0.389974	-0.550667	0.062189	-0.395937	-0.569335	0.740153	-0.615292	-0.515529	0.744427	-0.620920	-0.562156	0.703655	-0.617674	-0.512875	0.708738	-0.621694	-0.557448	0.443092	-0.589684	-0.534994	0.444915	-0.479222	-0.686642	0.400303	-0.600138	-0.655648	0.360271	-0.592139	-0.717377	0.373897	-0.595881	-0.689943	0.338222	-0.585014	-0.899292	0.258833	-0.552069	-0.867970	0.249735	-0.465664	-0.919745	0.099620	-0.555069	-0.906176	0.112039	-0.446692	-0.878191	0.062493	-0.498726	-0.939033	0.313696	-0.497551	-0.557062	1.355521	-0.282065	-0.561698	1.355788	-0.648830	
146	0.7250	-0.479005	0.945435	-0.327611	-0.498570	0.928479	-0.588405	-0.635926	0.945223	-0.391140	-0.646566	0.940592	-0.491530	-0.483926	0.772807	-0.280386	-0.438948	0.788082	-0.300125	-0.475258	0.723463	-0.278992	-0.433842	0.740953	-0.295092	-0.409533	0.487611	-0.338648	-0.414558	0.490321	-0.424957	-0.455999	0.351674	-0.305295	-0.406758	0.348653	-0.330672	-0.460135	0.299872	-0.309245	-0.412708	0.302991	-0.330576	-0.478801	0.090157	-0.346244	-0.466090	0.100832	-0.436764	-0.360638	0.033884	-0.330841	-0.349814	0.030441	-0.439079	-0.284927	0.046677	-0.389973	-0.550596	0.062346	-0.396033	-0.560619	0.741129	-0.615572	-0.506792	0.746154	-0.621099	-0.552757	0.704688	-0.617969	-0.503490	0.710466	-0.621946	-0.543416	0.444321	-0.589751	-0.521166	0.446389	-0.479027	-0.672129	0.401646	-0.600299	-0.641188	0.361503	-0.592471	-0.702897	0.375258	-0.596256	-0.675449	0.339346	-0.585303	-0.884755	0.260323	-0.552985	-0.853656	0.251035	-0.466474	-0.903352	0.101305	-0.557026	-0.890603	0.112923	-0.448480	-0.861803	0.064058	-0.500706	-0.925437	0.314393	-0.498195	-0.549765	1.356685	-0.282369	-0.555127	1.357087	-0.649087	
147	0.7300	-0.472234	0.946592	-0.327938	-0.491952	0.929802	-0.588697	-0.629192	0.946447	-0.391533	-0.639872	0.941697	-0.491918	-0.478170	0.773709	-0.280693	-0.432807	0.788341	-0.300611	-0.469930	0.724284	-0.279295	-0.428199	0.741175	-0.295461	-0.406926	0.487458	-0.338842	-0.411877	0.490135	-0.425151	-0.454398	0.351827	-0.305535	-0.405142	0.348526	-0.330756	-0.458867	0.300147	-0.309415	-0.411344	0.302896	-0.330639	-0.478584	0.090317	-0.346390	-0.465770	0.100970	-0.436923	-0.360577	0.033902	-0.330795	-0.349730	0.030484	-0.438936	-0.284785	0.046485	-0.389968	-0.550515	0.062522	-0.396139	-0.551933	0.742174	-0.615895	-0.498094	0.747952	-0.621309	-0.543397	0.705809	-0.618314	-0.494155	0.712277	-0.622223	-0.529460	0.445701	-0.589823	-0.507418	0.448036	-0.478857	-0.657666	0.402990	-0.600449	-0.626719	0.362762	-0.592784	-0.688421	0.376561	-0.596615	-0.660926	0.340494	-0.585588	-0.870063	0.261506	-0.553858	-0.839175	0.252108	-0.467255	-0.886494	0.102699	-0.558912	-0.874607	0.113571	-0.450180	-0.844911	0.065518	-0.502571	-0.911799	0.314716	-0.498829	-0.542508	1.357838	-0.282693	-0.548612	1.358371	-0.649358	
148	0.7350	-0.465526	0.947715	-0.328245	-0.485337	0.931124	-0.588977	-0.622504	0.947646	-0.391951	-0.633203	0.942799	-0.492336	-0.472517	0.774584	-0.280991	-0.426753	0.788569	-0.301060	-0.464723	0.725096	-0.279582	-0.422642	0.741367	-0.295803	-0.404427	0.487318	-0.339024	-0.409285	0.489967	-0.425332	-0.452881	0.351995	-0.305775	-0.403618	0.348432	-0.330837	-0.457660	0.300435	-0.309576	-0.410049	0.302827	-0.330702	-0.478361	0.090483	-0.346540	-0.465443	0.101114	-0.437086	-0.360517	0.033905	-0.330753	-0.349651	0.030511	-0.438786	-0.284639	0.046292	-0.389960	-0.550420	0.062719	-0.396255	-0.543275	0.743283	-0.616260	-0.489433	0.749815	-0.621548	-0.534076	0.707011	-0.618706	-0.484866	0.714164	-0.622521	-0.515584	0.447224	-0.589902	-0.493759	0.449846	-0.478717	-0.643262	0.404321	-0.600594	-0.612246	0.364039	-0.593078	-0.673955	0.377791	-0.596960	-0.646382	0.341655	-0.585868	-0.855226	0.262375	-0.554687	-0.824536	0.252948	-0.468003	-0.869202	0.103795	-0.560719	-0.858207	0.113982	-0.451786	-0.827544	0.066854	-0.504318	-0.898113	0.314664	-0.499451	-0.535288	1.358980	-0.283038	-0.542148	1.359639	-0.649641	
149	0.7400	-0.458880	0.948804	-0.328533	-0.478721	0.932440	-0.589246	-0.615861	0.948816	-0.392395	-0.626558	0.943895	-0.492784	-0.466960	0.775429	-0.281280	-0.420786	0.788769	-0.301468	-0.459633	0.725896	-0.279855	-0.417168	0.741530	-0.296116	-0.402027	0.487191	-0.339194	-0.406771	0.489820	-0.425502	-0.451439	0.352180	-0.306015	-0.402179	0.348371	-0.330915	-0.456505	0.300734	-0.309728	-0.408817	0.302783	-0.330763	-0.478130	0.090656	-0.346696	-0.465108	0.101267	-0.437254	-0.360458	0.033895	-0.330715	-0.349575	0.030524	-0.438630	-0.284489	0.046095	-0.389948	-0.550311	0.062939	-0.396382	-0.534641	0.744448	-0.616666	-0.480810	0.751736	-0.621812	-0.524791	0.708288	-0.619146	-0.475624	0.716123	-0.622837	-0.501792	0.448880	-0.589991	-0.480192	0.451808	-0.478607	-0.628920	0.405625	-0.600740	-0.597775	0.365322	-0.593354	-0.659506	0.378939	-0.597295	-0.631825	0.342821	-0.586143	-0.840252	0.262923	-0.555469	-0.809745	0.253547	-0.468716	-0.851509	0.104594	-0.562439	-0.841424	0.114157	-0.453296	-0.809733	0.068049	-0.505947	-0.884373	0.314238	-0.500063	-0.528105	1.360109	-0.283402	-0.535727	1.360889	-0.649938	
150	0.7450	-0.452296	0.949857	-0.328797	-0.472100	0.933748	-0.589503	-0.609262	0.949954	-0.392866	-0.619935	0.944981	-0.493262	-0.461494	0.776241	-0.281561	-0.414905	0.788943	-0.301832	-0.454651	0.726681	-0.280114	-0.411775	0.741668	-0.296399	-0.399719	0.487080	-0.339354	-0.404330	0.489695	-0.425663	-0.450067	0.352383	-0.306254	-0.400816	0.348345	-0.330990	-0.455395	0.301045	-0.309875	-0.407641	0.302765	-0.330826	-0.477892	0.090839	-0.346857	-0.464764	0.101430	-0.437426	-0.360400	0.033873	-0.330681	-0.349502	0.030525	-0.438471	-0.284338	0.045895	-0.389933	-0.550184	0.063184	-0.396519	-0.526032	0.745664	-0.617113	-0.472223	0.753708	-0.622099	-0.515541	0.709632	-0.619632	-0.466427	0.718145	-0.623168	-0.488088	0.450658	-0.590092	-0.466724	0.453911	-0.478529	-0.614645	0.406892	-0.600893	-0.583311	0.366601	-0.593612	-0.645078	0.379994	-0.597621	-0.617261	0.343982	-0.586413	-0.825147	0.263146	-0.556203	-0.794809	0.253902	-0.469393	-0.833446	0.105100	-0.564066	-0.824276	0.114097	-0.454709	-0.791504	0.069091	-0.507458	-0.870569	0.313439	-0.500662	-0.520959	1.361223	-0.283786	-0.529344	1.362118	-0.650247	
151	0.7500	-0.445774	0.950872	-0.329040	-0.465474	0.935042	-0.589747	-0.602706	0.951059	-0.393364	-0.613332	0.946053	-0.493770	-0.456113	0.777018	-0.281838	-0.409108	0.789093	-0.302150	-0.449770	0.727450	-0.280363	-0.406460	0.741781	-0.296650	-0.397495	0.486985	-0.339504	-0.401953	0.489591	-0.425817	-0.448758	0.352606	-0.306494	-0.399521	0.348352	-0.331065	-0.454323	0.301366	-0.310017	-0.406516	0.302775	-0.330889	-0.477644	0.091033	-0.347023	-0.464408	0.101605	-0.437604	-0.360343	0.033844	-0.330652	-0.349429	0.030518	-0.438310	-0.284185	0.045692	-0.389914	-0.550039	0.063454	-0.396667	-0.517447	0.746923	-0.617599	-0.463672	0.755723	-0.622407	-0.506325	0.711038	-0.620163	-0.457274	0.720224	-0.623512	-0.474475	0.452549	-0.590208	-0.453359	0.456144	-0.478486	-0.600440	0.408107	-0.601058	-0.568859	0.367867	-0.593855	-0.630677	0.380948	-0.597942	-0.602695	0.345129	-0.586678	-0.809916	0.263043	-0.556887	-0.779731	0.254008	-0.470031	-0.815039	0.105317	-0.565598	-0.806781	0.113808	-0.456025	-0.772887	0.069971	-0.508855	-0.856693	0.312269	-0.501247	-0.513848	1.362320	-0.284187	-0.522990	1.363323	-0.650570	
152	0.7550	-0.439312	0.951850	-0.329259	-0.458840	0.936318	-0.589977	-0.596189	0.952128	-0.393889	-0.606749	0.947107	-0.494309	-0.450809	0.777758	-0.282111	-0.403395	0.789221	-0.302424	-0.444980	0.728199	-0.280606	-0.401221	0.741872	-0.296872	-0.395348	0.486906	-0.339647	-0.399634	0.489510	-0.425968	-0.447504	0.352849	-0.306735	-0.398288	0.348391	-0.331138	-0.453283	0.301697	-0.310157	-0.405438	0.302811	-0.330955	-0.477387	0.091241	-0.347194	-0.464041	0.101793	-0.437787	-0.360287	0.033809	-0.330627	-0.349357	0.030506	-0.438149	-0.284032	0.045486	-0.389892	-0.549875	0.063750	-0.396824	-0.508884	0.748220	-0.618123	-0.455156	0.757774	-0.622732	-0.497141	0.712497	-0.620738	-0.448164	0.722353	-0.623865	-0.460958	0.454540	-0.590340	-0.440102	0.458493	-0.478477	-0.586309	0.409260	-0.601241	-0.554423	0.369113	-0.594083	-0.616305	0.381792	-0.598259	-0.588133	0.346251	-0.586937	-0.794565	0.262614	-0.557521	-0.764516	0.253863	-0.470630	-0.796315	0.105256	-0.567034	-0.788955	0.113294	-0.457247	-0.753904	0.070683	-0.510145	-0.842736	0.310729	-0.501814	-0.506771	1.363399	-0.284607	-0.516660	1.364501	-0.650905	
153	0.7600	-0.432908	0.952787	-0.329457	-0.452197	0.937572	-0.590196	-0.589711	0.953158	-0.394439	-0.600185	0.948140	-0.494877	-0.445574	0.778460	-0.282384	-0.397761	0.789329	-0.302655	-0.440273	0.728926	-0.280846	-0.396055	0.741942	-0.297065	-0.393270	0.486843	-0.339783	-0.397365	0.489451	-0.426117	-0.446301	0.353113	-0.306978	-0.397108	0.348461	-0.331212	-0.452269	0.302035	-0.310297	-0.404401	0.302875	-0.331023	-0.477121	0.091464	-0.347370	-0.463663	0.101995	-0.437975	-0.360233	0.033771	-0.330607	-0.349284	0.030491	-0.437989	-0.283881	0.045279	-0.389866	-0.549691	0.064073	-0.396991	-0.500345	0.749547	-0.618684	-0.446675	0.759854	-0.623071	-0.487990	0.714001	-0.621355	-0.439099	0.724524	-0.624226	-0.447540	0.456622	-0.590489	-0.426958	0.460947	-0.478503	-0.572252	0.410340	-0.601444	-0.540007	0.370331	-0.594298	-0.601967	0.382520	-0.598575	-0.573579	0.347340	-0.587192	-0.779096	0.261860	-0.558105	-0.749167	0.253466	-0.471186	-0.777298	0.104928	-0.568373	-0.770811	0.112562	-0.458378	-0.734582	0.071222	-0.511334	-0.828687	0.308822	-0.502360	-0.499727	1.364457	-0.285043	-0.510345	1.365649	-0.651254	
154	0.7650	-0.426561	0.953683	-0.329634	-0.445547	0.938799	-0.590402	-0.583268	0.954148	-0.395016	-0.593638	0.949147	-0.495473	-0.440402	0.779123	-0.282660	-0.392204	0.789417	-0.302847	-0.435638	0.729628	-0.281088	-0.390956	0.741992	-0.297232	-0.391253	0.486796	-0.339914	-0.395142	0.489411	-0.426267	-0.445141	0.353398	-0.307223	-0.395974	0.348560	-0.331288	-0.451276	0.302380	-0.310441	-0.403400	0.302964	-0.331095	-0.476845	0.091702	-0.347551	-0.463272	0.102213	-0.438168	-0.360182	0.033732	-0.330590	-0.349210	0.030476	-0.437833	-0.283732	0.045072	-0.389838	-0.549486	0.064424	-0.397166	-0.491830	0.750897	-0.619281	-0.438231	0.761954	-0.623424	-0.478872	0.715543	-0.622012	-0.430078	0.726729	-0.624592	-0.434225	0.458783	-0.590658	-0.413931	0.463492	-0.478564	-0.558273	0.411340	-0.601670	-0.525615	0.371516	-0.594502	-0.587665	0.383128	-0.598890	-0.559035	0.348386	-0.587442	-0.763512	0.260785	-0.558637	-0.733685	0.252816	-0.471700	-0.758010	0.104346	-0.569619	-0.752363	0.111620	-0.459422	-0.714942	0.071589	-0.512432	-0.814536	0.306551	-0.502882	-0.492717	1.365492	-0.285495	-0.504040	1.366763	-0.651616	
155	0.7700	-0.420267	0.954536	-0.329793	-0.438889	0.939996	-0.590599	-0.576859	0.955097	-0.395616	-0.587107	0.950124	-0.496095	-0.435282	0.779745	-0.282940	-0.386720	0.789486	-0.303003	-0.431065	0.730302	-0.281337	-0.385922	0.742025	-0.297377	-0.389289	0.486764	-0.340043	-0.392956	0.489391	-0.426421	-0.444019	0.353705	-0.307472	-0.394878	0.348685	-0.331366	-0.450299	0.302731	-0.310591	-0.402429	0.303078	-0.331170	-0.476559	0.091959	-0.347735	-0.462868	0.102447	-0.438366	-0.360134	0.033695	-0.330577	-0.349135	0.030465	-0.437680	-0.283587	0.044866	-0.389806	-0.549262	0.064804	-0.397349	-0.483340	0.752265	-0.619911	-0.429823	0.764068	-0.623786	-0.469788	0.717117	-0.622707	-0.421101	0.728962	-0.624962	-0.421015	0.461015	-0.590846	-0.401026	0.466116	-0.478660	-0.544371	0.412252	-0.601923	-0.511250	0.372663	-0.594699	-0.573401	0.383613	-0.599207	-0.544506	0.349381	-0.587689	-0.747812	0.259395	-0.559120	-0.718071	0.251916	-0.472170	-0.738470	0.103527	-0.570775	-0.733622	0.110476	-0.460386	-0.695005	0.071787	-0.513448	-0.800272	0.303920	-0.503375	-0.485738	1.366501	-0.285962	-0.497739	1.367840	-0.651992	
156	0.7750	-0.414023	0.955346	-0.329936	-0.432224	0.941158	-0.590788	-0.570481	0.956003	-0.396240	-0.580591	0.951070	-0.496743	-0.430209	0.780327	-0.283230	-0.381303	0.789537	-0.303130	-0.426543	0.730945	-0.281599	-0.380946	0.742040	-0.297505	-0.387370	0.486747	-0.340170	-0.390803	0.489388	-0.426580	-0.442928	0.354031	-0.307725	-0.393812	0.348836	-0.331447	-0.449334	0.303087	-0.310749	-0.401485	0.303217	-0.331250	-0.476264	0.092234	-0.347924	-0.462453	0.102696	-0.438569	-0.360090	0.033662	-0.330567	-0.349058	0.030459	-0.437532	-0.283447	0.044665	-0.389773	-0.549019	0.065213	-0.397539	-0.474878	0.753644	-0.620573	-0.421452	0.766189	-0.624157	-0.460740	0.718714	-0.623437	-0.412170	0.731214	-0.625335	-0.407915	0.463307	-0.591056	-0.388247	0.468807	-0.478791	-0.530549	0.413068	-0.602203	-0.496916	0.373768	-0.594890	-0.559177	0.383973	-0.599527	-0.529993	0.350317	-0.587934	-0.731998	0.257697	-0.559554	-0.702324	0.250766	-0.472596	-0.718694	0.102488	-0.571848	-0.714598	0.109140	-0.461276	-0.674790	0.071822	-0.514393	-0.785883	0.300935	-0.503836	-0.478791	1.367482	-0.286443	-0.491435	1.368875	-0.652382	
157	0.7800	-0.407826	0.956110	-0.330067	-0.425554	0.942281	-0.590971	-0.564131	0.956866	-0.396886	-0.574090	0.951980	-0.497413	-0.425174	0.780867	-0.283530	-0.375950	0.789570	-0.303233	-0.422061	0.731556	-0.281879	-0.376025	0.742039	-0.297619	-0.385489	0.486743	-0.340299	-0.388675	0.489399	-0.426746	-0.441861	0.354377	-0.307984	-0.392770	0.349009	-0.331533	-0.448376	0.303446	-0.310919	-0.400560	0.303378	-0.331335	-0.475958	0.092527	-0.348116	-0.462025	0.102962	-0.438776	-0.360052	0.033633	-0.330560	-0.348979	0.030460	-0.437389	-0.283312	0.044468	-0.389737	-0.548756	0.065652	-0.397735	-0.466444	0.755027	-0.621266	-0.413121	0.768310	-0.624535	-0.451729	0.720327	-0.624200	-0.403287	0.733479	-0.625710	-0.394928	0.465649	-0.591288	-0.375599	0.471551	-0.478956	-0.516805	0.413785	-0.602512	-0.482616	0.374828	-0.595079	-0.544993	0.384207	-0.599851	-0.515498	0.351187	-0.588179	-0.716066	0.255698	-0.559941	-0.686444	0.249372	-0.472980	-0.698697	0.101245	-0.572844	-0.695299	0.107623	-0.462100	-0.654314	0.071701	-0.515277	-0.771360	0.297599	-0.504260	-0.471874	1.368433	-0.286937	-0.485123	1.369865	-0.652785	
158	0.7850	-0.401671	0.956828	-0.330188	-0.418880	0.943362	-0.591150	-0.557807	0.957684	-0.397551	-0.567603	0.952851	-0.498105	-0.420168	0.781367	-0.283845	-0.370653	0.789585	-0.303320	-0.417611	0.732133	-0.282182	-0.371153	0.742022	-0.297727	-0.383637	0.486752	-0.340430	-0.386566	0.489421	-0.426921	-0.440811	0.354743	-0.308247	-0.391742	0.349201	-0.331624	-0.447421	0.303809	-0.311102	-0.399650	0.303560	-0.331426	-0.475643	0.092841	-0.348310	-0.461586	0.103245	-0.438986	-0.360019	0.033610	-0.330556	-0.348899	0.030469	-0.437252	-0.283185	0.044278	-0.389700	-0.548476	0.066122	-0.397934	-0.458042	0.756408	-0.621987	-0.404831	0.770423	-0.624918	-0.442758	0.721950	-0.624993	-0.394453	0.735747	-0.626087	-0.382059	0.468032	-0.591542	-0.363086	0.474338	-0.479155	-0.503142	0.414398	-0.602849	-0.468353	0.375843	-0.595268	-0.530852	0.384315	-0.600179	-0.501021	0.351984	-0.588426	-0.700016	0.253409	-0.560283	-0.670428	0.247736	-0.473321	-0.678493	0.099818	-0.573771	-0.675735	0.105935	-0.462865	-0.633593	0.071435	-0.516112	-0.756690	0.293920	-0.504644	-0.464987	1.369350	-0.287443	-0.478800	1.370805	-0.653203	
159	0.7900	-0.395555	0.957497	-0.330303	-0.412203	0.944397	-0.591328	-0.551506	0.958458	-0.398236	-0.561129	0.953681	-0.498816	-0.415186	0.781827	-0.284178	-0.365407	0.789582	-0.303396	-0.413181	0.732674	-0.282513	-0.366324	0.741988	-0.297832	-0.381806	0.486772	-0.340567	-0.384469	0.489453	-0.427106	-0.439772	0.355126	-0.308517	-0.390723	0.349411	-0.331722	-0.446465	0.304176	-0.311301	-0.398750	0.303762	-0.331523	-0.475319	0.093175	-0.348507	-0.461136	0.103543	-0.439200	-0.359992	0.033594	-0.330553	-0.348818	0.030488	-0.437120	-0.283064	0.044095	-0.389661	-0.548179	0.066624	-0.398136	-0.449675	0.757783	-0.622735	-0.396585	0.772522	-0.625306	-0.433830	0.723576	-0.625814	-0.385671	0.738013	-0.626466	-0.369311	0.470448	-0.591819	-0.350712	0.477155	-0.479387	-0.489559	0.414906	-0.603213	-0.454132	0.376811	-0.595460	-0.516752	0.384300	-0.600513	-0.486564	0.352703	-0.588678	-0.683842	0.250841	-0.560583	-0.654273	0.245866	-0.473621	-0.658092	0.098224	-0.574637	-0.655911	0.104090	-0.463580	-0.612644	0.071035	-0.516908	-0.741862	0.289906	-0.504984	-0.458128	1.370231	-0.287961	-0.472460	1.371694	-0.653635	
160	0.7950	-0.389473	0.958117	-0.330417	-0.405527	0.945383	-0.591508	-0.545224	0.959187	-0.398937	-0.554666	0.954469	-0.499543	-0.410219	0.782247	-0.284529	-0.360205	0.789558	-0.303470	-0.408764	0.733177	-0.282877	-0.361533	0.741939	-0.297941	-0.379988	0.486802	-0.340709	-0.382378	0.489491	-0.427301	-0.438738	0.355527	-0.308794	-0.389704	0.349635	-0.331827	-0.445505	0.304545	-0.311518	-0.397853	0.303983	-0.331626	-0.474984	0.093530	-0.348705	-0.460675	0.103857	-0.439416	-0.359973	0.033585	-0.330553	-0.348736	0.030516	-0.436994	-0.282950	0.043922	-0.389621	-0.547866	0.067159	-0.398340	-0.441346	0.759145	-0.623507	-0.388384	0.774602	-0.625699	-0.424948	0.725198	-0.626660	-0.376944	0.740269	-0.626848	-0.356689	0.472889	-0.592120	-0.338482	0.479991	-0.479653	-0.476056	0.415305	-0.603604	-0.439954	0.377732	-0.595660	-0.502695	0.384163	-0.600852	-0.472126	0.353340	-0.588936	-0.667542	0.248006	-0.560843	-0.637977	0.243767	-0.473882	-0.637505	0.096484	-0.575450	-0.635835	0.102100	-0.464253	-0.591478	0.070514	-0.517676	-0.726864	0.285565	-0.505279	-0.451297	1.371073	-0.288489	-0.466101	1.372526	-0.654082	
161	0.8000	-0.383420	0.958688	-0.330532	-0.398852	0.946318	-0.591692	-0.538960	0.959871	-0.399653	-0.548215	0.955211	-0.500286	-0.405261	0.782629	-0.284902	-0.355042	0.789515	-0.303548	-0.404350	0.733641	-0.283277	-0.356774	0.741873	-0.298059	-0.378175	0.486841	-0.340861	-0.380286	0.489532	-0.427507	-0.437701	0.355944	-0.309078	-0.388679	0.349872	-0.331940	-0.444537	0.304917	-0.311755	-0.396954	0.304219	-0.331737	-0.474640	0.093905	-0.348903	-0.460205	0.104185	-0.439634	-0.359960	0.033583	-0.330554	-0.348654	0.030554	-0.436874	-0.282845	0.043757	-0.389581	-0.547539	0.067728	-0.398543	-0.433058	0.760489	-0.624302	-0.380232	0.776655	-0.626096	-0.416117	0.726809	-0.627527	-0.368275	0.742507	-0.627234	-0.344198	0.475345	-0.592445	-0.326399	0.482835	-0.479952	-0.462633	0.415595	-0.604019	-0.425825	0.378605	-0.595870	-0.488681	0.383908	-0.601199	-0.457706	0.353890	-0.589205	-0.651110	0.244915	-0.561068	-0.621534	0.241447	-0.474107	-0.616738	0.094614	-0.576219	-0.615512	0.099978	-0.464891	-0.570109	0.069888	-0.518424	-0.711687	0.280906	-0.505525	-0.444494	1.371875	-0.289027	-0.459720	1.373299	-0.654544	
162	0.8050	-0.377392	0.959207	-0.330653	-0.392182	0.947197	-0.591883	-0.532710	0.960510	-0.400382	-0.541773	0.955906	-0.501041	-0.400306	0.782973	-0.285299	-0.349910	0.789450	-0.303636	-0.399932	0.734065	-0.283716	-0.352042	0.741789	-0.298190	-0.376359	0.486886	-0.341022	-0.378186	0.489572	-0.427725	-0.436654	0.356375	-0.309369	-0.387641	0.350119	-0.332063	-0.443559	0.305293	-0.312013	-0.396049	0.304470	-0.331855	-0.474285	0.094301	-0.349102	-0.459725	0.104527	-0.439854	-0.359954	0.033589	-0.330556	-0.348573	0.030601	-0.436759	-0.282746	0.043603	-0.389540	-0.547200	0.068331	-0.398745	-0.424815	0.761810	-0.625116	-0.372133	0.778676	-0.626499	-0.407341	0.728404	-0.628412	-0.359668	0.744720	-0.627624	-0.331843	0.477809	-0.592795	-0.314467	0.485677	-0.480284	-0.449291	0.415777	-0.604457	-0.411746	0.379433	-0.596092	-0.474708	0.383537	-0.601552	-0.443306	0.354351	-0.589486	-0.634540	0.241584	-0.561259	-0.604942	0.238914	-0.474298	-0.595799	0.092634	-0.576952	-0.594947	0.097739	-0.465501	-0.548549	0.069171	-0.519162	-0.696318	0.275941	-0.505722	-0.437716	1.372633	-0.289575	-0.453315	1.374010	-0.655020	
163	0.8100	-0.371384	0.959674	-0.330783	-0.385517	0.948021	-0.592084	-0.526472	0.961104	-0.401123	-0.535340	0.956554	-0.501808	-0.395348	0.783280	-0.285721	-0.344804	0.789362	-0.303741	-0.395504	0.734450	-0.284196	-0.347330	0.741688	-0.298340	-0.374531	0.486937	-0.341195	-0.376073	0.489609	-0.427953	-0.435592	0.356819	-0.309668	-0.386585	0.350373	-0.332195	-0.442566	0.305673	-0.312293	-0.395130	0.304734	-0.331981	-0.473920	0.094717	-0.349301	-0.459237	0.104882	-0.440074	-0.359956	0.033602	-0.330559	-0.348493	0.030655	-0.436649	-0.282655	0.043459	-0.389500	-0.546848	0.068968	-0.398943	-0.416621	0.763103	-0.625949	-0.364088	0.780658	-0.626906	-0.398625	0.729976	-0.629312	-0.351127	0.746902	-0.628021	-0.319628	0.480274	-0.593169	-0.302691	0.488507	-0.480649	-0.436028	0.415850	-0.604914	-0.397722	0.380214	-0.596331	-0.460777	0.383055	-0.601913	-0.428923	0.354722	-0.589783	-0.617826	0.238025	-0.561421	-0.588194	0.236179	-0.474460	-0.574695	0.090562	-0.577657	-0.574146	0.095398	-0.466091	-0.526809	0.068380	-0.519895	-0.680746	0.270683	-0.505870	-0.430963	1.373346	-0.290132	-0.446885	1.374657	-0.655511	
164	0.8150	-0.365391	0.960089	-0.330926	-0.378859	0.948785	-0.592298	-0.520244	0.961654	-0.401874	-0.528915	0.957152	-0.502583	-0.390383	0.783551	-0.286168	-0.339718	0.789250	-0.303869	-0.391060	0.734794	-0.284720	-0.342634	0.741568	-0.298512	-0.372686	0.486991	-0.341381	-0.373938	0.489638	-0.428191	-0.434508	0.357275	-0.309974	-0.385503	0.350633	-0.332338	-0.441556	0.306058	-0.312595	-0.394194	0.305008	-0.332116	-0.473545	0.095152	-0.349498	-0.458741	0.105249	-0.440294	-0.359963	0.033622	-0.330562	-0.348414	0.030715	-0.436545	-0.282570	0.043326	-0.389459	-0.546487	0.069640	-0.399137	-0.408481	0.764362	-0.626797	-0.356103	0.782597	-0.627320	-0.389974	0.731518	-0.630223	-0.342656	0.749045	-0.628425	-0.307559	0.482731	-0.593568	-0.291075	0.491315	-0.481047	-0.422845	0.415815	-0.605389	-0.383755	0.380952	-0.596589	-0.446887	0.382466	-0.602281	-0.414558	0.355001	-0.590098	-0.600962	0.234255	-0.561558	-0.571287	0.233251	-0.474595	-0.553429	0.088414	-0.578341	-0.553115	0.092970	-0.466667	-0.504900	0.067532	-0.520630	-0.664961	0.265145	-0.505969	-0.424234	1.374012	-0.290698	-0.440428	1.375237	-0.656018	
165	0.8200	-0.359408	0.960452	-0.331085	-0.372211	0.949489	-0.592526	-0.514023	0.962160	-0.402634	-0.522497	0.957701	-0.503366	-0.385407	0.783787	-0.286643	-0.334645	0.789113	-0.304023	-0.386595	0.735098	-0.285287	-0.337949	0.741427	-0.298710	-0.370815	0.487047	-0.341581	-0.371777	0.489658	-0.428438	-0.433397	0.357742	-0.310289	-0.384391	0.350896	-0.332492	-0.440527	0.306449	-0.312919	-0.393236	0.305292	-0.332259	-0.473159	0.095608	-0.349694	-0.458238	0.105626	-0.440513	-0.359976	0.033648	-0.330567	-0.348338	0.030781	-0.436445	-0.282492	0.043203	-0.389419	-0.546116	0.070347	-0.399326	-0.400400	0.765585	-0.627658	-0.348181	0.784485	-0.627742	-0.381393	0.733024	-0.631144	-0.334260	0.751143	-0.628838	-0.295642	0.485173	-0.593991	-0.279621	0.494091	-0.481478	-0.409743	0.415674	-0.605878	-0.369852	0.381645	-0.596867	-0.433038	0.381773	-0.602657	-0.400210	0.355191	-0.590433	-0.583941	0.230289	-0.561674	-0.554217	0.230143	-0.474708	-0.532007	0.086208	-0.579010	-0.531860	0.090473	-0.467234	-0.482831	0.066643	-0.521371	-0.648952	0.259343	-0.506021	-0.417527	1.374628	-0.291272	-0.433946	1.375750	-0.656539	
166	0.8250	-0.353433	0.960762	-0.331263	-0.365574	0.950131	-0.592772	-0.507807	0.962622	-0.403400	-0.516087	0.958199	-0.504154	-0.380415	0.783988	-0.287144	-0.329582	0.788949	-0.304208	-0.382106	0.735362	-0.285897	-0.333269	0.741265	-0.298937	-0.368913	0.487104	-0.341795	-0.369583	0.489665	-0.428693	-0.432253	0.358217	-0.310611	-0.383245	0.351161	-0.332658	-0.439477	0.306846	-0.313265	-0.392250	0.305582	-0.332412	-0.472763	0.096082	-0.349888	-0.457729	0.106013	-0.440732	-0.359994	0.033680	-0.330571	-0.348266	0.030849	-0.436350	-0.282419	0.043090	-0.389379	-0.545738	0.071087	-0.399509	-0.392380	0.766764	-0.628529	-0.340326	0.786317	-0.628172	-0.372889	0.734489	-0.632070	-0.325944	0.753187	-0.629263	-0.283884	0.487592	-0.594439	-0.268335	0.496826	-0.481943	-0.396720	0.415426	-0.606378	-0.356014	0.382296	-0.597168	-0.419230	0.380980	-0.603042	-0.385879	0.355291	-0.590792	-0.566755	0.226142	-0.561772	-0.536978	0.226867	-0.474803	-0.510433	0.083961	-0.579668	-0.510387	0.087924	-0.467795	-0.460612	0.065732	-0.522122	-0.632709	0.253293	-0.506029	-0.410841	1.375194	-0.291855	-0.427436	1.376194	-0.657076	
167	0.8300	-0.347460	0.961018	-0.331463	-0.358950	0.950710	-0.593037	-0.501595	0.963040	-0.404172	-0.509682	0.958646	-0.504947	-0.375405	0.784156	-0.287672	-0.324523	0.788756	-0.304427	-0.377590	0.735587	-0.286549	-0.328592	0.741080	-0.299194	-0.366973	0.487159	-0.342026	-0.367351	0.489657	-0.428955	-0.431071	0.358700	-0.310940	-0.382061	0.351425	-0.332836	-0.438402	0.307250	-0.313633	-0.391235	0.305877	-0.332574	-0.472356	0.096573	-0.350080	-0.457214	0.106408	-0.440949	-0.360017	0.033717	-0.330577	-0.348197	0.030918	-0.436260	-0.282352	0.042987	-0.389340	-0.545352	0.071862	-0.399685	-0.384429	0.767896	-0.629410	-0.332541	0.788086	-0.628613	-0.364466	0.735906	-0.632997	-0.317713	0.755171	-0.629700	-0.272289	0.489979	-0.594911	-0.257219	0.499511	-0.482441	-0.383778	0.415075	-0.606887	-0.342248	0.382904	-0.597494	-0.405461	0.380092	-0.603434	-0.371568	0.355305	-0.591175	-0.549399	0.221832	-0.561857	-0.519567	0.223437	-0.474884	-0.488710	0.081690	-0.580319	-0.488703	0.085342	-0.468355	-0.438254	0.064817	-0.522882	-0.616222	0.247013	-0.505996	-0.404175	1.375708	-0.292446	-0.420902	1.376567	-0.657628	
168	0.8350	-0.341486	0.961222	-0.331685	-0.352340	0.951225	-0.593321	-0.495386	0.963414	-0.404948	-0.503283	0.959041	-0.505742	-0.370376	0.784289	-0.288227	-0.319465	0.788535	-0.304681	-0.373044	0.735774	-0.287241	-0.323913	0.740872	-0.299484	-0.364991	0.487211	-0.342273	-0.365077	0.489631	-0.429223	-0.429849	0.359189	-0.311277	-0.380835	0.351687	-0.333026	-0.437301	0.307661	-0.314020	-0.390185	0.306175	-0.332746	-0.471939	0.097081	-0.350270	-0.456695	0.106811	-0.441165	-0.360042	0.033758	-0.330582	-0.348132	0.030987	-0.436174	-0.282288	0.042893	-0.389301	-0.544961	0.072668	-0.399854	-0.376550	0.768976	-0.630296	-0.324831	0.789788	-0.629065	-0.356132	0.737267	-0.633925	-0.309572	0.757087	-0.630152	-0.260865	0.492326	-0.595405	-0.246278	0.502137	-0.482971	-0.370916	0.414619	-0.607402	-0.328558	0.383470	-0.597846	-0.391732	0.379110	-0.603835	-0.357276	0.355236	-0.591583	-0.531865	0.217375	-0.561933	-0.501982	0.219867	-0.474957	-0.466843	0.079412	-0.580967	-0.466815	0.082746	-0.468915	-0.415765	0.063917	-0.523653	-0.599483	0.240524	-0.505926	-0.397527	1.376169	-0.293046	-0.414343	1.376871	-0.658194	
169	0.8400	-0.335509	0.961374	-0.331933	-0.345747	0.951676	-0.593628	-0.489178	0.963744	-0.405727	-0.496890	0.959385	-0.506538	-0.365326	0.784390	-0.288808	-0.314405	0.788283	-0.304972	-0.368469	0.735923	-0.287970	-0.319230	0.740640	-0.299805	-0.362963	0.487258	-0.342536	-0.362756	0.489585	-0.429494	-0.428582	0.359682	-0.311621	-0.379565	0.351946	-0.333228	-0.436172	0.308082	-0.314425	-0.389099	0.306474	-0.332928	-0.471512	0.097605	-0.350458	-0.456171	0.107219	-0.441380	-0.360069	0.033803	-0.330589	-0.348072	0.031052	-0.436092	-0.282228	0.042808	-0.389263	-0.544565	0.073504	-0.400016	-0.368748	0.769999	-0.631187	-0.317200	0.791415	-0.629531	-0.347891	0.738567	-0.634849	-0.301527	0.758928	-0.630621	-0.249619	0.494624	-0.595922	-0.235515	0.504694	-0.483535	-0.358135	0.414061	-0.607920	-0.314950	0.383994	-0.598224	-0.378043	0.378039	-0.604244	-0.343006	0.355088	-0.592019	-0.514149	0.212791	-0.562002	-0.484219	0.216175	-0.475025	-0.444835	0.077143	-0.581613	-0.444731	0.080156	-0.469478	-0.393156	0.063050	-0.524433	-0.582482	0.233845	-0.505824	-0.390897	1.376575	-0.293655	-0.407761	1.377105	-0.658776	
170	0.8450	-0.329526	0.961474	-0.332206	-0.339170	0.952061	-0.593957	-0.482972	0.964030	-0.406507	-0.490503	0.959676	-0.507335	-0.360254	0.784458	-0.289414	-0.309339	0.787999	-0.305300	-0.363864	0.736037	-0.288733	-0.314540	0.740381	-0.300160	-0.360884	0.487298	-0.342815	-0.360386	0.489516	-0.429768	-0.427269	0.360178	-0.311971	-0.378251	0.352199	-0.333443	-0.435015	0.308512	-0.314847	-0.387974	0.306773	-0.333119	-0.471075	0.098143	-0.350644	-0.455645	0.107632	-0.441593	-0.360096	0.033850	-0.330596	-0.348017	0.031112	-0.436014	-0.282170	0.042730	-0.389226	-0.544165	0.074369	-0.400171	-0.361027	0.770959	-0.632080	-0.309651	0.792961	-0.630013	-0.339750	0.739800	-0.635767	-0.293581	0.760686	-0.631108	-0.238558	0.496865	-0.596458	-0.224935	0.507174	-0.484132	-0.345436	0.413400	-0.608440	-0.301428	0.384476	-0.598628	-0.364394	0.376882	-0.604661	-0.328763	0.354866	-0.592482	-0.496243	0.208097	-0.562070	-0.466277	0.212378	-0.475092	-0.422690	0.074901	-0.582257	-0.422462	0.077595	-0.470042	-0.370436	0.062236	-0.525221	-0.565214	0.227000	-0.505697	-0.384281	1.376927	-0.294273	-0.401157	1.377269	-0.659372	
171	0.8500	-0.323536	0.961522	-0.332507	-0.332612	0.952382	-0.594309	-0.476766	0.964271	-0.407289	-0.484123	0.959915	-0.508130	-0.355161	0.784492	-0.290043	-0.304267	0.787684	-0.305665	-0.359231	0.736115	-0.289524	-0.309843	0.740097	-0.300546	-0.358754	0.487331	-0.343110	-0.357964	0.489424	-0.430043	-0.425908	0.360675	-0.312327	-0.376890	0.352446	-0.333669	-0.433829	0.308951	-0.315284	-0.386811	0.307070	-0.333320	-0.470629	0.098693	-0.350828	-0.455116	0.108049	-0.441804	-0.360124	0.033901	-0.330604	-0.347967	0.031165	-0.435941	-0.282113	0.042660	-0.389189	-0.543761	0.075260	-0.400320	-0.353394	0.771852	-0.632972	-0.302189	0.794419	-0.630511	-0.331714	0.740957	-0.636677	-0.285740	0.762353	-0.631615	-0.227688	0.499039	-0.597014	-0.214542	0.509566	-0.484761	-0.332818	0.412638	-0.608960	-0.288001	0.384914	-0.599059	-0.350787	0.375640	-0.605086	-0.314549	0.354575	-0.592972	-0.478146	0.203313	-0.562138	-0.448156	0.208494	-0.475164	-0.400413	0.072705	-0.582900	-0.400016	0.075086	-0.470608	-0.347616	0.061497	-0.526012	-0.547670	0.220012	-0.505550	-0.377679	1.377222	-0.294900	-0.394534	1.377364	-0.659983	
172	0.8550	-0.317537	0.961519	-0.332834	-0.326073	0.952636	-0.594684	-0.470562	0.964467	-0.408070	-0.477749	0.960101	-0.508924	-0.350048	0.784494	-0.290694	-0.299187	0.787336	-0.306065	-0.354570	0.736160	-0.290340	-0.305136	0.739785	-0.300963	-0.356571	0.487355	-0.343420	-0.355489	0.489306	-0.430319	-0.424498	0.361172	-0.312688	-0.375484	0.352685	-0.333907	-0.432612	0.309400	-0.315731	-0.385607	0.307363	-0.333530	-0.470175	0.099254	-0.351011	-0.454585	0.108468	-0.442014	-0.360150	0.033953	-0.330612	-0.347922	0.031211	-0.435872	-0.282056	0.042597	-0.389153	-0.543354	0.076173	-0.400464	-0.345851	0.772673	-0.633863	-0.294815	0.795784	-0.631028	-0.323790	0.742032	-0.637577	-0.278009	0.763922	-0.632143	-0.217018	0.501135	-0.597586	-0.204340	0.511862	-0.485421	-0.320284	0.411774	-0.609478	-0.274674	0.385309	-0.599515	-0.337223	0.374317	-0.605518	-0.300371	0.354223	-0.593488	-0.459852	0.198459	-0.562212	-0.429857	0.204542	-0.475243	-0.378009	0.070572	-0.583540	-0.377406	0.072652	-0.471176	-0.324706	0.060852	-0.526805	-0.529846	0.212905	-0.505390	-0.371091	1.377462	-0.295537	-0.387894	1.377391	-0.660607	
173	0.8600	-0.311530	0.961467	-0.333188	-0.319556	0.952826	-0.595082	-0.464360	0.964617	-0.408850	-0.471383	0.960232	-0.509715	-0.344917	0.784463	-0.291364	-0.294100	0.786956	-0.306498	-0.349885	0.736173	-0.291176	-0.300420	0.739445	-0.301408	-0.354333	0.487368	-0.343744	-0.352962	0.489162	-0.430593	-0.423041	0.361668	-0.313054	-0.374033	0.352914	-0.334156	-0.431366	0.309860	-0.316188	-0.384365	0.307650	-0.333749	-0.469713	0.099825	-0.351192	-0.454053	0.108890	-0.442222	-0.360174	0.034007	-0.330623	-0.347882	0.031247	-0.435808	-0.282000	0.042539	-0.389116	-0.542945	0.077105	-0.400603	-0.338404	0.773416	-0.634750	-0.287534	0.797047	-0.631565	-0.315981	0.743019	-0.638465	-0.270391	0.765385	-0.632694	-0.206554	0.503144	-0.598172	-0.194334	0.514052	-0.486110	-0.307833	0.410808	-0.609993	-0.261454	0.385658	-0.599995	-0.323703	0.372914	-0.605958	-0.286235	0.353814	-0.594030	-0.441361	0.193556	-0.562292	-0.411383	0.200544	-0.475332	-0.355483	0.068521	-0.584176	-0.354642	0.070318	-0.471742	-0.301718	0.060323	-0.527594	-0.511738	0.205705	-0.505223	-0.364513	1.377645	-0.296183	-0.381239	1.377351	-0.661246	
174	0.8650	-0.305514	0.961365	-0.333569	-0.313060	0.952949	-0.595503	-0.458160	0.964719	-0.409629	-0.465026	0.960309	-0.510503	-0.339769	0.784400	-0.292053	-0.289005	0.786542	-0.306962	-0.345177	0.736156	-0.292025	-0.295696	0.739078	-0.301879	-0.352043	0.487370	-0.344082	-0.350383	0.488991	-0.430867	-0.421536	0.362162	-0.313423	-0.372538	0.353133	-0.334414	-0.430090	0.310329	-0.316651	-0.383084	0.307931	-0.333976	-0.469245	0.100403	-0.351373	-0.453520	0.109313	-0.442430	-0.360195	0.034061	-0.330634	-0.347846	0.031272	-0.435748	-0.281942	0.042487	-0.389080	-0.542534	0.078054	-0.400740	-0.331056	0.774076	-0.635631	-0.280346	0.798202	-0.632124	-0.308293	0.743909	-0.639341	-0.262890	0.766732	-0.633269	-0.196303	0.505055	-0.598770	-0.184528	0.516125	-0.486828	-0.295469	0.409740	-0.610505	-0.248350	0.385961	-0.600497	-0.310230	0.371434	-0.606404	-0.272148	0.353355	-0.594596	-0.422671	0.188626	-0.562384	-0.392736	0.196521	-0.475437	-0.332843	0.066574	-0.584805	-0.331740	0.068110	-0.472307	-0.278664	0.059932	-0.528375	-0.493344	0.198440	-0.505057	-0.357945	1.377770	-0.296839	-0.374572	1.377246	-0.661897	
175	0.8700	-0.299490	0.961214	-0.333975	-0.306586	0.953008	-0.595945	-0.451965	0.964772	-0.410406	-0.458679	0.960330	-0.511288	-0.334608	0.784303	-0.292756	-0.283904	0.786095	-0.307453	-0.340451	0.736110	-0.292884	-0.290965	0.738682	-0.302374	-0.349700	0.487359	-0.344430	-0.347754	0.488792	-0.431138	-0.419986	0.362652	-0.313796	-0.371003	0.353341	-0.334682	-0.428785	0.310807	-0.317117	-0.381767	0.308204	-0.334211	-0.468772	0.100988	-0.351554	-0.452987	0.109737	-0.442638	-0.360212	0.034117	-0.330647	-0.347815	0.031287	-0.435694	-0.281882	0.042439	-0.389044	-0.542122	0.079016	-0.400874	-0.323809	0.774648	-0.636506	-0.273254	0.799242	-0.632705	-0.300730	0.744697	-0.640205	-0.255508	0.767956	-0.633869	-0.186274	0.506857	-0.599377	-0.174925	0.518072	-0.487573	-0.283191	0.408570	-0.611012	-0.235368	0.386216	-0.601020	-0.296807	0.369879	-0.606855	-0.258120	0.352854	-0.595184	-0.403784	0.183690	-0.562488	-0.373922	0.192496	-0.475558	-0.310097	0.064751	-0.585427	-0.308712	0.066054	-0.472867	-0.255558	0.059702	-0.529146	-0.474663	0.191136	-0.504898	-0.351387	1.377838	-0.297505	-0.367895	1.377076	-0.662561	
176	0.8750	-0.293460	0.961016	-0.334404	-0.300134	0.953001	-0.596407	-0.445775	0.964776	-0.411181	-0.452343	0.960293	-0.512068	-0.329436	0.784173	-0.293473	-0.278798	0.785615	-0.307969	-0.335710	0.736036	-0.293746	-0.286229	0.738259	-0.302889	-0.347308	0.487335	-0.344789	-0.345078	0.488566	-0.431408	-0.418393	0.363138	-0.314170	-0.369430	0.353536	-0.334956	-0.427452	0.311295	-0.317583	-0.380415	0.308468	-0.334453	-0.468295	0.101577	-0.351735	-0.452455	0.110161	-0.442845	-0.360226	0.034173	-0.330662	-0.347788	0.031290	-0.435644	-0.281820	0.042396	-0.389008	-0.541709	0.079986	-0.401008	-0.316667	0.775127	-0.637373	-0.266259	0.800160	-0.633310	-0.293294	0.745375	-0.641054	-0.248248	0.769049	-0.634495	-0.176471	0.508541	-0.599989	-0.165532	0.519882	-0.488341	-0.271003	0.407297	-0.611515	-0.222518	0.386421	-0.601560	-0.283437	0.368251	-0.607312	-0.244160	0.352316	-0.595791	-0.384703	0.178772	-0.562607	-0.354948	0.188492	-0.475698	-0.287255	0.063073	-0.586039	-0.285575	0.064177	-0.473422	-0.232413	0.059656	-0.529901	-0.455697	0.183822	-0.504752	-0.344835	1.377849	-0.298182	-0.361210	1.376844	-0.663238	
177	0.8800	-0.287426	0.960771	-0.334857	-0.293705	0.952930	-0.596889	-0.439591	0.964728	-0.411953	-0.446018	0.960198	-0.512843	-0.324259	0.784010	-0.294200	-0.273689	0.785104	-0.308505	-0.330958	0.735938	-0.294606	-0.281489	0.737808	-0.303421	-0.344868	0.487298	-0.345155	-0.342358	0.488313	-0.431676	-0.416760	0.363618	-0.314544	-0.367821	0.353718	-0.335237	-0.426093	0.311790	-0.318047	-0.379033	0.308722	-0.334700	-0.467814	0.102170	-0.351917	-0.451923	0.110585	-0.443051	-0.360237	0.034229	-0.330678	-0.347765	0.031283	-0.435600	-0.281756	0.042355	-0.388972	-0.541296	0.080962	-0.401142	-0.309630	0.775507	-0.638231	-0.259360	0.800950	-0.633940	-0.285990	0.745937	-0.641891	-0.241111	0.770003	-0.635147	-0.166902	0.510094	-0.600604	-0.156350	0.521547	-0.489131	-0.258905	0.405923	-0.612014	-0.209807	0.386576	-0.602116	-0.270123	0.366552	-0.607774	-0.230278	0.351748	-0.596415	-0.365434	0.173893	-0.562743	-0.335822	0.184534	-0.475861	-0.264326	0.061563	-0.586640	-0.262346	0.062505	-0.473969	-0.209246	0.059816	-0.530640	-0.436449	0.176527	-0.504625	-0.338291	1.377801	-0.298869	-0.354521	1.376551	-0.663926	
178	0.8850	-0.281389	0.960479	-0.335330	-0.287298	0.952793	-0.597389	-0.433416	0.964626	-0.412723	-0.439705	0.960042	-0.513615	-0.319078	0.783815	-0.294934	-0.268580	0.784560	-0.309057	-0.326199	0.735815	-0.295459	-0.276748	0.737331	-0.303966	-0.342384	0.487245	-0.345528	-0.339598	0.488033	-0.431943	-0.415090	0.364092	-0.314919	-0.366181	0.353887	-0.335523	-0.424708	0.312293	-0.318506	-0.377622	0.308965	-0.334953	-0.467333	0.102764	-0.352101	-0.451393	0.111009	-0.443259	-0.360243	0.034285	-0.330696	-0.347745	0.031264	-0.435561	-0.281688	0.042318	-0.388936	-0.540883	0.081940	-0.401278	-0.302700	0.775784	-0.639080	-0.252555	0.801603	-0.634596	-0.278816	0.746376	-0.642715	-0.234095	0.770809	-0.635826	-0.157572	0.511506	-0.601217	-0.147385	0.523055	-0.489939	-0.246901	0.404446	-0.612508	-0.197243	0.386679	-0.602685	-0.256871	0.364786	-0.608239	-0.216485	0.351156	-0.597053	-0.345983	0.169079	-0.562899	-0.316556	0.180644	-0.476047	-0.241325	0.060244	-0.587228	-0.239044	0.061067	-0.474508	-0.186072	0.060204	-0.531360	-0.416925	0.169279	-0.504523	-0.331752	1.377695	-0.299566	-0.347828	1.376197	-0.664626	
179	0.8900	-0.275351	0.960143	-0.335823	-0.280912	0.952592	-0.597905	-0.427250	0.964469	-0.413491	-0.433405	0.959824	-0.514382	-0.313899	0.783587	-0.295673	-0.263471	0.783985	-0.309621	-0.321437	0.735669	-0.296300	-0.272009	0.736826	-0.304521	-0.339859	0.487178	-0.345905	-0.336803	0.487727	-0.432209	-0.413386	0.364560	-0.315291	-0.364512	0.354041	-0.335812	-0.423300	0.312802	-0.318958	-0.376186	0.309197	-0.335209	-0.466851	0.103359	-0.352287	-0.450864	0.111433	-0.443466	-0.360247	0.034341	-0.330716	-0.347727	0.031235	-0.435528	-0.281617	0.042282	-0.388899	-0.540470	0.082917	-0.401416	-0.295876	0.775952	-0.639919	-0.245843	0.802115	-0.635278	-0.271775	0.746686	-0.643528	-0.227200	0.771461	-0.636532	-0.148484	0.512767	-0.601825	-0.138638	0.524397	-0.490762	-0.234993	0.402869	-0.612998	-0.184834	0.386728	-0.603264	-0.243685	0.362955	-0.608707	-0.202792	0.350545	-0.597702	-0.326361	0.164352	-0.563074	-0.297160	0.176847	-0.476258	-0.218266	0.059136	-0.587804	-0.215688	0.059886	-0.475038	-0.162912	0.060844	-0.532060	-0.397134	0.162107	-0.504449	-0.325216	1.377530	-0.300274	-0.341134	1.375785	-0.665336	
180	0.8950	-0.269316	0.959762	-0.336332	-0.274544	0.952326	-0.598435	-0.421093	0.964255	-0.414258	-0.427118	0.959541	-0.515146	-0.308724	0.783326	-0.296413	-0.258367	0.783379	-0.310193	-0.316675	0.735503	-0.297125	-0.267274	0.736296	-0.305081	-0.337295	0.487096	-0.346283	-0.333976	0.487397	-0.432475	-0.411652	0.365020	-0.315662	-0.362817	0.354181	-0.336103	-0.421869	0.313315	-0.319399	-0.374727	0.309416	-0.335468	-0.466370	0.103954	-0.352476	-0.450336	0.111857	-0.443674	-0.360247	0.034397	-0.330738	-0.347712	0.031197	-0.435501	-0.281544	0.042248	-0.388861	-0.540059	0.083891	-0.401558	-0.289154	0.776008	-0.640749	-0.239219	0.802479	-0.635986	-0.264863	0.746861	-0.644330	-0.220421	0.771951	-0.637265	-0.139643	0.513867	-0.602425	-0.130112	0.525563	-0.491595	-0.223182	0.401192	-0.613484	-0.172588	0.386722	-0.603850	-0.230570	0.361064	-0.609176	-0.189210	0.349921	-0.598360	-0.306580	0.159735	-0.563272	-0.277650	0.173167	-0.476496	-0.195165	0.058263	-0.588367	-0.192300	0.058988	-0.475560	-0.139784	0.061755	-0.532741	-0.377088	0.155040	-0.504409	-0.318684	1.377306	-0.300993	-0.334442	1.375316	-0.666057	
181	0.9000	-0.263284	0.959336	-0.336857	-0.268193	0.951995	-0.598979	-0.414947	0.963982	-0.415025	-0.420841	0.959191	-0.515908	-0.303557	0.783034	-0.297152	-0.253268	0.782744	-0.310768	-0.311918	0.735315	-0.297929	-0.262546	0.735742	-0.305643	-0.334695	0.486998	-0.346661	-0.331122	0.487043	-0.432743	-0.409890	0.365473	-0.316028	-0.361100	0.354307	-0.336393	-0.420417	0.313833	-0.319829	-0.373250	0.309622	-0.335728	-0.465890	0.104548	-0.352667	-0.449810	0.112281	-0.443882	-0.360245	0.034452	-0.330762	-0.347698	0.031151	-0.435479	-0.281467	0.042214	-0.388823	-0.539648	0.084860	-0.401704	-0.282532	0.775947	-0.641568	-0.232677	0.802690	-0.636721	-0.258078	0.746898	-0.645124	-0.213754	0.772272	-0.638025	-0.131048	0.514797	-0.603012	-0.121806	0.526546	-0.492435	-0.211473	0.399416	-0.613965	-0.160511	0.386661	-0.604440	-0.217531	0.359115	-0.609647	-0.175751	0.349288	-0.599023	-0.286656	0.155251	-0.563493	-0.258042	0.169626	-0.476762	-0.172044	0.057646	-0.588920	-0.168902	0.058396	-0.476076	-0.116711	0.062958	-0.533406	-0.356800	0.148105	-0.504404	-0.312153	1.377022	-0.301723	-0.327751	1.374790	-0.666788	
182	0.9050	-0.257258	0.958867	-0.337395	-0.261854	0.951599	-0.599533	-0.408811	0.963647	-0.415793	-0.414573	0.958772	-0.516668	-0.298401	0.782711	-0.297886	-0.248175	0.782080	-0.311342	-0.307167	0.735109	-0.298710	-0.257826	0.735163	-0.306203	-0.332062	0.486884	-0.347036	-0.328243	0.486668	-0.433012	-0.408102	0.365918	-0.316390	-0.359362	0.354417	-0.336681	-0.418945	0.314352	-0.320245	-0.371755	0.309816	-0.335988	-0.465412	0.105142	-0.352861	-0.449284	0.112707	-0.444090	-0.360242	0.034506	-0.330787	-0.347686	0.031099	-0.435463	-0.281389	0.042180	-0.388784	-0.539239	0.085823	-0.401855	-0.276004	0.775766	-0.642378	-0.226211	0.802742	-0.637482	-0.251414	0.746791	-0.645911	-0.207193	0.772419	-0.638812	-0.122701	0.515548	-0.603584	-0.113722	0.527336	-0.493279	-0.199867	0.397545	-0.614443	-0.148609	0.386543	-0.605032	-0.204575	0.357114	-0.610117	-0.162425	0.348650	-0.599688	-0.266606	0.150922	-0.563738	-0.238352	0.166245	-0.477057	-0.148922	0.057303	-0.589465	-0.145520	0.058129	-0.476588	-0.093716	0.064468	-0.534057	-0.336290	0.141329	-0.504438	-0.305621	1.376678	-0.302464	-0.321062	1.374208	-0.667530	
183	0.9100	-0.251237	0.958356	-0.337943	-0.255523	0.951137	-0.600096	-0.402683	0.963250	-0.416564	-0.408312	0.958281	-0.517429	-0.293257	0.782356	-0.298613	-0.243090	0.781388	-0.311912	-0.302425	0.734884	-0.299465	-0.253116	0.734561	-0.306758	-0.329396	0.486755	-0.347407	-0.325343	0.486273	-0.433285	-0.406290	0.366356	-0.316746	-0.357604	0.354514	-0.336966	-0.417452	0.314873	-0.320646	-0.370246	0.309997	-0.336246	-0.464937	0.105734	-0.353057	-0.448759	0.113133	-0.444297	-0.360238	0.034559	-0.330814	-0.347674	0.031041	-0.435452	-0.281309	0.042146	-0.388745	-0.538832	0.086778	-0.402010	-0.269562	0.775462	-0.643180	-0.219811	0.802633	-0.638268	-0.244864	0.746536	-0.646693	-0.200726	0.772388	-0.639623	-0.114598	0.516114	-0.604136	-0.105855	0.527927	-0.494120	-0.188367	0.395582	-0.614917	-0.136887	0.386369	-0.605624	-0.191706	0.355066	-0.610585	-0.149242	0.348009	-0.600354	-0.246450	0.146767	-0.564007	-0.218602	0.163044	-0.477381	-0.125826	0.057252	-0.590005	-0.122178	0.058205	-0.477098	-0.070825	0.066300	-0.534699	-0.315577	0.134738	-0.504510	-0.299086	1.376273	-0.303217	-0.314376	1.373571	-0.668282	
184	0.9150	-0.245221	0.957801	-0.338501	-0.249192	0.950611	-0.600668	-0.396562	0.962787	-0.417340	-0.402053	0.957717	-0.518193	-0.288126	0.781972	-0.299331	-0.238013	0.780668	-0.312472	-0.297691	0.734640	-0.300191	-0.248416	0.733937	-0.307304	-0.326699	0.486609	-0.347770	-0.322422	0.485859	-0.433562	-0.404455	0.366786	-0.317095	-0.355828	0.354595	-0.337244	-0.415939	0.315393	-0.321031	-0.368721	0.310164	-0.336501	-0.464463	0.106326	-0.353256	-0.448233	0.113563	-0.444504	-0.360233	0.034612	-0.330842	-0.347664	0.030979	-0.435447	-0.281228	0.042110	-0.388706	-0.538424	0.087728	-0.402169	-0.263196	0.775032	-0.643973	-0.213465	0.802358	-0.639079	-0.238420	0.746133	-0.647473	-0.194345	0.772174	-0.640458	-0.106735	0.516486	-0.604667	-0.098203	0.528312	-0.494956	-0.176975	0.393530	-0.615387	-0.125348	0.386137	-0.606214	-0.178932	0.352975	-0.611052	-0.136212	0.347367	-0.601017	-0.226213	0.142805	-0.564302	-0.198813	0.160042	-0.477735	-0.102781	0.057508	-0.590545	-0.098906	0.058638	-0.477612	-0.048065	0.068464	-0.535338	-0.294687	0.128354	-0.504623	-0.292546	1.375808	-0.303983	-0.307692	1.372879	-0.669045	
185	0.9200	-0.239210	0.957205	-0.339067	-0.242856	0.950018	-0.601245	-0.390442	0.962259	-0.418124	-0.395791	0.957077	-0.518962	-0.283008	0.781559	-0.300036	-0.232941	0.779922	-0.313020	-0.292966	0.734379	-0.300887	-0.243724	0.733292	-0.307837	-0.323968	0.486447	-0.348125	-0.319481	0.485428	-0.433844	-0.402596	0.367208	-0.317436	-0.354031	0.354662	-0.337516	-0.414404	0.315911	-0.321398	-0.367183	0.310318	-0.336751	-0.463989	0.106919	-0.353457	-0.447705	0.113996	-0.444708	-0.360229	0.034663	-0.330871	-0.347653	0.030915	-0.435447	-0.281147	0.042072	-0.388666	-0.538017	0.088672	-0.402331	-0.256895	0.774476	-0.644760	-0.207162	0.801916	-0.639912	-0.232068	0.745578	-0.648252	-0.188036	0.771775	-0.641316	-0.099105	0.516662	-0.605173	-0.090758	0.528488	-0.495781	-0.165692	0.391395	-0.615851	-0.113995	0.385847	-0.606799	-0.166256	0.350847	-0.611515	-0.123342	0.346727	-0.601677	-0.205920	0.139053	-0.564623	-0.179008	0.157252	-0.478119	-0.079817	0.058081	-0.591090	-0.075732	0.059437	-0.478133	-0.025465	0.070968	-0.535981	-0.273648	0.122201	-0.504774	-0.285998	1.375280	-0.304762	-0.301009	1.372132	-0.669819	
186	0.9250	-0.233202	0.956566	-0.339639	-0.236503	0.949359	-0.601828	-0.384321	0.961661	-0.418917	-0.389518	0.956359	-0.519738	-0.277902	0.781117	-0.300727	-0.227872	0.779150	-0.313552	-0.288249	0.734101	-0.301550	-0.239040	0.732626	-0.308356	-0.321202	0.486268	-0.348469	-0.316519	0.484981	-0.434132	-0.400711	0.367622	-0.317769	-0.352212	0.354716	-0.337778	-0.412845	0.316427	-0.321747	-0.365628	0.310459	-0.336994	-0.463515	0.107514	-0.353658	-0.447173	0.114435	-0.444910	-0.360226	0.034714	-0.330901	-0.347643	0.030851	-0.435452	-0.281068	0.042031	-0.388625	-0.537608	0.089613	-0.402496	-0.250646	0.773791	-0.645541	-0.200886	0.801306	-0.640768	-0.225796	0.744872	-0.649032	-0.181782	0.771190	-0.642194	-0.091698	0.516637	-0.605651	-0.083512	0.528451	-0.496592	-0.154520	0.389181	-0.616311	-0.102827	0.385499	-0.607379	-0.153685	0.348689	-0.611974	-0.110640	0.346088	-0.602332	-0.185601	0.135525	-0.564969	-0.159215	0.154689	-0.478535	-0.056967	0.058978	-0.591647	-0.052687	0.060605	-0.478669	-0.003054	0.073811	-0.536636	-0.252492	0.116297	-0.504964	-0.279437	1.374689	-0.305555	-0.294323	1.371330	-0.670607	
187	0.9300	-0.227191	0.955885	-0.340216	-0.230124	0.948634	-0.602414	-0.378190	0.960995	-0.419724	-0.383227	0.955562	-0.520526	-0.272803	0.780647	-0.301400	-0.222803	0.778352	-0.314066	-0.283534	0.733804	-0.302182	-0.234359	0.731941	-0.308856	-0.318396	0.486071	-0.348800	-0.313530	0.484520	-0.434425	-0.398795	0.368030	-0.318093	-0.350368	0.354756	-0.338030	-0.411258	0.316939	-0.322078	-0.364054	0.310588	-0.337229	-0.463037	0.108113	-0.353859	-0.446635	0.114881	-0.445107	-0.360224	0.034763	-0.330931	-0.347633	0.030788	-0.435461	-0.280991	0.041987	-0.388586	-0.537196	0.090554	-0.402662	-0.244431	0.772979	-0.646318	-0.194621	0.800528	-0.641643	-0.219586	0.744016	-0.649816	-0.175567	0.770419	-0.643091	-0.084500	0.516410	-0.606102	-0.076453	0.528200	-0.497386	-0.143460	0.386895	-0.616764	-0.091843	0.385093	-0.607953	-0.141223	0.346506	-0.612428	-0.098111	0.345450	-0.602980	-0.165287	0.132232	-0.565342	-0.139459	0.152360	-0.478981	-0.034264	0.060202	-0.592221	-0.029804	0.062141	-0.479225	0.019134	0.076990	-0.537310	-0.231253	0.110658	-0.505190	-0.272860	1.374036	-0.306364	-0.287633	1.370473	-0.671408	
188	0.9350	-0.221174	0.955162	-0.340796	-0.223707	0.947841	-0.603002	-0.372043	0.960258	-0.420548	-0.376908	0.954684	-0.521328	-0.267706	0.780150	-0.302056	-0.217729	0.777530	-0.314558	-0.278819	0.733489	-0.302782	-0.229676	0.731235	-0.309336	-0.315546	0.485856	-0.349117	-0.310510	0.484046	-0.434725	-0.396846	0.368430	-0.318406	-0.348492	0.354782	-0.338269	-0.409639	0.317446	-0.322390	-0.362458	0.310703	-0.337454	-0.462553	0.108719	-0.354059	-0.446087	0.115337	-0.445299	-0.360223	0.034811	-0.330961	-0.347623	0.030727	-0.435475	-0.280917	0.041938	-0.388546	-0.536778	0.091501	-0.402827	-0.238233	0.772040	-0.647093	-0.188348	0.799584	-0.642535	-0.213419	0.743011	-0.650606	-0.169372	0.769465	-0.644003	-0.077496	0.515980	-0.606522	-0.069567	0.527736	-0.498158	-0.132512	0.384543	-0.617209	-0.081041	0.384628	-0.608520	-0.128875	0.344304	-0.612877	-0.085758	0.344811	-0.603621	-0.145013	0.129183	-0.565740	-0.119772	0.150272	-0.479458	-0.011746	0.061748	-0.592819	-0.007117	0.064037	-0.479807	0.041067	0.080495	-0.538013	-0.209972	0.105300	-0.505450	-0.266262	1.373319	-0.307191	-0.280933	1.369559	-0.672226	
189	0.9400	-0.215142	0.954397	-0.341380	-0.217239	0.946981	-0.603593	-0.365871	0.959450	-0.421393	-0.370549	0.953725	-0.522148	-0.262606	0.779626	-0.302692	-0.212641	0.776683	-0.315028	-0.274095	0.733156	-0.303350	-0.224984	0.730511	-0.309795	-0.312643	0.485622	-0.349419	-0.307452	0.483559	-0.435029	-0.394855	0.368823	-0.318709	-0.346578	0.354797	-0.338495	-0.407982	0.317948	-0.322682	-0.360832	0.310807	-0.337668	-0.462059	0.109333	-0.354255	-0.445525	0.115805	-0.445482	-0.360224	0.034858	-0.330991	-0.347613	0.030669	-0.435492	-0.280849	0.041883	-0.388508	-0.536350	0.092457	-0.402991	-0.232032	0.770977	-0.647866	-0.182047	0.798478	-0.643442	-0.207276	0.741860	-0.651402	-0.163174	0.768331	-0.644928	-0.070668	0.515349	-0.606912	-0.062838	0.527061	-0.498905	-0.121676	0.382133	-0.617647	-0.070413	0.384105	-0.609079	-0.116644	0.342089	-0.613321	-0.073584	0.344170	-0.604255	-0.124815	0.126381	-0.566163	-0.100183	0.148426	-0.479966	0.010549	0.063609	-0.593449	0.015338	0.066279	-0.480423	0.062711	0.084309	-0.538753	-0.188689	0.100232	-0.505740	-0.259638	1.372539	-0.308037	-0.274219	1.368589	-0.673061	
190	0.9450	-0.209089	0.953589	-0.341966	-0.210703	0.946054	-0.604186	-0.359662	0.958571	-0.422262	-0.364138	0.952684	-0.522991	-0.257493	0.779076	-0.303307	-0.207533	0.775812	-0.315474	-0.269355	0.732802	-0.303887	-0.220276	0.729768	-0.310230	-0.309678	0.485368	-0.349704	-0.304345	0.483060	-0.435339	-0.392814	0.369210	-0.319001	-0.344618	0.354798	-0.338706	-0.406278	0.318445	-0.322955	-0.359170	0.310900	-0.337869	-0.461550	0.109961	-0.354446	-0.444947	0.116288	-0.445657	-0.360226	0.034904	-0.331020	-0.347602	0.030617	-0.435513	-0.280786	0.041823	-0.388471	-0.535909	0.093429	-0.403150	-0.225806	0.769792	-0.648640	-0.175697	0.797213	-0.644361	-0.201133	0.740569	-0.652206	-0.156952	0.767023	-0.645862	-0.063992	0.514521	-0.607272	-0.056245	0.526180	-0.499626	-0.110949	0.379672	-0.618076	-0.059955	0.383523	-0.609631	-0.104534	0.339868	-0.613758	-0.061588	0.343521	-0.604882	-0.104733	0.123828	-0.566611	-0.080726	0.146819	-0.480503	0.032579	0.065769	-0.594116	0.037524	0.068847	-0.481077	0.084031	0.088409	-0.539537	-0.167452	0.095463	-0.506057	-0.252981	1.371694	-0.308904	-0.267486	1.367561	-0.673917	
191	0.9500	-0.203005	0.952740	-0.342556	-0.204086	0.945059	-0.604780	-0.353405	0.957620	-0.423160	-0.357661	0.951562	-0.523860	-0.252358	0.778501	-0.303901	-0.202395	0.774916	-0.315895	-0.264588	0.732428	-0.304396	-0.215540	0.729005	-0.310641	-0.306641	0.485092	-0.349971	-0.301177	0.482547	-0.435652	-0.390714	0.369590	-0.319283	-0.342603	0.354789	-0.338900	-0.404521	0.318937	-0.323208	-0.357464	0.310981	-0.338055	-0.461021	0.110604	-0.354629	-0.444346	0.116789	-0.445819	-0.360228	0.034949	-0.331047	-0.347591	0.030570	-0.435536	-0.280730	0.041756	-0.388437	-0.535450	0.094425	-0.403302	-0.219533	0.768490	-0.649417	-0.169277	0.795797	-0.645289	-0.194965	0.739144	-0.653020	-0.150680	0.765548	-0.646802	-0.057446	0.513501	-0.607602	-0.049767	0.525101	-0.500319	-0.100330	0.377168	-0.618494	-0.049657	0.382881	-0.610176	-0.092548	0.337645	-0.614188	-0.049770	0.342863	-0.605502	-0.084806	0.121521	-0.567082	-0.061436	0.145446	-0.481068	0.054304	0.068206	-0.594826	0.059404	0.071711	-0.481776	0.104992	0.092763	-0.540373	-0.146308	0.090997	-0.506398	-0.246286	1.370786	-0.309796	-0.260728	1.366473	-0.674797	
192	0.9550	-0.196878	0.951847	-0.343147	-0.197369	0.943996	-0.605376	-0.347088	0.956599	-0.424091	-0.351104	0.950359	-0.524760	-0.247190	0.777900	-0.304474	-0.197215	0.773996	-0.316291	-0.259784	0.732032	-0.304877	-0.210766	0.728224	-0.311027	-0.303520	0.484792	-0.350220	-0.297935	0.482022	-0.435967	-0.388544	0.369965	-0.319552	-0.340520	0.354767	-0.339078	-0.402700	0.319424	-0.323441	-0.355702	0.311052	-0.338225	-0.460467	0.111267	-0.354802	-0.443718	0.117312	-0.445967	-0.360230	0.034993	-0.331072	-0.347579	0.030531	-0.435562	-0.280682	0.041682	-0.388405	-0.534968	0.095451	-0.403446	-0.213187	0.767076	-0.650198	-0.162762	0.794236	-0.646223	-0.188746	0.737591	-0.653843	-0.144336	0.763915	-0.647744	-0.051002	0.512297	-0.607905	-0.043380	0.523832	-0.500982	-0.089815	0.374631	-0.618902	-0.039508	0.382178	-0.610715	-0.080687	0.335426	-0.614612	-0.038127	0.342189	-0.606115	-0.065077	0.119454	-0.567575	-0.042348	0.144295	-0.481660	0.075679	0.070892	-0.595584	0.080937	0.074838	-0.482524	0.125559	0.097336	-0.541267	-0.125309	0.086834	-0.506757	-0.239546	1.369814	-0.310714	-0.253937	1.365327	-0.675704	
193	0.9600	-0.190697	0.950913	-0.343742	-0.190537	0.942867	-0.605974	-0.340695	0.955507	-0.425058	-0.344452	0.949078	-0.525694	-0.241974	0.777274	-0.305027	-0.191981	0.773052	-0.316663	-0.254929	0.731613	-0.305334	-0.205940	0.727422	-0.311388	-0.300302	0.484469	-0.350450	-0.294605	0.481481	-0.436281	-0.386291	0.370333	-0.319811	-0.338358	0.354735	-0.339237	-0.400804	0.319906	-0.323654	-0.353875	0.311114	-0.338378	-0.459881	0.111955	-0.354962	-0.443056	0.117861	-0.446098	-0.360231	0.035035	-0.331095	-0.347565	0.030498	-0.435589	-0.280643	0.041600	-0.388376	-0.534456	0.096516	-0.403578	-0.206746	0.765555	-0.650984	-0.156132	0.792541	-0.647159	-0.182450	0.735919	-0.654676	-0.137894	0.762135	-0.648683	-0.044632	0.510918	-0.608182	-0.037057	0.522384	-0.501616	-0.079402	0.372067	-0.619298	-0.029497	0.381414	-0.611248	-0.068954	0.333215	-0.615030	-0.026655	0.341496	-0.606722	-0.045590	0.117617	-0.568088	-0.023498	0.143353	-0.482276	0.096662	0.073792	-0.596395	0.102085	0.078187	-0.483325	0.145697	0.102083	-0.542224	-0.104508	0.082972	-0.507130	-0.232754	1.368780	-0.311662	-0.247107	1.364119	-0.676641	
194	0.9650	-0.184449	0.949935	-0.344340	-0.183572	0.941673	-0.606575	-0.334215	0.954347	-0.426065	-0.337690	0.947720	-0.526668	-0.236699	0.776623	-0.305560	-0.186681	0.772083	-0.317010	-0.250011	0.731168	-0.305769	-0.201049	0.726601	-0.311726	-0.296971	0.484119	-0.350660	-0.291169	0.480924	-0.436593	-0.383943	0.370696	-0.320058	-0.336104	0.354691	-0.339377	-0.398823	0.320384	-0.323848	-0.351969	0.311168	-0.338513	-0.459256	0.112672	-0.355107	-0.442354	0.118439	-0.446210	-0.360230	0.035077	-0.331114	-0.347550	0.030473	-0.435616	-0.280612	0.041510	-0.388351	-0.533908	0.097629	-0.403696	-0.200184	0.763936	-0.651777	-0.149364	0.790722	-0.648094	-0.176050	0.734138	-0.655518	-0.131329	0.760221	-0.649617	-0.038305	0.509376	-0.608435	-0.030771	0.520772	-0.502219	-0.069086	0.369486	-0.619682	-0.019613	0.380588	-0.611776	-0.057349	0.331016	-0.615441	-0.015349	0.340775	-0.607323	-0.026389	0.115995	-0.568619	-0.004924	0.142600	-0.482915	0.117207	0.076867	-0.597259	0.122806	0.081710	-0.484182	0.165371	0.106953	-0.543246	-0.083962	0.079407	-0.507513	-0.225904	1.367684	-0.312643	-0.240231	1.362851	-0.677611	
195	0.9700	-0.178123	0.948915	-0.344943	-0.176459	0.940414	-0.607180	-0.327632	0.953121	-0.427117	-0.330803	0.946289	-0.527683	-0.231349	0.775946	-0.306076	-0.181301	0.771090	-0.317336	-0.245014	0.730698	-0.306184	-0.196079	0.725759	-0.312040	-0.293515	0.483741	-0.350850	-0.287610	0.480350	-0.436901	-0.381486	0.371054	-0.320294	-0.333745	0.354638	-0.339498	-0.396743	0.320860	-0.324021	-0.349973	0.311214	-0.338627	-0.458585	0.113423	-0.355232	-0.441605	0.119051	-0.446299	-0.360225	0.035119	-0.331130	-0.347533	0.030457	-0.435644	-0.280592	0.041412	-0.388331	-0.533315	0.098798	-0.403798	-0.193480	0.762226	-0.652579	-0.142436	0.788790	-0.649024	-0.169519	0.732258	-0.656370	-0.124619	0.758186	-0.650539	-0.031990	0.507683	-0.608669	-0.024494	0.519010	-0.502794	-0.058863	0.366897	-0.620053	-0.009841	0.379699	-0.612299	-0.045875	0.328833	-0.615846	-0.004204	0.340023	-0.607919	-0.007520	0.114572	-0.569165	0.013335	0.142015	-0.483573	0.137272	0.080070	-0.598179	0.143061	0.085355	-0.485095	0.184549	0.111892	-0.544334	-0.063726	0.076128	-0.507902	-0.218991	1.366527	-0.313659	-0.233303	1.361520	-0.678619	
196	0.9750	-0.171704	0.947853	-0.345551	-0.169182	0.939093	-0.607790	-0.320934	0.951831	-0.428214	-0.323778	0.944788	-0.528744	-0.225912	0.775245	-0.306575	-0.175828	0.770073	-0.317641	-0.239925	0.730200	-0.306583	-0.191015	0.724896	-0.312333	-0.289919	0.483333	-0.351020	-0.283913	0.479754	-0.437200	-0.378906	0.371406	-0.320518	-0.331267	0.354573	-0.339598	-0.394554	0.321334	-0.324173	-0.347874	0.311253	-0.338720	-0.457860	0.114212	-0.355336	-0.440802	0.119701	-0.446364	-0.360216	0.035160	-0.331141	-0.347514	0.030449	-0.435671	-0.280580	0.041307	-0.388315	-0.532671	0.100033	-0.403882	-0.186610	0.760435	-0.653389	-0.135332	0.786760	-0.649947	-0.162833	0.730293	-0.657229	-0.117742	0.756046	-0.651447	-0.025656	0.505854	-0.608886	-0.018197	0.517116	-0.503342	-0.048728	0.364307	-0.620412	-0.000170	0.378745	-0.612820	-0.034532	0.326668	-0.616245	0.006785	0.339232	-0.608509	0.010971	0.113327	-0.569723	0.031240	0.141574	-0.484247	0.156813	0.083350	-0.599153	0.162808	0.089064	-0.486063	0.203197	0.116839	-0.545486	-0.043859	0.073126	-0.508291	-0.212009	1.365313	-0.314715	-0.226318	1.360127	-0.679667	
197	0.9800	-0.165183	0.946750	-0.346165	-0.161729	0.937713	-0.608405	-0.314109	0.950480	-0.429361	-0.316602	0.943223	-0.529853	-0.220372	0.774517	-0.307061	-0.170250	0.769032	-0.317929	-0.234730	0.729674	-0.306969	-0.185844	0.724011	-0.312607	-0.286168	0.482895	-0.351169	-0.280059	0.479136	-0.437489	-0.376190	0.371753	-0.320731	-0.328658	0.354499	-0.339678	-0.392243	0.321809	-0.324304	-0.345659	0.311288	-0.338792	-0.457074	0.115044	-0.355415	-0.439938	0.120392	-0.446401	-0.360199	0.035201	-0.331147	-0.347491	0.030449	-0.435697	-0.280578	0.041193	-0.388305	-0.531967	0.101341	-0.403945	-0.179556	0.758572	-0.654210	-0.128034	0.784645	-0.650858	-0.155969	0.728253	-0.658096	-0.110679	0.753818	-0.652335	-0.019272	0.503905	-0.609091	-0.011853	0.515108	-0.503866	-0.038679	0.361726	-0.620760	0.009413	0.377727	-0.613337	-0.023323	0.324523	-0.616638	0.017626	0.338396	-0.609095	0.029041	0.112239	-0.570289	0.048755	0.141249	-0.484932	0.175789	0.086655	-0.600179	0.182008	0.092779	-0.487084	0.221287	0.121730	-0.546701	-0.024419	0.070386	-0.508676	-0.204955	1.364044	-0.315812	-0.219271	1.358673	-0.680759	
198	0.9850	-0.158549	0.945607	-0.346786	-0.154089	0.936278	-0.609028	-0.307146	0.949073	-0.430557	-0.309266	0.941599	-0.531011	-0.214718	0.773764	-0.307535	-0.164556	0.767966	-0.318201	-0.229417	0.729118	-0.307344	-0.180553	0.723105	-0.312863	-0.282252	0.482424	-0.351298	-0.276034	0.478493	-0.437765	-0.373327	0.372095	-0.320934	-0.325905	0.354414	-0.339737	-0.389799	0.322284	-0.324415	-0.343316	0.311318	-0.338841	-0.456221	0.115923	-0.355466	-0.439007	0.121128	-0.446409	-0.360175	0.035241	-0.331147	-0.347464	0.030458	-0.435722	-0.280585	0.041072	-0.388301	-0.531196	0.102730	-0.403985	-0.172302	0.756648	-0.655040	-0.120530	0.782461	-0.651754	-0.148906	0.726153	-0.658967	-0.103417	0.751519	-0.653199	-0.012811	0.501852	-0.609288	-0.005435	0.513005	-0.504367	-0.028712	0.359161	-0.621095	0.018919	0.376643	-0.613852	-0.012250	0.322402	-0.617025	0.028320	0.337509	-0.609675	0.046645	0.111284	-0.570860	0.065839	0.141011	-0.485623	0.194159	0.089927	-0.601253	0.200623	0.096435	-0.488153	0.238788	0.126501	-0.547970	-0.005462	0.067894	-0.509053	-0.197827	1.362722	-0.316952	-0.212161	1.357158	-0.681898	
199	0.9900	-0.151792	0.944425	-0.347415	-0.146255	0.934791	-0.609660	-0.300039	0.947613	-0.431804	-0.301763	0.939922	-0.532218	-0.208939	0.772986	-0.308000	-0.158736	0.766878	-0.318462	-0.223973	0.728530	-0.307713	-0.175131	0.722176	-0.313104	-0.278159	0.481920	-0.351408	-0.271824	0.477822	-0.438025	-0.370306	0.372432	-0.321124	-0.322998	0.354319	-0.339776	-0.387213	0.322763	-0.324504	-0.340835	0.311345	-0.338866	-0.455293	0.116852	-0.355486	-0.438002	0.121912	-0.446385	-0.360141	0.035282	-0.331142	-0.347433	0.030475	-0.435743	-0.280600	0.040943	-0.388303	-0.530351	0.104207	-0.404001	-0.164836	0.754675	-0.655880	-0.112811	0.780223	-0.652633	-0.141628	0.724007	-0.659841	-0.095942	0.749167	-0.654036	-0.006246	0.499715	-0.609481	0.001080	0.510830	-0.504849	-0.018825	0.356619	-0.621420	0.028358	0.375494	-0.614365	-0.001317	0.320304	-0.617407	0.038874	0.336566	-0.610249	0.063739	0.110436	-0.571432	0.082456	0.140831	-0.486317	0.211885	0.093108	-0.602367	0.218614	0.099971	-0.489264	0.255676	0.131085	-0.549288	0.012954	0.065633	-0.509418	-0.190625	1.361353	-0.318139	-0.204986	1.355583	-0.683086	
200	0.9950	-0.144909	0.943206	-0.348053	-0.138224	0.933258	-0.610301	-0.292782	0.946107	-0.433101	-0.294090	0.938200	-0.533476	-0.203028	0.772183	-0.308460	-0.152782	0.765768	-0.318714	-0.218392	0.727912	-0.308077	-0.169569	0.721226	-0.313333	-0.273881	0.481382	-0.351497	-0.267419	0.477120	-0.438266	-0.367117	0.372765	-0.321304	-0.319930	0.354214	-0.339794	-0.384477	0.323246	-0.324571	-0.338208	0.311371	-0.338868	-0.454286	0.117834	-0.355473	-0.436917	0.122748	-0.446326	-0.360095	0.035324	-0.331129	-0.347396	0.030499	-0.435762	-0.280623	0.040809	-0.388312	-0.529423	0.105779	-0.403991	-0.157149	0.752666	-0.656730	-0.104875	0.777948	-0.653491	-0.134124	0.721830	-0.660716	-0.088250	0.746782	-0.654842	0.000445	0.497512	-0.609675	0.007712	0.508602	-0.505317	-0.009020	0.354110	-0.621734	0.037735	0.374279	-0.614875	0.009470	0.318232	-0.617783	0.049287	0.335562	-0.610817	0.080283	0.109670	-0.571999	0.098569	0.140678	-0.487007	0.228933	0.096141	-0.603515	0.235946	0.103323	-0.490409	0.271925	0.135416	-0.550643	0.030775	0.063584	-0.509767	-0.183350	1.359941	-0.319372	-0.197748	1.353952	-0.684323	
201	1.0000	-0.137896	0.941954	-0.348700	-0.129997	0.931685	-0.610953	-0.285375	0.944559	-0.434446	-0.286248	0.936441	-0.534782	-0.196978	0.771356	-0.308916	-0.146692	0.764638	-0.318962	-0.212666	0.727263	-0.308441	-0.163863	0.720254	-0.313553	-0.269413	0.480809	-0.351568	-0.262810	0.476387	-0.438485	-0.363756	0.373092	-0.321473	-0.316694	0.354098	-0.339792	-0.381585	0.323735	-0.324616	-0.335427	0.311396	-0.338846	-0.453194	0.118873	-0.355426	-0.435749	0.123636	-0.446232	-0.360037	0.035366	-0.331109	-0.347354	0.030531	-0.435777	-0.280652	0.040670	-0.388327	-0.528408	0.107448	-0.403955	-0.149242	0.750631	-0.657589	-0.096723	0.775653	-0.654326	-0.126387	0.719635	-0.661589	-0.080340	0.744381	-0.655613	0.007281	0.495262	-0.609874	0.014478	0.506344	-0.505772	0.000703	0.351639	-0.622040	0.047055	0.373001	-0.615383	0.020105	0.316187	-0.618153	0.059560	0.334494	-0.611377	0.096238	0.108960	-0.572558	0.114144	0.140523	-0.487687	0.245269	0.098970	-0.604687	0.252586	0.106432	-0.491579	0.287514	0.139433	-0.552026	0.047949	0.061729	-0.510097	-0.176010	1.358491	-0.320653	-0.190454	1.352267	-0.685612	
202	1.0050	-0.130755	0.940671	-0.349357	-0.121582	0.930078	-0.611617	-0.277821	0.942977	-0.435837	-0.278243	0.934653	-0.536133	-0.190789	0.770504	-0.309372	-0.140464	0.763488	-0.319207	-0.206795	0.726582	-0.308805	-0.158009	0.719262	-0.313767	-0.264754	0.480203	-0.351620	-0.257994	0.475621	-0.438682	-0.360219	0.373414	-0.321631	-0.313287	0.353973	-0.339770	-0.378534	0.324230	-0.324640	-0.332489	0.311422	-0.338801	-0.452014	0.119968	-0.355341	-0.434493	0.124577	-0.446102	-0.359966	0.035409	-0.331082	-0.347304	0.030570	-0.435789	-0.280685	0.040526	-0.388348	-0.527300	0.109217	-0.403892	-0.141117	0.748585	-0.658455	-0.088362	0.773355	-0.655135	-0.118418	0.717439	-0.662457	-0.072218	0.741984	-0.656346	0.014273	0.492985	-0.610081	0.021387	0.504077	-0.506219	0.010338	0.349214	-0.622337	0.056319	0.371661	-0.615887	0.030579	0.314170	-0.618517	0.069689	0.333359	-0.611926	0.111567	0.108281	-0.573103	0.129147	0.140338	-0.488352	0.260866	0.101542	-0.605874	0.268504	0.109242	-0.492763	0.302426	0.143077	-0.553422	0.064429	0.060050	-0.510405	-0.168611	1.357009	-0.321982	-0.183111	1.350532	-0.686952	
203	1.0100	-0.123492	0.939362	-0.350024	-0.112991	0.928446	-0.612293	-0.270130	0.941368	-0.437268	-0.270085	0.932845	-0.537526	-0.184464	0.769631	-0.309830	-0.134102	0.762322	-0.319453	-0.200780	0.725872	-0.309172	-0.152010	0.718252	-0.313977	-0.259908	0.479564	-0.351653	-0.252972	0.474822	-0.438855	-0.356508	0.373731	-0.321777	-0.309711	0.353839	-0.339729	-0.375324	0.324733	-0.324642	-0.329393	0.311449	-0.338732	-0.450746	0.121121	-0.355219	-0.433148	0.125572	-0.445935	-0.359879	0.035454	-0.331048	-0.347247	0.030616	-0.435795	-0.280723	0.040380	-0.388375	-0.526096	0.111087	-0.403802	-0.132785	0.746539	-0.659326	-0.079808	0.771070	-0.655917	-0.110224	0.715254	-0.663318	-0.063896	0.739609	-0.657039	0.021427	0.490700	-0.610301	0.028446	0.501821	-0.506662	0.019877	0.346842	-0.622627	0.065523	0.370263	-0.616386	0.040879	0.312182	-0.618873	0.079669	0.332156	-0.612465	0.126237	0.107612	-0.573629	0.143547	0.140096	-0.488997	0.275699	0.103809	-0.607062	0.283672	0.111702	-0.493950	0.316643	0.146295	-0.554818	0.080170	0.058529	-0.510688	-0.161167	1.355502	-0.323355	-0.175732	1.348753	-0.688340	
204	1.0150	-0.116119	0.938031	-0.350699	-0.104242	0.926797	-0.612981	-0.262315	0.939740	-0.438736	-0.261792	0.931027	-0.538956	-0.178011	0.768738	-0.310292	-0.127616	0.761143	-0.319704	-0.194628	0.725134	-0.309543	-0.145874	0.717224	-0.314187	-0.254880	0.478894	-0.351669	-0.247752	0.473988	-0.439001	-0.352627	0.374043	-0.321913	-0.305970	0.353694	-0.339669	-0.371959	0.325244	-0.324622	-0.326142	0.311479	-0.338641	-0.449388	0.122330	-0.355058	-0.431714	0.126620	-0.445731	-0.359778	0.035499	-0.331005	-0.347182	0.030667	-0.435797	-0.280762	0.040233	-0.388408	-0.524796	0.113056	-0.403686	-0.124265	0.744508	-0.660201	-0.071082	0.768814	-0.656669	-0.101819	0.713097	-0.664170	-0.055394	0.737273	-0.657690	0.028742	0.488426	-0.610536	0.035651	0.499597	-0.507103	0.029308	0.344530	-0.622910	0.074658	0.368810	-0.616879	0.050993	0.310225	-0.619220	0.089490	0.330887	-0.612989	0.140220	0.106931	-0.574133	0.157318	0.139776	-0.489615	0.289747	0.105730	-0.608242	0.298068	0.113769	-0.495128	0.330154	0.149044	-0.556199	0.095131	0.057148	-0.510944	-0.153692	1.353978	-0.324772	-0.168332	1.346935	-0.689774	
205	1.0200	-0.108651	0.936683	-0.351383	-0.095362	0.925140	-0.613680	-0.254396	0.938100	-0.440233	-0.253386	0.929209	-0.540416	-0.171442	0.767826	-0.310760	-0.121017	0.759954	-0.319961	-0.188353	0.724370	-0.309921	-0.139612	0.716183	-0.314398	-0.249685	0.478194	-0.351669	-0.242343	0.473122	-0.439122	-0.348585	0.374349	-0.322037	-0.302074	0.353541	-0.339592	-0.368447	0.325764	-0.324582	-0.322744	0.311513	-0.338529	-0.447943	0.123593	-0.354858	-0.430192	0.127717	-0.445491	-0.359660	0.035546	-0.330955	-0.347109	0.030724	-0.435795	-0.280802	0.040085	-0.388446	-0.523399	0.115119	-0.403544	-0.115580	0.742503	-0.661076	-0.062210	0.766601	-0.657389	-0.093224	0.710979	-0.665007	-0.046737	0.734993	-0.658296	0.036210	0.486181	-0.610787	0.042994	0.497423	-0.507545	0.038618	0.342283	-0.623187	0.083713	0.367309	-0.617364	0.060903	0.308302	-0.619559	0.099138	0.329553	-0.613498	0.153489	0.106221	-0.574610	0.170433	0.139358	-0.490201	0.302994	0.107271	-0.609400	0.311670	0.115408	-0.496285	0.342950	0.151287	-0.557551	0.109281	0.055892	-0.511171	-0.146206	1.352445	-0.326227	-0.160930	1.345085	-0.691250	
206	1.0250	-0.101109	0.935326	-0.352073	-0.086380	0.923485	-0.614390	-0.246397	0.936458	-0.441752	-0.244896	0.927402	-0.541899	-0.164776	0.766900	-0.311235	-0.114326	0.758759	-0.320226	-0.181970	0.723582	-0.310305	-0.133243	0.715131	-0.314614	-0.244340	0.477468	-0.351652	-0.236765	0.472226	-0.439216	-0.344396	0.374649	-0.322150	-0.298036	0.353379	-0.339499	-0.364799	0.326290	-0.324522	-0.319209	0.311551	-0.338396	-0.446414	0.124906	-0.354621	-0.428587	0.128860	-0.445215	-0.359526	0.035595	-0.330897	-0.347027	0.030786	-0.435787	-0.280840	0.039940	-0.388488	-0.521908	0.117270	-0.403377	-0.106764	0.740537	-0.661949	-0.053229	0.764448	-0.658078	-0.084470	0.708916	-0.665829	-0.037960	0.732784	-0.658858	0.043814	0.483983	-0.611058	0.050459	0.495317	-0.507991	0.047786	0.340108	-0.623459	0.092671	0.365766	-0.617839	0.070590	0.306415	-0.619887	0.108598	0.328159	-0.613987	0.166024	0.105468	-0.575055	0.182871	0.138826	-0.490751	0.315429	0.108405	-0.610525	0.324465	0.116594	-0.497407	0.355023	0.152999	-0.558859	0.122591	0.054745	-0.511368	-0.138734	1.350911	-0.327717	-0.153551	1.343213	-0.692762	
207	1.0300	-0.093521	0.933964	-0.352767	-0.077335	0.921842	-0.615109	-0.238350	0.934822	-0.443284	-0.236356	0.925615	-0.543396	-0.158037	0.765962	-0.311717	-0.107566	0.757563	-0.320502	-0.175503	0.722776	-0.310696	-0.126789	0.714073	-0.314834	-0.238867	0.476720	-0.351622	-0.231039	0.471301	-0.439284	-0.340079	0.374942	-0.322252	-0.293873	0.353210	-0.339390	-0.361031	0.326824	-0.324444	-0.315552	0.311593	-0.338245	-0.444809	0.126264	-0.354348	-0.426904	0.130044	-0.444908	-0.359378	0.035645	-0.330833	-0.346936	0.030852	-0.435775	-0.280877	0.039797	-0.388534	-0.520329	0.119499	-0.403188	-0.097855	0.738623	-0.662816	-0.044178	0.762367	-0.658733	-0.075592	0.706917	-0.666632	-0.029102	0.730660	-0.659375	0.051531	0.481848	-0.611348	0.058023	0.493294	-0.508441	0.056792	0.338010	-0.623725	0.101508	0.364189	-0.618302	0.080032	0.304569	-0.620202	0.117849	0.326712	-0.614456	0.177809	0.104661	-0.575466	0.194614	0.138171	-0.491259	0.327046	0.109119	-0.611605	0.336442	0.117310	-0.498485	0.366371	0.154167	-0.560109	0.135039	0.053694	-0.511535	-0.131300	1.349385	-0.329233	-0.146222	1.341327	-0.694304	
208	1.0350	-0.085919	0.932606	-0.353464	-0.068269	0.920222	-0.615835	-0.230289	0.933203	-0.444819	-0.227806	0.923861	-0.544899	-0.151253	0.765017	-0.312206	-0.100765	0.756372	-0.320788	-0.168980	0.721954	-0.311093	-0.120279	0.713012	-0.315061	-0.233294	0.475953	-0.351577	-0.225196	0.470354	-0.439327	-0.335656	0.375229	-0.322342	-0.289607	0.353033	-0.339269	-0.357162	0.327363	-0.324348	-0.311793	0.311640	-0.338077	-0.443136	0.127660	-0.354042	-0.425153	0.131262	-0.444570	-0.359214	0.035696	-0.330761	-0.346837	0.030922	-0.435758	-0.280909	0.039660	-0.388583	-0.518669	0.121794	-0.402979	-0.088897	0.736770	-0.663673	-0.035104	0.760369	-0.659354	-0.066635	0.704995	-0.667413	-0.020208	0.728632	-0.659846	0.059328	0.479791	-0.611657	0.065654	0.491367	-0.508898	0.065610	0.335996	-0.623985	0.110201	0.362588	-0.618751	0.089206	0.302766	-0.620505	0.126869	0.325218	-0.614901	0.188833	0.103794	-0.575838	0.205650	0.137387	-0.491723	0.337844	0.109404	-0.612631	0.347596	0.117552	-0.499506	0.376993	0.154786	-0.561289	0.146613	0.052729	-0.511672	-0.123937	1.347876	-0.330770	-0.138972	1.339437	-0.695866	
209	1.0400	-0.078338	0.931259	-0.354159	-0.059232	0.918635	-0.616565	-0.222257	0.931611	-0.446347	-0.219291	0.922148	-0.546396	-0.144459	0.764071	-0.312702	-0.093959	0.755191	-0.321086	-0.162434	0.721123	-0.311495	-0.113744	0.711956	-0.315296	-0.227653	0.475173	-0.351521	-0.219270	0.469388	-0.439347	-0.331154	0.375507	-0.322421	-0.285266	0.352850	-0.339136	-0.353217	0.327905	-0.324237	-0.307954	0.311692	-0.337895	-0.441405	0.129085	-0.353704	-0.423343	0.132507	-0.444206	-0.359037	0.035749	-0.330684	-0.346729	0.030995	-0.435736	-0.280937	0.039529	-0.388633	-0.516938	0.124140	-0.402753	-0.079942	0.734990	-0.664516	-0.026060	0.758466	-0.659940	-0.057648	0.703160	-0.668170	-0.011332	0.726712	-0.660272	0.067167	0.477824	-0.611984	0.073316	0.489549	-0.509360	0.074212	0.334070	-0.624239	0.118718	0.360973	-0.619184	0.098085	0.301012	-0.620791	0.135632	0.323690	-0.615321	0.199089	0.102864	-0.576171	0.215967	0.136473	-0.492139	0.347827	0.109266	-0.613591	0.357927	0.117327	-0.500462	0.386894	0.154867	-0.562388	0.157305	0.051838	-0.511778	-0.116676	1.346393	-0.332317	-0.131835	1.337555	-0.697441	
210	1.0450	-0.070821	0.929932	-0.354851	-0.050276	0.917091	-0.617296	-0.214296	0.930053	-0.447857	-0.210858	0.920488	-0.547877	-0.137692	0.763127	-0.313202	-0.087184	0.754026	-0.321394	-0.155902	0.720287	-0.311901	-0.107224	0.710908	-0.315538	-0.221982	0.474385	-0.351454	-0.213299	0.468409	-0.439345	-0.326603	0.375777	-0.322490	-0.280879	0.352663	-0.338993	-0.349222	0.328447	-0.324112	-0.304063	0.311749	-0.337702	-0.439628	0.130530	-0.353340	-0.421488	0.133770	-0.443819	-0.358848	0.035803	-0.330602	-0.346614	0.031070	-0.435711	-0.280958	0.039405	-0.388685	-0.515149	0.126522	-0.402512	-0.071045	0.733292	-0.665341	-0.017100	0.756666	-0.660491	-0.048689	0.701419	-0.668899	-0.002526	0.724907	-0.660655	0.075003	0.475960	-0.612327	0.080964	0.487848	-0.509826	0.082566	0.332237	-0.624486	0.127027	0.359355	-0.619597	0.106643	0.299312	-0.621062	0.144109	0.322136	-0.615713	0.208578	0.101872	-0.576463	0.225563	0.135435	-0.492506	0.357005	0.108720	-0.614480	0.367440	0.116653	-0.501344	0.396079	0.154430	-0.563397	0.167117	0.051016	-0.511856	-0.109554	1.344946	-0.333865	-0.124847	1.335691	-0.699016	
211	1.0500	-0.063411	0.928633	-0.355534	-0.041457	0.915601	-0.618024	-0.206456	0.928541	-0.449339	-0.202560	0.918889	-0.549333	-0.130993	0.762193	-0.313705	-0.080483	0.752884	-0.321711	-0.149424	0.719452	-0.312309	-0.100758	0.709876	-0.315786	-0.216320	0.473596	-0.351377	-0.207326	0.467424	-0.439324	-0.322038	0.376038	-0.322547	-0.276478	0.352472	-0.338843	-0.345208	0.328988	-0.323976	-0.300147	0.311810	-0.337499	-0.437821	0.131985	-0.352952	-0.419601	0.135041	-0.443413	-0.358648	0.035858	-0.330516	-0.346493	0.031146	-0.435682	-0.280974	0.039290	-0.388736	-0.513316	0.128922	-0.402259	-0.062264	0.731683	-0.666143	-0.008283	0.754976	-0.661006	-0.039816	0.699781	-0.669598	0.006149	0.723223	-0.660996	0.082786	0.474206	-0.612684	0.088552	0.486272	-0.510297	0.090640	0.330501	-0.624725	0.135092	0.357747	-0.619991	0.114852	0.297672	-0.621314	0.152272	0.320571	-0.616075	0.217304	0.100824	-0.576713	0.234435	0.134282	-0.492823	0.365391	0.107789	-0.615290	0.376147	0.115557	-0.502146	0.404558	0.153509	-0.564307	0.176058	0.050255	-0.511907	-0.102608	1.343544	-0.335404	-0.118044	1.333857	-0.700582	
212	1.0550	-0.056154	0.927369	-0.356205	-0.032832	0.914174	-0.618743	-0.198787	0.927083	-0.450782	-0.194449	0.917361	-0.550751	-0.124408	0.761274	-0.314207	-0.073898	0.751772	-0.322036	-0.143046	0.718625	-0.312716	-0.094391	0.708865	-0.316041	-0.210710	0.472811	-0.351294	-0.201398	0.466442	-0.439286	-0.317495	0.376289	-0.322595	-0.272098	0.352280	-0.338687	-0.341206	0.329522	-0.323831	-0.296241	0.311875	-0.337289	-0.435998	0.133437	-0.352547	-0.417699	0.136309	-0.442995	-0.358441	0.035914	-0.330427	-0.346365	0.031223	-0.435650	-0.280982	0.039184	-0.388787	-0.511455	0.131319	-0.401999	-0.053661	0.730172	-0.666919	0.000331	0.753403	-0.661486	-0.031092	0.698250	-0.670266	0.014634	0.721666	-0.661296	0.090461	0.472572	-0.613051	0.096027	0.484824	-0.510768	0.098400	0.328868	-0.624956	0.142876	0.356161	-0.620361	0.122683	0.296098	-0.621547	0.160091	0.319009	-0.616407	0.225278	0.099727	-0.576921	0.242590	0.133026	-0.493089	0.373005	0.106507	-0.616017	0.384063	0.114077	-0.502863	0.412345	0.152144	-0.565116	0.184143	0.049551	-0.511932	-0.095876	1.342195	-0.336922	-0.111463	1.332066	-0.702126	
213	1.0600	-0.049098	0.926150	-0.356859	-0.024460	0.912818	-0.619451	-0.191338	0.925688	-0.452175	-0.186581	0.915912	-0.552122	-0.117982	0.760376	-0.314706	-0.067475	0.750697	-0.322366	-0.136811	0.717813	-0.313119	-0.088168	0.707883	-0.316300	-0.205197	0.472036	-0.351204	-0.195562	0.465469	-0.439234	-0.313011	0.376528	-0.322632	-0.267777	0.352087	-0.338528	-0.337250	0.330048	-0.323679	-0.292376	0.311943	-0.337076	-0.434177	0.134875	-0.352129	-0.415800	0.137565	-0.442569	-0.358228	0.035969	-0.330335	-0.346234	0.031301	-0.435616	-0.280983	0.039089	-0.388836	-0.509585	0.133692	-0.401734	-0.045297	0.728763	-0.667663	0.008682	0.751949	-0.661931	-0.022581	0.696832	-0.670899	0.022868	0.720238	-0.661559	0.097972	0.471062	-0.613426	0.103335	0.483506	-0.511237	0.105814	0.327339	-0.625176	0.150342	0.354611	-0.620707	0.130111	0.294595	-0.621760	0.167535	0.317462	-0.616708	0.232514	0.098594	-0.577089	0.250038	0.131687	-0.493307	0.379871	0.104916	-0.616659	0.391211	0.112260	-0.503494	0.419455	0.150389	-0.565820	0.191395	0.048901	-0.511934	-0.089395	1.340908	-0.338407	-0.105141	1.330330	-0.703636	
214	1.0650	-0.042290	0.924983	-0.357492	-0.016398	0.911542	-0.620140	-0.184161	0.924364	-0.453508	-0.179008	0.914549	-0.553435	-0.111761	0.759506	-0.315197	-0.061260	0.749664	-0.322699	-0.130766	0.717021	-0.313516	-0.082134	0.706936	-0.316561	-0.199824	0.471280	-0.351109	-0.189867	0.464514	-0.439170	-0.308625	0.376756	-0.322660	-0.263552	0.351895	-0.338368	-0.333375	0.330560	-0.323523	-0.288587	0.312014	-0.336862	-0.432375	0.136286	-0.351705	-0.413920	0.138795	-0.442141	-0.358012	0.036025	-0.330244	-0.346099	0.031377	-0.435581	-0.280977	0.039004	-0.388883	-0.507724	0.136021	-0.401469	-0.037231	0.727461	-0.668373	0.016713	0.750617	-0.662341	-0.014347	0.695528	-0.671496	0.030794	0.718939	-0.661787	0.105263	0.469679	-0.613803	0.110422	0.482320	-0.511701	0.112849	0.325917	-0.625385	0.157454	0.353108	-0.621027	0.137110	0.293171	-0.621952	0.174576	0.315947	-0.616976	0.239035	0.097436	-0.577218	0.256792	0.130282	-0.493478	0.386018	0.103062	-0.617216	0.397616	0.110159	-0.504037	0.425907	0.148302	-0.566419	0.197846	0.048302	-0.511916	-0.083202	1.339689	-0.339849	-0.099113	1.328660	-0.705101	
215	1.0700	-0.035777	0.923875	-0.358099	-0.008701	0.910351	-0.620808	-0.177304	0.923117	-0.454772	-0.171780	0.913277	-0.554682	-0.105789	0.758670	-0.315678	-0.055297	0.748682	-0.323030	-0.124954	0.716257	-0.313903	-0.076335	0.706030	-0.316822	-0.194635	0.470547	-0.351013	-0.184361	0.463586	-0.439098	-0.304375	0.376970	-0.322680	-0.259459	0.351707	-0.338209	-0.329616	0.331055	-0.323366	-0.284908	0.312085	-0.336650	-0.430609	0.137658	-0.351279	-0.412079	0.139990	-0.441715	-0.357796	0.036079	-0.330152	-0.345963	0.031452	-0.435545	-0.280965	0.038930	-0.388926	-0.505891	0.138284	-0.401206	-0.029522	0.726268	-0.669044	0.024368	0.749407	-0.662717	-0.006450	0.694339	-0.672055	0.038355	0.717768	-0.661981	0.112276	0.468424	-0.614178	0.117233	0.481263	-0.512157	0.119475	0.324606	-0.625582	0.164177	0.351665	-0.621321	0.143658	0.291830	-0.622123	0.181187	0.314477	-0.617214	0.244866	0.096269	-0.577311	0.262871	0.128837	-0.493605	0.391478	0.101000	-0.617688	0.403311	0.107831	-0.504494	0.431724	0.145949	-0.566916	0.203531	0.047752	-0.511881	-0.077331	1.338545	-0.341237	-0.093412	1.327068	-0.706509	
216	1.0750	-0.029601	0.922833	-0.358678	-0.001419	0.909251	-0.621448	-0.170810	0.921954	-0.455958	-0.164944	0.912102	-0.555854	-0.100109	0.757875	-0.316143	-0.049628	0.747754	-0.323358	-0.119420	0.715526	-0.314277	-0.070812	0.705172	-0.317080	-0.189673	0.469844	-0.350915	-0.179089	0.462692	-0.439020	-0.300299	0.377171	-0.322693	-0.255533	0.351524	-0.338053	-0.326004	0.331530	-0.323211	-0.281371	0.312158	-0.336442	-0.428898	0.138978	-0.350858	-0.410294	0.141139	-0.441298	-0.357582	0.036133	-0.330063	-0.345827	0.031525	-0.435508	-0.280946	0.038866	-0.388967	-0.504105	0.140462	-0.400950	-0.022223	0.725185	-0.669673	0.031597	0.748318	-0.663059	0.001051	0.693266	-0.672575	0.045502	0.716723	-0.662147	0.118958	0.467298	-0.614547	0.123719	0.480331	-0.512599	0.125666	0.323404	-0.625765	0.170479	0.350294	-0.621588	0.149735	0.290578	-0.622274	0.187347	0.313067	-0.617420	0.250037	0.095110	-0.577371	0.268301	0.127373	-0.493692	0.396288	0.098785	-0.618078	0.408330	0.105338	-0.504869	0.436931	0.143396	-0.567316	0.208493	0.047252	-0.511832	-0.071813	1.337481	-0.342558	-0.088068	1.325562	-0.707849	
217	1.0800	-0.023802	0.921862	-0.359222	0.005404	0.908245	-0.622055	-0.164722	0.920879	-0.457061	-0.158543	0.911026	-0.556944	-0.094759	0.757125	-0.316589	-0.044291	0.746886	-0.323678	-0.114201	0.714835	-0.314635	-0.065604	0.704366	-0.317333	-0.184976	0.469177	-0.350819	-0.174093	0.461841	-0.438939	-0.296428	0.377358	-0.322699	-0.251808	0.351348	-0.337902	-0.322572	0.331980	-0.323058	-0.278008	0.312229	-0.336242	-0.427258	0.140234	-0.350447	-0.408583	0.142231	-0.440895	-0.357374	0.036184	-0.329976	-0.345694	0.031596	-0.435473	-0.280923	0.038813	-0.389003	-0.502385	0.142534	-0.400703	-0.015380	0.724212	-0.670258	0.038357	0.747347	-0.663368	0.008105	0.692307	-0.673055	0.052188	0.715799	-0.662285	0.125260	0.466297	-0.614905	0.129833	0.479519	-0.513024	0.131399	0.322313	-0.625933	0.176335	0.349004	-0.621828	0.155329	0.289420	-0.622403	0.193036	0.311728	-0.617597	0.254582	0.093973	-0.577402	0.273108	0.125916	-0.493743	0.400487	0.096474	-0.618393	0.412713	0.102744	-0.505166	0.441555	0.140715	-0.567625	0.212778	0.046799	-0.511771	-0.066675	1.336502	-0.343805	-0.083104	1.324153	-0.709111	
218	1.0850	-0.018412	0.920966	-0.359730	0.011729	0.907335	-0.622626	-0.159071	0.919897	-0.458075	-0.152609	0.910051	-0.557948	-0.089774	0.756424	-0.317012	-0.039318	0.746084	-0.323986	-0.109331	0.714187	-0.314973	-0.060745	0.703617	-0.317578	-0.180578	0.468551	-0.350724	-0.169411	0.461038	-0.438857	-0.292795	0.377529	-0.322699	-0.248311	0.351180	-0.337757	-0.319345	0.332402	-0.322912	-0.274845	0.312299	-0.336052	-0.425704	0.141417	-0.350051	-0.406961	0.143258	-0.440509	-0.357173	0.036233	-0.329893	-0.345564	0.031663	-0.435438	-0.280895	0.038770	-0.389036	-0.500749	0.144485	-0.400468	-0.009032	0.723347	-0.670795	0.044611	0.746490	-0.663645	0.014669	0.691458	-0.673494	0.058379	0.714991	-0.662400	0.131141	0.465418	-0.615249	0.135534	0.478820	-0.513429	0.136658	0.321332	-0.626087	0.181722	0.347805	-0.622040	0.160429	0.288358	-0.622513	0.198241	0.310472	-0.617747	0.258539	0.092875	-0.577408	0.277326	0.124489	-0.493763	0.404118	0.094124	-0.618637	0.416503	0.100111	-0.505392	0.445628	0.137973	-0.567851	0.216438	0.046393	-0.511703	-0.061938	1.335609	-0.344968	-0.078540	1.322848	-0.710287	
219	1.0900	-0.013458	0.920150	-0.360199	0.017527	0.906522	-0.623157	-0.153886	0.919007	-0.458997	-0.147171	0.909178	-0.558862	-0.085180	0.755779	-0.317408	-0.034738	0.745349	-0.324280	-0.104838	0.713588	-0.315290	-0.056264	0.702929	-0.317812	-0.176507	0.467970	-0.350634	-0.165074	0.460291	-0.438776	-0.289424	0.377686	-0.322695	-0.245068	0.351023	-0.337622	-0.316349	0.332795	-0.322773	-0.271906	0.312366	-0.335874	-0.424250	0.142518	-0.349676	-0.405443	0.144212	-0.440146	-0.356982	0.036280	-0.329815	-0.345440	0.031725	-0.435406	-0.280863	0.038735	-0.389064	-0.499211	0.146299	-0.400248	-0.003211	0.722586	-0.671285	0.050332	0.745743	-0.663892	0.020706	0.690714	-0.673893	0.064045	0.714291	-0.662493	0.136564	0.464654	-0.615574	0.140789	0.478226	-0.513809	0.141432	0.320457	-0.626225	0.186627	0.346702	-0.622227	0.165033	0.287394	-0.622604	0.202954	0.309308	-0.617870	0.261949	0.091831	-0.577393	0.280989	0.123113	-0.493757	0.407225	0.091788	-0.618818	0.419745	0.097497	-0.505554	0.449181	0.135237	-0.568004	0.219524	0.046033	-0.511630	-0.057618	1.334804	-0.346041	-0.074389	1.321651	-0.711370	
220	1.0950	-0.008959	0.919414	-0.360626	0.022780	0.905804	-0.623644	-0.149185	0.918212	-0.459824	-0.142246	0.908404	-0.559683	-0.080999	0.755190	-0.317775	-0.030570	0.744683	-0.324556	-0.100744	0.713040	-0.315583	-0.052180	0.702304	-0.318032	-0.172786	0.467438	-0.350548	-0.161106	0.459604	-0.438699	-0.286335	0.377827	-0.322687	-0.242099	0.350876	-0.337496	-0.313601	0.333154	-0.322644	-0.269209	0.312429	-0.335708	-0.422906	0.143529	-0.349325	-0.404040	0.145087	-0.439809	-0.356804	0.036323	-0.329743	-0.345322	0.031784	-0.435375	-0.280830	0.038709	-0.389089	-0.497784	0.147964	-0.400044	0.002063	0.721925	-0.671725	0.055503	0.745097	-0.664109	0.026192	0.690070	-0.674250	0.069168	0.713693	-0.662569	0.141503	0.464000	-0.615877	0.145574	0.477728	-0.514161	0.145717	0.319687	-0.626348	0.191041	0.345702	-0.622389	0.169143	0.286530	-0.622678	0.207175	0.308245	-0.617971	0.264855	0.090852	-0.577361	0.284136	0.121811	-0.493730	0.409853	0.089516	-0.618944	0.422486	0.094958	-0.505662	0.452251	0.132567	-0.568094	0.222094	0.045718	-0.511555	-0.053724	1.334088	-0.347019	-0.070659	1.320568	-0.712355	
221	1.1000	-0.004926	0.918760	-0.361010	0.027476	0.905179	-0.624085	-0.144976	0.917511	-0.460557	-0.137844	0.907728	-0.560412	-0.077241	0.754660	-0.318110	-0.026826	0.744089	-0.324811	-0.097061	0.712546	-0.315850	-0.048508	0.701744	-0.318237	-0.169430	0.466957	-0.350469	-0.157526	0.458980	-0.438627	-0.283544	0.377952	-0.322676	-0.239415	0.350742	-0.337380	-0.311115	0.333479	-0.322525	-0.266768	0.312489	-0.335558	-0.421682	0.144445	-0.349002	-0.402761	0.145879	-0.439501	-0.356640	0.036363	-0.329677	-0.345213	0.031837	-0.435347	-0.280796	0.038690	-0.389110	-0.496480	0.149473	-0.399859	0.006778	0.721358	-0.672117	0.060115	0.744547	-0.664298	0.031112	0.689520	-0.674567	0.073741	0.713188	-0.662629	0.145943	0.463446	-0.616156	0.149873	0.477317	-0.514484	0.149515	0.319017	-0.626456	0.194964	0.344806	-0.622526	0.172767	0.285765	-0.622737	0.210909	0.307286	-0.618050	0.267301	0.089949	-0.577317	0.286807	0.120597	-0.493687	0.412049	0.087353	-0.619023	0.424775	0.092542	-0.505723	0.454873	0.130016	-0.568132	0.224202	0.045445	-0.511480	-0.050258	1.333458	-0.347898	-0.067348	1.319599	-0.713239	
222	1.1050	-0.001361	0.918186	-0.361351	0.031617	0.904642	-0.624480	-0.141262	0.916900	-0.461197	-0.133964	0.907145	-0.561049	-0.073913	0.754190	-0.318411	-0.023510	0.743566	-0.325044	-0.093796	0.712107	-0.316089	-0.045252	0.701248	-0.318424	-0.166446	0.466528	-0.350396	-0.154341	0.458423	-0.438560	-0.281057	0.378062	-0.322664	-0.237026	0.350621	-0.337277	-0.308898	0.333769	-0.322418	-0.264592	0.312543	-0.335422	-0.420584	0.145263	-0.348710	-0.401613	0.146584	-0.439223	-0.356491	0.036400	-0.329618	-0.345112	0.031886	-0.435322	-0.280762	0.038677	-0.389127	-0.495305	0.150819	-0.399692	0.010934	0.720878	-0.672460	0.064172	0.744085	-0.664461	0.035461	0.689057	-0.674845	0.077764	0.712767	-0.662676	0.149875	0.462984	-0.616408	0.153681	0.476983	-0.514774	0.152838	0.318440	-0.626548	0.198404	0.344015	-0.622642	0.175922	0.285096	-0.622781	0.214169	0.306434	-0.618111	0.269334	0.089131	-0.577266	0.289047	0.119487	-0.493634	0.413860	0.085335	-0.619064	0.426659	0.090289	-0.505746	0.457086	0.127632	-0.568129	0.225905	0.045214	-0.511408	-0.047215	1.332912	-0.348677	-0.064450	1.318745	-0.714021	
223	1.1100	0.001743	0.917689	-0.361649	0.035212	0.904188	-0.624826	-0.138034	0.916375	-0.461748	-0.130595	0.906650	-0.561597	-0.071009	0.753779	-0.318678	-0.020618	0.743111	-0.325252	-0.090945	0.711723	-0.316301	-0.042409	0.700817	-0.318593	-0.163834	0.466152	-0.350331	-0.151551	0.457933	-0.438501	-0.278877	0.378158	-0.322651	-0.234932	0.350513	-0.337185	-0.306953	0.334023	-0.322324	-0.262681	0.312591	-0.335303	-0.419614	0.145981	-0.348449	-0.400598	0.147204	-0.438977	-0.356358	0.036432	-0.329565	-0.345022	0.031929	-0.435300	-0.280729	0.038669	-0.389140	-0.494264	0.152002	-0.399545	0.014543	0.720479	-0.672757	0.067686	0.743701	-0.664599	0.039247	0.688672	-0.675085	0.081249	0.712422	-0.662713	0.153306	0.462605	-0.616632	0.157001	0.476717	-0.515032	0.155701	0.317952	-0.626627	0.201375	0.343329	-0.622738	0.178628	0.284520	-0.622814	0.216973	0.305690	-0.618156	0.270998	0.088402	-0.577209	0.290897	0.118489	-0.493575	0.415330	0.083492	-0.619075	0.428187	0.088233	-0.505740	0.458929	0.125449	-0.568095	0.227257	0.045019	-0.511340	-0.044582	1.332445	-0.349357	-0.061951	1.318004	-0.714703	
224	1.1150	0.004400	0.917268	-0.361904	0.038281	0.903811	-0.625126	-0.135275	0.915933	-0.462213	-0.127720	0.906236	-0.562062	-0.068519	0.753426	-0.318910	-0.018138	0.742723	-0.325436	-0.088497	0.711392	-0.316486	-0.039969	0.700448	-0.318741	-0.161586	0.465827	-0.350274	-0.149150	0.457508	-0.438448	-0.276997	0.378239	-0.322637	-0.233128	0.350419	-0.337105	-0.305274	0.334243	-0.322241	-0.261032	0.312634	-0.335199	-0.418772	0.146602	-0.348221	-0.399718	0.147738	-0.438763	-0.356242	0.036460	-0.329520	-0.344942	0.031966	-0.435281	-0.280698	0.038665	-0.389151	-0.493358	0.153024	-0.399418	0.017622	0.720152	-0.673009	0.070678	0.743389	-0.664715	0.042487	0.688357	-0.675290	0.084219	0.712144	-0.662740	0.156246	0.462300	-0.616827	0.159846	0.476509	-0.515257	0.158129	0.317546	-0.626692	0.203900	0.342743	-0.622816	0.180913	0.284033	-0.622838	0.219347	0.305052	-0.618189	0.272339	0.087766	-0.577152	0.292403	0.117611	-0.493513	0.416506	0.081845	-0.619064	0.429406	0.086395	-0.505714	0.460441	0.123493	-0.568040	0.228310	0.044860	-0.511278	-0.042343	1.332053	-0.349940	-0.059832	1.317370	-0.715286	
225	1.1200	0.006632	0.916916	-0.362120	0.040854	0.903504	-0.625381	-0.132960	0.915567	-0.462599	-0.125311	0.905897	-0.562448	-0.066423	0.753129	-0.319108	-0.016051	0.742398	-0.325594	-0.086435	0.711113	-0.316643	-0.037914	0.700138	-0.318870	-0.159688	0.465553	-0.350225	-0.147122	0.457148	-0.438404	-0.275408	0.378307	-0.322625	-0.231602	0.350339	-0.337037	-0.303854	0.334429	-0.322171	-0.259636	0.312671	-0.335111	-0.418056	0.147129	-0.348026	-0.398968	0.148190	-0.438581	-0.356142	0.036485	-0.329481	-0.344873	0.031998	-0.435265	-0.280670	0.038664	-0.389159	-0.492585	0.153889	-0.399310	0.020202	0.719890	-0.673219	0.073180	0.743138	-0.664811	0.045209	0.688105	-0.675461	0.086702	0.711923	-0.662761	0.158721	0.462058	-0.616995	0.162240	0.476349	-0.515449	0.160151	0.317213	-0.626745	0.206006	0.342252	-0.622878	0.182807	0.283628	-0.622853	0.221320	0.304514	-0.618211	0.273401	0.087221	-0.577097	0.293606	0.116853	-0.493452	0.417429	0.080406	-0.619038	0.430361	0.084789	-0.505674	0.461660	0.121782	-0.567972	0.229113	0.044732	-0.511223	-0.040472	1.331730	-0.350431	-0.058067	1.316839	-0.715776	
226	1.1250	0.008470	0.916629	-0.362298	0.042966	0.903259	-0.625592	-0.131058	0.915269	-0.462913	-0.123333	0.905624	-0.562762	-0.064694	0.752883	-0.319274	-0.014331	0.742131	-0.325728	-0.084733	0.710882	-0.316774	-0.036218	0.699883	-0.318979	-0.158119	0.465325	-0.350183	-0.145444	0.456849	-0.438366	-0.274091	0.378363	-0.322613	-0.230340	0.350272	-0.336980	-0.302677	0.334583	-0.322113	-0.258479	0.312703	-0.335038	-0.417459	0.147565	-0.347862	-0.398342	0.148565	-0.438429	-0.356058	0.036505	-0.329449	-0.344814	0.032025	-0.435252	-0.280645	0.038665	-0.389165	-0.491938	0.154607	-0.399221	0.022320	0.719683	-0.673392	0.075228	0.742942	-0.664889	0.047448	0.687906	-0.675601	0.088736	0.711751	-0.662775	0.160759	0.461871	-0.617135	0.164213	0.476230	-0.515609	0.161801	0.316946	-0.626787	0.207729	0.341849	-0.622926	0.184347	0.283298	-0.622862	0.222927	0.304070	-0.618225	0.274225	0.086766	-0.577046	0.294550	0.116215	-0.493396	0.418139	0.079179	-0.619004	0.431093	0.083420	-0.505627	0.462625	0.120320	-0.567899	0.229711	0.044631	-0.511175	-0.038941	1.331469	-0.350836	-0.056628	1.316403	-0.716180	
227	1.1300	0.009948	0.916399	-0.362441	0.044660	0.903067	-0.625764	-0.129530	0.915033	-0.463162	-0.121747	0.905410	-0.563012	-0.063302	0.752685	-0.319409	-0.012945	0.741917	-0.325838	-0.083362	0.710696	-0.316881	-0.034852	0.699678	-0.319069	-0.156851	0.465140	-0.350149	-0.144088	0.456607	-0.438336	-0.273027	0.378407	-0.322602	-0.229319	0.350216	-0.336934	-0.301724	0.334708	-0.322065	-0.257542	0.312729	-0.334979	-0.416973	0.147919	-0.347728	-0.397833	0.148868	-0.438305	-0.355990	0.036522	-0.329423	-0.344765	0.032048	-0.435242	-0.280623	0.038667	-0.389170	-0.491411	0.155188	-0.399148	0.024017	0.719524	-0.673529	0.076867	0.742791	-0.664950	0.049248	0.687754	-0.675714	0.090363	0.711621	-0.662786	0.162400	0.461730	-0.617250	0.165799	0.476144	-0.515740	0.163117	0.316736	-0.626820	0.209105	0.341527	-0.622963	0.185571	0.283035	-0.622867	0.224208	0.303713	-0.618234	0.274851	0.086395	-0.577000	0.295273	0.115691	-0.493345	0.418672	0.078160	-0.618965	0.431642	0.082284	-0.505578	0.463372	0.119105	-0.567828	0.230145	0.044554	-0.511135	-0.037717	1.331263	-0.351163	-0.055480	1.316052	-0.716504	
