name=P4 130r2 01_force.mot
nRows=421
nColumns=19
range=0.000000 0.420000
endheader
time	1_force_vx	1_force_vy	1_force_vz	1_force_px	1_force_py	1_force_pz	1_torque_x	1_torque_y	1_torque_z	2_force_vx	2_force_vy	2_force_vz	2_force_px	2_force_py	2_force_pz	2_torque_x	2_torque_y	2_torque_z
            0.000000	            0.000000	            0.000000	            0.000000	           -0.450000	            0.000000	           -0.300000	            0.000000	            0.000000	            0.000000	          -25.860064	           21.658439	           15.131935	           -1.444293	            0.000000	           -0.444089	            1.395070	           -1.993293	           -0.672866
            0.001000	            0.000000	            0.000000	            0.000000	           -0.450000	            0.000000	           -0.300000	            0.000000	            0.000000	            0.000000	          -27.469342	           31.044630	           16.534110	           -1.444293	            0.000000	           -0.444089	            1.401186	           -2.124440	           -0.646434
            0.002000	            0.000000	            0.000000	            0.000000	           -0.450000	            0.000000	           -0.300000	            0.000000	            0.000000	            0.000000	          -28.835927	           42.691528	           17.677297	           -1.427092	            0.000000	           -0.452210	            1.382043	           -2.221401	           -0.614405
            0.003000	            0.000000	            0.000000	            0.000000	           -0.450000	            0.000000	           -0.300000	            0.000000	            0.000000	            0.000000	          -29.962837	           56.834911	           18.499633	           -1.412537	            0.000000	           -0.457914	            1.339497	           -2.282561	           -0.577442
            0.004000	            0.000000	            0.000000	            0.000000	           -0.450000	            0.000000	           -0.300000	            0.000000	            0.000000	            0.000000	          -30.858081	           73.673560	           18.940236	           -1.400440	            0.000000	           -0.461299	            1.276002	           -2.307027	           -0.536333
            0.005000	            0.000000	            0.000000	            0.000000	           -0.450000	            0.000000	           -0.300000	            0.000000	            0.000000	            0.000000	          -31.534094	           93.359501	           18.941550	           -1.390421	            0.000000	           -0.462785	            1.194490	           -2.294694	           -0.491956
            0.006000	            0.000000	            0.000000	            0.000000	           -0.450000	            0.000000	           -0.300000	            0.000000	            0.000000	            0.000000	          -32.007045	          115.988950	           18.451852	           -1.382077	            0.000000	           -0.462902	            1.098232	           -2.246273	           -0.445246
            0.007000	            0.000000	            0.000000	            0.000000	           -0.450000	            0.000000	           -0.300000	            0.000000	            0.000000	            0.000000	          -32.296068	          141.594329	           17.427806	           -1.375047	            0.000000	           -0.462118	            0.990686	           -2.163296	           -0.397152
            0.008000	            0.000000	            0.000000	            0.000000	           -0.450000	            0.000000	           -0.300000	            0.000000	            0.000000	            0.000000	          -32.422452	          170.137762	           15.836968	           -1.369024	            0.000000	           -0.460761	            0.875367	           -2.048097	           -0.348603
            0.009000	            0.000000	            0.000000	            0.000000	           -0.450000	            0.000000	           -0.300000	            0.000000	            0.000000	            0.000000	          -32.408852	          201.506414	           13.660111	           -1.363763	            0.000000	           -0.459049	            0.755704	           -1.903767	           -0.300477
            0.010000	            0.000000	            0.000000	            0.000000	           -0.450000	            0.000000	           -0.300000	            0.000000	            0.000000	            0.000000	          -32.278555	          235.510021	           10.893266	           -1.359093	            0.000000	           -0.457155	            0.634934	           -1.734092	           -0.253570
            0.011000	            0.000000	            0.000000	            0.000000	           -0.450000	            0.000000	           -0.300000	            0.000000	            0.000000	            0.000000	          -32.054865	          271.880885	            7.549340	           -1.354891	            0.000000	           -0.455216	            0.516003	           -1.543465	           -0.208574
            0.012000	            0.000000	            0.000000	            0.000000	           -0.450000	            0.000000	           -0.300000	            0.000000	            0.000000	            0.000000	          -31.760650	          310.276554	            3.659234	           -1.351063	            0.000000	           -0.453325	            0.401495	           -1.336791	           -0.166064
            0.013000	            0.000000	            0.000000	            0.000000	           -0.450000	            0.000000	           -0.300000	            0.000000	            0.000000	            0.000000	          -31.418090	          350.285307	           -0.727641	           -1.347532	            0.000000	           -0.451536	            0.293589	           -1.119377	           -0.126485
            0.014000	            0.000000	            0.000000	            0.000000	           -0.450000	            0.000000	           -0.300000	            0.000000	            0.000000	            0.000000	          -31.048664	          391.434452	           -5.543497	           -1.344239	            0.000000	           -0.449876	            0.194029	           -0.896813	           -0.090152
            0.015000	            0.000000	            0.000000	            0.000000	           -0.450000	            0.000000	           -0.300000	            0.000000	            0.000000	            0.000000	          -30.673394	          433.201331	          -10.702993	           -1.341144	            0.000000	           -0.448356	            0.104131	           -0.674854	           -0.057261
            0.016000	            0.000000	            0.000000	            0.000000	           -0.450000	            0.000000	           -0.300000	            0.000000	            0.000000	            0.000000	          -30.313349	          475.026797	          -16.104741	           -1.338226	            0.000000	           -0.446983	            0.024803	           -0.459297	           -0.027893
            0.017000	            0.000000	            0.000000	            0.000000	           -0.450000	            0.000000	           -0.300000	            0.000000	            0.000000	            0.000000	          -29.990388	          516.330787	          -21.633458	           -1.335477	            0.000000	           -0.445765	           -0.043421	           -0.255863	           -0.002039
            0.018000	            0.000000	            0.000000	            0.000000	           -0.450000	            0.000000	           -0.300000	            0.000000	            0.000000	            0.000000	          -29.728097	          556.529507	          -27.162707	           -1.332898	            0.000000	           -0.444702	           -0.100330	           -0.070080	            0.020381
            0.019000	            0.000000	            0.000000	            0.000000	           -0.450000	            0.000000	           -0.300000	            0.000000	            0.000000	            0.000000	          -29.552864	          595.053614	          -32.558133	           -1.330489	            0.000000	           -0.443792	           -0.145974	            0.092824	            0.039495
            0.020000	            0.000000	            0.000000	            0.000000	           -0.450000	            0.000000	           -0.300000	            0.000000	            0.000000	            0.000000	          -29.494986	          631.366715	          -37.681070	           -1.328249	            0.000000	           -0.443029	           -0.180602	            0.228020	            0.055450
            0.021000	            0.000000	            0.000000	            0.000000	           -0.450000	            0.000000	           -0.300000	            0.000000	            0.000000	            0.000000	          -29.589726	          664.983404	          -42.392420	           -1.326171	            0.000000	           -0.442407	           -0.204601	            0.331172	            0.068391
            0.022000	            0.000000	            0.000000	            0.000000	           -0.450000	            0.000000	           -0.300000	            0.000000	            0.000000	            0.000000	          -29.878185	          695.486094	          -46.556631	           -1.324243	            0.000000	           -0.441919	           -0.218431	            0.398516	            0.078438
            0.023000	            0.000000	            0.000000	            0.000000	           -0.450000	            0.000000	           -0.300000	            0.000000	            0.000000	            0.000000	          -30.407891	          722.539851	          -50.045677	           -1.322453	            0.000000	           -0.441554	           -0.222575	            0.426934	            0.085669
            0.024000	            0.000000	            0.000000	            0.000000	           -0.450000	            0.000000	           -0.300000	            0.000000	            0.000000	            0.000000	          -31.232985	          745.904560	          -52.742890	           -1.320784	            0.000000	           -0.441304	           -0.217497	            0.414006	            0.090109
            0.025000	            0.000000	            0.000000	            0.000000	           -0.450000	            0.000000	           -0.300000	            0.000000	            0.000000	            0.000000	          -32.413919	          765.443812	          -54.546537	           -1.319218	            0.000000	           -0.441154	           -0.203603	            0.358068	            0.091722
            0.026000	            0.000000	            0.000000	            0.000000	           -0.450000	            0.000000	           -0.300000	            0.000000	            0.000000	            0.000000	          -34.016598	          781.130067	          -55.373037	           -1.317738	            0.000000	           -0.441094	           -0.181226	            0.258240	            0.090416
            0.027000	            0.000000	            0.000000	            0.000000	           -0.450000	            0.000000	           -0.300000	            0.000000	            0.000000	            0.000000	          -36.110938	          793.045804	          -55.159744	           -1.316323	            0.000000	           -0.441113	           -0.150620	            0.114454	            0.086045
            0.028000	            0.000000	            0.000000	            0.000000	           -0.450000	            0.000000	           -0.300000	            0.000000	            0.000000	            0.000000	          -38.768829	          801.380567	          -53.867214	           -1.314952	            0.000000	           -0.441206	           -0.111961	           -0.072536	            0.078432
            0.029000	            0.000000	            0.000000	            0.000000	           -0.450000	            0.000000	           -0.300000	            0.000000	            0.000000	            0.000000	          -42.061566	          806.423993	          -51.480918	           -1.313600	            0.000000	           -0.441367	           -0.065365	           -0.301155	            0.067381
            0.030000	            0.000000	            0.000000	            0.000000	           -0.450000	            0.000000	           -0.300000	            0.000000	            0.000000	            0.000000	          -46.056812	          808.555139	          -48.012349	           -1.312236	            0.000000	           -0.441592	           -0.010919	           -0.569027	            0.052704
            0.031000	            0.000000	            0.000000	            0.000000	           -0.450000	            0.000000	           -0.300000	            0.000000	            0.000000	            0.000000	          -50.815225	          808.228551	          -43.499495	           -1.310826	            0.000000	           -0.441882	            0.051291	           -0.873003	            0.034253
            0.032000	            0.000000	            0.000000	            0.000000	           -0.450000	            0.000000	           -0.300000	            0.000000	            0.000000	            0.000000	          -56.386898	          805.957715	          -38.006666	           -1.309333	            0.000000	           -0.442236	            0.121137	           -1.209216	            0.011941
            0.033000	            0.000000	            0.000000	            0.000000	           -0.450000	            0.000000	           -0.300000	            0.000000	            0.000000	            0.000000	          -62.807780	          802.296602	          -31.623635	           -1.307717	            0.000000	           -0.442655	            0.198411	           -1.573145	           -0.014224
            0.034000	            0.000000	            0.000000	            0.000000	           -0.450000	            0.000000	           -0.300000	            0.000000	            0.000000	            0.000000	          -70.096280	          797.820138	          -24.464101	           -1.305936	            0.000000	           -0.443137	            0.282783	           -1.959706	           -0.044117
            0.035000	            0.000000	            0.000000	            0.000000	           -0.450000	            0.000000	           -0.300000	            0.000000	            0.000000	            0.000000	          -78.250243	          793.104413	          -16.663458	           -1.303946	            0.000000	           -0.443679	            0.373769	           -2.363360	           -0.077476
            0.036000	            0.000000	            0.000000	            0.000000	           -0.450000	            0.000000	           -0.300000	            0.000000	            0.000000	            0.000000	          -87.244496	          788.707475	           -8.375887	           -1.301710	            0.000000	           -0.444274	            0.470708	           -2.778240	           -0.113889
            0.037000	            0.000000	            0.000000	            0.000000	           -0.450000	            0.000000	           -0.300000	            0.000000	            0.000000	            0.000000	          -97.029126	          785.151461	            0.229228	           -1.299198	            0.000000	           -0.444914	            0.572737	           -3.198303	           -0.152786
            0.038000	            0.000000	            0.000000	            0.000000	           -0.450000	            0.000000	           -0.300000	            0.000000	            0.000000	            0.000000	         -107.528653	          782.906763	            8.971488	           -1.296393	            0.000000	           -0.445584	            0.678796	           -3.617495	           -0.193450
            0.039000	            0.000000	            0.000000	            0.000000	           -0.450000	            0.000000	           -0.300000	            0.000000	            0.000000	            0.000000	         -118.642188	          782.378792	           17.664226	           -1.293289	            0.000000	           -0.446261	            0.787632	           -4.029927	           -0.235023
            0.040000	            0.000000	            0.000000	            0.000000	           -0.450000	            0.000000	           -0.300000	            0.000000	            0.000000	            0.000000	         -130.244666	          783.897748	           26.119703	           -1.289893	            0.000000	           -0.446919	            0.897827	           -4.430064	           -0.276537
            0.041000	            0.000000	            0.000000	            0.000000	           -0.450000	            0.000000	           -0.300000	            0.000000	            0.000000	            0.000000	         -142.189142	          787.711690	           34.154610	           -1.286236	            0.000000	           -0.447529	            1.007832	           -4.812907	           -0.316947
            0.042000	            0.000000	            0.000000	            0.000000	           -0.450000	            0.000000	           -0.300000	            0.000000	            0.000000	            0.000000	         -154.310136	          793.983002	           41.595712	           -1.282375	            0.000000	           -0.448062	            1.116014	           -5.174176	           -0.355170
            0.043000	            0.000000	            0.000000	            0.000000	           -0.450000	            0.000000	           -0.300000	            0.000000	            0.000000	            0.000000	         -166.427921	          802.788228	           48.285436	           -1.278393	            0.000000	           -0.448491	            1.220718	           -5.510460	           -0.390134
            0.044000	            0.000000	            0.000000	            0.000000	           -0.450000	            0.000000	           -0.300000	            0.000000	            0.000000	            0.000000	         -178.353615	          814.121062	           54.087155	           -1.274397	            0.000000	           -0.448798	            1.320326	           -5.819356	           -0.420828
            0.045000	            0.000000	            0.000000	            0.000000	           -0.450000	            0.000000	           -0.300000	            0.000000	            0.000000	            0.000000	         -189.894888	          827.898202	           58.889945	           -1.270507	            0.000000	           -0.448972	            1.413323	           -6.099553	           -0.446354
            0.046000	            0.000000	            0.000000	            0.000000	           -0.450000	            0.000000	           -0.300000	            0.000000	            0.000000	            0.000000	         -200.862055	          843.967629	           62.612558	           -1.266831	            0.000000	           -0.449013	            1.498359	           -6.350881	           -0.465971
            0.047000	            0.000000	            0.000000	            0.000000	           -0.450000	            0.000000	           -0.300000	            0.000000	            0.000000	            0.000000	         -211.074299	          862.118802	           65.206392	           -1.263453	            0.000000	           -0.448929	            1.574305	           -6.574305	           -0.479137
            0.048000	            0.000000	            0.000000	            0.000000	           -0.450000	            0.000000	           -0.300000	            0.000000	            0.000000	            0.000000	         -220.365743	          882.094227	           66.657269	           -1.260410	            0.000000	           -0.448732	            1.640295	           -6.771857	           -0.485541
            0.049000	            0.000000	            0.000000	            0.000000	           -0.450000	            0.000000	           -0.300000	            0.000000	            0.000000	            0.000000	         -228.591107	          903.601807	           66.985877	           -1.257700	            0.000000	           -0.448435	            1.695760	           -6.946524	           -0.485116
            0.050000	            0.000000	            0.000000	            0.000000	           -0.450000	            0.000000	           -0.300000	            0.000000	            0.000000	            0.000000	         -235.630660	          926.327428	           66.246816	           -1.255294	            0.000000	           -0.448055	            1.740443	           -7.102074	           -0.478051
            0.051000	            0.000000	            0.000000	            0.000000	           -0.450000	            0.000000	           -0.300000	            0.000000	            0.000000	            0.000000	         -241.394254	          949.947227	           64.526248	           -1.253148	            0.000000	           -0.447609	            1.774396	           -7.242845	           -0.464780
            0.052000	            0.000000	            0.000000	            0.000000	           -0.450000	            0.000000	           -0.300000	            0.000000	            0.000000	            0.000000	         -245.824218	          974.139091	           61.938252	           -1.251214	            0.000000	           -0.447122	            1.797964	           -7.373497	           -0.445963
            0.053000	            0.000000	            0.000000	            0.000000	           -0.450000	            0.000000	           -0.300000	            0.000000	            0.000000	            0.000000	         -248.896974	          998.592979	           58.620042	           -1.249442	            0.000000	           -0.446616	            1.811753	           -7.498751	           -0.422448
            0.054000	            0.000000	            0.000000	            0.000000	           -0.450000	            0.000000	           -0.300000	            0.000000	            0.000000	            0.000000	         -250.623296	         1023.019750	           54.726298	           -1.247785	            0.000000	           -0.446118	            1.816588	           -7.623120	           -0.395238
            0.055000	            0.000000	            0.000000	            0.000000	           -0.450000	            0.000000	           -0.300000	            0.000000	            0.000000	            0.000000	         -251.047189	         1047.158292	           50.422896	           -1.246207	            0.000000	           -0.445652	            1.813460	           -7.750656	           -0.365437
            0.056000	            0.000000	            0.000000	            0.000000	           -0.450000	            0.000000	           -0.300000	            0.000000	            0.000000	            0.000000	         -250.243462	         1070.780817	           45.880376	           -1.244681	            0.000000	           -0.445237	            1.803467	           -7.884724	           -0.334199
            0.057000	            0.000000	            0.000000	            0.000000	           -0.450000	            0.000000	           -0.300000	            0.000000	            0.000000	            0.000000	         -248.314106	         1093.696285	           41.267478	           -1.243194	            0.000000	           -0.444892	            1.787759	           -8.027822	           -0.302680
            0.058000	            0.000000	            0.000000	            0.000000	           -0.450000	            0.000000	           -0.300000	            0.000000	            0.000000	            0.000000	         -245.383675	         1115.752026	           36.745071	           -1.241733	            0.000000	           -0.444632	            1.767480	           -8.181452	           -0.271987
            0.059000	            0.000000	            0.000000	            0.000000	           -0.450000	            0.000000	           -0.300000	            0.000000	            0.000000	            0.000000	         -241.593911	         1136.833658	           32.460776	           -1.240292	            0.000000	           -0.444466	            1.743721	           -8.346048	           -0.243138
            0.060000	            0.000000	            0.000000	            0.000000	           -0.450000	            0.000000	           -0.300000	            0.000000	            0.000000	            0.000000	         -237.097862	         1156.863521	           28.544507	           -1.238864	            0.000000	           -0.444394	            1.717474	           -8.520977	           -0.217020
            0.061000	            0.000000	            0.000000	            0.000000	           -0.450000	            0.000000	           -0.300000	            0.000000	            0.000000	            0.000000	         -232.053805	         1175.797840	           25.105100	           -1.237447	            0.000000	           -0.444408	            1.689605	           -8.704591	           -0.194368
            0.062000	            0.000000	            0.000000	            0.000000	           -0.450000	            0.000000	           -0.300000	            0.000000	            0.000000	            0.000000	         -226.619232	         1193.622897	           22.228116	           -1.236041	            0.000000	           -0.444493	            1.660830	           -8.894343	           -0.175744
            0.063000	            0.000000	            0.000000	            0.000000	           -0.450000	            0.000000	           -0.300000	            0.000000	            0.000000	            0.000000	         -220.945191	         1210.350496	           19.974822	           -1.234648	            0.000000	           -0.444633	            1.631703	           -9.086940	           -0.161529
            0.064000	            0.000000	            0.000000	            0.000000	           -0.450000	            0.000000	           -0.300000	            0.000000	            0.000000	            0.000000	         -215.171189	         1226.013008	           18.382301	           -1.233272	            0.000000	           -0.444806	            1.602615	           -9.278543	           -0.151927
            0.065000	            0.000000	            0.000000	            0.000000	           -0.450000	            0.000000	           -0.300000	            0.000000	            0.000000	            0.000000	         -209.420879	         1240.658273	           17.464547	           -1.231913	            0.000000	           -0.444996	            1.573799	           -9.464975	           -0.146966
            0.066000	            0.000000	            0.000000	            0.000000	           -0.450000	            0.000000	           -0.300000	            0.000000	            0.000000	            0.000000	         -203.798655	         1254.344610	           17.214394	           -1.230571	            0.000000	           -0.445186	            1.545346	           -9.641940	           -0.146524
            0.067000	            0.000000	            0.000000	            0.000000	           -0.450000	            0.000000	           -0.300000	            0.000000	            0.000000	            0.000000	         -198.387261	         1267.136144	           17.606072	           -1.229245	            0.000000	           -0.445362	            1.517219	           -9.805243	           -0.150340
            0.068000	            0.000000	            0.000000	            0.000000	           -0.450000	            0.000000	           -0.300000	            0.000000	            0.000000	            0.000000	         -193.246452	         1279.098641	           18.598184	           -1.227933	            0.000000	           -0.445521	            1.489279	           -9.950980	           -0.158045
            0.069000	            0.000000	            0.000000	            0.000000	           -0.450000	            0.000000	           -0.300000	            0.000000	            0.000000	            0.000000	         -188.412705	         1290.295964	           20.136923	           -1.226634	            0.000000	           -0.445662	            1.461303	          -10.075712	           -0.169184
            0.070000	            0.000000	            0.000000	            0.000000	           -0.450000	            0.000000	           -0.300000	            0.000000	            0.000000	            0.000000	         -183.899931	         1300.787238	           22.159315	           -1.225348	            0.000000	           -0.445791	            1.433015	          -10.176601	           -0.183242
            0.071000	            0.000000	            0.000000	            0.000000	           -0.450000	            0.000000	           -0.300000	            0.000000	            0.000000	            0.000000	         -179.701081	         1310.624765	           24.596382	           -1.224075	            0.000000	           -0.445915	            1.404103	          -10.251507	           -0.199674
            0.072000	            0.000000	            0.000000	            0.000000	           -0.450000	            0.000000	           -0.300000	            0.000000	            0.000000	            0.000000	         -175.790551	         1319.852662	           27.376065	           -1.222814	            0.000000	           -0.446041	            1.374248	          -10.299058	           -0.217919
            0.073000	            0.000000	            0.000000	            0.000000	           -0.450000	            0.000000	           -0.300000	            0.000000	            0.000000	            0.000000	         -172.127211	         1328.506201	           30.425853	           -1.221562	            0.000000	           -0.446178	            1.343143	          -10.318673	           -0.237432
            0.074000	            0.000000	            0.000000	            0.000000	           -0.450000	            0.000000	           -0.300000	            0.000000	            0.000000	            0.000000	         -168.657901	         1336.611757	           33.675039	           -1.220316	            0.000000	           -0.446330	            1.310511	          -10.310553	           -0.257694
            0.075000	            0.000000	            0.000000	            0.000000	           -0.450000	            0.000000	           -0.300000	            0.000000	            0.000000	            0.000000	         -165.321205	         1344.187266	           37.056597	           -1.219074	            0.000000	           -0.446499	            1.276122	          -10.275644	           -0.278226
            0.076000	            0.000000	            0.000000	            0.000000	           -0.450000	            0.000000	           -0.300000	            0.000000	            0.000000	            0.000000	         -162.051323	         1351.243091	           40.508653	           -1.217836	            0.000000	           -0.446685	            1.239809	          -10.215569	           -0.298606
            0.077000	            0.000000	            0.000000	            0.000000	           -0.450000	            0.000000	           -0.300000	            0.000000	            0.000000	            0.000000	         -158.781861	         1357.783176	           43.975573	           -1.216602	            0.000000	           -0.446886	            1.201471	          -10.132543	           -0.318470
            0.078000	            0.000000	            0.000000	            0.000000	           -0.450000	            0.000000	           -0.300000	            0.000000	            0.000000	            0.000000	         -155.449365	         1363.806360	           47.408684	           -1.215374	            0.000000	           -0.447100	            1.161088	          -10.029262	           -0.337519
            0.079000	            0.000000	            0.000000	            0.000000	           -0.450000	            0.000000	           -0.300000	            0.000000	            0.000000	            0.000000	         -151.996461	         1369.307765	           50.766667	           -1.214153	            0.000000	           -0.447326	            1.118716	           -9.908783	           -0.355519
            0.080000	            0.000000	            0.000000	            0.000000	           -0.450000	            0.000000	           -0.300000	            0.000000	            0.000000	            0.000000	         -148.374475	         1374.280144	           54.015643	           -1.212938	            0.000000	           -0.447564	            1.074489	           -9.774401	           -0.372301
            0.081000	            0.000000	            0.000000	            0.000000	           -0.450000	            0.000000	           -0.300000	            0.000000	            0.000000	            0.000000	         -144.545459	         1378.715131	           57.129017	           -1.211729	            0.000000	           -0.447816	            1.028613	           -9.629507	           -0.387753
            0.082000	            0.000000	            0.000000	            0.000000	           -0.450000	            0.000000	           -0.300000	            0.000000	            0.000000	            0.000000	         -140.483548	         1382.604343	           60.087105	           -1.210524	            0.000000	           -0.448077	            0.981357	           -9.477468	           -0.401818
            0.083000	            0.000000	            0.000000	            0.000000	           -0.450000	            0.000000	           -0.300000	            0.000000	            0.000000	            0.000000	         -136.175664	         1385.940287	           62.876600	           -1.209321	            0.000000	           -0.448344	            0.933045	           -9.321494	           -0.414485
            0.084000	            0.000000	            0.000000	            0.000000	           -0.450000	            0.000000	           -0.300000	            0.000000	            0.000000	            0.000000	         -131.621556	         1388.717078	           65.489925	           -1.208118	            0.000000	           -0.448611	            0.884040	           -9.164526	           -0.425777
            0.085000	            0.000000	            0.000000	            0.000000	           -0.450000	            0.000000	           -0.300000	            0.000000	            0.000000	            0.000000	         -126.833241	         1390.930981	           67.924502	           -1.206914	            0.000000	           -0.448872	            0.834732	           -9.009138	           -0.435748
            0.086000	            0.000000	            0.000000	            0.000000	           -0.450000	            0.000000	           -0.300000	            0.000000	            0.000000	            0.000000	         -121.833914	         1392.580778	           70.181994	           -1.205704	            0.000000	           -0.449125	            0.785522	           -8.857457	           -0.444470
            0.087000	            0.000000	            0.000000	            0.000000	           -0.450000	            0.000000	           -0.300000	            0.000000	            0.000000	            0.000000	         -116.656417	         1393.668012	           72.267545	           -1.204486	            0.000000	           -0.449368	            0.736807	           -8.711097	           -0.452024
            0.088000	            0.000000	            0.000000	            0.000000	           -0.450000	            0.000000	           -0.300000	            0.000000	            0.000000	            0.000000	         -111.341374	         1394.197136	           74.189046	           -1.203255	            0.000000	           -0.449600	            0.688970	           -8.571133	           -0.458493
            0.089000	            0.000000	            0.000000	            0.000000	           -0.450000	            0.000000	           -0.300000	            0.000000	            0.000000	            0.000000	         -105.935090	         1394.175585	           75.956457	           -1.202010	            0.000000	           -0.449822	            0.642365	           -8.438079	           -0.463958
            0.090000	            0.000000	            0.000000	            0.000000	           -0.450000	            0.000000	           -0.300000	            0.000000	            0.000000	            0.000000	         -100.487324	         1393.613811	           77.581187	           -1.200749	            0.000000	           -0.450033	            0.597306	           -8.311909	           -0.468489
            0.091000	            0.000000	            0.000000	            0.000000	           -0.450000	            0.000000	           -0.300000	            0.000000	            0.000000	            0.000000	          -95.049026	         1392.525294	           79.075547	           -1.199468	            0.000000	           -0.450234	            0.554064	           -8.192086	           -0.472142
            0.092000	            0.000000	            0.000000	            0.000000	           -0.450000	            0.000000	           -0.300000	            0.000000	            0.000000	            0.000000	          -89.670128	         1390.926521	           80.452285	           -1.198168	            0.000000	           -0.450426	            0.512856	           -8.077628	           -0.474959
            0.093000	            0.000000	            0.000000	            0.000000	           -0.450000	            0.000000	           -0.300000	            0.000000	            0.000000	            0.000000	          -84.397468	         1388.836955	           81.724175	           -1.196845	            0.000000	           -0.450610	            0.473846	           -7.967176	           -0.476968
            0.094000	            0.000000	            0.000000	            0.000000	           -0.450000	            0.000000	           -0.300000	            0.000000	            0.000000	            0.000000	          -79.272889	         1386.278949	           82.903685	           -1.195498	            0.000000	           -0.450788	            0.437142	           -7.859090	           -0.478179
            0.095000	            0.000000	            0.000000	            0.000000	           -0.450000	            0.000000	           -0.300000	            0.000000	            0.000000	            0.000000	          -74.331583	         1383.277624	           84.002685	           -1.194125	            0.000000	           -0.450964	            0.402795	           -7.751546	           -0.478592
            0.096000	            0.000000	            0.000000	            0.000000	           -0.450000	            0.000000	           -0.300000	            0.000000	            0.000000	            0.000000	          -69.600706	         1379.860665	           85.032205	           -1.192724	            0.000000	           -0.451138	            0.370806	           -7.642646	           -0.478198
            0.097000	            0.000000	            0.000000	            0.000000	           -0.450000	            0.000000	           -0.300000	            0.000000	            0.000000	            0.000000	          -65.098305	         1376.058043	           86.002216	           -1.191295	            0.000000	           -0.451314	            0.341126	           -7.530522	           -0.476982
            0.098000	            0.000000	            0.000000	            0.000000	           -0.450000	            0.000000	           -0.300000	            0.000000	            0.000000	            0.000000	          -60.832566	         1371.901637	           86.921447	           -1.189836	            0.000000	           -0.451490	            0.313661	           -7.413438	           -0.474927
            0.099000	            0.000000	            0.000000	            0.000000	           -0.450000	            0.000000	           -0.300000	            0.000000	            0.000000	            0.000000	          -56.801425	         1367.424765	           87.797206	           -1.188347	            0.000000	           -0.451666	            0.288278	           -7.289880	           -0.472021
            0.100000	            0.000000	            0.000000	            0.000000	           -0.450000	            0.000000	           -0.300000	            0.000000	            0.000000	            0.000000	          -52.992530	         1362.661629	           88.635224	           -1.186829	            0.000000	           -0.451839	            0.264811	           -7.158640	           -0.468255
            0.101000	            0.000000	            0.000000	            0.000000	           -0.450000	            0.000000	           -0.300000	            0.000000	            0.000000	            0.000000	          -49.383576	         1357.646693	           89.439514	           -1.185284	            0.000000	           -0.452008	            0.243063	           -7.018875	           -0.463635
            0.102000	            0.000000	            0.000000	            0.000000	           -0.450000	            0.000000	           -0.300000	            0.000000	            0.000000	            0.000000	          -45.943013	         1352.414010	           90.212246	           -1.183719	            0.000000	           -0.452171	            0.222820	           -6.870149	           -0.458176
            0.103000	            0.000000	            0.000000	            0.000000	           -0.450000	            0.000000	           -0.300000	            0.000000	            0.000000	            0.000000	          -42.631092	         1346.996545	           90.953650	           -1.182139	            0.000000	           -0.452328	            0.203848	           -6.712465	           -0.451910
            0.104000	            0.000000	            0.000000	            0.000000	           -0.450000	            0.000000	           -0.300000	            0.000000	            0.000000	            0.000000	          -39.401243	         1341.425513	           91.661949	           -1.180555	            0.000000	           -0.452479	            0.185906	           -6.546259	           -0.444880
            0.105000	            0.000000	            0.000000	            0.000000	           -0.450000	            0.000000	           -0.300000	            0.000000	            0.000000	            0.000000	          -36.201740	         1335.729762	           92.333344	           -1.178976	            0.000000	           -0.452622	            0.168748	           -6.372391	           -0.437150
            0.106000	            0.000000	            0.000000	            0.000000	           -0.450000	            0.000000	           -0.300000	            0.000000	            0.000000	            0.000000	          -32.977580	         1329.935241	           92.962042	           -1.177414	            0.000000	           -0.452758	            0.152130	           -6.192109	           -0.428794
            0.107000	            0.000000	            0.000000	            0.000000	           -0.450000	            0.000000	           -0.300000	            0.000000	            0.000000	            0.000000	          -29.672522	         1324.064566	           93.540352	           -1.175879	            0.000000	           -0.452887	            0.135815	           -6.007003	           -0.419899
            0.108000	            0.000000	            0.000000	            0.000000	           -0.450000	            0.000000	           -0.300000	            0.000000	            0.000000	            0.000000	          -26.231200	         1318.136693	           94.058841	           -1.174382	            0.000000	           -0.453008	            0.119580	           -5.818939	           -0.410562
            0.109000	            0.000000	            0.000000	            0.000000	           -0.450000	            0.000000	           -0.300000	            0.000000	            0.000000	            0.000000	          -22.601211	         1312.166713	           94.506569	           -1.172929	            0.000000	           -0.453122	            0.103219	           -5.629990	           -0.400888
            0.110000	            0.000000	            0.000000	            0.000000	           -0.450000	            0.000000	           -0.300000	            0.000000	            0.000000	            0.000000	          -18.735093	         1306.165753	           94.871383	           -1.171525	            0.000000	           -0.453232	            0.086545	           -5.442358	           -0.390985
            0.111000	            0.000000	            0.000000	            0.000000	           -0.450000	            0.000000	           -0.300000	            0.000000	            0.000000	            0.000000	          -14.592097	         1300.140983	           95.140289	           -1.170174	            0.000000	           -0.453337	            0.069400	           -5.258293	           -0.380959
            0.112000	            0.000000	            0.000000	            0.000000	           -0.450000	            0.000000	           -0.300000	            0.000000	            0.000000	            0.000000	          -10.139681	         1294.095700	           95.299869	           -1.168875	            0.000000	           -0.453439	            0.051649	           -5.080010	           -0.370915
            0.113000	            0.000000	            0.000000	            0.000000	           -0.450000	            0.000000	           -0.300000	            0.000000	            0.000000	            0.000000	           -5.354644	         1288.029476	           95.336755	           -1.167630	            0.000000	           -0.453538	            0.033189	           -4.909615	           -0.360953
            0.114000	            0.000000	            0.000000	            0.000000	           -0.450000	            0.000000	           -0.300000	            0.000000	            0.000000	            0.000000	           -0.223863	         1281.938356	           95.238123	           -1.166439	            0.000000	           -0.453631	            0.013945	           -4.749026	           -0.351159
            0.115000	            0.000000	            0.000000	            0.000000	           -0.450000	            0.000000	           -0.300000	            0.000000	            0.000000	            0.000000	            5.255396	         1275.815071	           94.992209	           -1.165305	            0.000000	           -0.453716	           -0.006128	           -4.599917	           -0.341612
            0.116000	            0.000000	            0.000000	            0.000000	           -0.450000	            0.000000	           -0.300000	            0.000000	            0.000000	            0.000000	           11.075607	         1269.649272	           94.588802	           -1.164228	            0.000000	           -0.453789	           -0.027047	           -4.463658	           -0.332374
            0.117000	            0.000000	            0.000000	            0.000000	           -0.450000	            0.000000	           -0.300000	            0.000000	            0.000000	            0.000000	           17.219521	         1263.427762	           94.019713	           -1.163214	            0.000000	           -0.453846	           -0.048802	           -4.341278	           -0.323493
            0.118000	            0.000000	            0.000000	            0.000000	           -0.450000	            0.000000	           -0.300000	            0.000000	            0.000000	            0.000000	           23.661087	         1257.134726	           93.279190	           -1.162266	            0.000000	           -0.453881	           -0.071358	           -4.233434	           -0.315002
            0.119000	            0.000000	            0.000000	            0.000000	           -0.450000	            0.000000	           -0.300000	            0.000000	            0.000000	            0.000000	           30.366685	         1250.751963	           92.364247	           -1.161388	            0.000000	           -0.453891	           -0.094658	           -4.140396	           -0.306918
            0.120000	            0.000000	            0.000000	            0.000000	           -0.450000	            0.000000	           -0.300000	            0.000000	            0.000000	            0.000000	           37.296617	         1244.259114	           91.274913	           -1.160578	            0.000000	           -0.453875	           -0.118626	           -4.062048	           -0.299241
            0.121000	            0.000000	            0.000000	            0.000000	           -0.450000	            0.000000	           -0.300000	            0.000000	            0.000000	            0.000000	           44.406763	         1237.633903	           90.014357	           -1.159831	            0.000000	           -0.453834	           -0.143171	           -3.997901	           -0.291961
            0.122000	            0.000000	            0.000000	            0.000000	           -0.450000	            0.000000	           -0.300000	            0.000000	            0.000000	            0.000000	           51.650322	         1230.852385	           88.588915	           -1.159138	            0.000000	           -0.453769	           -0.168189	           -3.947118	           -0.285053
            0.123000	            0.000000	            0.000000	            0.000000	           -0.450000	            0.000000	           -0.300000	            0.000000	            0.000000	            0.000000	           58.979556	         1223.889216	           87.007982	           -1.158491	            0.000000	           -0.453682	           -0.193567	           -3.908548	           -0.278481
            0.124000	            0.000000	            0.000000	            0.000000	           -0.450000	            0.000000	           -0.300000	            0.000000	            0.000000	            0.000000	           66.347458	         1216.717942	           85.283799	           -1.157880	            0.000000	           -0.453572	           -0.219184	           -3.880774	           -0.272203
            0.125000	            0.000000	            0.000000	            0.000000	           -0.450000	            0.000000	           -0.300000	            0.000000	            0.000000	            0.000000	           73.709255	         1209.311308	           83.431138	           -1.157299	            0.000000	           -0.453444	           -0.244915	           -3.862165	           -0.266171
            0.126000	            0.000000	            0.000000	            0.000000	           -0.450000	            0.000000	           -0.300000	            0.000000	            0.000000	            0.000000	           81.023716	         1201.641595	           81.466894	           -1.156741	            0.000000	           -0.453299	           -0.270634	           -3.850930	           -0.260333
            0.127000	            0.000000	            0.000000	            0.000000	           -0.450000	            0.000000	           -0.300000	            0.000000	            0.000000	            0.000000	           88.254184	         1193.680963	           79.409610	           -1.156200	            0.000000	           -0.453143	           -0.296213	           -3.845175	           -0.254637
            0.128000	            0.000000	            0.000000	            0.000000	           -0.450000	            0.000000	           -0.300000	            0.000000	            0.000000	            0.000000	           95.369322	         1185.401813	           77.278967	           -1.155671	            0.000000	           -0.452978	           -0.321523	           -3.842963	           -0.249033
            0.129000	            0.000000	            0.000000	            0.000000	           -0.450000	            0.000000	           -0.300000	            0.000000	            0.000000	            0.000000	          102.343555	         1176.777145	           75.095241	           -1.155152	            0.000000	           -0.452807	           -0.346438	           -3.842368	           -0.243471
            0.130000	            0.000000	            0.000000	            0.000000	           -0.450000	            0.000000	           -0.300000	            0.000000	            0.000000	            0.000000	          109.157198	         1167.780910	           72.878772	           -1.154643	            0.000000	           -0.452631	           -0.370830	           -3.841520	           -0.237910
            0.131000	            0.000000	            0.000000	            0.000000	           -0.450000	            0.000000	           -0.300000	            0.000000	            0.000000	            0.000000	          115.796300	         1158.388348	           70.649460	           -1.154145	            0.000000	           -0.452452	           -0.394572	           -3.838655	           -0.232311
            0.132000	            0.000000	            0.000000	            0.000000	           -0.450000	            0.000000	           -0.300000	            0.000000	            0.000000	            0.000000	          122.252225	         1148.576287	           68.426301	           -1.153658	            0.000000	           -0.452273	           -0.417537	           -3.832147	           -0.226642
            0.133000	            0.000000	            0.000000	            0.000000	           -0.450000	            0.000000	           -0.300000	            0.000000	            0.000000	            0.000000	          128.521013	         1138.323417	           66.226989	           -1.153186	            0.000000	           -0.452095	           -0.439594	           -3.820537	           -0.220879
            0.134000	            0.000000	            0.000000	            0.000000	           -0.450000	            0.000000	           -0.300000	            0.000000	            0.000000	            0.000000	          134.602573	         1127.610506	           64.067586	           -1.152730	            0.000000	           -0.451921	           -0.460612	           -3.802558	           -0.215003
            0.135000	            0.000000	            0.000000	            0.000000	           -0.450000	            0.000000	           -0.300000	            0.000000	            0.000000	            0.000000	          140.499750	         1116.420574	           61.962272	           -1.152292	            0.000000	           -0.451750	           -0.480454	           -3.777143	           -0.209003
            0.136000	            0.000000	            0.000000	            0.000000	           -0.450000	            0.000000	           -0.300000	            0.000000	            0.000000	            0.000000	          146.217336	         1104.738995	           59.923174	           -1.151874	            0.000000	           -0.451585	           -0.498981	           -3.743435	           -0.202873
            0.137000	            0.000000	            0.000000	            0.000000	           -0.450000	            0.000000	           -0.300000	            0.000000	            0.000000	            0.000000	          151.761057	         1092.553562	           57.960274	           -1.151476	            0.000000	           -0.451424	           -0.516048	           -3.700786	           -0.196611
            0.138000	            0.000000	            0.000000	            0.000000	           -0.450000	            0.000000	           -0.300000	            0.000000	            0.000000	            0.000000	          157.136599	         1079.854478	           56.081386	           -1.151098	            0.000000	           -0.451268	           -0.531507	           -3.648754	           -0.190221
            0.139000	            0.000000	            0.000000	            0.000000	           -0.450000	            0.000000	           -0.300000	            0.000000	            0.000000	            0.000000	          162.348697	         1066.634313	           54.292210	           -1.150741	            0.000000	           -0.451119	           -0.545210	           -3.587090	           -0.183711
            0.140000	            0.000000	            0.000000	            0.000000	           -0.450000	            0.000000	           -0.300000	            0.000000	            0.000000	            0.000000	          167.400338	         1052.887911	           52.596424	           -1.150405	            0.000000	           -0.450975	           -0.557006	           -3.515730	           -0.177090
            0.141000	            0.000000	            0.000000	            0.000000	           -0.450000	            0.000000	           -0.300000	            0.000000	            0.000000	            0.000000	          172.292084	         1038.612272	           50.995839	           -1.150093	            0.000000	           -0.450835	           -0.566747	           -3.434779	           -0.170369
            0.142000	            0.000000	            0.000000	            0.000000	           -0.450000	            0.000000	           -0.300000	            0.000000	            0.000000	            0.000000	          177.021539	         1023.806417	           49.490577	           -1.149804	            0.000000	           -0.450700	           -0.574290	           -3.344496	           -0.163563
            0.143000	            0.000000	            0.000000	            0.000000	           -0.450000	            0.000000	           -0.300000	            0.000000	            0.000000	            0.000000	          181.582971	         1008.471246	           48.079276	           -1.149540	            0.000000	           -0.450569	           -0.579503	           -3.245279	           -0.156686
            0.144000	            0.000000	            0.000000	            0.000000	           -0.450000	            0.000000	           -0.300000	            0.000000	            0.000000	            0.000000	          185.967084	          992.609412	           46.759308	           -1.149298	            0.000000	           -0.450444	           -0.582268	           -3.137650	           -0.149752
            0.145000	            0.000000	            0.000000	            0.000000	           -0.450000	            0.000000	           -0.300000	            0.000000	            0.000000	            0.000000	          190.160951	          976.225209	           45.526999	           -1.149075	            0.000000	           -0.450327	           -0.582484	           -3.022241	           -0.142778
            0.146000	            0.000000	            0.000000	            0.000000	           -0.450000	            0.000000	           -0.300000	            0.000000	            0.000000	            0.000000	          194.148078	          959.324495	           44.377845	           -1.148870	            0.000000	           -0.450219	           -0.580075	           -2.899781	           -0.135778
            0.147000	            0.000000	            0.000000	            0.000000	           -0.450000	            0.000000	           -0.300000	            0.000000	            0.000000	            0.000000	          197.908621	          941.914652	           43.306711	           -1.148680	            0.000000	           -0.450120	           -0.574994	           -2.771084	           -0.128770
            0.148000	            0.000000	            0.000000	            0.000000	           -0.450000	            0.000000	           -0.300000	            0.000000	            0.000000	            0.000000	          201.419714	          924.004590	           42.308021	           -1.148503	            0.000000	           -0.450031	           -0.567226	           -2.637035	           -0.121771
            0.149000	            0.000000	            0.000000	            0.000000	           -0.450000	            0.000000	           -0.300000	            0.000000	            0.000000	            0.000000	          204.655918	          905.604790	           41.375911	           -1.148336	            0.000000	           -0.449951	           -0.556793	           -2.498585	           -0.114799
            0.150000	            0.000000	            0.000000	            0.000000	           -0.450000	            0.000000	           -0.300000	            0.000000	            0.000000	            0.000000	          207.589766	          886.727397	           40.504375	           -1.148177	            0.000000	           -0.449880	           -0.543755	           -2.356735	           -0.107877
            0.151000	            0.000000	            0.000000	            0.000000	           -0.450000	            0.000000	           -0.300000	            0.000000	            0.000000	            0.000000	          210.192392	          867.386342	           39.687368	           -1.148022	            0.000000	           -0.449819	           -0.528216	           -2.212527	           -0.101024
            0.152000	            0.000000	            0.000000	            0.000000	           -0.450000	            0.000000	           -0.300000	            0.000000	            0.000000	            0.000000	          212.434227	          847.597502	           38.918893	           -1.147870	            0.000000	           -0.449768	           -0.510323	           -2.067035	           -0.094267
            0.153000	            0.000000	            0.000000	            0.000000	           -0.450000	            0.000000	           -0.300000	            0.000000	            0.000000	            0.000000	          214.285747	          827.378877	           38.193062	           -1.147720	            0.000000	           -0.449729	           -0.490262	           -1.921351	           -0.087631
            0.154000	            0.000000	            0.000000	            0.000000	           -0.450000	            0.000000	           -0.300000	            0.000000	            0.000000	            0.000000	          215.718253	          806.750784	           37.504135	           -1.147569	            0.000000	           -0.449700	           -0.468263	           -1.776575	           -0.081144
            0.155000	            0.000000	            0.000000	            0.000000	           -0.450000	            0.000000	           -0.300000	            0.000000	            0.000000	            0.000000	          216.704659	          785.736057	           36.846542	           -1.147415	            0.000000	           -0.449682	           -0.444593	           -1.633797	           -0.074838
            0.156000	            0.000000	            0.000000	            0.000000	           -0.450000	            0.000000	           -0.300000	            0.000000	            0.000000	            0.000000	          217.220280	          764.360231	           36.214890	           -1.147258	            0.000000	           -0.449674	           -0.419550	           -1.494087	           -0.068745
            0.157000	            0.000000	            0.000000	            0.000000	           -0.450000	            0.000000	           -0.300000	            0.000000	            0.000000	            0.000000	          217.243577	          742.651721	           35.603960	           -1.147099	            0.000000	           -0.449678	           -0.393460	           -1.358475	           -0.062898
            0.158000	            0.000000	            0.000000	            0.000000	           -0.450000	            0.000000	           -0.300000	            0.000000	            0.000000	            0.000000	          216.756861	          720.641970	           35.008706	           -1.146939	            0.000000	           -0.449697	           -0.366671	           -1.227939	           -0.057330
            0.159000	            0.000000	            0.000000	            0.000000	           -0.450000	            0.000000	           -0.300000	            0.000000	            0.000000	            0.000000	          215.746907	          698.365561	           34.424242	           -1.146777	            0.000000	           -0.449735	           -0.339542	           -1.103384	           -0.052074
            0.160000	            0.000000	            0.000000	            0.000000	           -0.450000	            0.000000	           -0.300000	            0.000000	            0.000000	            0.000000	          214.205483	          675.860287	           33.845841	           -1.146610	            0.000000	           -0.449798	           -0.312436	           -0.985628	           -0.047162
            0.161000	            0.000000	            0.000000	            0.000000	           -0.450000	            0.000000	           -0.300000	            0.000000	            0.000000	            0.000000	          212.129759	          653.167173	           33.268937	           -1.146435	            0.000000	           -0.449890	           -0.285712	           -0.875385	           -0.042622
            0.162000	            0.000000	            0.000000	            0.000000	           -0.450000	            0.000000	           -0.300000	            0.000000	            0.000000	            0.000000	          209.522579	          630.330430	           32.689132	           -1.146247	            0.000000	           -0.450013	           -0.259713	           -0.773253	           -0.038477
            0.163000	            0.000000	            0.000000	            0.000000	           -0.450000	            0.000000	           -0.300000	            0.000000	            0.000000	            0.000000	          206.392604	          607.397348	           32.102218	           -1.146045	            0.000000	           -0.450170	           -0.234762	           -0.679698	           -0.034746
            0.164000	            0.000000	            0.000000	            0.000000	           -0.450000	            0.000000	           -0.300000	            0.000000	            0.000000	            0.000000	          202.754297	          584.418112	           31.504208	           -1.145828	            0.000000	           -0.450361	           -0.211151	           -0.595047	           -0.031442
            0.165000	            0.000000	            0.000000	            0.000000	           -0.450000	            0.000000	           -0.300000	            0.000000	            0.000000	            0.000000	          198.627773	          561.445535	           30.891377	           -1.145598	            0.000000	           -0.450586	           -0.189135	           -0.519479	           -0.028568
            0.166000	            0.000000	            0.000000	            0.000000	           -0.450000	            0.000000	           -0.300000	            0.000000	            0.000000	            0.000000	          194.038500	          538.534706	           30.260321	           -1.145353	            0.000000	           -0.450843	           -0.168924	           -0.453028	           -0.026122
            0.167000	            0.000000	            0.000000	            0.000000	           -0.450000	            0.000000	           -0.300000	            0.000000	            0.000000	            0.000000	          189.016879	          515.742551	           29.608015	           -1.145094	            0.000000	           -0.451131	           -0.150685	           -0.395577	           -0.024090
            0.168000	            0.000000	            0.000000	            0.000000	           -0.450000	            0.000000	           -0.300000	            0.000000	            0.000000	            0.000000	          183.597712	          493.127301	           28.931894	           -1.144820	            0.000000	           -0.451445	           -0.134532	           -0.346868	           -0.022450
            0.169000	            0.000000	            0.000000	            0.000000	           -0.450000	            0.000000	           -0.300000	            0.000000	            0.000000	            0.000000	          177.819586	          470.747882	           28.229929	           -1.144532	            0.000000	           -0.451780	           -0.120530	           -0.306511	           -0.021173
            0.170000	            0.000000	            0.000000	            0.000000	           -0.450000	            0.000000	           -0.300000	            0.000000	            0.000000	            0.000000	          171.724177	          448.663221	           27.500707	           -1.144235	            0.000000	           -0.452130	           -0.108696	           -0.273999	           -0.020219
            0.171000	            0.000000	            0.000000	            0.000000	           -0.450000	            0.000000	           -0.300000	            0.000000	            0.000000	            0.000000	          165.355524	          426.931501	           26.743515	           -1.143933	            0.000000	           -0.452492	           -0.099001	           -0.248724	           -0.019542
            0.172000	            0.000000	            0.000000	            0.000000	           -0.450000	            0.000000	           -0.300000	            0.000000	            0.000000	            0.000000	          158.759280	          405.609366	           25.958410	           -1.143632	            0.000000	           -0.452861	           -0.091372	           -0.229996	           -0.019091
            0.173000	            0.000000	            0.000000	            0.000000	           -0.450000	            0.000000	           -0.300000	            0.000000	            0.000000	            0.000000	          151.981959	          384.751110	           25.146278	           -1.143337	            0.000000	           -0.453234	           -0.085703	           -0.217071	           -0.018811
            0.174000	            0.000000	            0.000000	            0.000000	           -0.450000	            0.000000	           -0.300000	            0.000000	            0.000000	            0.000000	          145.070213	          364.407872	           24.308880	           -1.143049	            0.000000	           -0.453616	           -0.081856	           -0.209174	           -0.018643
            0.175000	            0.000000	            0.000000	            0.000000	           -0.450000	            0.000000	           -0.300000	            0.000000	            0.000000	            0.000000	          138.070141	          344.626863	           23.448867	           -1.142769	            0.000000	           -0.454009	           -0.079673	           -0.205519	           -0.018533
            0.176000	            0.000000	            0.000000	            0.000000	           -0.450000	            0.000000	           -0.300000	            0.000000	            0.000000	            0.000000	          131.026650	          325.450662	           22.569773	           -1.142494	            0.000000	           -0.454419	           -0.078979	           -0.205344	           -0.018427
            0.177000	            0.000000	            0.000000	            0.000000	           -0.450000	            0.000000	           -0.300000	            0.000000	            0.000000	            0.000000	          123.982879	          306.916591	           21.675980	           -1.142220	            0.000000	           -0.454845	           -0.079593	           -0.207925	           -0.018279
            0.178000	            0.000000	            0.000000	            0.000000	           -0.450000	            0.000000	           -0.300000	            0.000000	            0.000000	            0.000000	          116.979692	          289.056208	           20.772641	           -1.141947	            0.000000	           -0.455290	           -0.081331	           -0.212601	           -0.018054
            0.179000	            0.000000	            0.000000	            0.000000	           -0.450000	            0.000000	           -0.300000	            0.000000	            0.000000	            0.000000	          110.055239	          271.894929	           19.865588	           -1.141682	            0.000000	           -0.455755	           -0.084013	           -0.218794	           -0.017725
            0.180000	            0.000000	            0.000000	            0.000000	           -0.450000	            0.000000	           -0.300000	            0.000000	            0.000000	            0.000000	          103.244601	          255.451786	           18.961192	           -1.141432	            0.000000	           -0.456241	           -0.087467	           -0.226020	           -0.017283
            0.181000	            0.000000	            0.000000	            0.000000	           -0.450000	            0.000000	           -0.300000	            0.000000	            0.000000	            0.000000	           96.579506	          239.739344	           18.066215	           -1.141209	            0.000000	           -0.456752	           -0.091533	           -0.233897	           -0.016732
            0.182000	            0.000000	            0.000000	            0.000000	           -0.450000	            0.000000	           -0.300000	            0.000000	            0.000000	            0.000000	           90.088127	          224.763759	           17.187624	           -1.141032	            0.000000	           -0.457285	           -0.096062	           -0.242152	           -0.016097
            0.183000	            0.000000	            0.000000	            0.000000	           -0.450000	            0.000000	           -0.300000	            0.000000	            0.000000	            0.000000	           83.794949	          210.524981	           16.332399	           -1.140920	            0.000000	           -0.457839	           -0.100917	           -0.250620	           -0.015419
            0.184000	            0.000000	            0.000000	            0.000000	           -0.450000	            0.000000	           -0.300000	            0.000000	            0.000000	            0.000000	           77.720718	          197.017090	           15.507323	           -1.140887	            0.000000	           -0.458414	           -0.105970	           -0.259235	           -0.014759
            0.185000	            0.000000	            0.000000	            0.000000	           -0.450000	            0.000000	           -0.300000	            0.000000	            0.000000	            0.000000	           71.882452	          184.228743	           14.718772	           -1.140946	            0.000000	           -0.459009	           -0.111104	           -0.268026	           -0.014194
            0.186000	            0.000000	            0.000000	            0.000000	           -0.450000	            0.000000	           -0.300000	            0.000000	            0.000000	            0.000000	           66.293531	          172.143707	           13.972511	           -1.141108	            0.000000	           -0.459622	           -0.116201	           -0.277095	           -0.013819
            0.187000	            0.000000	            0.000000	            0.000000	           -0.450000	            0.000000	           -0.300000	            0.000000	            0.000000	            0.000000	           60.963840	          160.741471	           13.273486	           -1.141385	            0.000000	           -0.460249	           -0.121149	           -0.286606	           -0.013741
            0.188000	            0.000000	            0.000000	            0.000000	           -0.450000	            0.000000	           -0.300000	            0.000000	            0.000000	            0.000000	           55.899981	          149.997885	           12.625655	           -1.141785	            0.000000	           -0.460886	           -0.125828	           -0.296761	           -0.014079
            0.189000	            0.000000	            0.000000	            0.000000	           -0.450000	            0.000000	           -0.300000	            0.000000	            0.000000	            0.000000	           51.105528	          139.885831	           12.031820	           -1.142318	            0.000000	           -0.461532	           -0.130115	           -0.307779	           -0.014957
            0.190000	            0.000000	            0.000000	            0.000000	           -0.450000	            0.000000	           -0.300000	            0.000000	            0.000000	            0.000000	           46.581330	          130.375874	           11.493506	           -1.142997	            0.000000	           -0.462190	           -0.133875	           -0.319871	           -0.016499
            0.191000	            0.000000	            0.000000	            0.000000	           -0.450000	            0.000000	           -0.300000	            0.000000	            0.000000	            0.000000	           42.325848	          121.436900	           11.010875	           -1.143836	            0.000000	           -0.462868	           -0.136963	           -0.333223	           -0.018827
            0.192000	            0.000000	            0.000000	            0.000000	           -0.450000	            0.000000	           -0.300000	            0.000000	            0.000000	            0.000000	           38.335500	          113.036710	           10.582670	           -1.144850	            0.000000	           -0.463582	           -0.139224	           -0.347966	           -0.022051
            0.193000	            0.000000	            0.000000	            0.000000	           -0.450000	            0.000000	           -0.300000	            0.000000	            0.000000	            0.000000	           34.605023	          105.142565	           10.206224	           -1.146049	            0.000000	           -0.464351	           -0.140493	           -0.364162	           -0.026263
            0.194000	            0.000000	            0.000000	            0.000000	           -0.450000	            0.000000	           -0.300000	            0.000000	            0.000000	            0.000000	           31.127821	           97.721682	            9.877505	           -1.147451	            0.000000	           -0.465192	           -0.140600	           -0.381785	           -0.031534
            0.195000	            0.000000	            0.000000	            0.000000	           -0.450000	            0.000000	           -0.300000	            0.000000	            0.000000	            0.000000	           27.896285	           90.741662	            9.591213	           -1.149080	            0.000000	           -0.466119	           -0.139372	           -0.400708	           -0.037905
            0.196000	            0.000000	            0.000000	            0.000000	           -0.450000	            0.000000	           -0.300000	            0.000000	            0.000000	            0.000000	           24.902083	           84.170886	            9.340932	           -1.150971	            0.000000	           -0.467160	           -0.136644	           -0.420695	           -0.045382
            0.197000	            0.000000	            0.000000	            0.000000	           -0.450000	            0.000000	           -0.300000	            0.000000	            0.000000	            0.000000	           22.136395	           77.978844	            9.119322	           -1.153164	            0.000000	           -0.468353	           -0.132265	           -0.441399	           -0.053931
            0.198000	            0.000000	            0.000000	            0.000000	           -0.450000	            0.000000	           -0.300000	            0.000000	            0.000000	            0.000000	           19.590105	           72.136441	            8.918357	           -1.155706	            0.000000	           -0.469730	           -0.126106	           -0.462364	           -0.063478
            0.199000	            0.000000	            0.000000	            0.000000	           -0.450000	            0.000000	           -0.300000	            0.000000	            0.000000	            0.000000	           17.253935	           66.616265	            8.729587	           -1.158646	            0.000000	           -0.471306	           -0.118072	           -0.483036	           -0.073901
            0.200000	            0.000000	            0.000000	            0.000000	           -0.450000	            0.000000	           -0.300000	            0.000000	            0.000000	            0.000000	           15.118526	           61.392830	            8.544441	           -1.162053	            0.000000	           -0.473086	           -0.108115	           -0.502778	           -0.085035
            0.201000	            0.000000	            0.000000	            0.000000	           -0.450000	            0.000000	           -0.300000	            0.000000	            0.000000	            0.000000	           13.174480	           56.442806	            8.354526	           -1.165991	            0.000000	           -0.475078	           -0.096240	           -0.520894	           -0.096672
            0.202000	            0.000000	            0.000000	            0.000000	           -0.450000	            0.000000	           -0.300000	            0.000000	            0.000000	            0.000000	           11.412369	           51.745225	            8.151941	           -1.170490	            0.000000	           -0.477281	           -0.082516	           -0.536655	           -0.108562
            0.203000	            0.000000	            0.000000	            0.000000	           -0.450000	            0.000000	           -0.300000	            0.000000	            0.000000	            0.000000	            9.822725	           47.281667	            7.929579	           -1.175532	            0.000000	           -0.479667	           -0.067084	           -0.549331	           -0.120424
            0.204000	            0.000000	            0.000000	            0.000000	           -0.450000	            0.000000	           -0.300000	            0.000000	            0.000000	            0.000000	            8.396017	           43.036421	            7.681398	           -1.181067	            0.000000	           -0.482143	           -0.050163	           -0.558227	           -0.131951
            0.205000	            0.000000	            0.000000	            0.000000	           -0.450000	            0.000000	           -0.300000	            0.000000	            0.000000	            0.000000	            7.122641	           38.996605	            7.402669	           -1.187041	            0.000000	           -0.484571	           -0.032048	           -0.562714	           -0.142820
            0.206000	            0.000000	            0.000000	            0.000000	           -0.450000	            0.000000	           -0.300000	            0.000000	            0.000000	            0.000000	            5.992910	           35.152229	            7.090167	           -1.193374	            0.000000	           -0.486839	           -0.013111	           -0.562268	           -0.152701
            0.207000	            0.000000	            0.000000	            0.000000	           -0.450000	            0.000000	           -0.300000	            0.000000	            0.000000	            0.000000	            4.997071	           31.496202	            6.742309	           -1.199934	            0.000000	           -0.488915	            0.006208	           -0.556501	           -0.161276
            0.208000	            0.000000	            0.000000	            0.000000	           -0.450000	            0.000000	           -0.300000	            0.000000	            0.000000	            0.000000	            4.125337	           28.024233	            6.359226	           -1.206568	            0.000000	           -0.490826	            0.025410	           -0.545181	           -0.168243
            0.209000	            0.000000	            0.000000	            0.000000	           -0.450000	            0.000000	           -0.300000	            0.000000	            0.000000	            0.000000	            3.367941	           24.734655	            5.942760	           -1.213128	            0.000000	           -0.492609	            0.043958	           -0.528257	           -0.173336
            0.210000	            0.000000	            0.000000	            0.000000	           -0.450000	            0.000000	           -0.300000	            0.000000	            0.000000	            0.000000	            2.715197	           21.628130	            5.496387	           -1.219489	            0.000000	           -0.494290	            0.061297	           -0.505867	           -0.176335
            0.211000	            0.000000	            0.000000	            0.000000	           -0.450000	            0.000000	           -0.300000	            0.000000	            0.000000	            0.000000	            2.157581	           18.707250	            5.025068	           -1.225571	            0.000000	           -0.495899	            0.076878	           -0.478339	           -0.177074
            0.212000	            0.000000	            0.000000	            0.000000	           -0.450000	            0.000000	           -0.300000	            0.000000	            0.000000	            0.000000	            1.685810	           15.976038	            4.535033	           -1.231359	            0.000000	           -0.497468	            0.090189	           -0.446178	           -0.175457
            0.213000	            0.000000	            0.000000	            0.000000	           -0.450000	            0.000000	           -0.300000	            0.000000	            0.000000	            0.000000	            1.290917	           13.439370	            4.033499	           -1.231359	            0.000000	           -0.497468	            0.100785	           -0.410054	           -0.171461
            0.214000	            0.000000	            0.000000	            0.000000	           -0.450000	            0.000000	           -0.300000	            0.000000	            0.000000	            0.000000	            0.964320	           11.102338	            3.528356	           -1.231359	            0.000000	           -0.497468	            0.108318	           -0.370770	           -0.165138
            0.215000	            0.000000	            0.000000	            0.000000	           -0.450000	            0.000000	           -0.300000	            0.000000	            0.000000	            0.000000	            0.000000	            0.000000	            0.000000	           -1.190000	            0.000000	           -0.401499	            0.000000	            0.000000	            0.000000
            0.216000	            0.000000	            0.000000	            0.000000	           -0.450000	            0.000000	           -0.300000	            0.000000	            0.000000	            0.000000	            0.000000	            0.000000	            0.000000	           -1.190000	            0.000000	           -0.401499	            0.000000	            0.000000	            0.000000
            0.217000	            0.000000	            0.000000	            0.000000	           -0.450000	            0.000000	           -0.300000	            0.000000	            0.000000	            0.000000	            0.000000	            0.000000	            0.000000	           -1.190000	            0.000000	           -0.401499	            0.000000	            0.000000	            0.000000
            0.218000	            0.000000	            0.000000	            0.000000	           -0.450000	            0.000000	           -0.300000	            0.000000	            0.000000	            0.000000	            0.000000	            0.000000	            0.000000	           -1.190000	            0.000000	           -0.401499	            0.000000	            0.000000	            0.000000
            0.219000	            0.000000	            0.000000	            0.000000	           -0.541340	            0.000000	           -0.022604	            0.000000	            0.000000	            0.000000	            0.000000	            0.000000	            0.000000	           -1.190000	            0.000000	           -0.401499	            0.000000	            0.000000	            0.000000
            0.220000	          -10.777877	           14.189438	            2.360498	           -0.541340	            0.000000	           -0.022604	           -0.618143	           -0.000087	           -0.199959	            0.000000	            0.000000	            0.000000	           -1.190000	            0.000000	           -0.401499	            0.000000	            0.000000	            0.000000
            0.221000	          -15.360723	           20.601060	            0.366286	           -0.541340	            0.000000	           -0.022604	           -0.661364	            0.131567	           -0.218379	            0.000000	            0.000000	            0.000000	           -1.190000	            0.000000	           -0.401499	            0.000000	            0.000000	            0.000000
            0.222000	          -20.564286	           28.208424	           -2.167720	           -0.527059	            0.000000	           -0.046183	           -0.703574	            0.283089	           -0.238968	            0.000000	            0.000000	            0.000000	           -1.190000	            0.000000	           -0.401499	            0.000000	            0.000000	            0.000000
            0.223000	          -26.353172	           37.069143	           -5.255470	           -0.510848	            0.000000	           -0.070457	           -0.744899	            0.452556	           -0.261995	            0.000000	            0.000000	            0.000000	           -1.190000	            0.000000	           -0.401499	            0.000000	            0.000000	            0.000000
            0.224000	          -32.672148	           47.223673	           -8.894684	           -0.493126	            0.000000	           -0.094563	           -0.785383	            0.637403	           -0.287608	            0.000000	            0.000000	            0.000000	           -1.190000	            0.000000	           -0.401499	            0.000000	            0.000000	            0.000000
            0.225000	          -39.446076	           58.693584	          -13.065156	           -0.474770	            0.000000	           -0.117393	           -0.824944	            0.834482	           -0.315797	            0.000000	            0.000000	            0.000000	           -1.190000	            0.000000	           -0.401499	            0.000000	            0.000000	            0.000000
            0.226000	          -46.580607	           71.480478	          -17.727624	           -0.456842	            0.000000	           -0.137958	           -0.863338	            1.040147	           -0.346373	            0.000000	            0.000000	            0.000000	           -1.190000	            0.000000	           -0.401499	            0.000000	            0.000000	            0.000000
            0.227000	          -53.963659	           85.565642	          -22.823315	           -0.440271	            0.000000	           -0.155645	           -0.900148	            1.250344	           -0.378958	            0.000000	            0.000000	            0.000000	           -1.190000	            0.000000	           -0.401499	            0.000000	            0.000000	            0.000000
            0.228000	          -61.467696	          100.910546	          -28.274244	           -0.425641	            0.000000	           -0.170284	           -0.934780	            1.460732	           -0.412982	            0.000000	            0.000000	            0.000000	           -1.190000	            0.000000	           -0.401499	            0.000000	            0.000000	            0.000000
            0.229000	          -68.952796	          117.458210	          -33.984336	           -0.413172	            0.000000	           -0.182075	           -0.966488	            1.666800	           -0.447706	            0.000000	            0.000000	            0.000000	           -1.190000	            0.000000	           -0.401499	            0.000000	            0.000000	            0.000000
            0.230000	          -76.270422	          135.135424	          -39.841379	           -0.402805	            0.000000	           -0.191428	           -0.994404	            1.864013	           -0.482238	            0.000000	            0.000000	            0.000000	           -1.190000	            0.000000	           -0.401499	            0.000000	            0.000000	            0.000000
            0.231000	          -83.267819	          153.855778	          -45.719788	           -0.394311	            0.000000	           -0.198814	           -1.017581	            2.047948	           -0.515579	            0.000000	            0.000000	            0.000000	           -1.190000	            0.000000	           -0.401499	            0.000000	            0.000000	            0.000000
            0.232000	          -89.792855	          173.523340	          -51.484105	           -0.387396	            0.000000	           -0.204657	           -1.035048	            2.214446	           -0.546662	            0.000000	            0.000000	            0.000000	           -1.190000	            0.000000	           -0.401499	            0.000000	            0.000000	            0.000000
            0.233000	          -95.699155	          194.036841	          -56.993139	           -0.381765	            0.000000	           -0.209302	           -1.045873	            2.359756	           -0.574402	            0.000000	            0.000000	            0.000000	           -1.190000	            0.000000	           -0.401499	            0.000000	            0.000000	            0.000000
            0.234000	         -100.851293	          215.294113	          -62.104584	           -0.377160	            0.000000	           -0.213019	           -1.049215	            2.480676	           -0.597752	            0.000000	            0.000000	            0.000000	           -1.190000	            0.000000	           -0.401499	            0.000000	            0.000000	            0.000000
            0.235000	         -105.129818	          237.196549	          -66.679930	           -0.373368	            0.000000	           -0.216018	           -1.044386	            2.574679	           -0.615754	            0.000000	            0.000000	            0.000000	           -1.190000	            0.000000	           -0.401499	            0.000000	            0.000000	            0.000000
            0.236000	         -108.435892	          259.653303	          -70.589473	           -0.370222	            0.000000	           -0.218468	           -1.030900	            2.640032	           -0.627584	            0.000000	            0.000000	            0.000000	           -1.190000	            0.000000	           -0.401499	            0.000000	            0.000000	            0.000000
            0.237000	         -110.695284	          282.584984	          -73.717200	           -0.367586	            0.000000	           -0.220498	           -1.008514	            2.675876	           -0.632599	            0.000000	            0.000000	            0.000000	           -1.190000	            0.000000	           -0.401499	            0.000000	            0.000000	            0.000000
            0.238000	         -111.861543	          305.926606	          -75.965319	           -0.365338	            0.000000	           -0.222213	           -0.977254	            2.682294	           -0.630366	            0.000000	            0.000000	            0.000000	           -1.190000	            0.000000	           -0.401499	            0.000000	            0.000000	            0.000000
            0.239000	         -111.918157	          329.629594	          -77.258240	           -0.363370	            0.000000	           -0.223690	           -0.937432	            2.660330	           -0.620689	            0.000000	            0.000000	            0.000000	           -1.190000	            0.000000	           -0.401499	            0.000000	            0.000000	            0.000000
            0.240000	         -110.879585	          353.662746	          -77.545803	           -0.361583	            0.000000	           -0.224997	           -0.889642	            2.611988	           -0.603617	            0.000000	            0.000000	            0.000000	           -1.190000	            0.000000	           -0.401499	            0.000000	            0.000000	            0.000000
            0.241000	         -108.791085	          378.012057	          -76.805601	           -0.359892	            0.000000	           -0.226191	           -0.834747	            2.540176	           -0.579442	            0.000000	            0.000000	            0.000000	           -1.190000	            0.000000	           -0.401499	            0.000000	            0.000000	            0.000000
            0.242000	         -105.727328	          402.679440	          -75.044272	           -0.358237	            0.000000	           -0.227320	           -0.773845	            2.448621	           -0.548692	            0.000000	            0.000000	            0.000000	           -1.190000	            0.000000	           -0.401499	            0.000000	            0.000000	            0.000000
            0.243000	         -101.789851	          427.680420	          -72.297689	           -0.356572	            0.000000	           -0.228422	           -0.708233	            2.341739	           -0.512101	            0.000000	            0.000000	            0.000000	           -1.190000	            0.000000	           -0.401499	            0.000000	            0.000000	            0.000000
            0.244000	          -97.103442	          453.040936	          -68.630011	           -0.354875	            0.000000	           -0.229521	           -0.639350	            2.224474	           -0.470579	            0.000000	            0.000000	            0.000000	           -1.190000	            0.000000	           -0.401499	            0.000000	            0.000000	            0.000000
            0.245000	          -91.811631	          478.793465	          -64.131618	           -0.353135	            0.000000	           -0.230630	           -0.568721	            2.102106	           -0.425172	            0.000000	            0.000000	            0.000000	           -1.190000	            0.000000	           -0.401499	            0.000000	            0.000000	            0.000000
            0.246000	          -86.071474	          504.972671	          -58.916011	           -0.351351	            0.000000	           -0.231754	           -0.497900	            1.980030	           -0.377016	            0.000000	            0.000000	            0.000000	           -1.190000	            0.000000	           -0.401499	            0.000000	            0.000000	            0.000000
            0.247000	          -80.047868	          531.610855	          -53.115779	           -0.349533	            0.000000	           -0.232888	           -0.428402	            1.863535	           -0.327292	            0.000000	            0.000000	            0.000000	           -1.190000	            0.000000	           -0.401499	            0.000000	            0.000000	            0.000000
            0.248000	          -73.907642	          558.733440	          -46.877821	           -0.347696	            0.000000	           -0.234019	           -0.361651	            1.757565	           -0.277174	            0.000000	            0.000000	            0.000000	           -1.190000	            0.000000	           -0.401499	            0.000000	            0.000000	            0.000000
            0.249000	          -67.813679	          586.354734	          -40.358005	           -0.345859	            0.000000	           -0.235133	           -0.298924	            1.666502	           -0.227794	            0.000000	            0.000000	            0.000000	           -1.190000	            0.000000	           -0.401499	            0.000000	            0.000000	            0.000000
            0.250000	          -61.919321	          614.474207	          -33.715511	           -0.344038	            0.000000	           -0.236217	           -0.241312	            1.593958	           -0.180193	            0.000000	            0.000000	            0.000000	           -1.190000	            0.000000	           -0.401499	            0.000000	            0.000000	            0.000000
            0.251000	          -56.363281	          643.073457	          -27.107095	           -0.342240	            0.000000	           -0.237259	           -0.189686	            1.542613	           -0.135295	            0.000000	            0.000000	            0.000000	           -1.190000	            0.000000	           -0.401499	            0.000000	            0.000000	            0.000000
            0.252000	          -51.265258	          672.114023	          -20.681550	           -0.340460	            0.000000	           -0.238245	           -0.144675	            1.514082	           -0.093878	            0.000000	            0.000000	            0.000000	           -1.190000	            0.000000	           -0.401499	            0.000000	            0.000000	            0.000000
            0.253000	          -46.722429	          701.536158	          -14.574589	           -0.338691	            0.000000	           -0.239163	           -0.106654	            1.508847	           -0.056559	            0.000000	            0.000000	            0.000000	           -1.190000	            0.000000	           -0.401499	            0.000000	            0.000000	            0.000000
            0.254000	          -42.806919	          731.258622	           -8.904393	           -0.336922	            0.000000	           -0.240002	           -0.075750	            1.526238	           -0.023786	            0.000000	            0.000000	            0.000000	           -1.190000	            0.000000	           -0.401499	            0.000000	            0.000000	            0.000000
            0.255000	          -39.564337	          761.179507	           -3.768015	           -0.335146	            0.000000	           -0.240758	           -0.051852	            1.564476	            0.004169	            0.000000	            0.000000	            0.000000	           -1.190000	            0.000000	           -0.401499	            0.000000	            0.000000	            0.000000
            0.256000	          -37.013399	          791.178060	            0.761204	           -0.333358	            0.000000	           -0.241430	           -0.034631	            1.620776	            0.027197	            0.000000	            0.000000	            0.000000	           -1.190000	            0.000000	           -0.401499	            0.000000	            0.000000	            0.000000
            0.257000	          -35.146616	          821.117426	            4.635128	           -0.331560	            0.000000	           -0.242022	           -0.023568	            1.691502	            0.045346	            0.000000	            0.000000	            0.000000	           -1.190000	            0.000000	           -0.401499	            0.000000	            0.000000	            0.000000
            0.258000	          -33.931987	          850.848173	            7.831171	           -0.329757	            0.000000	           -0.242538	           -0.017993	            1.772367	            0.058803	            0.000000	            0.000000	            0.000000	           -1.190000	            0.000000	           -0.401499	            0.000000	            0.000000	            0.000000
            0.259000	          -33.315592	          880.212448	           10.351526	           -0.327958	            0.000000	           -0.242983	           -0.017119	            1.858663	            0.067873	            0.000000	            0.000000	            0.000000	           -1.190000	            0.000000	           -0.401499	            0.000000	            0.000000	            0.000000
            0.260000	          -33.224939	          909.048551	           12.221368	           -0.326170	            0.000000	           -0.243361	           -0.020083	            1.945509	            0.072957	            0.000000	            0.000000	            0.000000	           -1.190000	            0.000000	           -0.401499	            0.000000	            0.000000	            0.000000
            0.261000	          -33.572905	          937.195732	           13.486157	           -0.324397	            0.000000	           -0.243679	           -0.025986	            2.028102	            0.074529	            0.000000	            0.000000	            0.000000	           -1.190000	            0.000000	           -0.401499	            0.000000	            0.000000	            0.000000
            0.262000	          -34.262073	          964.498970	           14.208233	           -0.322639	            0.000000	           -0.243942	           -0.033931	            2.101952	            0.073113	            0.000000	            0.000000	            0.000000	           -1.190000	            0.000000	           -0.401499	            0.000000	            0.000000	            0.000000
            0.263000	          -35.189244	          990.813524	           14.462898	           -0.320896	            0.000000	           -0.244154	           -0.043060	            2.163088	            0.069254	            0.000000	            0.000000	            0.000000	           -1.190000	            0.000000	           -0.401499	            0.000000	            0.000000	            0.000000
            0.264000	          -36.249928	         1016.009061	           14.334229	           -0.319164	            0.000000	           -0.244317	           -0.052578	            2.208223	            0.063505	            0.000000	            0.000000	            0.000000	           -1.190000	            0.000000	           -0.401499	            0.000000	            0.000000	            0.000000
            0.265000	          -37.342600	         1039.973165	           13.910830	           -0.317440	            0.000000	           -0.244436	           -0.061786	            2.234875	            0.056398	            0.000000	            0.000000	            0.000000	           -1.190000	            0.000000	           -0.401499	            0.000000	            0.000000	            0.000000
            0.266000	          -38.372520	         1062.614108	           13.281747	           -0.315722	            0.000000	           -0.244514	           -0.070088	            2.241419	            0.048434	            0.000000	            0.000000	            0.000000	           -1.190000	            0.000000	           -0.401499	            0.000000	            0.000000	            0.000000
            0.267000	          -39.254970	         1083.862773	           12.532717	           -0.314005	            0.000000	           -0.244557	           -0.077014	            2.227098	            0.040068	            0.000000	            0.000000	            0.000000	           -1.190000	            0.000000	           -0.401499	            0.000000	            0.000000	            0.000000
            0.268000	          -39.917771	         1103.673689	           11.742899	           -0.312287	            0.000000	           -0.244569	           -0.082216	            2.191976	            0.031695	            0.000000	            0.000000	            0.000000	           -1.190000	            0.000000	           -0.401499	            0.000000	            0.000000	            0.000000
            0.269000	          -40.303008	         1122.025165	           10.982201	           -0.310567	            0.000000	           -0.244555	           -0.085473	            2.136842	            0.023649	            0.000000	            0.000000	            0.000000	           -1.190000	            0.000000	           -0.401499	            0.000000	            0.000000	            0.000000
            0.270000	          -40.367929	         1138.918576	           10.309245	           -0.308847	            0.000000	           -0.244519	           -0.086682	            2.063083	            0.016196	            0.000000	            0.000000	            0.000000	           -1.190000	            0.000000	           -0.401499	            0.000000	            0.000000	            0.000000
            0.271000	          -40.085028	         1154.376889	            9.770015	           -0.307132	            0.000000	           -0.244465	           -0.085849	            1.972536	            0.009534	            0.000000	            0.000000	            0.000000	           -1.190000	            0.000000	           -0.401499	            0.000000	            0.000000	            0.000000
            0.272000	          -39.441386	         1168.442527	            9.397148	           -0.305425	            0.000000	           -0.244396	           -0.083074	            1.867319	            0.003797	            0.000000	            0.000000	            0.000000	           -1.190000	            0.000000	           -0.401499	            0.000000	            0.000000	            0.000000
            0.273000	          -38.437361	         1181.174750	            9.209858	           -0.303730	            0.000000	           -0.244313	           -0.078538	            1.749675	           -0.000942	            0.000000	            0.000000	            0.000000	           -1.190000	            0.000000	           -0.401499	            0.000000	            0.000000	            0.000000
            0.274000	          -37.084769	         1192.646669	            9.214403	           -0.302049	            0.000000	           -0.244220	           -0.072484	            1.621817	           -0.004663	            0.000000	            0.000000	            0.000000	           -1.190000	            0.000000	           -0.401499	            0.000000	            0.000000	            0.000000
            0.275000	          -35.404681	         1202.942094	            9.405047	           -0.300384	            0.000000	           -0.244119	           -0.065200	            1.485801	           -0.007394	            0.000000	            0.000000	            0.000000	           -1.190000	            0.000000	           -0.401499	            0.000000	            0.000000	            0.000000
            0.276000	          -33.425027	         1212.152334	            9.765415	           -0.298733	            0.000000	           -0.244015	           -0.057006	            1.343426	           -0.009200	            0.000000	            0.000000	            0.000000	           -1.190000	            0.000000	           -0.401499	            0.000000	            0.000000	            0.000000
            0.277000	          -31.178129	         1220.373115	           10.270182	           -0.297097	            0.000000	           -0.243910	           -0.048234	            1.196163	           -0.010175	            0.000000	            0.000000	            0.000000	           -1.190000	            0.000000	           -0.401499	            0.000000	            0.000000	            0.000000
            0.278000	          -28.698313	         1227.701711	           10.886984	           -0.295475	            0.000000	           -0.243803	           -0.039218	            1.045121	           -0.010435	            0.000000	            0.000000	            0.000000	           -1.190000	            0.000000	           -0.401499	            0.000000	            0.000000	            0.000000
            0.279000	          -26.019728	         1234.234389	           11.578505	           -0.293863	            0.000000	           -0.243695	           -0.030282	            0.891042	           -0.010109	            0.000000	            0.000000	            0.000000	           -1.190000	            0.000000	           -0.401499	            0.000000	            0.000000	            0.000000
            0.280000	          -23.174443	         1240.064218	           12.304624	           -0.292263	            0.000000	           -0.243584	           -0.021730	            0.734329	           -0.009329	            0.000000	            0.000000	            0.000000	           -1.190000	            0.000000	           -0.401499	            0.000000	            0.000000	            0.000000
            0.281000	          -20.190906	         1245.279281	           13.024579	           -0.290674	            0.000000	           -0.243468	           -0.013840	            0.575099	           -0.008228	            0.000000	            0.000000	            0.000000	           -1.190000	            0.000000	           -0.401499	            0.000000	            0.000000	            0.000000
            0.282000	          -17.092788	         1249.961284	           13.699043	           -0.289099	            0.000000	           -0.243347	           -0.006857	            0.413247	           -0.006931	            0.000000	            0.000000	            0.000000	           -1.190000	            0.000000	           -0.401499	            0.000000	            0.000000	            0.000000
            0.283000	          -13.898225	         1254.184552	           14.292066	           -0.287541	            0.000000	           -0.243220	           -0.000994	            0.248535	           -0.005554	            0.000000	            0.000000	            0.000000	           -1.190000	            0.000000	           -0.401499	            0.000000	            0.000000	            0.000000
            0.284000	          -10.619435	         1258.015383	           14.772794	           -0.286000	            0.000000	           -0.243087	            0.003575	            0.080674	           -0.004198	            0.000000	            0.000000	            0.000000	           -1.190000	            0.000000	           -0.401499	            0.000000	            0.000000	            0.000000
            0.285000	           -7.262689	         1261.511690	           15.116913	           -0.284476	            0.000000	           -0.242946	            0.006712	           -0.090589	           -0.002947	            0.000000	            0.000000	            0.000000	           -1.190000	            0.000000	           -0.401499	            0.000000	            0.000000	            0.000000
            0.286000	           -3.828587	         1264.722910	           15.307768	           -0.282969	            0.000000	           -0.242795	            0.008313	           -0.265397	           -0.001873	            0.000000	            0.000000	            0.000000	           -1.190000	            0.000000	           -0.401499	            0.000000	            0.000000	            0.000000
            0.287000	           -0.312580	         1267.690104	           15.337103	           -0.281479	            0.000000	           -0.242634	            0.008308	           -0.443714	           -0.001028	            0.000000	            0.000000	            0.000000	           -1.190000	            0.000000	           -0.401499	            0.000000	            0.000000	            0.000000
            0.288000	            3.294311	         1270.446205	           15.205406	           -0.280007	            0.000000	           -0.242461	            0.006659	           -0.625286	           -0.000454	            0.000000	            0.000000	            0.000000	           -1.190000	            0.000000	           -0.401499	            0.000000	            0.000000	            0.000000
            0.289000	            7.004626	         1273.016376	           14.921849	           -0.278553	            0.000000	           -0.242278	            0.003357	           -0.809609	           -0.000176	            0.000000	            0.000000	            0.000000	           -1.190000	            0.000000	           -0.401499	            0.000000	            0.000000	            0.000000
            0.290000	           10.833511	         1275.418440	           14.503824	           -0.277123	            0.000000	           -0.242085	           -0.001585	           -0.995922	           -0.000212	            0.000000	            0.000000	            0.000000	           -1.190000	            0.000000	           -0.401499	            0.000000	            0.000000	            0.000000
            0.291000	           14.797704	         1277.663356	           13.976110	           -0.275723	            0.000000	           -0.241885	           -0.008130	           -1.183225	           -0.000570	            0.000000	            0.000000	            0.000000	           -1.190000	            0.000000	           -0.401499	            0.000000	            0.000000	            0.000000
            0.292000	           18.914513	         1279.755738	           13.369714	           -0.274363	            0.000000	           -0.241682	           -0.016223	           -1.370307	           -0.001253	            0.000000	            0.000000	            0.000000	           -1.190000	            0.000000	           -0.401499	            0.000000	            0.000000	            0.000000
            0.293000	           23.200809	         1281.694404	           12.720443	           -0.273047	            0.000000	           -0.241479	           -0.025797	           -1.555796	           -0.002260	            0.000000	            0.000000	            0.000000	           -1.190000	            0.000000	           -0.401499	            0.000000	            0.000000	            0.000000
            0.294000	           27.672066	         1283.472945	           12.067292	           -0.271780	            0.000000	           -0.241280	           -0.036769	           -1.738214	           -0.003589	            0.000000	            0.000000	            0.000000	           -1.190000	            0.000000	           -0.401499	            0.000000	            0.000000	            0.000000
            0.295000	           32.341487	         1285.080348	           11.450715	           -0.270566	            0.000000	           -0.241090	           -0.049053	           -1.916047	           -0.005236	            0.000000	            0.000000	            0.000000	           -1.190000	            0.000000	           -0.401499	            0.000000	            0.000000	            0.000000
            0.296000	           37.219211	         1286.501642	           10.910879	           -0.269411	            0.000000	           -0.240916	           -0.062553	           -2.087812	           -0.007198	            0.000000	            0.000000	            0.000000	           -1.190000	            0.000000	           -0.401499	            0.000000	            0.000000	            0.000000
            0.297000	           42.311665	         1287.718590	           10.485968	           -0.268318	            0.000000	           -0.240763	           -0.077173	           -2.252124	           -0.009475	            0.000000	            0.000000	            0.000000	           -1.190000	            0.000000	           -0.401499	            0.000000	            0.000000	            0.000000
            0.298000	           47.621052	         1288.710416	           10.210635	           -0.267290	            0.000000	           -0.240634	           -0.092816	           -2.407756	           -0.012066	            0.000000	            0.000000	            0.000000	           -1.190000	            0.000000	           -0.401499	            0.000000	            0.000000	            0.000000
            0.299000	           53.145012	         1289.454559	           10.114659	           -0.266325	            0.000000	           -0.240529	           -0.109387	           -2.553695	           -0.014969	            0.000000	            0.000000	            0.000000	           -1.190000	            0.000000	           -0.401499	            0.000000	            0.000000	            0.000000
            0.300000	           58.876476	         1289.927435	           10.221861	           -0.265415	            0.000000	           -0.240448	           -0.126797	           -2.689178	           -0.018185	            0.000000	            0.000000	            0.000000	           -1.190000	            0.000000	           -0.401499	            0.000000	            0.000000	            0.000000
            0.301000	           64.803716	         1290.105198	           10.549323	           -0.264552	            0.000000	           -0.240387	           -0.144960	           -2.813721	           -0.021713	            0.000000	            0.000000	            0.000000	           -1.190000	            0.000000	           -0.401499	            0.000000	            0.000000	            0.000000
            0.302000	           70.910609	         1289.964452	           11.106941	           -0.263727	            0.000000	           -0.240345	           -0.163800	           -2.927135	           -0.025549	            0.000000	            0.000000	            0.000000	           -1.190000	            0.000000	           -0.401499	            0.000000	            0.000000	            0.000000
            0.303000	           77.177090	         1289.482917	           11.897298	           -0.262933	            0.000000	           -0.240318	           -0.183248	           -3.029517	           -0.029690	            0.000000	            0.000000	            0.000000	           -1.190000	            0.000000	           -0.401499	            0.000000	            0.000000	            0.000000
            0.304000	           83.579805	         1288.639999	           12.915868	           -0.262165	            0.000000	           -0.240305	           -0.203248	           -3.121244	           -0.034128	            0.000000	            0.000000	            0.000000	           -1.190000	            0.000000	           -0.401499	            0.000000	            0.000000	            0.000000
            0.305000	           90.092905	         1287.417263	           14.151506	           -0.261420	            0.000000	           -0.240303	           -0.223753	           -3.202942	           -0.038852	            0.000000	            0.000000	            0.000000	           -1.190000	            0.000000	           -0.401499	            0.000000	            0.000000	            0.000000
            0.306000	           96.688965	         1285.798776	           15.587201	           -0.260694	            0.000000	           -0.240310	           -0.244730	           -3.275453	           -0.043851	            0.000000	            0.000000	            0.000000	           -1.190000	            0.000000	           -0.401499	            0.000000	            0.000000	            0.000000
            0.307000	          103.339969	         1283.771329	           17.201028	           -0.259984	            0.000000	           -0.240324	           -0.266159	           -3.339798	           -0.049110	            0.000000	            0.000000	            0.000000	           -1.190000	            0.000000	           -0.401499	            0.000000	            0.000000	            0.000000
            0.308000	          110.018306	         1281.324526	           18.967259	           -0.259284	            0.000000	           -0.240344	           -0.288037	           -3.397126	           -0.054611	            0.000000	            0.000000	            0.000000	           -1.190000	            0.000000	           -0.401499	            0.000000	            0.000000	            0.000000
            0.309000	          116.697727	         1278.450756	           20.857558	           -0.258595	            0.000000	           -0.240369	           -0.310372	           -3.448673	           -0.060338	            0.000000	            0.000000	            0.000000	           -1.190000	            0.000000	           -0.401499	            0.000000	            0.000000	            0.000000
            0.310000	          123.354206	         1275.145061	           22.842206	           -0.257915	            0.000000	           -0.240397	           -0.333190	           -3.495717	           -0.066274	            0.000000	            0.000000	            0.000000	           -1.190000	            0.000000	           -0.401499	            0.000000	            0.000000	            0.000000
            0.311000	          129.966644	         1271.404916	           24.891299	           -0.257247	            0.000000	           -0.240429	           -0.356533	           -3.539536	           -0.072403	            0.000000	            0.000000	            0.000000	           -1.190000	            0.000000	           -0.401499	            0.000000	            0.000000	            0.000000
            0.312000	          136.517405	         1267.229951	           26.975863	           -0.256593	            0.000000	           -0.240464	           -0.380456	           -3.581370	           -0.078714	            0.000000	            0.000000	            0.000000	           -1.190000	            0.000000	           -0.401499	            0.000000	            0.000000	            0.000000
            0.313000	          142.992634	         1262.621636	           29.068835	           -0.255956	            0.000000	           -0.240500	           -0.405030	           -3.622392	           -0.085198	            0.000000	            0.000000	            0.000000	           -1.190000	            0.000000	           -0.401499	            0.000000	            0.000000	            0.000000
            0.314000	          149.382345	         1257.582950	           31.145884	           -0.255339	            0.000000	           -0.240535	           -0.430338	           -3.663676	           -0.091850	            0.000000	            0.000000	            0.000000	           -1.190000	            0.000000	           -0.401499	            0.000000	            0.000000	            0.000000
            0.315000	          155.680310	         1252.118056	           33.186037	           -0.254741	            0.000000	           -0.240570	           -0.456477	           -3.706182	           -0.098673	            0.000000	            0.000000	            0.000000	           -1.190000	            0.000000	           -0.401499	            0.000000	            0.000000	            0.000000
            0.316000	          161.883728	         1246.231999	           35.172094	           -0.254161	            0.000000	           -0.240602	           -0.483550	           -3.750742	           -0.105674	            0.000000	            0.000000	            0.000000	           -1.190000	            0.000000	           -0.401499	            0.000000	            0.000000	            0.000000
            0.317000	          167.992729	         1239.930435	           37.090835	           -0.253597	            0.000000	           -0.240634	           -0.511669	           -3.798046	           -0.112866	            0.000000	            0.000000	            0.000000	           -1.190000	            0.000000	           -0.401499	            0.000000	            0.000000	            0.000000
            0.318000	          174.009749	         1233.219393	           38.933026	           -0.253045	            0.000000	           -0.240666	           -0.540949	           -3.848641	           -0.120269	            0.000000	            0.000000	            0.000000	           -1.190000	            0.000000	           -0.401499	            0.000000	            0.000000	            0.000000
            0.319000	          179.938805	         1226.105086	           40.693231	           -0.252505	            0.000000	           -0.240700	           -0.571507	           -3.902933	           -0.127904	            0.000000	            0.000000	            0.000000	           -1.190000	            0.000000	           -0.401499	            0.000000	            0.000000	            0.000000
            0.320000	          185.784742	         1218.593746	           42.369470	           -0.251978	            0.000000	           -0.240736	           -0.603456	           -3.961187	           -0.135801	            0.000000	            0.000000	            0.000000	           -1.190000	            0.000000	           -0.401499	            0.000000	            0.000000	            0.000000
            0.321000	          191.552474	         1210.691493	           43.962738	           -0.251467	            0.000000	           -0.240774	           -0.636905	           -4.023541	           -0.143987	            0.000000	            0.000000	            0.000000	           -1.190000	            0.000000	           -0.401499	            0.000000	            0.000000	            0.000000
            0.322000	          197.246280	         1202.404223	           45.476433	           -0.250976	            0.000000	           -0.240813	           -0.671954	           -4.090011	           -0.152493	            0.000000	            0.000000	            0.000000	           -1.190000	            0.000000	           -0.401499	            0.000000	            0.000000	            0.000000
            0.323000	          202.869179	         1193.737516	           46.915728	           -0.250508	            0.000000	           -0.240852	           -0.708693	           -4.160504	           -0.161350	            0.000000	            0.000000	            0.000000	           -1.190000	            0.000000	           -0.401499	            0.000000	            0.000000	            0.000000
            0.324000	          208.422424	         1184.696542	           48.286912	           -0.250062	            0.000000	           -0.240892	           -0.747198	           -4.234838	           -0.170582	            0.000000	            0.000000	            0.000000	           -1.190000	            0.000000	           -0.401499	            0.000000	            0.000000	            0.000000
            0.325000	          213.905119	         1175.285972	           49.596759	           -0.249635	            0.000000	           -0.240932	           -0.787529	           -4.312750	           -0.180214	            0.000000	            0.000000	            0.000000	           -1.190000	            0.000000	           -0.401499	            0.000000	            0.000000	            0.000000
            0.326000	          219.313977	         1165.509885	           50.851935	           -0.249223	            0.000000	           -0.240971	           -0.829735	           -4.393919	           -0.190262	            0.000000	            0.000000	            0.000000	           -1.190000	            0.000000	           -0.401499	            0.000000	            0.000000	            0.000000
            0.327000	          224.643210	         1155.371671	           52.058475	           -0.248824	            0.000000	           -0.241013	           -0.873843	           -4.477977	           -0.200737	            0.000000	            0.000000	            0.000000	           -1.190000	            0.000000	           -0.401499	            0.000000	            0.000000	            0.000000
            0.328000	          229.884551	         1144.873932	           53.221361	           -0.248436	            0.000000	           -0.241056	           -0.919866	           -4.564526	           -0.211640	            0.000000	            0.000000	            0.000000	           -1.190000	            0.000000	           -0.401499	            0.000000	            0.000000	            0.000000
            0.329000	          235.027380	         1134.018377	           54.344209	           -0.248059	            0.000000	           -0.241102	           -0.967799	           -4.653151	           -0.222964	            0.000000	            0.000000	            0.000000	           -1.190000	            0.000000	           -0.401499	            0.000000	            0.000000	            0.000000
            0.330000	          240.058940	         1122.805733	           55.429063	           -0.247695	            0.000000	           -0.241150	           -1.017621	           -4.743432	           -0.234696	            0.000000	            0.000000	            0.000000	           -1.190000	            0.000000	           -0.401499	            0.000000	            0.000000	            0.000000
            0.331000	          244.964609	         1111.235655	           56.476313	           -0.247343	            0.000000	           -0.241200	           -1.069295	           -4.834950	           -0.246809	            0.000000	            0.000000	            0.000000	           -1.190000	            0.000000	           -0.401499	            0.000000	            0.000000	            0.000000
            0.332000	          249.728217	         1099.306673	           57.484724	           -0.247008	            0.000000	           -0.241249	           -1.122764	           -4.927298	           -0.259273	            0.000000	            0.000000	            0.000000	           -1.190000	            0.000000	           -0.401499	            0.000000	            0.000000	            0.000000
            0.333000	          254.332371	         1087.016150	           58.451560	           -0.246690	            0.000000	           -0.241297	           -1.177958	           -5.020084	           -0.272047	            0.000000	            0.000000	            0.000000	           -1.190000	            0.000000	           -0.401499	            0.000000	            0.000000	            0.000000
            0.334000	          258.758779	         1074.360287	           59.372792	           -0.246390	            0.000000	           -0.241342	           -1.234788	           -5.112926	           -0.285083	            0.000000	            0.000000	            0.000000	           -1.190000	            0.000000	           -0.401499	            0.000000	            0.000000	            0.000000
            0.335000	          262.988541	         1061.334160	           60.243379	           -0.246106	            0.000000	           -0.241384	           -1.293149	           -5.205457	           -0.298330	            0.000000	            0.000000	            0.000000	           -1.190000	            0.000000	           -0.401499	            0.000000	            0.000000	            0.000000
            0.336000	          267.002424	         1047.931796	           61.057579	           -0.245833	            0.000000	           -0.241422	           -1.352918	           -5.297321	           -0.311731	            0.000000	            0.000000	            0.000000	           -1.190000	            0.000000	           -0.401499	            0.000000	            0.000000	            0.000000
            0.337000	          270.781084	         1034.146301	           61.809295	           -0.245567	            0.000000	           -0.241454	           -1.413954	           -5.388163	           -0.325227	            0.000000	            0.000000	            0.000000	           -1.190000	            0.000000	           -0.401499	            0.000000	            0.000000	            0.000000
            0.338000	          274.305264	         1019.970022	           62.492418	           -0.245304	            0.000000	           -0.241481	           -1.476097	           -5.477630	           -0.338761	            0.000000	            0.000000	            0.000000	           -1.190000	            0.000000	           -0.401499	            0.000000	            0.000000	            0.000000
            0.339000	          277.555948	         1005.394740	           63.101150	           -0.245043	            0.000000	           -0.241501	           -1.539172	           -5.565359	           -0.352275	            0.000000	            0.000000	            0.000000	           -1.190000	            0.000000	           -0.401499	            0.000000	            0.000000	            0.000000
            0.340000	          280.514501	          990.411910	           63.630300	           -0.244783	            0.000000	           -0.241511	           -1.602985	           -5.650977	           -0.365713	            0.000000	            0.000000	            0.000000	           -1.190000	            0.000000	           -0.401499	            0.000000	            0.000000	            0.000000
            0.341000	          283.162784	          975.012920	           64.075531	           -0.244524	            0.000000	           -0.241509	           -1.667325	           -5.734095	           -0.379027	            0.000000	            0.000000	            0.000000	           -1.190000	            0.000000	           -0.401499	            0.000000	            0.000000	            0.000000
            0.342000	          285.483266	          959.189370	           64.433552	           -0.244269	            0.000000	           -0.241494	           -1.731972	           -5.814309	           -0.392175	            0.000000	            0.000000	            0.000000	           -1.190000	            0.000000	           -0.401499	            0.000000	            0.000000	            0.000000
            0.343000	          287.459146	          942.933378	           64.702251	           -0.244020	            0.000000	           -0.241462	           -1.796691	           -5.891195	           -0.405122	            0.000000	            0.000000	            0.000000	           -1.190000	            0.000000	           -0.401499	            0.000000	            0.000000	            0.000000
            0.344000	          289.074473	          926.237894	           64.880769	           -0.243776	            0.000000	           -0.241414	           -1.861246	           -5.964318	           -0.417843	            0.000000	            0.000000	            0.000000	           -1.190000	            0.000000	           -0.401499	            0.000000	            0.000000	            0.000000
            0.345000	          290.314297	          909.097027	           64.969509	           -0.243534	            0.000000	           -0.241349	           -1.925395	           -6.033236	           -0.430325	            0.000000	            0.000000	            0.000000	           -1.190000	            0.000000	           -0.401499	            0.000000	            0.000000	            0.000000
            0.346000	          291.164828	          891.506382	           64.970099	           -0.243292	            0.000000	           -0.241270	           -1.988903	           -6.097504	           -0.442568	            0.000000	            0.000000	            0.000000	           -1.190000	            0.000000	           -0.401499	            0.000000	            0.000000	            0.000000
            0.347000	          291.613615	          873.463405	           64.885296	           -0.243051	            0.000000	           -0.241177	           -2.051543	           -6.156689	           -0.454583	            0.000000	            0.000000	            0.000000	           -1.190000	            0.000000	           -0.401499	            0.000000	            0.000000	            0.000000
            0.348000	          291.649739	          854.967734	           64.718857	           -0.242814	            0.000000	           -0.241073	           -2.113103	           -6.210374	           -0.466393	            0.000000	            0.000000	            0.000000	           -1.190000	            0.000000	           -0.401499	            0.000000	            0.000000	            0.000000
            0.349000	          291.264014	          836.021556	           64.475383	           -0.242583	            0.000000	           -0.240958	           -2.173390	           -6.258173	           -0.478036	            0.000000	            0.000000	            0.000000	           -1.190000	            0.000000	           -0.401499	            0.000000	            0.000000	            0.000000
            0.350000	          290.449184	          816.629963	           64.160130	           -0.242358	            0.000000	           -0.240831	           -2.232237	           -6.299739	           -0.489561	            0.000000	            0.000000	            0.000000	           -1.190000	            0.000000	           -0.401499	            0.000000	            0.000000	            0.000000
            0.351000	          289.200105	          796.801314	           63.778823	           -0.242138	            0.000000	           -0.240689	           -2.289498	           -6.334774	           -0.501028	            0.000000	            0.000000	            0.000000	           -1.190000	            0.000000	           -0.401499	            0.000000	            0.000000	            0.000000
            0.352000	          287.513917	          776.547581	           63.337455	           -0.241918	            0.000000	           -0.240527	           -2.345059	           -6.363035	           -0.512505	            0.000000	            0.000000	            0.000000	           -1.190000	            0.000000	           -0.401499	            0.000000	            0.000000	            0.000000
            0.353000	          285.390168	          755.884686	           62.842101	           -0.241698	            0.000000	           -0.240342	           -2.398829	           -6.384338	           -0.524070	            0.000000	            0.000000	            0.000000	           -1.190000	            0.000000	           -0.401499	            0.000000	            0.000000	            0.000000
            0.354000	          282.830914	          734.832811	           62.298736	           -0.241478	            0.000000	           -0.240130	           -2.450742	           -6.398562	           -0.535800	            0.000000	            0.000000	            0.000000	           -1.190000	            0.000000	           -0.401499	            0.000000	            0.000000	            0.000000
            0.355000	          279.840769	          713.416672	           61.713080	           -0.241255	            0.000000	           -0.239885	           -2.500749	           -6.405649	           -0.547776	            0.000000	            0.000000	            0.000000	           -1.190000	            0.000000	           -0.401499	            0.000000	            0.000000	            0.000000
            0.356000	          276.426898	          691.665739	           61.090452	           -0.241025	            0.000000	           -0.239604	           -2.548816	           -6.405599	           -0.560075	            0.000000	            0.000000	            0.000000	           -1.190000	            0.000000	           -0.401499	            0.000000	            0.000000	            0.000000
            0.357000	          272.598975	          669.614391	           60.435662	           -0.240781	            0.000000	           -0.239286	           -2.594911	           -6.398466	           -0.572768	            0.000000	            0.000000	            0.000000	           -1.190000	            0.000000	           -0.401499	            0.000000	            0.000000	            0.000000
            0.358000	          268.369082	          647.301986	           59.752913	           -0.240511	            0.000000	           -0.238929	           -2.638999	           -6.384355	           -0.585914	            0.000000	            0.000000	            0.000000	           -1.190000	            0.000000	           -0.401499	            0.000000	            0.000000	            0.000000
            0.359000	          263.751575	          624.772825	           59.045743	           -0.240209	            0.000000	           -0.238533	           -2.681031	           -6.363411	           -0.599559	            0.000000	            0.000000	            0.000000	           -1.190000	            0.000000	           -0.401499	            0.000000	            0.000000	            0.000000
            0.360000	          258.762906	          602.076013	           58.316974	           -0.239870	            0.000000	           -0.238097	           -2.720935	           -6.335813	           -0.613728	            0.000000	            0.000000	            0.000000	           -1.190000	            0.000000	           -0.401499	            0.000000	            0.000000	            0.000000
            0.361000	          253.421432	          579.265173	           57.568695	           -0.239497	            0.000000	           -0.237623	           -2.758612	           -6.301766	           -0.628430	            0.000000	            0.000000	            0.000000	           -1.190000	            0.000000	           -0.401499	            0.000000	            0.000000	            0.000000
            0.362000	          247.747199	          556.398043	           56.802263	           -0.239099	            0.000000	           -0.237111	           -2.793924	           -6.261499	           -0.643646	            0.000000	            0.000000	            0.000000	           -1.190000	            0.000000	           -0.401499	            0.000000	            0.000000	            0.000000
            0.363000	          241.761733	          533.535916	           56.018312	           -0.238690	            0.000000	           -0.236561	           -2.826694	           -6.215256	           -0.659336	            0.000000	            0.000000	            0.000000	           -1.190000	            0.000000	           -0.401499	            0.000000	            0.000000	            0.000000
            0.364000	          235.487834	          510.742954	           55.216794	           -0.238280	            0.000000	           -0.235970	           -2.856703	           -6.163295	           -0.675432	            0.000000	            0.000000	            0.000000	           -1.190000	            0.000000	           -0.401499	            0.000000	            0.000000	            0.000000
            0.365000	          228.949392	          488.085382	           54.397016	           -0.237876	            0.000000	           -0.235337	           -2.883695	           -6.105892	           -0.691844	            0.000000	            0.000000	            0.000000	           -1.190000	            0.000000	           -0.401499	            0.000000	            0.000000	            0.000000
            0.366000	          222.171234	          465.630556	           53.557706	           -0.237483	            0.000000	           -0.234660	           -2.907381	           -6.043337	           -0.708461	            0.000000	            0.000000	            0.000000	           -1.190000	            0.000000	           -0.401499	            0.000000	            0.000000	            0.000000
            0.367000	          215.178992	          443.445969	           52.697080	           -0.237101	            0.000000	           -0.233937	           -2.927450	           -5.975946	           -0.725151	            0.000000	            0.000000	            0.000000	           -1.190000	            0.000000	           -0.401499	            0.000000	            0.000000	            0.000000
            0.368000	          207.999017	          421.598190	           51.812934	           -0.236725	            0.000000	           -0.233169	           -2.943583	           -5.904062	           -0.741773	            0.000000	            0.000000	            0.000000	           -1.190000	            0.000000	           -0.401499	            0.000000	            0.000000	            0.000000
            0.369000	          200.658321	          400.151781	           50.902741	           -0.236344	            0.000000	           -0.232353	           -2.955469	           -5.828071	           -0.758177	            0.000000	            0.000000	            0.000000	           -1.190000	            0.000000	           -0.401499	            0.000000	            0.000000	            0.000000
            0.370000	          193.184539	          379.168244	           49.963765	           -0.235939	            0.000000	           -0.231487	           -2.962830	           -5.748408	           -0.774216	            0.000000	            0.000000	            0.000000	           -1.190000	            0.000000	           -0.401499	            0.000000	            0.000000	            0.000000
            0.371000	          185.605912	          358.705007	           48.993192	           -0.235497	            0.000000	           -0.230565	           -2.965435	           -5.665568	           -0.789752	            0.000000	            0.000000	            0.000000	           -1.190000	            0.000000	           -0.401499	            0.000000	            0.000000	            0.000000
            0.372000	          177.951277	          338.814512	           47.988267	           -0.235010	            0.000000	           -0.229576	           -2.963132	           -5.580119	           -0.804669	            0.000000	            0.000000	            0.000000	           -1.190000	            0.000000	           -0.401499	            0.000000	            0.000000	            0.000000
            0.373000	          170.250043	          319.543424	           46.946452	           -0.234475	            0.000000	           -0.228513	           -2.955864	           -5.492707	           -0.818878	            0.000000	            0.000000	            0.000000	           -1.190000	            0.000000	           -0.401499	            0.000000	            0.000000	            0.000000
            0.374000	          162.532138	          300.931994	           45.865580	           -0.233899	            0.000000	           -0.227367	           -2.943696	           -5.404066	           -0.832332	            0.000000	            0.000000	            0.000000	           -1.190000	            0.000000	           -0.401499	            0.000000	            0.000000	            0.000000
            0.375000	          154.827928	          283.013597	           44.744020	           -0.233291	            0.000000	           -0.226131	           -2.926829	           -5.315017	           -0.845029	            0.000000	            0.000000	            0.000000	           -1.190000	            0.000000	           -0.401499	            0.000000	            0.000000	            0.000000
            0.376000	          147.168082	          265.814472	           43.580830	           -0.232663	            0.000000	           -0.224802	           -2.905616	           -5.226465	           -0.857026	            0.000000	            0.000000	            0.000000	           -1.190000	            0.000000	           -0.401499	            0.000000	            0.000000	            0.000000
            0.377000	          139.583373	          249.353644	           42.375904	           -0.232029	            0.000000	           -0.223381	           -2.880572	           -5.139395	           -0.868440	            0.000000	            0.000000	            0.000000	           -1.190000	            0.000000	           -0.401499	            0.000000	            0.000000	            0.000000
            0.378000	          132.104427	          233.643058	           41.130096	           -0.231407	            0.000000	           -0.221870	           -2.852377	           -5.054857	           -0.879453	            0.000000	            0.000000	            0.000000	           -1.190000	            0.000000	           -0.401499	            0.000000	            0.000000	            0.000000
            0.379000	          124.761409	          218.687876	           39.845314	           -0.230812	            0.000000	           -0.220275	           -2.821868	           -4.973944	           -0.890311	            0.000000	            0.000000	            0.000000	           -1.190000	            0.000000	           -0.401499	            0.000000	            0.000000	            0.000000
            0.380000	          117.583653	          204.486949	           38.524582	           -0.230257	            0.000000	           -0.218598	           -2.790032	           -4.897776	           -0.901324	            0.000000	            0.000000	            0.000000	           -1.190000	            0.000000	           -0.401499	            0.000000	            0.000000	            0.000000
            0.381000	          110.599253	          191.033411	           37.172056	           -0.229752	            0.000000	           -0.216836	           -2.757986	           -4.827461	           -0.912860	            0.000000	            0.000000	            0.000000	           -1.190000	            0.000000	           -0.401499	            0.000000	            0.000000	            0.000000
            0.382000	          103.834631	          178.315373	           35.792994	           -0.229302	            0.000000	           -0.214981	           -2.726952	           -4.764070	           -0.925328	            0.000000	            0.000000	            0.000000	           -1.190000	            0.000000	           -0.401499	            0.000000	            0.000000	            0.000000
            0.383000	           97.314096	          166.316666	           34.393680	           -0.228906	            0.000000	           -0.213024	           -2.698227	           -4.708596	           -0.939174	            0.000000	            0.000000	            0.000000	           -1.190000	            0.000000	           -0.401499	            0.000000	            0.000000	            0.000000
            0.384000	           91.059421	          155.017610	           32.981297	           -0.228558	            0.000000	           -0.210956	           -2.673145	           -4.661916	           -0.954854	            0.000000	            0.000000	            0.000000	           -1.190000	            0.000000	           -0.401499	            0.000000	            0.000000	            0.000000
            0.385000	           85.089455	          144.395755	           31.563758	           -0.228243	            0.000000	           -0.208774	           -2.653036	           -4.624755	           -0.972823	            0.000000	            0.000000	            0.000000	           -1.190000	            0.000000	           -0.401499	            0.000000	            0.000000	            0.000000
            0.386000	           79.419789	          134.426577	           30.149494	           -0.227936	            0.000000	           -0.206473	           -2.639186	           -4.597639	           -0.993506	            0.000000	            0.000000	            0.000000	           -1.190000	            0.000000	           -0.401499	            0.000000	            0.000000	            0.000000
            0.387000	           74.062495	          125.084081	           28.747219	           -0.227614	            0.000000	           -0.204052	           -2.632790	           -4.580866	           -1.017273	            0.000000	            0.000000	            0.000000	           -1.190000	            0.000000	           -0.401499	            0.000000	            0.000000	            0.000000
            0.388000	           69.025943	          116.341309	           27.365671	           -0.227275	            0.000000	           -0.201514	           -2.634905	           -4.574466	           -1.044418	            0.000000	            0.000000	            0.000000	           -1.190000	            0.000000	           -0.401499	            0.000000	            0.000000	            0.000000
            0.389000	           64.314709	          108.170738	           26.013342	           -0.226938	            0.000000	           -0.198869	           -2.646406	           -4.578171	           -1.075131	            0.000000	            0.000000	            0.000000	           -1.190000	            0.000000	           -0.401499	            0.000000	            0.000000	            0.000000
            0.390000	           59.929560	          100.544563	           24.698209	           -0.226639	            0.000000	           -0.196127	           -2.667943	           -4.591388	           -1.109474	            0.000000	            0.000000	            0.000000	           -1.190000	            0.000000	           -0.401499	            0.000000	            0.000000	            0.000000
            0.391000	           55.867520	           93.434873	           23.427481	           -0.226414	            0.000000	           -0.193284	           -2.699895	           -4.613183	           -1.147357	            0.000000	            0.000000	            0.000000	           -1.190000	            0.000000	           -0.401499	            0.000000	            0.000000	            0.000000
            0.392000	           52.122013	           86.813746	           22.207362	           -0.226302	            0.000000	           -0.190301	           -2.742337	           -4.642266	           -1.188523	            0.000000	            0.000000	            0.000000	           -1.190000	            0.000000	           -0.401499	            0.000000	            0.000000	            0.000000
            0.393000	           48.683048	           80.653270	           21.042849	           -0.226337	            0.000000	           -0.187093	           -2.795001	           -4.676992	           -1.232531	            0.000000	            0.000000	            0.000000	           -1.190000	            0.000000	           -0.401499	            0.000000	            0.000000	            0.000000
            0.394000	           45.537468	           74.925527	           19.937563	           -0.226536	            0.000000	           -0.183551	           -2.857249	           -4.715364	           -1.278747	            0.000000	            0.000000	            0.000000	           -1.190000	            0.000000	           -0.401499	            0.000000	            0.000000	            0.000000
            0.395000	           42.669220	           69.602561	           18.893633	           -0.226878	            0.000000	           -0.179570	           -2.928048	           -4.755057	           -1.326344	            0.000000	            0.000000	            0.000000	           -1.190000	            0.000000	           -0.401499	            0.000000	            0.000000	            0.000000
            0.396000	           40.059668	           64.656364	           17.911618	           -0.227321	            0.000000	           -0.175092	           -3.005960	           -4.793452	           -1.374303	            0.000000	            0.000000	            0.000000	           -1.190000	            0.000000	           -0.401499	            0.000000	            0.000000	            0.000000
            0.397000	           37.687931	           60.058889	           16.990501	           -0.227826	            0.000000	           -0.170140	           -3.089138	           -4.827676	           -1.421433	            0.000000	            0.000000	            0.000000	           -1.190000	            0.000000	           -0.401499	            0.000000	            0.000000	            0.000000
            0.398000	           35.531258	           55.782126	           16.127726	           -0.228387	            0.000000	           -0.164826	           -3.175338	           -4.854671	           -1.466389	            0.000000	            0.000000	            0.000000	           -1.190000	            0.000000	           -0.401499	            0.000000	            0.000000	            0.000000
            0.399000	           33.565432	           51.798240	           15.319306	           -0.229017	            0.000000	           -0.159345	           -3.261942	           -4.871264	           -1.507705	            0.000000	            0.000000	            0.000000	           -1.190000	            0.000000	           -0.401499	            0.000000	            0.000000	            0.000000
            0.400000	           31.765226	           48.079784	           14.559983	           -0.229726	            0.000000	           -0.153937	           -3.346005	           -4.874262	           -1.543839	            0.000000	            0.000000	            0.000000	           -1.190000	            0.000000	           -0.401499	            0.000000	            0.000000	            0.000000
            0.401000	           30.104902	           44.599976	           13.843453	           -0.230520	            0.000000	           -0.148847	           -3.424320	           -4.860549	           -1.573222	            0.000000	            0.000000	            0.000000	           -1.190000	            0.000000	           -0.401499	            0.000000	            0.000000	            0.000000
            0.402000	           28.558759	           41.333051	           13.162632	           -0.231401	            0.000000	           -0.144275	           -3.493501	           -4.827201	           -1.594315	            0.000000	            0.000000	            0.000000	           -1.190000	            0.000000	           -0.401499	            0.000000	            0.000000	            0.000000
            0.403000	           27.101721	           38.254641	           12.509976	           -0.232364	            0.000000	           -0.140367	           -3.550084	           -4.771602	           -1.605676	            0.000000	            0.000000	            0.000000	           -1.190000	            0.000000	           -0.401499	            0.000000	            0.000000	            0.000000
            0.404000	           25.709960	           35.342196	           11.877820	           -0.233392	            0.000000	           -0.137223	           -3.590653	           -4.691564	           -1.606030	            0.000000	            0.000000	            0.000000	           -1.190000	            0.000000	           -0.401499	            0.000000	            0.000000	            0.000000
            0.405000	           24.361526	           32.575390	           11.258742	           -0.234445	            0.000000	           -0.134894	           -3.611969	           -4.585444	           -1.594334	            0.000000	            0.000000	            0.000000	           -1.190000	            0.000000	           -0.401499	            0.000000	            0.000000	            0.000000
            0.406000	           23.036961	           29.936513	           10.645923	           -0.235460	            0.000000	           -0.133378	           -3.611118	           -4.452244	           -1.569845	            0.000000	            0.000000	            0.000000	           -1.190000	            0.000000	           -0.401499	            0.000000	            0.000000	            0.000000
            0.407000	           21.719869	           27.410790	           10.033486	           -0.236360	            0.000000	           -0.132615	           -3.585653	           -4.291703	           -1.532177	            0.000000	            0.000000	            0.000000	           -1.190000	            0.000000	           -0.401499	            0.000000	            0.000000	            0.000000
            0.408000	           20.397409	           24.986632	            9.416796	           -0.237081	            0.000000	           -0.132500	           -3.533733	           -4.104360	           -1.481349	            0.000000	            0.000000	            0.000000	           -1.190000	            0.000000	           -0.401499	            0.000000	            0.000000	            0.000000
            0.409000	           19.060666	           22.655767	            8.792703	           -0.237582	            0.000000	           -0.132897	           -3.454242	           -3.891586	           -1.417810	            0.000000	            0.000000	            0.000000	           -1.190000	            0.000000	           -0.401499	            0.000000	            0.000000	            0.000000
            0.410000	           17.704882	           20.413245	            8.159712	           -0.237841	            0.000000	           -0.133663	           -3.346893	           -3.655586	           -1.342453	            0.000000	            0.000000	            0.000000	           -1.190000	            0.000000	           -0.401499	            0.000000	            0.000000	            0.000000
            0.411000	           16.329514	           18.257313	            7.518063	           -0.237833	            0.000000	           -0.134650	           -3.212289	           -3.399359	           -1.256597	            0.000000	            0.000000	            0.000000	           -1.190000	            0.000000	           -0.401499	            0.000000	            0.000000	            0.000000
            0.412000	           14.938102	           16.189135	            6.869716	           -0.237529	            0.000000	           -0.135734	           -3.051955	           -3.126620	           -1.161949	            0.000000	            0.000000	            0.000000	           -1.190000	            0.000000	           -0.401499	            0.000000	            0.000000	            0.000000
            0.413000	           13.537947	           14.212380	            6.218239	           -0.236934	            0.000000	           -0.136844	           -2.868317	           -2.841683	           -1.060543	            0.000000	            0.000000	            0.000000	           -1.190000	            0.000000	           -0.401499	            0.000000	            0.000000	            0.000000
            0.414000	           12.139599	           12.332696	            5.568603	           -0.236934	            0.000000	           -0.136844	           -2.664644	           -2.549309	           -0.954651	            0.000000	            0.000000	            0.000000	           -1.190000	            0.000000	           -0.401499	            0.000000	            0.000000	            0.000000
            0.415000	           10.756188	           10.557075	            4.926892	           -0.236934	            0.000000	           -0.136844	           -2.444938	           -2.254526	           -0.846680	            0.000000	            0.000000	            0.000000	           -1.190000	            0.000000	           -0.401499	            0.000000	            0.000000	            0.000000
            0.416000	            0.000000	            0.000000	            0.000000	           -0.450000	            0.000000	           -0.300000	            0.000000	            0.000000	            0.000000	            0.000000	            0.000000	            0.000000	           -1.190000	            0.000000	           -0.401499	            0.000000	            0.000000	            0.000000
            0.417000	            0.000000	            0.000000	            0.000000	           -0.450000	            0.000000	           -0.300000	            0.000000	            0.000000	            0.000000	            0.000000	            0.000000	            0.000000	           -1.190000	            0.000000	           -0.401499	            0.000000	            0.000000	            0.000000
            0.418000	            0.000000	            0.000000	            0.000000	           -0.450000	            0.000000	           -0.300000	            0.000000	            0.000000	            0.000000	            0.000000	            0.000000	            0.000000	           -1.190000	            0.000000	           -0.401499	            0.000000	            0.000000	            0.000000
            0.419000	            0.000000	            0.000000	            0.000000	           -0.450000	            0.000000	           -0.300000	            0.000000	            0.000000	            0.000000	            0.000000	            0.000000	            0.000000	           -1.190000	            0.000000	           -0.401499	            0.000000	            0.000000	            0.000000
            0.420000	            0.000000	            0.000000	            0.000000	           -0.450000	            0.000000	           -0.300000	            0.000000	            0.000000	            0.000000	            0.000000	            0.000000	            0.000000	           -1.190000	            0.000000	           -0.401499	            0.000000	            0.000000	            0.000000
