name=P4 pr2 07_force.mot
nRows=426
nColumns=19
range=0.000000 0.425000
endheader
time	1_force_vx	1_force_vy	1_force_vz	1_force_px	1_force_py	1_force_pz	1_torque_x	1_torque_y	1_torque_z	2_force_vx	2_force_vy	2_force_vz	2_force_px	2_force_py	2_force_pz	2_torque_x	2_torque_y	2_torque_z
            0.000000	            0.000000	            0.000000	            0.000000	           -0.450000	            0.000000	           -0.300000	            0.000000	            0.000000	            0.000000	            0.000000	            0.000000	            0.000000	           -1.190000	            0.000000	           -0.383079	            0.000000	            0.000000	            0.000000
            0.001000	            0.000000	            0.000000	            0.000000	           -0.450000	            0.000000	           -0.300000	            0.000000	            0.000000	            0.000000	            0.000000	            0.000000	            0.000000	           -1.190000	            0.000000	           -0.383079	            0.000000	            0.000000	            0.000000
            0.002000	            0.000000	            0.000000	            0.000000	           -0.450000	            0.000000	           -0.300000	            0.000000	            0.000000	            0.000000	            0.000000	            0.000000	            0.000000	           -1.380363	            0.000000	           -0.398221	            0.000000	            0.000000	            0.000000
            0.003000	            0.000000	            0.000000	            0.000000	           -0.450000	            0.000000	           -0.300000	            0.000000	            0.000000	            0.000000	          -22.227962	           15.118032	           18.880586	           -1.380363	            0.000000	           -0.398221	            0.850282	           -1.245786	           -0.640636
            0.004000	            0.000000	            0.000000	            0.000000	           -0.450000	            0.000000	           -0.300000	            0.000000	            0.000000	            0.000000	          -26.441061	           28.314777	           20.253705	           -1.380363	            0.000000	           -0.398221	            0.865726	           -1.327159	           -0.602461
            0.005000	            0.000000	            0.000000	            0.000000	           -0.450000	            0.000000	           -0.300000	            0.000000	            0.000000	            0.000000	          -30.888818	           44.669618	           21.146598	           -1.364002	            0.000000	           -0.402069	            0.862913	           -1.369279	           -0.561046
            0.006000	            0.000000	            0.000000	            0.000000	           -0.450000	            0.000000	           -0.300000	            0.000000	            0.000000	            0.000000	          -35.567325	           64.464307	           21.485717	           -1.349407	            0.000000	           -0.404664	            0.842211	           -1.370121	           -0.517094
            0.007000	            0.000000	            0.000000	            0.000000	           -0.450000	            0.000000	           -0.300000	            0.000000	            0.000000	            0.000000	          -40.462923	           87.911660	           21.204430	           -1.336649	            0.000000	           -0.405833	            0.804547	           -1.328655	           -0.471442
            0.008000	            0.000000	            0.000000	            0.000000	           -0.450000	            0.000000	           -0.300000	            0.000000	            0.000000	            0.000000	          -45.550965	          115.141559	           20.246122	           -1.325577	            0.000000	           -0.405653	            0.751347	           -1.244924	           -0.425006
            0.009000	            0.000000	            0.000000	            0.000000	           -0.450000	            0.000000	           -0.300000	            0.000000	            0.000000	            0.000000	          -50.795021	          146.188933	           18.567253	           -1.315924	            0.000000	           -0.404383	            0.684457	           -1.120077	           -0.378738
            0.010000	            0.000000	            0.000000	            0.000000	           -0.450000	            0.000000	           -0.300000	            0.000000	            0.000000	            0.000000	          -56.146637	          180.984355	           16.140196	           -1.307419	            0.000000	           -0.402357	            0.606055	           -0.956383	           -0.333572
            0.011000	            0.000000	            0.000000	            0.000000	           -0.450000	            0.000000	           -0.300000	            0.000000	            0.000000	            0.000000	          -61.545733	          219.347900	           12.955721	           -1.299850	            0.000000	           -0.399917	            0.518554	           -0.757198	           -0.290379
            0.012000	            0.000000	            0.000000	            0.000000	           -0.450000	            0.000000	           -0.300000	            0.000000	            0.000000	            0.000000	          -66.921721	          260.986768	            9.024972	           -1.293075	            0.000000	           -0.397349	            0.424505	           -0.526900	           -0.249929
            0.013000	            0.000000	            0.000000	            0.000000	           -0.450000	            0.000000	           -0.300000	            0.000000	            0.000000	            0.000000	          -72.195353	          305.497066	            4.380798	           -1.286996	            0.000000	           -0.394849	            0.326503	           -0.270802	           -0.212849
            0.014000	            0.000000	            0.000000	            0.000000	           -0.450000	            0.000000	           -0.300000	            0.000000	            0.000000	            0.000000	          -77.281297	          352.370008	           -0.921633	           -1.281548	            0.000000	           -0.392537	            0.227102	            0.004971	           -0.179609
            0.015000	            0.000000	            0.000000	            0.000000	           -0.450000	            0.000000	           -0.300000	            0.000000	            0.000000	            0.000000	          -82.091352	          401.002563	           -6.805043	           -1.276687	            0.000000	           -0.390477	            0.128741	            0.293620	           -0.150500
            0.016000	            0.000000	            0.000000	            0.000000	           -0.450000	            0.000000	           -0.300000	            0.000000	            0.000000	            0.000000	          -86.538201	          450.712395	          -13.171074	           -1.272379	            0.000000	           -0.388698	            0.033683	            0.587833	           -0.125639
            0.017000	            0.000000	            0.000000	            0.000000	           -0.450000	            0.000000	           -0.300000	            0.000000	            0.000000	            0.000000	          -90.539527	          500.756716	          -19.902135	           -1.268590	            0.000000	           -0.387196	           -0.056032	            0.879952	           -0.104971
            0.018000	            0.000000	            0.000000	            0.000000	           -0.450000	            0.000000	           -0.300000	            0.000000	            0.000000	            0.000000	          -94.022284	          550.354446	          -26.864028	           -1.265282	            0.000000	           -0.385949	           -0.138618	            1.162154	           -0.088287
            0.019000	            0.000000	            0.000000	            0.000000	           -0.450000	            0.000000	           -0.300000	            0.000000	            0.000000	            0.000000	          -96.926901	          598.710878	          -33.909231	           -1.262409	            0.000000	           -0.384927	           -0.212562	            1.426631	           -0.075257
            0.020000	            0.000000	            0.000000	            0.000000	           -0.450000	            0.000000	           -0.300000	            0.000000	            0.000000	            0.000000	          -99.211173	          645.043861	          -40.880755	           -1.259924	            0.000000	           -0.384097	           -0.276628	            1.665773	           -0.065450
            0.021000	            0.000000	            0.000000	            0.000000	           -0.450000	            0.000000	           -0.300000	            0.000000	            0.000000	            0.000000	         -100.853595	          688.610408	          -47.616402	           -1.257775	            0.000000	           -0.383425	           -0.329851	            1.872344	           -0.058382
            0.022000	            0.000000	            0.000000	            0.000000	           -0.450000	            0.000000	           -0.300000	            0.000000	            0.000000	            0.000000	         -101.855943	          728.732559	          -53.953281	           -1.255913	            0.000000	           -0.382881	           -0.371522	            2.039651	           -0.053543
            0.023000	            0.000000	            0.000000	            0.000000	           -0.450000	            0.000000	           -0.300000	            0.000000	            0.000000	            0.000000	         -102.244900	          764.821306	          -59.732417	           -1.254295	            0.000000	           -0.382440	           -0.401168	            2.161706	           -0.050442
            0.024000	            0.000000	            0.000000	            0.000000	           -0.450000	            0.000000	           -0.300000	            0.000000	            0.000000	            0.000000	         -102.072627	          796.397504	          -64.803304	           -1.252881	            0.000000	           -0.382077	           -0.418526	            2.233372	           -0.048633
            0.025000	            0.000000	            0.000000	            0.000000	           -0.450000	            0.000000	           -0.300000	            0.000000	            0.000000	            0.000000	         -101.416177	          823.108753	          -69.028239	           -1.251636	            0.000000	           -0.381776	           -0.423515	            2.250497	           -0.047747
            0.026000	            0.000000	            0.000000	            0.000000	           -0.450000	            0.000000	           -0.300000	            0.000000	            0.000000	            0.000000	         -100.375780	          844.741500	          -72.286318	           -1.250533	            0.000000	           -0.381521	           -0.416216	            2.210022	           -0.047511
            0.027000	            0.000000	            0.000000	            0.000000	           -0.450000	            0.000000	           -0.300000	            0.000000	            0.000000	            0.000000	          -99.072034	          861.227785	          -74.476987	           -1.249548	            0.000000	           -0.381302	           -0.396842	            2.110083	           -0.047763
            0.028000	            0.000000	            0.000000	            0.000000	           -0.450000	            0.000000	           -0.300000	            0.000000	            0.000000	            0.000000	          -97.642116	          872.646354	          -75.523038	           -1.248658	            0.000000	           -0.381113	           -0.365725	            1.950078	           -0.048455
            0.029000	            0.000000	            0.000000	            0.000000	           -0.450000	            0.000000	           -0.300000	            0.000000	            0.000000	            0.000000	          -96.235191	          879.218141	          -75.372997	           -1.247844	            0.000000	           -0.380954	           -0.323300	            1.730714	           -0.049651
            0.030000	            0.000000	            0.000000	            0.000000	           -0.450000	            0.000000	           -0.300000	            0.000000	            0.000000	            0.000000	          -95.007212	          881.296378	          -74.002838	           -1.247084	            0.000000	           -0.380825	           -0.270095	            1.454021	           -0.051513
            0.031000	            0.000000	            0.000000	            0.000000	           -0.450000	            0.000000	           -0.300000	            0.000000	            0.000000	            0.000000	          -94.115333	          879.351868	          -71.416988	           -1.246356	            0.000000	           -0.380730	           -0.206732	            1.123348	           -0.054279
            0.032000	            0.000000	            0.000000	            0.000000	           -0.450000	            0.000000	           -0.300000	            0.000000	            0.000000	            0.000000	          -93.712196	          873.954167	          -67.648599	           -1.245633	            0.000000	           -0.380678	           -0.133927	            0.743306	           -0.058241
            0.033000	            0.000000	            0.000000	            0.000000	           -0.450000	            0.000000	           -0.300000	            0.000000	            0.000000	            0.000000	          -93.940297	          865.749588	          -62.759084	           -1.244885	            0.000000	           -0.380679	           -0.052489	            0.319692	           -0.063713
            0.034000	            0.000000	            0.000000	            0.000000	           -0.450000	            0.000000	           -0.300000	            0.000000	            0.000000	            0.000000	          -94.926696	          855.437064	          -56.836894	           -1.244074	            0.000000	           -0.380746	            0.036666	           -0.140634	           -0.070997
            0.035000	            0.000000	            0.000000	            0.000000	           -0.450000	            0.000000	           -0.300000	            0.000000	            0.000000	            0.000000	          -96.778240	          843.742975	          -49.995573	           -1.243158	            0.000000	           -0.380894	            0.132517	           -0.629903	           -0.080348
            0.036000	            0.000000	            0.000000	            0.000000	           -0.450000	            0.000000	           -0.300000	            0.000000	            0.000000	            0.000000	          -99.577506	          831.396027	          -42.371094	           -1.242089	            0.000000	           -0.381137	            0.233936	           -1.139631	           -0.091947
            0.037000	            0.000000	            0.000000	            0.000000	           -0.450000	            0.000000	           -0.300000	            0.000000	            0.000000	            0.000000	         -103.379580	          819.103228	          -34.118527	           -1.240815	            0.000000	           -0.381490	            0.339686	           -1.660849	           -0.105871
            0.038000	            0.000000	            0.000000	            0.000000	           -0.450000	            0.000000	           -0.300000	            0.000000	            0.000000	            0.000000	         -108.209801	          807.527898	          -25.408072	           -1.239286	            0.000000	           -0.381962	            0.448435	           -2.184354	           -0.122072
            0.039000	            0.000000	            0.000000	            0.000000	           -0.450000	            0.000000	           -0.300000	            0.000000	            0.000000	            0.000000	         -114.062526	          797.270524	          -16.420553	           -1.237457	            0.000000	           -0.382559	            0.558772	           -2.700992	           -0.140368
            0.040000	            0.000000	            0.000000	            0.000000	           -0.450000	            0.000000	           -0.300000	            0.000000	            0.000000	            0.000000	         -120.900958	          788.853058	           -7.342449	           -1.235294	            0.000000	           -0.383277	            0.669231	           -3.201943	           -0.160439
            0.041000	            0.000000	            0.000000	            0.000000	           -0.450000	            0.000000	           -0.300000	            0.000000	            0.000000	            0.000000	         -128.658024	          782.707118	            1.639409	           -1.232782	            0.000000	           -0.384102	            0.778323	           -3.679021	           -0.181834
            0.042000	            0.000000	            0.000000	            0.000000	           -0.450000	            0.000000	           -0.300000	            0.000000	            0.000000	            0.000000	         -137.238287	          779.166293	           10.343328	           -1.229926	            0.000000	           -0.385011	            0.884577	           -4.124956	           -0.203992
            0.043000	            0.000000	            0.000000	            0.000000	           -0.450000	            0.000000	           -0.300000	            0.000000	            0.000000	            0.000000	         -146.520798	          778.462610	           18.598265	           -1.226761	            0.000000	           -0.385971	            0.986588	           -4.533652	           -0.226266
            0.044000	            0.000000	            0.000000	            0.000000	           -0.450000	            0.000000	           -0.300000	            0.000000	            0.000000	            0.000000	         -156.362807	          780.726977	           26.249152	           -1.223353	            0.000000	           -0.386937	            1.083058	           -4.900419	           -0.247963
            0.045000	            0.000000	            0.000000	            0.000000	           -0.450000	            0.000000	           -0.300000	            0.000000	            0.000000	            0.000000	         -166.604184	          785.993299	           33.161848	           -1.219798	            0.000000	           -0.387864	            1.172852	           -5.222143	           -0.268379
            0.046000	            0.000000	            0.000000	            0.000000	           -0.450000	            0.000000	           -0.300000	            0.000000	            0.000000	            0.000000	         -177.072409	          794.205780	           39.227467	           -1.216207	            0.000000	           -0.388705	            1.255035	           -5.497408	           -0.286847
            0.047000	            0.000000	            0.000000	            0.000000	           -0.450000	            0.000000	           -0.300000	            0.000000	            0.000000	            0.000000	         -187.587932	          805.228858	           44.365908	           -1.212691	            0.000000	           -0.389428	            1.328914	           -5.726543	           -0.302781
            0.048000	            0.000000	            0.000000	            0.000000	           -0.450000	            0.000000	           -0.300000	            0.000000	            0.000000	            0.000000	         -197.969713	          818.859109	           48.528355	           -1.209342	            0.000000	           -0.390012	            1.394064	           -5.911593	           -0.315707
            0.049000	            0.000000	            0.000000	            0.000000	           -0.450000	            0.000000	           -0.300000	            0.000000	            0.000000	            0.000000	         -208.040729	          834.838452	           51.698616	           -1.206224	            0.000000	           -0.390446	            1.450345	           -6.056219	           -0.325304
            0.050000	            0.000000	            0.000000	            0.000000	           -0.450000	            0.000000	           -0.300000	            0.000000	            0.000000	            0.000000	         -217.633232	          852.867992	           53.893178	           -1.203365	            0.000000	           -0.390729	            1.497899	           -6.165523	           -0.331421
            0.051000	            0.000000	            0.000000	            0.000000	           -0.450000	            0.000000	           -0.300000	            0.000000	            0.000000	            0.000000	         -226.593556	          872.621856	           55.159935	           -1.200764	            0.000000	           -0.390868	            1.537138	           -6.245805	           -0.334090
            0.052000	            0.000000	            0.000000	            0.000000	           -0.450000	            0.000000	           -0.300000	            0.000000	            0.000000	            0.000000	         -234.786290	          893.760477	           55.575604	           -1.198403	            0.000000	           -0.390882	            1.568719	           -6.304267	           -0.333527
            0.053000	            0.000000	            0.000000	            0.000000	           -0.450000	            0.000000	           -0.300000	            0.000000	            0.000000	            0.000000	         -242.097661	          915.942841	           55.241949	           -1.196249	            0.000000	           -0.390794	            1.593494	           -6.348675	           -0.330117
            0.054000	            0.000000	            0.000000	            0.000000	           -0.450000	            0.000000	           -0.300000	            0.000000	            0.000000	            0.000000	         -248.438007	          938.837335	           54.280952	           -1.194265	            0.000000	           -0.390631	            1.612464	           -6.387000	           -0.324395
            0.055000	            0.000000	            0.000000	            0.000000	           -0.450000	            0.000000	           -0.300000	            0.000000	            0.000000	            0.000000	         -253.743280	          962.130930	           52.829205	           -1.192416	            0.000000	           -0.390423	            1.626720	           -6.427054	           -0.317012
            0.056000	            0.000000	            0.000000	            0.000000	           -0.450000	            0.000000	           -0.300000	            0.000000	            0.000000	            0.000000	         -257.975551	          985.536554	           51.031782	           -1.190670	            0.000000	           -0.390201	            1.637373	           -6.476144	           -0.308698
            0.057000	            0.000000	            0.000000	            0.000000	           -0.450000	            0.000000	           -0.300000	            0.000000	            0.000000	            0.000000	         -261.122544	         1008.798581	           49.035934	           -1.189006	            0.000000	           -0.389990	            1.645504	           -6.540757	           -0.300223
            0.058000	            0.000000	            0.000000	            0.000000	           -0.450000	            0.000000	           -0.300000	            0.000000	            0.000000	            0.000000	         -263.196281	         1031.696481	           46.984917	           -1.187406	            0.000000	           -0.389814	            1.652096	           -6.626300	           -0.292351
            0.059000	            0.000000	            0.000000	            0.000000	           -0.450000	            0.000000	           -0.300000	            0.000000	            0.000000	            0.000000	         -264.230940	         1054.046714	           45.012307	           -1.185863	            0.000000	           -0.389695	            1.657995	           -6.736900	           -0.285803
            0.060000	            0.000000	            0.000000	            0.000000	           -0.450000	            0.000000	           -0.300000	            0.000000	            0.000000	            0.000000	         -264.280075	         1075.703054	           43.237056	           -1.184372	            0.000000	           -0.389649	            1.663870	           -6.875281	           -0.281221
            0.061000	            0.000000	            0.000000	            0.000000	           -0.450000	            0.000000	           -0.300000	            0.000000	            0.000000	            0.000000	         -263.413351	         1096.555508	           41.759548	           -1.182933	            0.000000	           -0.389685	            1.670190	           -7.042710	           -0.279139
            0.062000	            0.000000	            0.000000	            0.000000	           -0.450000	            0.000000	           -0.300000	            0.000000	            0.000000	            0.000000	         -261.712957	         1116.528087	           40.658812	           -1.181546	            0.000000	           -0.389805	            1.677214	           -7.239024	           -0.279960
            0.063000	            0.000000	            0.000000	            0.000000	           -0.450000	            0.000000	           -0.300000	            0.000000	            0.000000	            0.000000	         -259.269874	         1135.575652	           39.990983	           -1.180214	            0.000000	           -0.390006	            1.684999	           -7.462724	           -0.283946
            0.064000	            0.000000	            0.000000	            0.000000	           -0.450000	            0.000000	           -0.300000	            0.000000	            0.000000	            0.000000	         -256.180143	         1153.680093	           39.789009	           -1.178938	            0.000000	           -0.390277	            1.693407	           -7.711129	           -0.291212
            0.065000	            0.000000	            0.000000	            0.000000	           -0.450000	            0.000000	           -0.300000	            0.000000	            0.000000	            0.000000	         -252.541280	         1170.846073	           40.063539	           -1.177724	            0.000000	           -0.390600	            1.702140	           -7.980572	           -0.301733
            0.066000	            0.000000	            0.000000	            0.000000	           -0.450000	            0.000000	           -0.300000	            0.000000	            0.000000	            0.000000	         -248.448947	         1187.096558	           40.804843	           -1.176574	            0.000000	           -0.390956	            1.710764	           -8.266633	           -0.315352
            0.067000	            0.000000	            0.000000	            0.000000	           -0.450000	            0.000000	           -0.300000	            0.000000	            0.000000	            0.000000	         -243.994002	         1202.468352	           41.985561	           -1.175489	            0.000000	           -0.391325	            1.718750	           -8.564379	           -0.331806
            0.068000	            0.000000	            0.000000	            0.000000	           -0.450000	            0.000000	           -0.300000	            0.000000	            0.000000	            0.000000	         -239.259978	         1217.007797	           43.564056	           -1.174466	            0.000000	           -0.391687	            1.725507	           -8.868613	           -0.350740
            0.069000	            0.000000	            0.000000	            0.000000	           -0.450000	            0.000000	           -0.300000	            0.000000	            0.000000	            0.000000	         -234.321073	         1230.766807	           45.488104	           -1.173502	            0.000000	           -0.392026	            1.730423	           -9.174103	           -0.371739
            0.070000	            0.000000	            0.000000	            0.000000	           -0.450000	            0.000000	           -0.300000	            0.000000	            0.000000	            0.000000	         -229.240665	         1243.799344	           47.698689	           -1.172588	            0.000000	           -0.392333	            1.732892	           -9.475786	           -0.394349
            0.071000	            0.000000	            0.000000	            0.000000	           -0.450000	            0.000000	           -0.300000	            0.000000	            0.000000	            0.000000	         -224.070384	         1256.158420	           50.133656	           -1.171715	            0.000000	           -0.392601	            1.732345	           -9.768945	           -0.418107
            0.072000	            0.000000	            0.000000	            0.000000	           -0.450000	            0.000000	           -0.300000	            0.000000	            0.000000	            0.000000	         -218.849725	         1267.893700	           52.731048	           -1.170872	            0.000000	           -0.392831	            1.728271	          -10.049343	           -0.442557
            0.073000	            0.000000	            0.000000	            0.000000	           -0.450000	            0.000000	           -0.300000	            0.000000	            0.000000	            0.000000	         -213.606185	         1279.049704	           55.431963	           -1.170051	            0.000000	           -0.393026	            1.720236	          -10.313324	           -0.467273
            0.074000	            0.000000	            0.000000	            0.000000	           -0.450000	            0.000000	           -0.300000	            0.000000	            0.000000	            0.000000	         -208.355885	         1289.664625	           58.182841	           -1.169246	            0.000000	           -0.393193	            1.707892	          -10.557873	           -0.491873
            0.075000	            0.000000	            0.000000	            0.000000	           -0.450000	            0.000000	           -0.300000	            0.000000	            0.000000	            0.000000	         -203.104620	         1299.769709	           60.937131	           -1.168451	            0.000000	           -0.393342	            1.690984	          -10.780652	           -0.516030
            0.076000	            0.000000	            0.000000	            0.000000	           -0.450000	            0.000000	           -0.300000	            0.000000	            0.000000	            0.000000	         -197.849265	         1309.389168	           63.656332	           -1.167663	            0.000000	           -0.393483	            1.669352	          -10.979991	           -0.539476
            0.077000	            0.000000	            0.000000	            0.000000	           -0.450000	            0.000000	           -0.300000	            0.000000	            0.000000	            0.000000	         -192.579471	         1318.540518	           66.310435	           -1.166879	            0.000000	           -0.393625	            1.642932	          -11.154879	           -0.562006
            0.078000	            0.000000	            0.000000	            0.000000	           -0.450000	            0.000000	           -0.300000	            0.000000	            0.000000	            0.000000	         -187.279545	         1327.235276	           68.877839	           -1.166093	            0.000000	           -0.393775	            1.611753	          -11.304915	           -0.583474
            0.079000	            0.000000	            0.000000	            0.000000	           -0.450000	            0.000000	           -0.300000	            0.000000	            0.000000	            0.000000	         -181.930434	         1335.479908	           71.344826	           -1.165304	            0.000000	           -0.393939	            1.575928	          -11.430265	           -0.603794
            0.080000	            0.000000	            0.000000	            0.000000	           -0.450000	            0.000000	           -0.300000	            0.000000	            0.000000	            0.000000	         -176.511721	         1343.276924	           73.704675	           -1.164508	            0.000000	           -0.394120	            1.535655	          -11.531601	           -0.622929
            0.081000	            0.000000	            0.000000	            0.000000	           -0.450000	            0.000000	           -0.300000	            0.000000	            0.000000	            0.000000	         -171.003541	         1350.626030	           75.956534	           -1.163703	            0.000000	           -0.394315	            1.491201	          -11.610038	           -0.640885
            0.082000	            0.000000	            0.000000	            0.000000	           -0.450000	            0.000000	           -0.300000	            0.000000	            0.000000	            0.000000	         -165.388344	         1357.525225	           78.104133	           -1.162890	            0.000000	           -0.394525	            1.442905	          -11.667067	           -0.657705
            0.083000	            0.000000	            0.000000	            0.000000	           -0.450000	            0.000000	           -0.300000	            0.000000	            0.000000	            0.000000	         -159.652426	         1363.971793	           80.154446	           -1.162068	            0.000000	           -0.394748	            1.391158	          -11.704492	           -0.673456
            0.084000	            0.000000	            0.000000	            0.000000	           -0.450000	            0.000000	           -0.300000	            0.000000	            0.000000	            0.000000	         -153.787188	         1369.963107	           82.116362	           -1.161239	            0.000000	           -0.394983	            1.336406	          -11.724359	           -0.688227
            0.085000	            0.000000	            0.000000	            0.000000	           -0.450000	            0.000000	           -0.300000	            0.000000	            0.000000	            0.000000	         -147.790067	         1375.497208	           83.999459	           -1.160400	            0.000000	           -0.395230	            1.279131	          -11.728897	           -0.702114
            0.086000	            0.000000	            0.000000	            0.000000	           -0.450000	            0.000000	           -0.300000	            0.000000	            0.000000	            0.000000	         -141.665136	         1380.573141	           85.812918	           -1.159550	            0.000000	           -0.395488	            1.219846	          -11.720446	           -0.715217
            0.087000	            0.000000	            0.000000	            0.000000	           -0.450000	            0.000000	           -0.300000	            0.000000	            0.000000	            0.000000	         -135.423344	         1385.191048	           87.564636	           -1.158687	            0.000000	           -0.395755	            1.159085	          -11.701398	           -0.727633
            0.088000	            0.000000	            0.000000	            0.000000	           -0.450000	            0.000000	           -0.300000	            0.000000	            0.000000	            0.000000	         -129.082424	         1389.352032	           89.260551	           -1.157809	            0.000000	           -0.396033	            1.097393	          -11.674139	           -0.739454
            0.089000	            0.000000	            0.000000	            0.000000	           -0.450000	            0.000000	           -0.300000	            0.000000	            0.000000	            0.000000	         -122.666471	         1393.057820	           90.904211	           -1.156915	            0.000000	           -0.396320	            1.035312	          -11.640983	           -0.750758
            0.090000	            0.000000	            0.000000	            0.000000	           -0.450000	            0.000000	           -0.300000	            0.000000	            0.000000	            0.000000	         -116.205244	         1396.310294	           92.496568	           -1.156005	            0.000000	           -0.396614	            0.973376	          -11.604125	           -0.761609
            0.091000	            0.000000	            0.000000	            0.000000	           -0.450000	            0.000000	           -0.300000	            0.000000	            0.000000	            0.000000	         -109.733219	         1399.110924	           94.036009	           -1.155079	            0.000000	           -0.396914	            0.912099	          -11.565585	           -0.772057
            0.092000	            0.000000	            0.000000	            0.000000	           -0.450000	            0.000000	           -0.300000	            0.000000	            0.000000	            0.000000	         -103.288449	         1401.460175	           95.518579	           -1.154136	            0.000000	           -0.397215	            0.851963	          -11.527162	           -0.782136
            0.093000	            0.000000	            0.000000	            0.000000	           -0.450000	            0.000000	           -0.300000	            0.000000	            0.000000	            0.000000	          -96.911285	         1403.356951	           96.938377	           -1.153174	            0.000000	           -0.397514	            0.793413	          -11.490396	           -0.791865
            0.094000	            0.000000	            0.000000	            0.000000	           -0.450000	            0.000000	           -0.300000	            0.000000	            0.000000	            0.000000	          -90.643010	         1404.798123	           98.288086	           -1.152191	            0.000000	           -0.397807	            0.736847	          -11.456526	           -0.801248
            0.095000	            0.000000	            0.000000	            0.000000	           -0.450000	            0.000000	           -0.300000	            0.000000	            0.000000	            0.000000	          -84.524451	         1405.778201	           99.559590	           -1.151184	            0.000000	           -0.398093	            0.682613	          -11.426469	           -0.810276
            0.096000	            0.000000	            0.000000	            0.000000	           -0.450000	            0.000000	           -0.300000	            0.000000	            0.000000	            0.000000	          -78.594617	         1406.289187	          100.744639	           -1.150150	            0.000000	           -0.398369	            0.630998	          -11.400796	           -0.818931
            0.097000	            0.000000	            0.000000	            0.000000	           -0.450000	            0.000000	           -0.300000	            0.000000	            0.000000	            0.000000	          -72.889403	         1406.320625	          101.835507	           -1.149085	            0.000000	           -0.398638	            0.582226	          -11.379719	           -0.827185
            0.098000	            0.000000	            0.000000	            0.000000	           -0.450000	            0.000000	           -0.300000	            0.000000	            0.000000	            0.000000	          -67.440429	         1405.859877	          102.825625	           -1.147984	            0.000000	           -0.398898	            0.536461	          -11.363089	           -0.835003
            0.099000	            0.000000	            0.000000	            0.000000	           -0.450000	            0.000000	           -0.300000	            0.000000	            0.000000	            0.000000	          -62.274027	         1404.892608	          103.710126	           -1.146844	            0.000000	           -0.399152	            0.493796	          -11.350407	           -0.842345
            0.100000	            0.000000	            0.000000	            0.000000	           -0.450000	            0.000000	           -0.300000	            0.000000	            0.000000	            0.000000	          -57.410420	         1403.403473	          104.486294	           -1.145663	            0.000000	           -0.399401	            0.454263	          -11.340831	           -0.849166
            0.101000	            0.000000	            0.000000	            0.000000	           -0.450000	            0.000000	           -0.300000	            0.000000	            0.000000	            0.000000	          -52.863107	         1401.376971	          105.153889	           -1.144441	            0.000000	           -0.399645	            0.417829	          -11.333211	           -0.855422
            0.102000	            0.000000	            0.000000	            0.000000	           -0.450000	            0.000000	           -0.300000	            0.000000	            0.000000	            0.000000	          -48.638476	         1398.798434	          105.715327	           -1.143175	            0.000000	           -0.399886	            0.384403	          -11.326119	           -0.861063
            0.103000	            0.000000	            0.000000	            0.000000	           -0.450000	            0.000000	           -0.300000	            0.000000	            0.000000	            0.000000	          -44.735642	         1395.655095	          106.175720	           -1.141864	            0.000000	           -0.400128	            0.353840	          -11.317898	           -0.866043
            0.104000	            0.000000	            0.000000	            0.000000	           -0.450000	            0.000000	           -0.300000	            0.000000	            0.000000	            0.000000	          -41.146509	         1391.937184	          106.542770	           -1.140506	            0.000000	           -0.400374	            0.325945	          -11.306708	           -0.870313
            0.105000	            0.000000	            0.000000	            0.000000	           -0.450000	            0.000000	           -0.300000	            0.000000	            0.000000	            0.000000	          -37.856053	         1387.638999	          106.826527	           -1.139099	            0.000000	           -0.400628	            0.300484	          -11.290589	           -0.873825
            0.106000	            0.000000	            0.000000	            0.000000	           -0.450000	            0.000000	           -0.300000	            0.000000	            0.000000	            0.000000	          -34.842802	         1382.759890	          107.039028	           -1.137641	            0.000000	           -0.400893	            0.277190	          -11.267518	           -0.876533
            0.107000	            0.000000	            0.000000	            0.000000	           -0.450000	            0.000000	           -0.300000	            0.000000	            0.000000	            0.000000	          -32.079494	         1377.305109	          107.193831	           -1.136131	            0.000000	           -0.401173	            0.255769	          -11.235481	           -0.878391
            0.108000	            0.000000	            0.000000	            0.000000	           -0.450000	            0.000000	           -0.300000	            0.000000	            0.000000	            0.000000	          -29.533895	         1371.286476	          107.305473	           -1.134569	            0.000000	           -0.401466	            0.235913	          -11.192532	           -0.879355
            0.109000	            0.000000	            0.000000	            0.000000	           -0.450000	            0.000000	           -0.300000	            0.000000	            0.000000	            0.000000	          -27.169732	         1364.722826	          107.388875	           -1.132956	            0.000000	           -0.401774	            0.217307	          -11.136860	           -0.879382
            0.110000	            0.000000	            0.000000	            0.000000	           -0.450000	            0.000000	           -0.300000	            0.000000	            0.000000	            0.000000	          -24.947731	         1357.640211	          107.458723	           -1.131295	            0.000000	           -0.402096	            0.199635	          -11.066850	           -0.878431
            0.111000	            0.000000	            0.000000	            0.000000	           -0.450000	            0.000000	           -0.300000	            0.000000	            0.000000	            0.000000	          -22.826698	         1350.071836	          107.528850	           -1.129590	            0.000000	           -0.402432	            0.182593	          -10.981137	           -0.876466
            0.112000	            0.000000	            0.000000	            0.000000	           -0.450000	            0.000000	           -0.300000	            0.000000	            0.000000	            0.000000	          -20.764636	         1342.057739	          107.611641	           -1.127847	            0.000000	           -0.402782	            0.165892	          -10.878655	           -0.873453
            0.113000	            0.000000	            0.000000	            0.000000	           -0.450000	            0.000000	           -0.300000	            0.000000	            0.000000	            0.000000	          -18.719841	         1333.644199	          107.717502	           -1.126073	            0.000000	           -0.403146	            0.149269	          -10.758677	           -0.869362
            0.114000	            0.000000	            0.000000	            0.000000	           -0.450000	            0.000000	           -0.300000	            0.000000	            0.000000	            0.000000	          -16.651940	         1324.882913	          107.854385	           -1.124275	            0.000000	           -0.403523	            0.132487	          -10.620843	           -0.864172
            0.115000	            0.000000	            0.000000	            0.000000	           -0.450000	            0.000000	           -0.300000	            0.000000	            0.000000	            0.000000	          -14.522856	         1315.829957	          108.027411	           -1.122461	            0.000000	           -0.403914	            0.115345	          -10.465180	           -0.857864
            0.116000	            0.000000	            0.000000	            0.000000	           -0.450000	            0.000000	           -0.300000	            0.000000	            0.000000	            0.000000	          -12.297639	         1306.544563	          108.238596	           -1.120641	            0.000000	           -0.404316	            0.097678	          -10.292111	           -0.850432
            0.117000	            0.000000	            0.000000	            0.000000	           -0.450000	            0.000000	           -0.300000	            0.000000	            0.000000	            0.000000	           -9.945158	         1297.087765	          108.486681	           -1.118825	            0.000000	           -0.404728	            0.079360	          -10.102449	           -0.841877
            0.118000	            0.000000	            0.000000	            0.000000	           -0.450000	            0.000000	           -0.300000	            0.000000	            0.000000	            0.000000	           -7.438614	         1287.520949	          108.767084	           -1.117026	            0.000000	           -0.405150	            0.060300	           -9.897379	           -0.832210
            0.119000	            0.000000	            0.000000	            0.000000	           -0.450000	            0.000000	           -0.300000	            0.000000	            0.000000	            0.000000	           -4.755874	         1277.904357	          109.071973	           -1.115252	            0.000000	           -0.405579	            0.040448	           -9.678436	           -0.821453
            0.120000	            0.000000	            0.000000	            0.000000	           -0.450000	            0.000000	           -0.300000	            0.000000	            0.000000	            0.000000	           -1.879612	         1268.295607	          109.390446	           -1.113514	            0.000000	           -0.406013	            0.019786	           -9.447464	           -0.809641
            0.121000	            0.000000	            0.000000	            0.000000	           -0.450000	            0.000000	           -0.300000	            0.000000	            0.000000	            0.000000	            1.202744	         1258.748267	          109.708834	           -1.111820	            0.000000	           -0.406448	           -0.001674	           -9.206569	           -0.796819
            0.122000	            0.000000	            0.000000	            0.000000	           -0.450000	            0.000000	           -0.300000	            0.000000	            0.000000	            0.000000	            4.499226	         1249.310526	          110.011101	           -1.110177	            0.000000	           -0.406882	           -0.023893	           -8.958062	           -0.783044
            0.123000	            0.000000	            0.000000	            0.000000	           -0.450000	            0.000000	           -0.300000	            0.000000	            0.000000	            0.000000	            8.013699	         1240.024026	          110.279334	           -1.108590	            0.000000	           -0.407311	           -0.046813	           -8.704400	           -0.768384
            0.124000	            0.000000	            0.000000	            0.000000	           -0.450000	            0.000000	           -0.300000	            0.000000	            0.000000	            0.000000	           11.746353	         1230.922871	          110.494314	           -1.107061	            0.000000	           -0.407730	           -0.070361	           -8.448115	           -0.752917
            0.125000	            0.000000	            0.000000	            0.000000	           -0.450000	            0.000000	           -0.300000	            0.000000	            0.000000	            0.000000	           15.694263	         1222.032858	          110.636141	           -1.105588	            0.000000	           -0.408136	           -0.094456	           -8.191748	           -0.736728
            0.126000	            0.000000	            0.000000	            0.000000	           -0.450000	            0.000000	           -0.300000	            0.000000	            0.000000	            0.000000	           19.852002	         1213.370943	          110.684898	           -1.104170	            0.000000	           -0.408525	           -0.119012	           -7.937772	           -0.719910
            0.127000	            0.000000	            0.000000	            0.000000	           -0.450000	            0.000000	           -0.300000	            0.000000	            0.000000	            0.000000	           24.212235	         1204.944968	          110.621333	           -1.102804	            0.000000	           -0.408894	           -0.143946	           -7.688529	           -0.702560
            0.128000	            0.000000	            0.000000	            0.000000	           -0.450000	            0.000000	           -0.300000	            0.000000	            0.000000	            0.000000	           28.766278	         1196.753651	          110.427525	           -1.101490	            0.000000	           -0.409243	           -0.169177	           -7.446160	           -0.684778
            0.129000	            0.000000	            0.000000	            0.000000	           -0.450000	            0.000000	           -0.300000	            0.000000	            0.000000	            0.000000	           33.504565	         1188.786824	          110.087527	           -1.100228	            0.000000	           -0.409569	           -0.194633	           -7.212547	           -0.666661
            0.130000	            0.000000	            0.000000	            0.000000	           -0.450000	            0.000000	           -0.300000	            0.000000	            0.000000	            0.000000	           38.417019	         1181.025930	          109.587940	           -1.099018	            0.000000	           -0.409870	           -0.220249	           -6.989264	           -0.648307
            0.131000	            0.000000	            0.000000	            0.000000	           -0.450000	            0.000000	           -0.300000	            0.000000	            0.000000	            0.000000	           43.493283	         1173.444744	          108.918408	           -1.097863	            0.000000	           -0.410144	           -0.245967	           -6.777533	           -0.629806
            0.132000	            0.000000	            0.000000	            0.000000	           -0.450000	            0.000000	           -0.300000	            0.000000	            0.000000	            0.000000	           48.722829	         1166.010289	          108.072014	           -1.096768	            0.000000	           -0.410387	           -0.271735	           -6.578199	           -0.611245
            0.133000	            0.000000	            0.000000	            0.000000	           -0.450000	            0.000000	           -0.300000	            0.000000	            0.000000	            0.000000	           54.094940	         1158.683920	          107.045548	           -1.095741	            0.000000	           -0.410595	           -0.297504	           -6.391713	           -0.592699
            0.134000	            0.000000	            0.000000	            0.000000	           -0.450000	            0.000000	           -0.300000	            0.000000	            0.000000	            0.000000	           59.598575	         1151.422534	          105.839642	           -1.094787	            0.000000	           -0.410765	           -0.323226	           -6.218129	           -0.574235
            0.135000	            0.000000	            0.000000	            0.000000	           -0.450000	            0.000000	           -0.300000	            0.000000	            0.000000	            0.000000	           65.222164	         1144.179857	          104.458768	           -1.093907	            0.000000	           -0.410899	           -0.348849	           -6.057123	           -0.555907
            0.136000	            0.000000	            0.000000	            0.000000	           -0.450000	            0.000000	           -0.300000	            0.000000	            0.000000	            0.000000	           70.953349	         1136.907758	          102.911088	           -1.093098	            0.000000	           -0.410999	           -0.374313	           -5.908011	           -0.537761
            0.137000	            0.000000	            0.000000	            0.000000	           -0.450000	            0.000000	           -0.300000	            0.000000	            0.000000	            0.000000	           76.778712	         1129.557554	          101.208169	           -1.092355	            0.000000	           -0.411070	           -0.399549	           -5.769795	           -0.519829
            0.138000	            0.000000	            0.000000	            0.000000	           -0.450000	            0.000000	           -0.300000	            0.000000	            0.000000	            0.000000	           82.683543	         1122.081230	           99.364573	           -1.091668	            0.000000	           -0.411118	           -0.424471	           -5.641206	           -0.502136
            0.139000	            0.000000	            0.000000	            0.000000	           -0.450000	            0.000000	           -0.300000	            0.000000	            0.000000	            0.000000	           88.651661	         1114.432563	           97.397344	           -1.091028	            0.000000	           -0.411149	           -0.448980	           -5.520763	           -0.484695
            0.140000	            0.000000	            0.000000	            0.000000	           -0.450000	            0.000000	           -0.300000	            0.000000	            0.000000	            0.000000	           94.665335	         1106.568074	           95.325410	           -1.090429	            0.000000	           -0.411168	           -0.472958	           -5.406835	           -0.467512
            0.141000	            0.000000	            0.000000	            0.000000	           -0.450000	            0.000000	           -0.300000	            0.000000	            0.000000	            0.000000	          100.705312	         1098.447807	           93.168933	           -1.089865	            0.000000	           -0.411181	           -0.496269	           -5.297702	           -0.450585
            0.142000	            0.000000	            0.000000	            0.000000	           -0.450000	            0.000000	           -0.300000	            0.000000	            0.000000	            0.000000	          106.750970	         1090.035896	           90.948635	           -1.089329	            0.000000	           -0.411189	           -0.518761	           -5.191618	           -0.433908
            0.143000	            0.000000	            0.000000	            0.000000	           -0.450000	            0.000000	           -0.300000	            0.000000	            0.000000	            0.000000	          112.780580	         1081.300912	           88.685127	           -1.088819	            0.000000	           -0.411195	           -0.540268	           -5.086870	           -0.417470
            0.144000	            0.000000	            0.000000	            0.000000	           -0.450000	            0.000000	           -0.300000	            0.000000	            0.000000	            0.000000	          118.771674	         1072.215999	           86.398279	           -1.088330	            0.000000	           -0.411197	           -0.560610	           -4.981830	           -0.401259
            0.145000	            0.000000	            0.000000	            0.000000	           -0.450000	            0.000000	           -0.300000	            0.000000	            0.000000	            0.000000	          124.701484	         1062.758805	           84.106641	           -1.087860	            0.000000	           -0.411196	           -0.579597	           -4.875000	           -0.385260
            0.146000	            0.000000	            0.000000	            0.000000	           -0.450000	            0.000000	           -0.300000	            0.000000	            0.000000	            0.000000	          130.547435	         1052.911231	           81.826950	           -1.087406	            0.000000	           -0.411188	           -0.597036	           -4.765048	           -0.369460
            0.147000	            0.000000	            0.000000	            0.000000	           -0.450000	            0.000000	           -0.300000	            0.000000	            0.000000	            0.000000	          136.287635	         1042.659042	           79.573741	           -1.086969	            0.000000	           -0.411174	           -0.612728	           -4.650829	           -0.353844
            0.148000	            0.000000	            0.000000	            0.000000	           -0.450000	            0.000000	           -0.300000	            0.000000	            0.000000	            0.000000	          141.901349	         1031.991353	           77.359056	           -1.086548	            0.000000	           -0.411153	           -0.626477	           -4.531408	           -0.338401
            0.149000	            0.000000	            0.000000	            0.000000	           -0.450000	            0.000000	           -0.300000	            0.000000	            0.000000	            0.000000	          147.369400	         1020.900060	           75.192280	           -1.086145	            0.000000	           -0.411125	           -0.638091	           -4.406060	           -0.323118
            0.150000	            0.000000	            0.000000	            0.000000	           -0.450000	            0.000000	           -0.300000	            0.000000	            0.000000	            0.000000	          152.674483	         1009.379227	           73.080079	           -1.085761	            0.000000	           -0.411089	           -0.647386	           -4.274271	           -0.307988
            0.151000	            0.000000	            0.000000	            0.000000	           -0.450000	            0.000000	           -0.300000	            0.000000	            0.000000	            0.000000	          157.801364	          997.424499	           71.026458	           -1.085396	            0.000000	           -0.411047	           -0.654185	           -4.135731	           -0.293002
            0.152000	            0.000000	            0.000000	            0.000000	           -0.450000	            0.000000	           -0.300000	            0.000000	            0.000000	            0.000000	          162.736942	          985.032548	           69.032913	           -1.085050	            0.000000	           -0.410999	           -0.658326	           -3.990315	           -0.278156
            0.153000	            0.000000	            0.000000	            0.000000	           -0.450000	            0.000000	           -0.300000	            0.000000	            0.000000	            0.000000	          167.470180	          972.200599	           67.098666	           -1.084722	            0.000000	           -0.410946	           -0.659659	           -3.838072	           -0.263446
            0.154000	            0.000000	            0.000000	            0.000000	           -0.450000	            0.000000	           -0.300000	            0.000000	            0.000000	            0.000000	          171.991904	          958.926054	           65.220975	           -1.084412	            0.000000	           -0.410890	           -0.658050	           -3.679196	           -0.248871
            0.155000	            0.000000	            0.000000	            0.000000	           -0.450000	            0.000000	           -0.300000	            0.000000	            0.000000	            0.000000	          176.294478	          945.206238	           63.395487	           -1.084122	            0.000000	           -0.410832	           -0.653381	           -3.514012	           -0.234432
            0.156000	            0.000000	            0.000000	            0.000000	           -0.450000	            0.000000	           -0.300000	            0.000000	            0.000000	            0.000000	          180.371385	          931.038252	           61.616630	           -1.083849	            0.000000	           -0.410770	           -0.645553	           -3.342952	           -0.220133
            0.157000	            0.000000	            0.000000	            0.000000	           -0.450000	            0.000000	           -0.300000	            0.000000	            0.000000	            0.000000	          184.216733	          916.418970	           59.878010	           -1.083592	            0.000000	           -0.410705	           -0.634487	           -3.166536	           -0.205977
            0.158000	            0.000000	            0.000000	            0.000000	           -0.450000	            0.000000	           -0.300000	            0.000000	            0.000000	            0.000000	          187.824726	          901.345145	           58.172808	           -1.083348	            0.000000	           -0.410637	           -0.620125	           -2.985354	           -0.191972
            0.159000	            0.000000	            0.000000	            0.000000	           -0.450000	            0.000000	           -0.300000	            0.000000	            0.000000	            0.000000	          191.189119	          885.813633	           56.494154	           -1.083117	            0.000000	           -0.410567	           -0.602430	           -2.800050	           -0.178129
            0.160000	            0.000000	            0.000000	            0.000000	           -0.450000	            0.000000	           -0.300000	            0.000000	            0.000000	            0.000000	          194.302710	          869.821707	           54.835459	           -1.082902	            0.000000	           -0.410498	           -0.581392	           -2.611310	           -0.164457
            0.161000	            0.000000	            0.000000	            0.000000	           -0.450000	            0.000000	           -0.300000	            0.000000	            0.000000	            0.000000	          197.156889	          853.367455	           53.190713	           -1.082705	            0.000000	           -0.410431	           -0.557028	           -2.419850	           -0.150973
            0.162000	            0.000000	            0.000000	            0.000000	           -0.450000	            0.000000	           -0.300000	            0.000000	            0.000000	            0.000000	          199.741271	          836.450237	           51.554712	           -1.082527	            0.000000	           -0.410366	           -0.529383	           -2.226410	           -0.137691
            0.163000	            0.000000	            0.000000	            0.000000	           -0.450000	            0.000000	           -0.300000	            0.000000	            0.000000	            0.000000	          202.043450	          819.071180	           49.923243	           -1.082370	            0.000000	           -0.410305	           -0.498532	           -2.031747	           -0.124631
            0.164000	            0.000000	            0.000000	            0.000000	           -0.450000	            0.000000	           -0.300000	            0.000000	            0.000000	            0.000000	          204.048880	          801.233684	           48.293195	           -1.082232	            0.000000	           -0.410249	           -0.464585	           -1.836627	           -0.111814
            0.165000	            0.000000	            0.000000	            0.000000	           -0.450000	            0.000000	           -0.300000	            0.000000	            0.000000	            0.000000	          205.740907	          782.943936	           46.662616	           -1.082114	            0.000000	           -0.410197	           -0.427684	           -1.641825	           -0.099263
            0.166000	            0.000000	            0.000000	            0.000000	           -0.450000	            0.000000	           -0.300000	            0.000000	            0.000000	            0.000000	          207.100939	          764.211393	           45.030714	           -1.082013	            0.000000	           -0.410147	           -0.388008	           -1.448116	           -0.087001
            0.167000	            0.000000	            0.000000	            0.000000	           -0.450000	            0.000000	           -0.300000	            0.000000	            0.000000	            0.000000	          208.108780	          745.049224	           43.397803	           -1.081927	            0.000000	           -0.410100	           -0.345772	           -1.256278	           -0.075055
            0.168000	            0.000000	            0.000000	            0.000000	           -0.450000	            0.000000	           -0.300000	            0.000000	            0.000000	            0.000000	          208.743086	          725.474701	           41.765214	           -1.081852	            0.000000	           -0.410057	           -0.301224	           -1.067081	           -0.063452
            0.169000	            0.000000	            0.000000	            0.000000	           -0.450000	            0.000000	           -0.300000	            0.000000	            0.000000	            0.000000	          208.981963	          705.509510	           40.135163	           -1.081784	            0.000000	           -0.410019	           -0.254650	           -0.881285	           -0.052220
            0.170000	            0.000000	            0.000000	            0.000000	           -0.450000	            0.000000	           -0.300000	            0.000000	            0.000000	            0.000000	          208.803657	          685.179987	           38.510595	           -1.081718	            0.000000	           -0.409991	           -0.206366	           -0.699635	           -0.041385
            0.171000	            0.000000	            0.000000	            0.000000	           -0.450000	            0.000000	           -0.300000	            0.000000	            0.000000	            0.000000	          208.187330	          664.517252	           36.895016	           -1.081650	            0.000000	           -0.409975	           -0.156716	           -0.522851	           -0.030976
            0.172000	            0.000000	            0.000000	            0.000000	           -0.450000	            0.000000	           -0.300000	            0.000000	            0.000000	            0.000000	          207.113885	          643.557253	           35.292312	           -1.081576	            0.000000	           -0.409972	           -0.106072	           -0.351627	           -0.021021
            0.173000	            0.000000	            0.000000	            0.000000	           -0.450000	            0.000000	           -0.300000	            0.000000	            0.000000	            0.000000	          205.566805	          622.340692	           33.706569	           -1.081495	            0.000000	           -0.409980	           -0.054823	           -0.186612	           -0.011544
            0.174000	            0.000000	            0.000000	            0.000000	           -0.450000	            0.000000	           -0.300000	            0.000000	            0.000000	            0.000000	          203.532974	          600.912850	           32.141904	           -1.081403	            0.000000	           -0.410001	           -0.003374	           -0.028411	           -0.002573
            0.175000	            0.000000	            0.000000	            0.000000	           -0.450000	            0.000000	           -0.300000	            0.000000	            0.000000	            0.000000	          201.003450	          579.323308	           30.602306	           -1.081299	            0.000000	           -0.410032	            0.047862	            0.122427	            0.005870
            0.176000	            0.000000	            0.000000	            0.000000	           -0.450000	            0.000000	           -0.300000	            0.000000	            0.000000	            0.000000	          197.974149	          557.625557	           29.091504	           -1.081182	            0.000000	           -0.410076	            0.098471	            0.265421	            0.013763
            0.177000	            0.000000	            0.000000	            0.000000	           -0.450000	            0.000000	           -0.300000	            0.000000	            0.000000	            0.000000	          194.446408	          535.876515	           27.612855	           -1.081049	            0.000000	           -0.410132	            0.148048	            0.400161	            0.021084
            0.178000	            0.000000	            0.000000	            0.000000	           -0.450000	            0.000000	           -0.300000	            0.000000	            0.000000	            0.000000	          190.427407	          514.135954	           26.169257	           -1.080904	            0.000000	           -0.410198	            0.196196	            0.526318	            0.027817
            0.179000	            0.000000	            0.000000	            0.000000	           -0.450000	            0.000000	           -0.300000	            0.000000	            0.000000	            0.000000	          185.930432	          492.465850	           24.763100	           -1.080748	            0.000000	           -0.410275	            0.242541	            0.643646	            0.033945
            0.180000	            0.000000	            0.000000	            0.000000	           -0.450000	            0.000000	           -0.300000	            0.000000	            0.000000	            0.000000	          180.974949	          470.929657	           23.396236	           -1.080587	            0.000000	           -0.410365	            0.286731	            0.751988	            0.039455
            0.181000	            0.000000	            0.000000	            0.000000	           -0.450000	            0.000000	           -0.300000	            0.000000	            0.000000	            0.000000	          175.586506	          449.591542	           22.069984	           -1.080421	            0.000000	           -0.410470	            0.328448	            0.851277	            0.044337
            0.182000	            0.000000	            0.000000	            0.000000	           -0.450000	            0.000000	           -0.300000	            0.000000	            0.000000	            0.000000	          169.796444	          428.515565	           20.785160	           -1.080253	            0.000000	           -0.410594	            0.367404	            0.941532	            0.048582
            0.183000	            0.000000	            0.000000	            0.000000	           -0.450000	            0.000000	           -0.300000	            0.000000	            0.000000	            0.000000	          163.641446	          407.764849	           19.542125	           -1.080081	            0.000000	           -0.410740	            0.403350	            1.022856	            0.052187
            0.184000	            0.000000	            0.000000	            0.000000	           -0.450000	            0.000000	           -0.300000	            0.000000	            0.000000	            0.000000	          157.162924	          387.400725	           18.340861	           -1.079902	            0.000000	           -0.410912	            0.436074	            1.095432	            0.055150
            0.185000	            0.000000	            0.000000	            0.000000	           -0.450000	            0.000000	           -0.300000	            0.000000	            0.000000	            0.000000	          150.406278	          367.481902	           17.181056	           -1.079714	            0.000000	           -0.411113	            0.465401	            1.159512	            0.057476
            0.186000	            0.000000	            0.000000	            0.000000	           -0.450000	            0.000000	           -0.300000	            0.000000	            0.000000	            0.000000	          143.420053	          348.063646	           16.062200	           -1.079513	            0.000000	           -0.411347	            0.491196	            1.215412	            0.059173
            0.187000	            0.000000	            0.000000	            0.000000	           -0.450000	            0.000000	           -0.300000	            0.000000	            0.000000	            0.000000	          136.255019	          329.197017	           14.983689	           -1.079303	            0.000000	           -0.411617	            0.513358	            1.263502	            0.060254
            0.188000	            0.000000	            0.000000	            0.000000	           -0.450000	            0.000000	           -0.300000	            0.000000	            0.000000	            0.000000	          128.963211	          310.928152	           13.944930	           -1.079083	            0.000000	           -0.411924	            0.531821	            1.304196	            0.060739
            0.189000	            0.000000	            0.000000	            0.000000	           -0.450000	            0.000000	           -0.300000	            0.000000	            0.000000	            0.000000	          121.596964	          293.297642	           12.945439	           -1.078859	            0.000000	           -0.412269	            0.546550	            1.337940	            0.060656
            0.190000	            0.000000	            0.000000	            0.000000	           -0.450000	            0.000000	           -0.300000	            0.000000	            0.000000	            0.000000	          114.207961	          276.339996	           11.984931	           -1.078632	            0.000000	           -0.412649	            0.557537	            1.365211	            0.060039
            0.191000	            0.000000	            0.000000	            0.000000	           -0.450000	            0.000000	           -0.300000	            0.000000	            0.000000	            0.000000	          106.846335	          260.083230	           11.063399	           -1.078410	            0.000000	           -0.413058	            0.564800	            1.386501	            0.058932
            0.192000	            0.000000	            0.000000	            0.000000	           -0.450000	            0.000000	           -0.300000	            0.000000	            0.000000	            0.000000	           99.559839	          244.548579	           10.181167	           -1.078196	            0.000000	           -0.413493	            0.568380	            1.402312	            0.057386
            0.193000	            0.000000	            0.000000	            0.000000	           -0.450000	            0.000000	           -0.300000	            0.000000	            0.000000	            0.000000	           92.393113	          229.750360	            9.338930	           -1.077997	            0.000000	           -0.413953	            0.568335	            1.413155	            0.055464
            0.194000	            0.000000	            0.000000	            0.000000	           -0.450000	            0.000000	           -0.300000	            0.000000	            0.000000	            0.000000	           85.387044	          215.695978	            8.537763	           -1.077816	            0.000000	           -0.414438	            0.564743	            1.419535	            0.053238
            0.195000	            0.000000	            0.000000	            0.000000	           -0.450000	            0.000000	           -0.300000	            0.000000	            0.000000	            0.000000	           78.578260	          202.386091	            7.779105	           -1.077658	            0.000000	           -0.414948	            0.557696	            1.421955	            0.050789
            0.196000	            0.000000	            0.000000	            0.000000	           -0.450000	            0.000000	           -0.300000	            0.000000	            0.000000	            0.000000	           71.998728	          189.814924	            7.064723	           -1.077531	            0.000000	           -0.415483	            0.547302	            1.420905	            0.048206
            0.197000	            0.000000	            0.000000	            0.000000	           -0.450000	            0.000000	           -0.300000	            0.000000	            0.000000	            0.000000	           65.675496	          177.970727	            6.396637	           -1.077444	            0.000000	           -0.416041	            0.533678	            1.416860	            0.045587
            0.198000	            0.000000	            0.000000	            0.000000	           -0.450000	            0.000000	           -0.300000	            0.000000	            0.000000	            0.000000	           59.630544	          166.836355	            5.777035	           -1.077406	            0.000000	           -0.416611	            0.516956	            1.410273	            0.043033
            0.199000	            0.000000	            0.000000	            0.000000	           -0.450000	            0.000000	           -0.300000	            0.000000	            0.000000	            0.000000	           53.880774	          156.389950	            5.208166	           -1.077427	            0.000000	           -0.417187	            0.497281	            1.401573	            0.040652
            0.200000	            0.000000	            0.000000	            0.000000	           -0.450000	            0.000000	           -0.300000	            0.000000	            0.000000	            0.000000	           48.438101	          146.605709	            4.692214	           -1.077521	            0.000000	           -0.417762	            0.474809	            1.391153	            0.038550
            0.201000	            0.000000	            0.000000	            0.000000	           -0.450000	            0.000000	           -0.300000	            0.000000	            0.000000	            0.000000	           43.309664	          137.454689	            4.231175	           -1.077709	            0.000000	           -0.418329	            0.449711	            1.379372	            0.036832
            0.202000	            0.000000	            0.000000	            0.000000	           -0.450000	            0.000000	           -0.300000	            0.000000	            0.000000	            0.000000	           38.498134	          128.905632	            3.826721	           -1.078018	            0.000000	           -0.418880	            0.422175	            1.366542	            0.035596
            0.203000	            0.000000	            0.000000	            0.000000	           -0.450000	            0.000000	           -0.300000	            0.000000	            0.000000	            0.000000	           34.002105	          120.925769	            3.480083	           -1.078473	            0.000000	           -0.419409	            0.392408	            1.352925	            0.034932
            0.204000	            0.000000	            0.000000	            0.000000	           -0.450000	            0.000000	           -0.300000	            0.000000	            0.000000	            0.000000	           29.816560	          113.481571	            3.191936	           -1.079092	            0.000000	           -0.419913	            0.360637	            1.338731	            0.034916
            0.205000	            0.000000	            0.000000	            0.000000	           -0.450000	            0.000000	           -0.300000	            0.000000	            0.000000	            0.000000	           25.933392	          106.539426	            2.962311	           -1.079880	            0.000000	           -0.420402	            0.327118	            1.324105	            0.035608
            0.206000	            0.000000	            0.000000	            0.000000	           -0.450000	            0.000000	           -0.300000	            0.000000	            0.000000	            0.000000	           22.341957	          100.066215	            2.790515	           -1.080831	            0.000000	           -0.420893	            0.292134	            1.309132	            0.037048
            0.207000	            0.000000	            0.000000	            0.000000	           -0.450000	            0.000000	           -0.300000	            0.000000	            0.000000	            0.000000	           19.029655	           94.029764	            2.675092	           -1.081937	            0.000000	           -0.421420	            0.256001	            1.293834	            0.039255
            0.208000	            0.000000	            0.000000	            0.000000	           -0.450000	            0.000000	           -0.300000	            0.000000	            0.000000	            0.000000	           15.982497	           88.399176	            2.613798	           -1.083200	            0.000000	           -0.422023	            0.219072	            1.278165	            0.042222
            0.209000	            0.000000	            0.000000	            0.000000	           -0.450000	            0.000000	           -0.300000	            0.000000	            0.000000	            0.000000	           13.185666	           83.145029	            2.603603	           -1.084627	            0.000000	           -0.422741	            0.181736	            1.262020	            0.045917
            0.210000	            0.000000	            0.000000	            0.000000	           -0.450000	            0.000000	           -0.300000	            0.000000	            0.000000	            0.000000	           10.624028	           78.239458	            2.640725	           -1.086227	            0.000000	           -0.423605	            0.144422	            1.245236	            0.050279
            0.211000	            0.000000	            0.000000	            0.000000	           -0.450000	            0.000000	           -0.300000	            0.000000	            0.000000	            0.000000	            8.282601	           73.656120	            2.720678	           -1.088014	            0.000000	           -0.424637	            0.107593	            1.227600	            0.055225
            0.212000	            0.000000	            0.000000	            0.000000	           -0.450000	            0.000000	           -0.300000	            0.000000	            0.000000	            0.000000	            6.146963	           69.370086	            2.838337	           -1.090012	            0.000000	           -0.425853	            0.071745	            1.208857	            0.060645
            0.213000	            0.000000	            0.000000	            0.000000	           -0.450000	            0.000000	           -0.300000	            0.000000	            0.000000	            0.000000	            4.203582	           65.357652	            2.988024	           -1.092242	            0.000000	           -0.427260	            0.037400	            1.188725	            0.066405
            0.214000	            0.000000	            0.000000	            0.000000	           -0.450000	            0.000000	           -0.300000	            0.000000	            0.000000	            0.000000	            2.440078	           61.596138	            3.163603	           -1.094710	            0.000000	           -0.428853	            0.005097	            1.166903	            0.072353
            0.215000	            0.000000	            0.000000	            0.000000	           -0.450000	            0.000000	           -0.300000	            0.000000	            0.000000	            0.000000	            0.845405	           58.063666	            3.358575	           -1.097412	            0.000000	           -0.430618	           -0.024620	            1.143089	            0.078321
            0.216000	            0.000000	            0.000000	            0.000000	           -0.450000	            0.000000	           -0.300000	            0.000000	            0.000000	            0.000000	           -0.590049	           54.738976	            3.566188	           -1.100367	            0.000000	           -0.432516	           -0.051219	            1.116995	            0.084132
            0.217000	            0.000000	            0.000000	            0.000000	           -0.450000	            0.000000	           -0.300000	            0.000000	            0.000000	            0.000000	           -1.874438	           51.601291	            3.779542	           -1.103621	            0.000000	           -0.434489	           -0.074193	            1.088360	            0.089600
            0.218000	            0.000000	            0.000000	            0.000000	           -0.450000	            0.000000	           -0.300000	            0.000000	            0.000000	            0.000000	           -3.014502	           48.630253	            3.991700	           -1.107221	            0.000000	           -0.436478	           -0.093083	            1.056968	            0.094542
            0.219000	            0.000000	            0.000000	            0.000000	           -0.369878	            0.000000	           -0.223847	            0.000000	            0.000000	            0.000000	           -4.015689	           45.805957	            4.195802	           -1.111187	            0.000000	           -0.438447	           -0.107494	            1.022662	            0.098780
            0.220000	          -27.537365	           14.206292	           -9.514370	           -0.369878	            0.000000	           -0.223847	           -0.651659	            0.306683	           -0.249856	           -4.882338	           43.109069	            4.385180	           -1.115502	            0.000000	           -0.440381	           -0.117119	            0.985355	            0.102151
            0.221000	          -36.677814	           28.313408	          -10.966772	           -0.369878	            0.000000	           -0.223847	           -0.707604	            0.387756	           -0.244943	           -5.617909	           40.521052	            4.553478	           -1.120124	            0.000000	           -0.442276	           -0.121758	            0.945042	            0.104508
            0.222000	          -46.647743	           45.258332	          -12.119319	           -0.369878	            0.000000	           -0.223847	           -0.758176	            0.477746	           -0.236163	           -6.225268	           38.024464	            4.694779	           -1.124994	            0.000000	           -0.444124	           -0.121333	            0.901802	            0.105731
            0.223000	          -57.305839	           65.107485	          -12.855036	           -0.369878	            0.000000	           -0.223847	           -0.802637	            0.576632	           -0.223438	           -6.706997	           35.603332	            4.803734	           -1.130036	            0.000000	           -0.445914	           -0.115907	            0.855806	            0.105728
            0.224000	          -68.479435	           87.866176	          -13.053655	           -0.355288	            0.000000	           -0.232472	           -0.840458	            0.684393	           -0.206698	           -7.065724	           33.243559	            4.875695	           -1.135168	            0.000000	           -0.447626	           -0.105691	            0.807314	            0.104443
            0.225000	          -79.968388	          113.474962	          -12.595917	           -0.344257	            0.000000	           -0.239720	           -0.871322	            0.801014	           -0.185874	           -7.304451	           30.933341	            4.906849	           -1.140324	            0.000000	           -0.449213	           -0.091050	            0.756667	            0.101855
            0.226000	          -91.550405	          141.808309	          -11.368331	           -0.335818	            0.000000	           -0.245848	           -0.895116	            0.926485	           -0.160910	           -7.426873	           28.663557	            4.894344	           -1.145463	            0.000000	           -0.450596	           -0.072505	            0.704282	            0.097984
            0.227000	         -102.987679	          172.675745	           -9.268211	           -0.329300	            0.000000	           -0.251073	           -0.911911	            1.060783	           -0.131760	           -7.437652	           26.428094	            4.836404	           -1.150556	            0.000000	           -0.451692	           -0.050717	            0.650636	            0.092891
            0.228000	         -114.034621	          205.825613	           -6.208762	           -0.324220	            0.000000	           -0.255581	           -0.921940	            1.203846	           -0.098411	           -7.342645	           24.224073	            4.732426	           -1.155565	            0.000000	           -0.452446	           -0.026477	            0.596250	            0.086674
            0.229000	         -124.446404	          240.951378	           -2.123974	           -0.320215	            0.000000	           -0.259510	           -0.925568	            1.355520	           -0.060893	           -7.149059	           22.051946	            4.583039	           -1.160439	            0.000000	           -0.452844	           -0.000675	            0.541672	            0.079467
            0.230000	         -133.987980	          277.700309	            3.026943	           -0.317001	            0.000000	           -0.262948	           -0.923260	            1.515518	           -0.019303	           -6.865527	           19.915449	            4.390135	           -1.165120	            0.000000	           -0.452898	            0.025725	            0.487458	            0.071438
            0.231000	         -142.443130	          315.684237	            9.255842	           -0.314349	            0.000000	           -0.265945	           -0.915555	            1.683355	            0.026179	           -6.502093	           17.821385	            4.156846	           -1.169566	            0.000000	           -0.452642	            0.051733	            0.434156	            0.062780
            0.232000	         -149.623158	          354.491932	           16.542867	           -0.312065	            0.000000	           -0.268535	           -0.903031	            1.858298	            0.075270	           -6.070098	           15.779251	            3.887474	           -1.173783	            0.000000	           -0.452135	            0.076368	            0.382287	            0.053703
            0.233000	         -155.374759	          393.702588	           24.834855	           -0.310002	            0.000000	           -0.270758	           -0.886286	            2.039308	            0.127568	           -5.581981	           13.800715	            3.587372	           -1.173783	            0.000000	           -0.452135	            0.098713	            0.332334	            0.044430
            0.234000	         -159.586655	          432.899782	           34.045037	           -0.308056	            0.000000	           -0.272660	           -0.865912	            2.225004	            0.182546	           -5.050997	           11.898975	            3.262762	           -1.173783	            0.000000	           -0.452135	            0.117953	            0.284730	            0.035187
            0.235000	         -162.194644	          471.685264	           44.054133	           -0.306166	            0.000000	           -0.274291	           -0.842480	            2.413629	            0.239541	           -4.490871	           10.088020	            2.920526	           -1.190000	            0.000000	           -0.300000	            0.133427	            0.239855	            0.026193
            0.236000	         -163.184766	          509.691941	           54.712872	           -0.304295	            0.000000	           -0.275690	           -0.816529	            2.603038	            0.297763	            0.000000	            0.000000	            0.000000	           -1.190000	            0.000000	           -0.383079	            0.000000	            0.000000	            0.000000
            0.237000	         -162.594390	          546.595414	           65.845842	           -0.302435	            0.000000	           -0.276889	           -0.788552	            2.790706	            0.356298	            0.000000	            0.000000	            0.000000	           -1.190000	            0.000000	           -0.383079	            0.000000	            0.000000	            0.000000
            0.238000	         -160.511159	          582.123548	           77.256567	           -0.300596	            0.000000	           -0.277909	           -0.758993	            2.973750	            0.414134	            0.000000	            0.000000	            0.000000	           -1.190000	            0.000000	           -0.383079	            0.000000	            0.000000	            0.000000
            0.239000	         -157.069804	          616.063606	           88.733593	           -0.298810	            0.000000	           -0.278764	           -0.728246	            3.148981	            0.470177	            0.000000	            0.000000	            0.000000	           -1.190000	            0.000000	           -0.383079	            0.000000	            0.000000	            0.000000
            0.240000	         -152.446999	          648.266645	          100.057321	           -0.297116	            0.000000	           -0.279464	           -0.696649	            3.312963	            0.523291	            0.000000	            0.000000	            0.000000	           -1.190000	            0.000000	           -0.383079	            0.000000	            0.000000	            0.000000
            0.241000	         -146.854496	          678.648988	          111.007307	           -0.295542	            0.000000	           -0.280020	           -0.664487	            3.462103	            0.572328	            0.000000	            0.000000	            0.000000	           -1.190000	            0.000000	           -0.383079	            0.000000	            0.000000	            0.000000
            0.242000	         -140.530878	          707.190766	          121.369685	           -0.294091	            0.000000	           -0.280444	           -0.631992	            3.592747	            0.616169	            0.000000	            0.000000	            0.000000	           -1.190000	            0.000000	           -0.383079	            0.000000	            0.000000	            0.000000
            0.243000	         -133.732341	          733.931682	          130.944398	           -0.292734	            0.000000	           -0.280745	           -0.599349	            3.701291	            0.653769	            0.000000	            0.000000	            0.000000	           -1.190000	            0.000000	           -0.383079	            0.000000	            0.000000	            0.000000
            0.244000	         -126.722925	          758.964296	          139.551938	           -0.291421	            0.000000	           -0.280929	           -0.566693	            3.784298	            0.684195	            0.000000	            0.000000	            0.000000	           -1.190000	            0.000000	           -0.383079	            0.000000	            0.000000	            0.000000
            0.245000	         -119.764659	          782.425287	          147.039287	           -0.290089	            0.000000	           -0.280998	           -0.534117	            3.838616	            0.706662	            0.000000	            0.000000	            0.000000	           -1.190000	            0.000000	           -0.383079	            0.000000	            0.000000	            0.000000
            0.246000	         -113.108037	          804.485227	          153.284861	           -0.288677	            0.000000	           -0.280954	           -0.501672	            3.861497	            0.720571	            0.000000	            0.000000	            0.000000	           -1.190000	            0.000000	           -0.383079	            0.000000	            0.000000	            0.000000
            0.247000	         -106.983234	          825.337507	          158.202239	           -0.287139	            0.000000	           -0.280800	           -0.469377	            3.850699	            0.725528	            0.000000	            0.000000	            0.000000	           -1.190000	            0.000000	           -0.383079	            0.000000	            0.000000	            0.000000
            0.248000	         -101.592407	          845.187043	          161.742597	           -0.285448	            0.000000	           -0.280542	           -0.437221	            3.804584	            0.721367	            0.000000	            0.000000	            0.000000	           -1.190000	            0.000000	           -0.383079	            0.000000	            0.000000	            0.000000
            0.249000	          -97.103361	          864.239390	          163.895749	           -0.283601	            0.000000	           -0.280190	           -0.405171	            3.722195	            0.708156	            0.000000	            0.000000	            0.000000	           -1.190000	            0.000000	           -0.383079	            0.000000	            0.000000	            0.000000
            0.250000	          -93.644779	          882.690842	          164.689826	           -0.281615	            0.000000	           -0.279760	           -0.373177	            3.603312	            0.686195	            0.000000	            0.000000	            0.000000	           -1.190000	            0.000000	           -0.383079	            0.000000	            0.000000	            0.000000
            0.251000	          -91.303173	          900.719960	          164.189617	           -0.279525	            0.000000	           -0.279273	           -0.341184	            3.448490	            0.656006	            0.000000	            0.000000	            0.000000	           -1.190000	            0.000000	           -0.383079	            0.000000	            0.000000	            0.000000
            0.252000	          -90.121573	          918.480902	          162.493696	           -0.277375	            0.000000	           -0.278753	           -0.309138	            3.259068	            0.618313	            0.000000	            0.000000	            0.000000	           -1.190000	            0.000000	           -0.383079	            0.000000	            0.000000	            0.000000
            0.253000	          -90.099962	          936.098739	          159.730451	           -0.275212	            0.000000	           -0.278220	           -0.276998	            3.037158	            0.574016	            0.000000	            0.000000	            0.000000	           -1.190000	            0.000000	           -0.383079	            0.000000	            0.000000	            0.000000
            0.254000	          -91.197340	          953.666852	          156.053207	           -0.273078	            0.000000	           -0.277695	           -0.244743	            2.785613	            0.524154	            0.000000	            0.000000	            0.000000	           -1.190000	            0.000000	           -0.383079	            0.000000	            0.000000	            0.000000
            0.255000	          -93.335270	          971.246337	          151.634627	           -0.271004	            0.000000	           -0.277190	           -0.212382	            2.507968	            0.469872	            0.000000	            0.000000	            0.000000	           -1.190000	            0.000000	           -0.383079	            0.000000	            0.000000	            0.000000
            0.256000	          -96.402673	          988.867240	          146.660629	           -0.269009	            0.000000	           -0.276712	           -0.179963	            2.208367	            0.412383	            0.000000	            0.000000	            0.000000	           -1.190000	            0.000000	           -0.383079	            0.000000	            0.000000	            0.000000
            0.257000	         -100.261622	         1006.531357	          141.324025	           -0.267100	            0.000000	           -0.276265	           -0.147576	            1.891465	            0.352921	            0.000000	            0.000000	            0.000000	           -1.190000	            0.000000	           -0.383079	            0.000000	            0.000000	            0.000000
            0.258000	         -104.753822	         1024.216261	          135.818143	           -0.265267	            0.000000	           -0.275842	           -0.115361	            1.562325	            0.292711	            0.000000	            0.000000	            0.000000	           -1.190000	            0.000000	           -0.383079	            0.000000	            0.000000	            0.000000
            0.259000	         -109.707467	         1041.880165	          130.330647	           -0.263494	            0.000000	           -0.275440	           -0.083507	            1.226290	            0.232929	            0.000000	            0.000000	            0.000000	           -1.190000	            0.000000	           -0.383079	            0.000000	            0.000000	            0.000000
            0.260000	         -114.944142	         1059.467250	          125.037791	           -0.261760	            0.000000	           -0.275048	           -0.052249	            0.888858	            0.174673	            0.000000	            0.000000	            0.000000	           -1.190000	            0.000000	           -0.383079	            0.000000	            0.000000	            0.000000
            0.261000	         -120.285471	         1076.913059	          120.099298	           -0.260048	            0.000000	           -0.274662	           -0.021865	            0.555544	            0.118935	            0.000000	            0.000000	            0.000000	           -1.190000	            0.000000	           -0.383079	            0.000000	            0.000000	            0.000000
            0.262000	         -125.559226	         1094.149637	          115.654045	           -0.258351	            0.000000	           -0.274279	            0.007334	            0.231734	            0.066583	            0.000000	            0.000000	            0.000000	           -1.190000	            0.000000	           -0.383079	            0.000000	            0.000000	            0.000000
            0.263000	         -130.604659	         1111.110118	          111.816689	           -0.256667	            0.000000	           -0.273900	            0.035016	           -0.077444	            0.018342	            0.000000	            0.000000	            0.000000	           -1.190000	            0.000000	           -0.383079	            0.000000	            0.000000	            0.000000
            0.264000	         -135.276887	         1127.732541	          108.675334	           -0.255002	            0.000000	           -0.273531	            0.060839	           -0.367262	           -0.025213	            0.000000	            0.000000	            0.000000	           -1.190000	            0.000000	           -0.383079	            0.000000	            0.000000	            0.000000
            0.265000	         -139.450211	         1143.962760	          106.290270	           -0.253361	            0.000000	           -0.273180	            0.084468	           -0.633508	           -0.063659	            0.000000	            0.000000	            0.000000	           -1.190000	            0.000000	           -0.383079	            0.000000	            0.000000	            0.000000
            0.266000	         -143.020334	         1159.756367	          104.693810	           -0.251748	            0.000000	           -0.272853	            0.105592	           -0.872597	           -0.096728	            0.000000	            0.000000	            0.000000	           -1.190000	            0.000000	           -0.383079	            0.000000	            0.000000	            0.000000
            0.267000	         -145.905486	         1175.079644	          103.891138	           -0.250166	            0.000000	           -0.272554	            0.123937	           -1.081656	           -0.124300	            0.000000	            0.000000	            0.000000	           -1.190000	            0.000000	           -0.383079	            0.000000	            0.000000	            0.000000
            0.268000	         -148.046552	         1189.909613	          103.862112	           -0.248620	            0.000000	           -0.272286	            0.139282	           -1.258591	           -0.146391	            0.000000	            0.000000	            0.000000	           -1.190000	            0.000000	           -0.383079	            0.000000	            0.000000	            0.000000
            0.269000	         -149.406327	         1204.233308	          104.563861	           -0.247116	            0.000000	           -0.272048	            0.151469	           -1.402119	           -0.163143	            0.000000	            0.000000	            0.000000	           -1.190000	            0.000000	           -0.383079	            0.000000	            0.000000	            0.000000
            0.270000	         -149.968069	         1218.046435	          105.934032	           -0.245663	            0.000000	           -0.271837	            0.160412	           -1.511776	           -0.174809	            0.000000	            0.000000	            0.000000	           -1.190000	            0.000000	           -0.383079	            0.000000	            0.000000	            0.000000
            0.271000	         -149.733533	         1231.351614	          107.894510	           -0.244265	            0.000000	           -0.271649	            0.166101	           -1.587898	           -0.181732	            0.000000	            0.000000	            0.000000	           -1.190000	            0.000000	           -0.383079	            0.000000	            0.000000	            0.000000
            0.272000	         -148.720677	         1244.156388	          110.355413	           -0.242924	            0.000000	           -0.271480	            0.168606	           -1.631565	           -0.184329	            0.000000	            0.000000	            0.000000	           -1.190000	            0.000000	           -0.383079	            0.000000	            0.000000	            0.000000
            0.273000	         -146.961222	         1256.471199	          113.219197	           -0.241637	            0.000000	           -0.271324	            0.168071	           -1.644526	           -0.183074	            0.000000	            0.000000	            0.000000	           -1.190000	            0.000000	           -0.383079	            0.000000	            0.000000	            0.000000
            0.274000	         -144.498216	         1268.307479	          116.384682	           -0.240398	            0.000000	           -0.271175	            0.164709	           -1.629100	           -0.178472	            0.000000	            0.000000	            0.000000	           -1.190000	            0.000000	           -0.383079	            0.000000	            0.000000	            0.000000
            0.275000	         -141.383726	         1279.675996	          119.750850	           -0.239204	            0.000000	           -0.271029	            0.158797	           -1.588066	           -0.171047	            0.000000	            0.000000	            0.000000	           -1.190000	            0.000000	           -0.383079	            0.000000	            0.000000	            0.000000
            0.276000	         -137.676740	         1290.585552	          123.220291	           -0.238051	            0.000000	           -0.270882	            0.150657	           -1.524532	           -0.161321	            0.000000	            0.000000	            0.000000	           -1.190000	            0.000000	           -0.383079	            0.000000	            0.000000	            0.000000
            0.277000	         -133.441322	         1301.042062	          126.702174	           -0.236936	            0.000000	           -0.270729	            0.140650	           -1.441813	           -0.149800	            0.000000	            0.000000	            0.000000	           -1.190000	            0.000000	           -0.383079	            0.000000	            0.000000	            0.000000
            0.278000	         -128.745022	         1311.048056	          130.114684	           -0.235857	            0.000000	           -0.270566	            0.129159	           -1.343310	           -0.136961	            0.000000	            0.000000	            0.000000	           -1.190000	            0.000000	           -0.383079	            0.000000	            0.000000	            0.000000
            0.279000	         -123.657527	         1320.602558	          133.386871	           -0.234807	            0.000000	           -0.270389	            0.116578	           -1.232392	           -0.123240	            0.000000	            0.000000	            0.000000	           -1.190000	            0.000000	           -0.383079	            0.000000	            0.000000	            0.000000
            0.280000	         -118.249489	         1329.701294	          136.459894	           -0.233778	            0.000000	           -0.270195	            0.103296	           -1.112299	           -0.109027	            0.000000	            0.000000	            0.000000	           -1.190000	            0.000000	           -0.383079	            0.000000	            0.000000	            0.000000
            0.281000	         -112.591483	         1338.337177	          139.287667	           -0.232764	            0.000000	           -0.269984	            0.089688	           -0.986066	           -0.094658	            0.000000	            0.000000	            0.000000	           -1.190000	            0.000000	           -0.383079	            0.000000	            0.000000	            0.000000
            0.282000	         -106.753030	         1346.500966	          141.836946	           -0.231757	            0.000000	           -0.269756	            0.076102	           -0.856460	           -0.080414	            0.000000	            0.000000	            0.000000	           -1.190000	            0.000000	           -0.383079	            0.000000	            0.000000	            0.000000
            0.283000	         -100.801629	         1354.182040	          144.086904	           -0.230753	            0.000000	           -0.269511	            0.062853	           -0.725946	           -0.066525	            0.000000	            0.000000	            0.000000	           -1.190000	            0.000000	           -0.383079	            0.000000	            0.000000	            0.000000
            0.284000	          -94.801763	         1361.369197	          146.028268	           -0.229750	            0.000000	           -0.269251	            0.050217	           -0.596671	           -0.053167	            0.000000	            0.000000	            0.000000	           -1.190000	            0.000000	           -0.383079	            0.000000	            0.000000	            0.000000
            0.285000	          -88.813856	         1368.051431	          147.662098	           -0.228750	            0.000000	           -0.268977	            0.038424	           -0.470467	           -0.040476	            0.000000	            0.000000	            0.000000	           -1.190000	            0.000000	           -0.383079	            0.000000	            0.000000	            0.000000
            0.286000	          -82.893202	         1374.218636	          148.998308	           -0.227753	            0.000000	           -0.268692	            0.027659	           -0.348873	           -0.028544	            0.000000	            0.000000	            0.000000	           -1.190000	            0.000000	           -0.383079	            0.000000	            0.000000	            0.000000
            0.287000	          -77.088866	         1379.862205	          150.054014	           -0.226759	            0.000000	           -0.268400	            0.018058	           -0.233171	           -0.017436	            0.000000	            0.000000	            0.000000	           -1.190000	            0.000000	           -0.383079	            0.000000	            0.000000	            0.000000
            0.288000	          -71.442637	         1384.975517	          150.851801	           -0.225769	            0.000000	           -0.268105	            0.009715	           -0.124421	           -0.007192	            0.000000	            0.000000	            0.000000	           -1.190000	            0.000000	           -0.383079	            0.000000	            0.000000	            0.000000
            0.289000	          -65.988060	         1389.554316	          151.418012	           -0.224778	            0.000000	           -0.267810	            0.002675	           -0.023512	            0.002162	            0.000000	            0.000000	            0.000000	           -1.190000	            0.000000	           -0.383079	            0.000000	            0.000000	            0.000000
            0.290000	          -60.749639	         1393.596974	          151.781121	           -0.223784	            0.000000	           -0.267517	           -0.003051	            0.068798	            0.010609	            0.000000	            0.000000	            0.000000	           -1.190000	            0.000000	           -0.383079	            0.000000	            0.000000	            0.000000
            0.291000	          -55.742258	         1397.104681	          151.970271	           -0.222781	            0.000000	           -0.267227	           -0.007494	            0.151840	            0.018133	            0.000000	            0.000000	            0.000000	           -1.190000	            0.000000	           -0.383079	            0.000000	            0.000000	            0.000000
            0.292000	          -50.970873	         1400.081544	          152.014017	           -0.221766	            0.000000	           -0.266942	           -0.010712	            0.225001	            0.024717	            0.000000	            0.000000	            0.000000	           -1.190000	            0.000000	           -0.383079	            0.000000	            0.000000	            0.000000
            0.293000	          -46.430531	         1402.534638	          151.939331	           -0.220739	            0.000000	           -0.266662	           -0.012792	            0.287709	            0.030338	            0.000000	            0.000000	            0.000000	           -1.190000	            0.000000	           -0.383079	            0.000000	            0.000000	            0.000000
            0.294000	          -42.106711	         1404.473996	          151.770864	           -0.219702	            0.000000	           -0.266389	           -0.013845	            0.339415	            0.034966	            0.000000	            0.000000	            0.000000	           -1.190000	            0.000000	           -0.383079	            0.000000	            0.000000	            0.000000
            0.295000	          -37.976007	         1405.912543	          151.530495	           -0.218656	            0.000000	           -0.266120	           -0.013998	            0.379594	            0.038562	            0.000000	            0.000000	            0.000000	           -1.190000	            0.000000	           -0.383079	            0.000000	            0.000000	            0.000000
            0.296000	          -34.007109	         1406.865972	          151.237139	           -0.217601	            0.000000	           -0.265853	           -0.013393	            0.407763	            0.041085	            0.000000	            0.000000	            0.000000	           -1.190000	            0.000000	           -0.383079	            0.000000	            0.000000	            0.000000
            0.297000	          -30.162064	         1407.352554	          150.906804	           -0.216534	            0.000000	           -0.265585	           -0.012183	            0.423490	            0.042488	            0.000000	            0.000000	            0.000000	           -1.190000	            0.000000	           -0.383079	            0.000000	            0.000000	            0.000000
            0.298000	          -26.397728	         1407.392865	          150.552843	           -0.215453	            0.000000	           -0.265313	           -0.010527	            0.426426	            0.042728	            0.000000	            0.000000	            0.000000	           -1.190000	            0.000000	           -0.383079	            0.000000	            0.000000	            0.000000
            0.299000	          -22.667373	         1407.009427	          150.186376	           -0.214358	            0.000000	           -0.265034	           -0.008590	            0.416326	            0.041762	            0.000000	            0.000000	            0.000000	           -1.190000	            0.000000	           -0.383079	            0.000000	            0.000000	            0.000000
            0.300000	          -18.922358	         1406.226255	          149.816820	           -0.213251	            0.000000	           -0.264749	           -0.006534	            0.393080	            0.039560	            0.000000	            0.000000	            0.000000	           -1.190000	            0.000000	           -0.383079	            0.000000	            0.000000	            0.000000
            0.301000	          -15.113806	         1405.068313	          149.452472	           -0.212141	            0.000000	           -0.264458	           -0.004525	            0.356736	            0.036098	            0.000000	            0.000000	            0.000000	           -1.190000	            0.000000	           -0.383079	            0.000000	            0.000000	            0.000000
            0.302000	          -11.194209	         1403.560897	          149.101097	           -0.211035	            0.000000	           -0.264163	           -0.002723	            0.307515	            0.031369	            0.000000	            0.000000	            0.000000	           -1.190000	            0.000000	           -0.383079	            0.000000	            0.000000	            0.000000
            0.303000	           -7.118932	         1401.728960	          148.770466	           -0.209943	            0.000000	           -0.263866	           -0.001281	            0.245823	            0.025383	            0.000000	            0.000000	            0.000000	           -1.190000	            0.000000	           -0.383079	            0.000000	            0.000000	            0.000000
            0.304000	           -2.847546	         1399.596408	          148.468803	           -0.208870	            0.000000	           -0.263571	           -0.000348	            0.172252	            0.018164	            0.000000	            0.000000	            0.000000	           -1.190000	            0.000000	           -0.383079	            0.000000	            0.000000	            0.000000
            0.305000	            1.655027	         1397.185412	          148.205104	           -0.207824	            0.000000	           -0.263278	           -0.000064	            0.087573	            0.009754	            0.000000	            0.000000	            0.000000	           -1.190000	            0.000000	           -0.383079	            0.000000	            0.000000	            0.000000
            0.306000	            6.417582	         1394.515767	          147.989300	           -0.206807	            0.000000	           -0.262990	           -0.000557	           -0.007284	            0.000212	            0.000000	            0.000000	            0.000000	           -1.190000	            0.000000	           -0.383079	            0.000000	            0.000000	            0.000000
            0.307000	           11.461920	         1391.604338	          147.832259	           -0.205822	            0.000000	           -0.262710	           -0.001946	           -0.111253	           -0.010392	            0.000000	            0.000000	            0.000000	           -1.190000	            0.000000	           -0.383079	            0.000000	            0.000000	            0.000000
            0.308000	           16.802375	         1388.464629	          147.745624	           -0.204873	            0.000000	           -0.262440	           -0.004338	           -0.223162	           -0.021977	            0.000000	            0.000000	            0.000000	           -1.190000	            0.000000	           -0.383079	            0.000000	            0.000000	            0.000000
            0.309000	           22.445559	         1385.106500	          147.741498	           -0.203963	            0.000000	           -0.262185	           -0.007827	           -0.341770	           -0.034452	            0.000000	            0.000000	            0.000000	           -1.190000	            0.000000	           -0.383079	            0.000000	            0.000000	            0.000000
            0.310000	           28.390344	         1381.536050	          147.832002	           -0.203094	            0.000000	           -0.261946	           -0.012493	           -0.465808	           -0.047726	            0.000000	            0.000000	            0.000000	           -1.190000	            0.000000	           -0.383079	            0.000000	            0.000000	            0.000000
            0.311000	           34.628047	         1377.755665	          148.028742	           -0.202266	            0.000000	           -0.261729	           -0.018407	           -0.594012	           -0.061705	            0.000000	            0.000000	            0.000000	           -1.190000	            0.000000	           -0.383079	            0.000000	            0.000000	            0.000000
            0.312000	           41.142830	         1373.764223	          148.342223	           -0.201478	            0.000000	           -0.261533	           -0.025621	           -0.725161	           -0.076298	            0.000000	            0.000000	            0.000000	           -1.190000	            0.000000	           -0.383079	            0.000000	            0.000000	            0.000000
            0.313000	           47.912278	         1369.557440	          148.781248	           -0.200728	            0.000000	           -0.261361	           -0.034179	           -0.858114	           -0.091421	            0.000000	            0.000000	            0.000000	           -1.190000	            0.000000	           -0.383079	            0.000000	            0.000000	            0.000000
            0.314000	           54.908156	         1365.128327	          149.352356	           -0.200015	            0.000000	           -0.261210	           -0.044110	           -0.991831	           -0.106997	            0.000000	            0.000000	            0.000000	           -1.190000	            0.000000	           -0.383079	            0.000000	            0.000000	            0.000000
            0.315000	           62.097314	         1360.467712	          150.059334	           -0.199333	            0.000000	           -0.261078	           -0.055433	           -1.125398	           -0.122959	            0.000000	            0.000000	            0.000000	           -1.190000	            0.000000	           -0.383079	            0.000000	            0.000000	            0.000000
            0.316000	           69.442709	         1355.564801	          150.902839	           -0.198678	            0.000000	           -0.260961	           -0.068154	           -1.258039	           -0.139252	            0.000000	            0.000000	            0.000000	           -1.190000	            0.000000	           -0.383079	            0.000000	            0.000000	            0.000000
            0.317000	           76.904528	         1350.407732	          151.880157	           -0.198044	            0.000000	           -0.260855	           -0.082271	           -1.389127	           -0.155830	            0.000000	            0.000000	            0.000000	           -1.190000	            0.000000	           -0.383079	            0.000000	            0.000000	            0.000000
            0.318000	           84.441360	         1344.984086	          152.985122	           -0.197427	            0.000000	           -0.260758	           -0.097773	           -1.518178	           -0.172660	            0.000000	            0.000000	            0.000000	           -1.190000	            0.000000	           -0.383079	            0.000000	            0.000000	            0.000000
            0.319000	           92.011393	         1339.281326	          154.208195	           -0.196823	            0.000000	           -0.260669	           -0.114638	           -1.644850	           -0.189718	            0.000000	            0.000000	            0.000000	           -1.190000	            0.000000	           -0.383079	            0.000000	            0.000000	            0.000000
            0.320000	           99.573592	         1333.287149	          155.536713	           -0.196229	            0.000000	           -0.260590	           -0.132842	           -1.768925	           -0.206988	            0.000000	            0.000000	            0.000000	           -1.190000	            0.000000	           -0.383079	            0.000000	            0.000000	            0.000000
            0.321000	          107.088816	         1326.989737	          156.955278	           -0.195643	            0.000000	           -0.260521	           -0.152353	           -1.890299	           -0.224463	            0.000000	            0.000000	            0.000000	           -1.190000	            0.000000	           -0.383079	            0.000000	            0.000000	            0.000000
            0.322000	          114.520837	         1320.377901	          158.446283	           -0.195064	            0.000000	           -0.260463	           -0.173134	           -2.008956	           -0.242139	            0.000000	            0.000000	            0.000000	           -1.190000	            0.000000	           -0.383079	            0.000000	            0.000000	            0.000000
            0.323000	          121.837221	         1313.441135	          159.990529	           -0.194490	            0.000000	           -0.260415	           -0.195148	           -2.124947	           -0.260017	            0.000000	            0.000000	            0.000000	           -1.190000	            0.000000	           -0.383079	            0.000000	            0.000000	            0.000000
            0.324000	          129.010045	         1306.169591	          161.567910	           -0.193922	            0.000000	           -0.260376	           -0.218353	           -2.238372	           -0.278100	            0.000000	            0.000000	            0.000000	           -1.190000	            0.000000	           -0.383079	            0.000000	            0.000000	            0.000000
            0.325000	          136.016420	         1298.553995	          163.158123	           -0.193361	            0.000000	           -0.260343	           -0.242706	           -2.349350	           -0.296390	            0.000000	            0.000000	            0.000000	           -1.190000	            0.000000	           -0.383079	            0.000000	            0.000000	            0.000000
            0.326000	          142.838800	         1290.585533	          164.741356	           -0.192810	            0.000000	           -0.260316	           -0.268166	           -2.458003	           -0.314886	            0.000000	            0.000000	            0.000000	           -1.190000	            0.000000	           -0.383079	            0.000000	            0.000000	            0.000000
            0.327000	          149.465074	         1282.255725	          166.298937	           -0.192271	            0.000000	           -0.260294	           -0.294691	           -2.564439	           -0.333588	            0.000000	            0.000000	            0.000000	           -1.190000	            0.000000	           -0.383079	            0.000000	            0.000000	            0.000000
            0.328000	          155.888432	         1273.556319	          167.813880	           -0.191745	            0.000000	           -0.260276	           -0.322239	           -2.668735	           -0.352489	            0.000000	            0.000000	            0.000000	           -1.190000	            0.000000	           -0.383079	            0.000000	            0.000000	            0.000000
            0.329000	          162.107026	         1264.479214	          169.271334	           -0.191230	            0.000000	           -0.260262	           -0.350771	           -2.770927	           -0.371579	            0.000000	            0.000000	            0.000000	           -1.190000	            0.000000	           -0.383079	            0.000000	            0.000000	            0.000000
            0.330000	          168.123431	         1255.016437	          170.658878	           -0.190722	            0.000000	           -0.260253	           -0.380250	           -2.871011	           -0.390845	            0.000000	            0.000000	            0.000000	           -1.190000	            0.000000	           -0.383079	            0.000000	            0.000000	            0.000000
            0.331000	          173.943948	         1245.160174	          171.966683	           -0.190219	            0.000000	           -0.260248	           -0.410639	           -2.968931	           -0.410269	            0.000000	            0.000000	            0.000000	           -1.190000	            0.000000	           -0.383079	            0.000000	            0.000000	            0.000000
            0.332000	          179.577773	         1234.902858	          173.187515	           -0.189718	            0.000000	           -0.260246	           -0.441905	           -3.064592	           -0.429831	            0.000000	            0.000000	            0.000000	           -1.190000	            0.000000	           -0.383079	            0.000000	            0.000000	            0.000000
            0.333000	          185.036073	         1224.237315	          174.316595	           -0.189220	            0.000000	           -0.260246	           -0.474014	           -3.157859	           -0.449506	            0.000000	            0.000000	            0.000000	           -1.190000	            0.000000	           -0.383079	            0.000000	            0.000000	            0.000000
            0.334000	          190.331023	         1213.156952	          175.351329	           -0.188724	            0.000000	           -0.260248	           -0.506936	           -3.248569	           -0.469269	            0.000000	            0.000000	            0.000000	           -1.190000	            0.000000	           -0.383079	            0.000000	            0.000000	            0.000000
            0.335000	          195.474830	         1201.655975	          176.290934	           -0.188230	            0.000000	           -0.260252	           -0.540640	           -3.336540	           -0.489091	            0.000000	            0.000000	            0.000000	           -1.190000	            0.000000	           -0.383079	            0.000000	            0.000000	            0.000000
            0.336000	          200.478813	         1189.729626	          177.135974	           -0.187739	            0.000000	           -0.260258	           -0.575095	           -3.421585	           -0.508944	            0.000000	            0.000000	            0.000000	           -1.190000	            0.000000	           -0.383079	            0.000000	            0.000000	            0.000000
            0.337000	          205.352553	         1177.374406	          177.887862	           -0.187252	            0.000000	           -0.260266	           -0.610270	           -3.503518	           -0.528799	            0.000000	            0.000000	            0.000000	           -1.190000	            0.000000	           -0.383079	            0.000000	            0.000000	            0.000000
            0.338000	          210.103166	         1164.588286	          178.548337	           -0.186770	            0.000000	           -0.260277	           -0.646132	           -3.582167	           -0.548628	            0.000000	            0.000000	            0.000000	           -1.190000	            0.000000	           -0.383079	            0.000000	            0.000000	            0.000000
            0.339000	          214.734726	         1151.370873	          179.118966	           -0.186297	            0.000000	           -0.260292	           -0.682643	           -3.657383	           -0.568401	            0.000000	            0.000000	            0.000000	           -1.190000	            0.000000	           -0.383079	            0.000000	            0.000000	            0.000000
            0.340000	          219.247848	         1137.723524	          179.600692	           -0.185837	            0.000000	           -0.260310	           -0.719763	           -3.729047	           -0.588090	            0.000000	            0.000000	            0.000000	           -1.190000	            0.000000	           -0.383079	            0.000000	            0.000000	            0.000000
            0.341000	          223.639452	         1123.649403	          179.993455	           -0.185390	            0.000000	           -0.260332	           -0.757445	           -3.797071	           -0.607665	            0.000000	            0.000000	            0.000000	           -1.190000	            0.000000	           -0.383079	            0.000000	            0.000000	            0.000000
            0.342000	          227.902704	         1109.153460	          180.295909	           -0.184953	            0.000000	           -0.260358	           -0.795637	           -3.861399	           -0.627100	            0.000000	            0.000000	            0.000000	           -1.190000	            0.000000	           -0.383079	            0.000000	            0.000000	            0.000000
            0.343000	          232.027138	         1094.242354	          180.505249	           -0.184524	            0.000000	           -0.260386	           -0.834278	           -3.922012	           -0.646364	            0.000000	            0.000000	            0.000000	           -1.190000	            0.000000	           -0.383079	            0.000000	            0.000000	            0.000000
            0.344000	          235.998938	         1078.924302	          180.617141	           -0.184096	            0.000000	           -0.260415	           -0.873300	           -3.978914	           -0.665427	            0.000000	            0.000000	            0.000000	           -1.190000	            0.000000	           -0.383079	            0.000000	            0.000000	            0.000000
            0.345000	          239.801356	         1063.208874	          180.625771	           -0.183665	            0.000000	           -0.260441	           -0.912622	           -4.032133	           -0.684257	            0.000000	            0.000000	            0.000000	           -1.190000	            0.000000	           -0.383079	            0.000000	            0.000000	            0.000000
            0.346000	          243.415263	         1047.106748	          180.523993	           -0.183225	            0.000000	           -0.260463	           -0.952158	           -4.081711	           -0.702822	            0.000000	            0.000000	            0.000000	           -1.190000	            0.000000	           -0.383079	            0.000000	            0.000000	            0.000000
            0.347000	          246.819774	         1030.629431	          180.303567	           -0.182773	            0.000000	           -0.260480	           -0.991807	           -4.127692	           -0.721085	            0.000000	            0.000000	            0.000000	           -1.190000	            0.000000	           -0.383079	            0.000000	            0.000000	            0.000000
            0.348000	          249.992944	         1013.788975	          179.955465	           -0.182310	            0.000000	           -0.260490	           -1.031462	           -4.170115	           -0.739006	            0.000000	            0.000000	            0.000000	           -1.190000	            0.000000	           -0.383079	            0.000000	            0.000000	            0.000000
            0.349000	          252.912486	          996.597699	          179.470232	           -0.181839	            0.000000	           -0.260494	           -1.071004	           -4.209004	           -0.756544	            0.000000	            0.000000	            0.000000	           -1.190000	            0.000000	           -0.383079	            0.000000	            0.000000	            0.000000
            0.350000	          255.556487	          979.067941	          178.838371	           -0.181365	            0.000000	           -0.260493	           -1.110305	           -4.244360	           -0.773650	            0.000000	            0.000000	            0.000000	           -1.190000	            0.000000	           -0.383079	            0.000000	            0.000000	            0.000000
            0.351000	          257.904090	          961.211858	          178.050736	           -0.180895	            0.000000	           -0.260486	           -1.149231	           -4.276150	           -0.790275	            0.000000	            0.000000	            0.000000	           -1.190000	            0.000000	           -0.383079	            0.000000	            0.000000	            0.000000
            0.352000	          259.936120	          943.041287	          177.098911	           -0.180433	            0.000000	           -0.260473	           -1.187641	           -4.304307	           -0.806363	            0.000000	            0.000000	            0.000000	           -1.190000	            0.000000	           -0.383079	            0.000000	            0.000000	            0.000000
            0.353000	          261.635626	          924.567681	          175.975552	           -0.179981	            0.000000	           -0.260451	           -1.225391	           -4.328727	           -0.821855	            0.000000	            0.000000	            0.000000	           -1.190000	            0.000000	           -0.383079	            0.000000	            0.000000	            0.000000
            0.354000	          262.988328	          905.802128	          174.674690	           -0.179539	            0.000000	           -0.260420	           -1.262334	           -4.349266	           -0.836687	            0.000000	            0.000000	            0.000000	           -1.190000	            0.000000	           -0.383079	            0.000000	            0.000000	            0.000000
            0.355000	          263.982954	          886.755450	          173.191966	           -0.179102	            0.000000	           -0.260377	           -1.298326	           -4.365746	           -0.850791	            0.000000	            0.000000	            0.000000	           -1.190000	            0.000000	           -0.383079	            0.000000	            0.000000	            0.000000
            0.356000	          264.611461	          867.438392	          171.524808	           -0.178664	            0.000000	           -0.260322	           -1.333225	           -4.377963	           -0.864096	            0.000000	            0.000000	            0.000000	           -1.190000	            0.000000	           -0.383079	            0.000000	            0.000000	            0.000000
            0.357000	          264.869138	          847.861865	          169.672536	           -0.178218	            0.000000	           -0.260251	           -1.366895	           -4.385689	           -0.876526	            0.000000	            0.000000	            0.000000	           -1.190000	            0.000000	           -0.383079	            0.000000	            0.000000	            0.000000
            0.358000	          264.754603	          828.037269	          167.636403	           -0.177759	            0.000000	           -0.260160	           -1.399208	           -4.388684	           -0.888003	            0.000000	            0.000000	            0.000000	           -1.190000	            0.000000	           -0.383079	            0.000000	            0.000000	            0.000000
            0.359000	          264.269688	          807.976838	          165.419568	           -0.177283	            0.000000	           -0.260046	           -1.430047	           -4.386707	           -0.898447	            0.000000	            0.000000	            0.000000	           -1.190000	            0.000000	           -0.383079	            0.000000	            0.000000	            0.000000
            0.360000	          263.419233	          787.694018	          163.027018	           -0.176790	            0.000000	           -0.259904	           -1.459302	           -4.379526	           -0.907774	            0.000000	            0.000000	            0.000000	           -1.190000	            0.000000	           -0.383079	            0.000000	            0.000000	            0.000000
            0.361000	          262.210801	          767.203840	          160.465438	           -0.176282	            0.000000	           -0.259729	           -1.486876	           -4.366927	           -0.915897	            0.000000	            0.000000	            0.000000	           -1.190000	            0.000000	           -0.383079	            0.000000	            0.000000	            0.000000
            0.362000	          260.654331	          746.523271	          157.743041	           -0.175759	            0.000000	           -0.259521	           -1.512682	           -4.348726	           -0.922730	            0.000000	            0.000000	            0.000000	           -1.190000	            0.000000	           -0.383079	            0.000000	            0.000000	            0.000000
            0.363000	          258.761743	          725.671530	          154.869372	           -0.175221	            0.000000	           -0.259277	           -1.536641	           -4.324772	           -0.928184	            0.000000	            0.000000	            0.000000	           -1.190000	            0.000000	           -0.383079	            0.000000	            0.000000	            0.000000
            0.364000	          256.546517	          704.670334	          151.855089	           -0.174668	            0.000000	           -0.259000	           -1.558681	           -4.294961	           -0.932171	            0.000000	            0.000000	            0.000000	           -1.190000	            0.000000	           -0.383079	            0.000000	            0.000000	            0.000000
            0.365000	          254.023250	          683.544082	          148.711738	           -0.174100	            0.000000	           -0.258697	           -1.578736	           -4.259235	           -0.934603	            0.000000	            0.000000	            0.000000	           -1.190000	            0.000000	           -0.383079	            0.000000	            0.000000	            0.000000
            0.366000	          251.207233	          662.319945	          145.451517	           -0.173519	            0.000000	           -0.258373	           -1.596741	           -4.217589	           -0.935395	            0.000000	            0.000000	            0.000000	           -1.190000	            0.000000	           -0.383079	            0.000000	            0.000000	            0.000000
            0.367000	          248.114037	          641.027862	          142.087052	           -0.172928	            0.000000	           -0.258032	           -1.612631	           -4.170071	           -0.934466	            0.000000	            0.000000	            0.000000	           -1.190000	            0.000000	           -0.383079	            0.000000	            0.000000	            0.000000
            0.368000	          244.759138	          619.700447	          138.631184	           -0.172327	            0.000000	           -0.257674	           -1.626337	           -4.116785	           -0.931745	            0.000000	            0.000000	            0.000000	           -1.190000	            0.000000	           -0.383079	            0.000000	            0.000000	            0.000000
            0.369000	          241.157593	          598.372779	          135.096765	           -0.171716	            0.000000	           -0.257298	           -1.637785	           -4.057889	           -0.927171	            0.000000	            0.000000	            0.000000	           -1.190000	            0.000000	           -0.383079	            0.000000	            0.000000	            0.000000
            0.370000	          237.323770	          577.082121	          131.496482	           -0.171088	            0.000000	           -0.256902	           -1.646895	           -3.993593	           -0.920696	            0.000000	            0.000000	            0.000000	           -1.190000	            0.000000	           -0.383079	            0.000000	            0.000000	            0.000000
            0.371000	          233.271152	          555.867524	          127.842694	           -0.170432	            0.000000	           -0.256480	           -1.653579	           -3.924158	           -0.912294	            0.000000	            0.000000	            0.000000	           -1.190000	            0.000000	           -0.383079	            0.000000	            0.000000	            0.000000
            0.372000	          229.012219	          534.769367	          124.147303	           -0.169729	            0.000000	           -0.256027	           -1.657743	           -3.849892	           -0.901965	            0.000000	            0.000000	            0.000000	           -1.190000	            0.000000	           -0.383079	            0.000000	            0.000000	            0.000000
            0.373000	          224.558406	          513.828822	          120.421642	           -0.168962	            0.000000	           -0.255535	           -1.659289	           -3.771149	           -0.889734	            0.000000	            0.000000	            0.000000	           -1.190000	            0.000000	           -0.383079	            0.000000	            0.000000	            0.000000
            0.374000	          219.920150	          493.087268	          116.676395	           -0.168118	            0.000000	           -0.254996	           -1.658116	           -3.688321	           -0.875667	            0.000000	            0.000000	            0.000000	           -1.190000	            0.000000	           -0.383079	            0.000000	            0.000000	            0.000000
            0.375000	          215.107013	          472.585670	          112.921538	           -0.167192	            0.000000	           -0.254404	           -1.654132	           -3.601840	           -0.859867	            0.000000	            0.000000	            0.000000	           -1.190000	            0.000000	           -0.383079	            0.000000	            0.000000	            0.000000
            0.376000	          210.127881	          452.363943	          109.166311	           -0.166191	            0.000000	           -0.253754	           -1.647251	           -3.512171	           -0.842482	            0.000000	            0.000000	            0.000000	           -1.190000	            0.000000	           -0.383079	            0.000000	            0.000000	            0.000000
            0.377000	          204.991226	          432.460324	          105.419209	           -0.165127	            0.000000	           -0.253048	           -1.637410	           -3.419806	           -0.823710	            0.000000	            0.000000	            0.000000	           -1.190000	            0.000000	           -0.383079	            0.000000	            0.000000	            0.000000
            0.378000	          199.705419	          412.910779	          101.687996	           -0.164018	            0.000000	           -0.252291	           -1.624573	           -3.325267	           -0.803799	            0.000000	            0.000000	            0.000000	           -1.190000	            0.000000	           -0.383079	            0.000000	            0.000000	            0.000000
            0.379000	          194.279068	          393.748459	           97.979741	           -0.162882	            0.000000	           -0.251488	           -1.608740	           -3.229096	           -0.783047	            0.000000	            0.000000	            0.000000	           -1.190000	            0.000000	           -0.383079	            0.000000	            0.000000	            0.000000
            0.380000	          188.721369	          375.003236	           94.300867	           -0.161728	            0.000000	           -0.250644	           -1.589962	           -3.131854	           -0.761803	            0.000000	            0.000000	            0.000000	           -1.190000	            0.000000	           -0.383079	            0.000000	            0.000000	            0.000000
            0.381000	          183.042439	          356.701331	           90.657214	           -0.160558	            0.000000	           -0.249763	           -1.568346	           -3.034117	           -0.740462	            0.000000	            0.000000	            0.000000	           -1.190000	            0.000000	           -0.383079	            0.000000	            0.000000	            0.000000
            0.382000	          177.253613	          338.865051	           87.054107	           -0.159366	            0.000000	           -0.248845	           -1.544066	           -2.936469	           -0.719456	            0.000000	            0.000000	            0.000000	           -1.190000	            0.000000	           -0.383079	            0.000000	            0.000000	            0.000000
            0.383000	          171.367683	          321.512643	           83.496428	           -0.158144	            0.000000	           -0.247886	           -1.517370	           -2.839499	           -0.699246	            0.000000	            0.000000	            0.000000	           -1.190000	            0.000000	           -0.383079	            0.000000	            0.000000	            0.000000
            0.384000	          165.399055	          304.658273	           79.988688	           -0.156883	            0.000000	           -0.246885	           -1.488587	           -2.743793	           -0.680309	            0.000000	            0.000000	            0.000000	           -1.190000	            0.000000	           -0.383079	            0.000000	            0.000000	            0.000000
            0.385000	          159.363819	          288.312120	           76.535086	           -0.155582	            0.000000	           -0.245842	           -1.458126	           -2.649927	           -0.663123	            0.000000	            0.000000	            0.000000	           -1.190000	            0.000000	           -0.383079	            0.000000	            0.000000	            0.000000
            0.386000	          153.279710	          272.480592	           73.139572	           -0.154242	            0.000000	           -0.244760	           -1.426478	           -2.558457	           -0.648143	            0.000000	            0.000000	            0.000000	           -1.190000	            0.000000	           -0.383079	            0.000000	            0.000000	            0.000000
            0.387000	          147.165978	          257.166630	           69.805877	           -0.152860	            0.000000	           -0.243641	           -1.394213	           -2.469911	           -0.635785	            0.000000	            0.000000	            0.000000	           -1.190000	            0.000000	           -0.383079	            0.000000	            0.000000	            0.000000
            0.388000	          141.043139	          242.370110	           66.537545	           -0.151424	            0.000000	           -0.242484	           -1.361966	           -2.384774	           -0.626401	            0.000000	            0.000000	            0.000000	           -1.190000	            0.000000	           -0.383079	            0.000000	            0.000000	            0.000000
            0.389000	          134.932653	          228.088295	           63.337940	           -0.149909	            0.000000	           -0.241282	           -1.330431	           -2.303483	           -0.620251	            0.000000	            0.000000	            0.000000	           -1.190000	            0.000000	           -0.383079	            0.000000	            0.000000	            0.000000
            0.390000	          128.856512	          214.316338	           60.210239	           -0.148286	            0.000000	           -0.240028	           -1.300343	           -2.226405	           -0.617485	            0.000000	            0.000000	            0.000000	           -1.190000	            0.000000	           -0.383079	            0.000000	            0.000000	            0.000000
            0.391000	          122.836779	          201.047790	           57.157411	           -0.146525	            0.000000	           -0.238718	           -1.272456	           -2.153834	           -0.618111	            0.000000	            0.000000	            0.000000	           -1.190000	            0.000000	           -0.383079	            0.000000	            0.000000	            0.000000
            0.392000	          116.895086	          188.275104	           54.182182	           -0.144610	            0.000000	           -0.237345	           -1.247524	           -2.085975	           -0.621981	            0.000000	            0.000000	            0.000000	           -1.190000	            0.000000	           -0.383079	            0.000000	            0.000000	            0.000000
            0.393000	          111.052132	          175.990110	           51.286995	           -0.142531	            0.000000	           -0.235906	           -1.226276	           -2.022933	           -0.628772	            0.000000	            0.000000	            0.000000	           -1.190000	            0.000000	           -0.383079	            0.000000	            0.000000	            0.000000
            0.394000	          105.327191	          164.184429	           48.473966	           -0.140281	            0.000000	           -0.234396	           -1.209386	           -1.964706	           -0.637972	            0.000000	            0.000000	            0.000000	           -1.190000	            0.000000	           -0.383079	            0.000000	            0.000000	            0.000000
            0.395000	           99.737665	          152.849830	           45.744845	           -0.137855	            0.000000	           -0.232809	           -1.197450	           -1.911183	           -0.648873	            0.000000	            0.000000	            0.000000	           -1.190000	            0.000000	           -0.383079	            0.000000	            0.000000	            0.000000
            0.396000	           94.298706	          141.978506	           43.100976	           -0.135236	            0.000000	           -0.231132	           -1.190959	           -1.862132	           -0.660579	            0.000000	            0.000000	            0.000000	           -1.190000	            0.000000	           -0.383079	            0.000000	            0.000000	            0.000000
            0.397000	           89.022912	          131.563263	           40.543279	           -0.132409	            0.000000	           -0.229350	           -1.190272	           -1.817209	           -0.672013	            0.000000	            0.000000	            0.000000	           -1.190000	            0.000000	           -0.383079	            0.000000	            0.000000	            0.000000
            0.398000	           83.920137	          121.597632	           38.072240	           -0.129362	            0.000000	           -0.227445	           -1.195591	           -1.775959	           -0.681936	            0.000000	            0.000000	            0.000000	           -1.190000	            0.000000	           -0.383079	            0.000000	            0.000000	            0.000000
            0.399000	           78.997393	          112.075903	           35.687927	           -0.126088	            0.000000	           -0.225389	           -1.206948	           -1.737824	           -0.688984	            0.000000	            0.000000	            0.000000	           -1.190000	            0.000000	           -0.383079	            0.000000	            0.000000	            0.000000
            0.400000	           74.258880	          102.993083	           33.390013	           -0.122574	            0.000000	           -0.223148	           -1.224185	           -1.702154	           -0.691700	            0.000000	            0.000000	            0.000000	           -1.190000	            0.000000	           -0.383079	            0.000000	            0.000000	            0.000000
            0.401000	           69.706109	           94.344805	           31.177830	           -0.118781	            0.000000	           -0.220685	           -1.246944	           -1.668227	           -0.688592	            0.000000	            0.000000	            0.000000	           -1.190000	            0.000000	           -0.383079	            0.000000	            0.000000	            0.000000
            0.402000	           65.338142	           86.127184	           29.050429	           -0.114633	            0.000000	           -0.217955	           -1.274670	           -1.635267	           -0.678187	            0.000000	            0.000000	            0.000000	           -1.190000	            0.000000	           -0.383079	            0.000000	            0.000000	            0.000000
            0.403000	           61.151914	           78.336646	           27.006659	           -0.110017	            0.000000	           -0.214908	           -1.306610	           -1.602468	           -0.659093	            0.000000	            0.000000	            0.000000	           -1.190000	            0.000000	           -0.383079	            0.000000	            0.000000	            0.000000
            0.404000	           57.142637	           70.969740	           25.045251	           -0.104793	            0.000000	           -0.211491	           -1.341828	           -1.569021	           -0.630076	            0.000000	            0.000000	            0.000000	           -1.190000	            0.000000	           -0.383079	            0.000000	            0.000000	            0.000000
            0.405000	           53.304247	           64.022936	           23.164903	           -0.098824	            0.000000	           -0.207651	           -1.379229	           -1.534143	           -0.590119	            0.000000	            0.000000	            0.000000	           -1.190000	            0.000000	           -0.383079	            0.000000	            0.000000	            0.000000
            0.406000	           49.629909	           57.492437	           21.364377	           -0.091985	            0.000000	           -0.203341	           -1.417585	           -1.497111	           -0.538500	            0.000000	            0.000000	            0.000000	           -1.190000	            0.000000	           -0.383079	            0.000000	            0.000000	            0.000000
            0.407000	           46.112515	           51.373991	           19.642572	           -0.084138	            0.000000	           -0.198519	           -1.455572	           -1.457290	           -0.474850	            0.000000	            0.000000	            0.000000	           -1.190000	            0.000000	           -0.383079	            0.000000	            0.000000	            0.000000
            0.408000	           42.745189	           45.662719	           17.998603	           -0.075095	            0.000000	           -0.193165	           -1.491823	           -1.414162	           -0.399201	            0.000000	            0.000000	            0.000000	           -1.190000	            0.000000	           -0.383079	            0.000000	            0.000000	            0.000000
            0.409000	           39.521755	           40.352970	           16.431862	           -0.064606	            0.000000	           -0.187294	           -1.524969	           -1.367356	           -0.312029	            0.000000	            0.000000	            0.000000	           -1.190000	            0.000000	           -0.383079	            0.000000	            0.000000	            0.000000
            0.410000	           36.437155	           35.438183	           14.942056	           -0.052419	            0.000000	           -0.180977	           -1.553705	           -1.316670	           -0.214272	            0.000000	            0.000000	            0.000000	           -1.190000	            0.000000	           -0.383079	            0.000000	            0.000000	            0.000000
            0.411000	           33.487788	           30.910771	           13.529229	           -0.038347	            0.000000	           -0.174350	           -1.576839	           -1.262087	           -0.107322	            0.000000	            0.000000	            0.000000	           -1.190000	            0.000000	           -0.383079	            0.000000	            0.000000	            0.000000
            0.412000	           30.671760	           26.762027	           12.193763	           -0.038347	            0.000000	           -0.174350	           -1.593354	           -1.203782	            0.007001	            0.000000	            0.000000	            0.000000	           -1.190000	            0.000000	           -0.383079	            0.000000	            0.000000	            0.000000
            0.413000	           27.989009	           22.982042	           10.936346	           -0.038347	            0.000000	           -0.174350	           -1.602463	           -1.142129	            0.126505	            0.000000	            0.000000	            0.000000	           -1.190000	            0.000000	           -0.383079	            0.000000	            0.000000	            0.000000
            0.414000	           25.441306	           19.559639	            9.757907	           -0.038347	            0.000000	           -0.174350	           -1.603651	           -1.077688	            0.248712	            0.000000	            0.000000	            0.000000	           -1.190000	            0.000000	           -0.383079	            0.000000	            0.000000	            0.000000
            0.415000	           23.032110	           16.482326	            8.659533	           -0.038347	            0.000000	           -0.174350	           -1.596714	           -1.011188	            0.370969	            0.000000	            0.000000	            0.000000	           -1.190000	            0.000000	           -0.383079	            0.000000	            0.000000	            0.000000
            0.416000	           20.766284	           13.736265	            7.642345	           -0.038347	            0.000000	           -0.174350	           -1.581783	           -0.943500	            0.490576	            0.000000	            0.000000	            0.000000	           -1.190000	            0.000000	           -0.383079	            0.000000	            0.000000	            0.000000
            0.417000	           18.649677	           11.306262	            6.707354	           -0.038347	            0.000000	           -0.174350	           -1.559330	           -0.875604	            0.604934	            0.000000	            0.000000	            0.000000	           -1.190000	            0.000000	           -0.383079	            0.000000	            0.000000	            0.000000
            0.418000	            0.000000	            0.000000	            0.000000	           -0.450000	            0.000000	           -0.300000	            0.000000	            0.000000	            0.000000	            0.000000	            0.000000	            0.000000	           -1.190000	            0.000000	           -0.383079	            0.000000	            0.000000	            0.000000
            0.419000	            0.000000	            0.000000	            0.000000	           -0.450000	            0.000000	           -0.300000	            0.000000	            0.000000	            0.000000	            0.000000	            0.000000	            0.000000	           -1.190000	            0.000000	           -0.383079	            0.000000	            0.000000	            0.000000
            0.420000	            0.000000	            0.000000	            0.000000	           -0.450000	            0.000000	           -0.300000	            0.000000	            0.000000	            0.000000	            0.000000	            0.000000	            0.000000	           -1.190000	            0.000000	           -0.383079	            0.000000	            0.000000	            0.000000
            0.421000	            0.000000	            0.000000	            0.000000	           -0.450000	            0.000000	           -0.300000	            0.000000	            0.000000	            0.000000	            0.000000	            0.000000	            0.000000	           -1.190000	            0.000000	           -0.383079	            0.000000	            0.000000	            0.000000
            0.422000	            0.000000	            0.000000	            0.000000	           -0.450000	            0.000000	           -0.300000	            0.000000	            0.000000	            0.000000	            0.000000	            0.000000	            0.000000	           -1.190000	            0.000000	           -0.383079	            0.000000	            0.000000	            0.000000
            0.423000	            0.000000	            0.000000	            0.000000	           -0.450000	            0.000000	           -0.300000	            0.000000	            0.000000	            0.000000	            0.000000	            0.000000	            0.000000	           -1.190000	            0.000000	           -0.383079	            0.000000	            0.000000	            0.000000
            0.424000	            0.000000	            0.000000	            0.000000	           -0.450000	            0.000000	           -0.300000	            0.000000	            0.000000	            0.000000	            0.000000	            0.000000	            0.000000	           -1.190000	            0.000000	           -0.383079	            0.000000	            0.000000	            0.000000
            0.425000	            0.000000	            0.000000	            0.000000	           -0.450000	            0.000000	           -0.300000	            0.000000	            0.000000	            0.000000	            0.000000	            0.000000	            0.000000	           -1.190000	            0.000000	           -0.383079	            0.000000	            0.000000	            0.000000
