name=P8 -65w 01_force.mot
nRows=1221
nColumns=19
range=0.000000 1.220000
endheader
time	1_force_vx	1_force_vy	1_force_vz	1_force_px	1_force_py	1_force_pz	1_torque_x	1_torque_y	1_torque_z	2_force_vx	2_force_vy	2_force_vz	2_force_px	2_force_py	2_force_pz	2_torque_x	2_torque_y	2_torque_z
            0.000000	            0.000000	            0.000000	            0.000000	           -0.450000	            0.000000	           -0.349809	            0.000000	            0.000000	            0.000000	           19.513504	           29.228011	           -2.020419	           -1.559367	            0.000000	           -0.550004	            0.655881	            0.773412	           -0.290703
            0.001000	            0.000000	            0.000000	            0.000000	           -0.450000	            0.000000	           -0.349809	            0.000000	            0.000000	            0.000000	           23.869173	           38.199276	           -2.615178	           -1.559367	            0.000000	           -0.550004	            0.722632	            0.962251	           -0.277084
            0.002000	            0.000000	            0.000000	            0.000000	           -0.450000	            0.000000	           -0.349809	            0.000000	            0.000000	            0.000000	           27.961488	           47.310509	           -3.217308	           -1.559367	            0.000000	           -0.550004	            0.771558	            1.123657	           -0.261664
            0.003000	            0.000000	            0.000000	            0.000000	           -0.450000	            0.000000	           -0.349809	            0.000000	            0.000000	            0.000000	           31.724573	           56.532061	           -3.823577	           -1.559367	            0.000000	           -0.550004	            0.801559	            1.253753	           -0.244423
            0.004000	            0.000000	            0.000000	            0.000000	           -0.450000	            0.000000	           -0.349809	            0.000000	            0.000000	            0.000000	           35.093793	           65.826107	           -4.430051	           -1.559367	            0.000000	           -0.550004	            0.812296	            1.349377	           -0.225444
            0.005000	            0.000000	            0.000000	            0.000000	           -0.450000	            0.000000	           -0.349809	            0.000000	            0.000000	            0.000000	           38.006979	           75.146887	           -5.032061	           -1.559367	            0.000000	           -0.550004	            0.804202	            1.408168	           -0.204895
            0.006000	            0.000000	            0.000000	            0.000000	           -0.450000	            0.000000	           -0.349809	            0.000000	            0.000000	            0.000000	           40.405688	           84.441563	           -5.624205	           -1.542099	            0.000000	           -0.542755	            0.778453	            1.428623	           -0.183022
            0.007000	            0.000000	            0.000000	            0.000000	           -0.450000	            0.000000	           -0.349809	            0.000000	            0.000000	            0.000000	           42.236410	           93.651680	           -6.200387	           -1.526895	            0.000000	           -0.536047	            0.736910	            1.410116	           -0.160127
            0.008000	            0.000000	            0.000000	            0.000000	           -0.450000	            0.000000	           -0.349809	            0.000000	            0.000000	            0.000000	           43.451716	          102.715118	           -6.753891	           -1.513659	            0.000000	           -0.529984	            0.682026	            1.352893	           -0.136554
            0.009000	            0.000000	            0.000000	            0.000000	           -0.450000	            0.000000	           -0.349809	            0.000000	            0.000000	            0.000000	           44.011273	          111.568466	           -7.277496	           -1.502224	            0.000000	           -0.524577	            0.616736	            1.258025	           -0.112674
            0.010000	            0.000000	            0.000000	            0.000000	           -0.450000	            0.000000	           -0.349809	            0.000000	            0.000000	            0.000000	           43.882717	          120.149668	           -7.763623	           -1.492419	            0.000000	           -0.519818	            0.544325	            1.127349	           -0.088866
            0.011000	            0.000000	            0.000000	            0.000000	           -0.450000	            0.000000	           -0.349809	            0.000000	            0.000000	            0.000000	           43.042356	          128.400823	           -8.204514	           -1.484076	            0.000000	           -0.515702	            0.468290	            0.963381	           -0.065507
            0.012000	            0.000000	            0.000000	            0.000000	           -0.450000	            0.000000	           -0.349809	            0.000000	            0.000000	            0.000000	           41.475693	          136.270994	           -8.592431	           -1.477014	            0.000000	           -0.512201	            0.392195	            0.769220	           -0.042959
            0.013000	            0.000000	            0.000000	            0.000000	           -0.450000	            0.000000	           -0.349809	            0.000000	            0.000000	            0.000000	           39.177765	          143.718885	           -8.919883	           -1.471041	            0.000000	           -0.509253	            0.319529	            0.548440	           -0.021560
            0.014000	            0.000000	            0.000000	            0.000000	           -0.450000	            0.000000	           -0.349809	            0.000000	            0.000000	            0.000000	           36.153306	          150.715274	           -9.179853	           -1.465978	            0.000000	           -0.506768	            0.253576	            0.304981	           -0.001614
            0.015000	            0.000000	            0.000000	            0.000000	           -0.450000	            0.000000	           -0.349809	            0.000000	            0.000000	            0.000000	           32.416749	          157.245075	           -9.366037	           -1.461667	            0.000000	           -0.504661	            0.197290	            0.043038	            0.016614
            0.016000	            0.000000	            0.000000	            0.000000	           -0.450000	            0.000000	           -0.349809	            0.000000	            0.000000	            0.000000	           27.992067	          163.308947	           -9.473066	           -1.457984	            0.000000	           -0.502859	            0.153199	           -0.233041	            0.032900
            0.017000	            0.000000	            0.000000	            0.000000	           -0.450000	            0.000000	           -0.349809	            0.000000	            0.000000	            0.000000	           22.912488	          168.924378	           -9.496723	           -1.454822	            0.000000	           -0.501307	            0.123315	           -0.518854	            0.047069
            0.018000	            0.000000	            0.000000	            0.000000	           -0.450000	            0.000000	           -0.349809	            0.000000	            0.000000	            0.000000	           17.220074	          174.126197	           -9.434126	           -1.452084	            0.000000	           -0.499953	            0.109077	           -0.810034	            0.058995
            0.019000	            0.000000	            0.000000	            0.000000	           -0.450000	            0.000000	           -0.349809	            0.000000	            0.000000	            0.000000	           10.965189	          178.966489	           -9.283884	           -1.449668	            0.000000	           -0.498744	            0.111314	           -1.102325	            0.068599
            0.020000	            0.000000	            0.000000	            0.000000	           -0.450000	            0.000000	           -0.349809	            0.000000	            0.000000	            0.000000	            4.205865	          183.513933	           -9.046204	           -1.447473	            0.000000	           -0.497621	            0.130227	           -1.391658	            0.075852
            0.021000	            0.000000	            0.000000	            0.000000	           -0.450000	            0.000000	           -0.349809	            0.000000	            0.000000	            0.000000	           -2.992955	          187.852566	           -8.722958	           -1.445400	            0.000000	           -0.496528	            0.165406	           -1.674203	            0.080773
            0.022000	            0.000000	            0.000000	            0.000000	           -0.450000	            0.000000	           -0.349809	            0.000000	            0.000000	            0.000000	          -10.560266	          192.080046	           -8.317687	           -1.443358	            0.000000	           -0.495417	            0.215853	           -1.946422	            0.083428
            0.023000	            0.000000	            0.000000	            0.000000	           -0.450000	            0.000000	           -0.349809	            0.000000	            0.000000	            0.000000	          -18.419976	          196.305451	           -7.835559	           -1.441260	            0.000000	           -0.494242	            0.280043	           -2.205113	            0.083926
            0.024000	            0.000000	            0.000000	            0.000000	           -0.450000	            0.000000	           -0.349809	            0.000000	            0.000000	            0.000000	          -26.491992	          200.646722	           -7.283256	           -1.439029	            0.000000	           -0.492969	            0.355985	           -2.447440	            0.082413
            0.025000	            0.000000	            0.000000	            0.000000	           -0.450000	            0.000000	           -0.349809	            0.000000	            0.000000	            0.000000	          -34.693432	          205.227809	           -6.668814	           -1.436617	            0.000000	           -0.491583	            0.441315	           -2.670964	            0.079074
            0.026000	            0.000000	            0.000000	            0.000000	           -0.450000	            0.000000	           -0.349809	            0.000000	            0.000000	            0.000000	          -42.939960	          210.175627	           -6.001403	           -1.434006	            0.000000	           -0.490093	            0.533386	           -2.873658	            0.074120
            0.027000	            0.000000	            0.000000	            0.000000	           -0.450000	            0.000000	           -0.349809	            0.000000	            0.000000	            0.000000	          -51.147234	          215.616916	           -5.291068	           -1.431213	            0.000000	           -0.488530	            0.629373	           -3.053928	            0.067790
            0.028000	            0.000000	            0.000000	            0.000000	           -0.450000	            0.000000	           -0.349809	            0.000000	            0.000000	            0.000000	          -59.232453	          221.675080	           -4.548429	           -1.428275	            0.000000	           -0.486942	            0.726381	           -3.210609	            0.060337
            0.029000	            0.000000	            0.000000	            0.000000	           -0.450000	            0.000000	           -0.349809	            0.000000	            0.000000	            0.000000	          -67.115993	          228.467111	           -3.784354	           -1.425233	            0.000000	           -0.485376	            0.821550	           -3.342976	            0.052025
            0.030000	            0.000000	            0.000000	            0.000000	           -0.450000	            0.000000	           -0.349809	            0.000000	            0.000000	            0.000000	          -74.723073	          236.100651	           -3.009632	           -1.422123	            0.000000	           -0.483869	            0.912154	           -3.450730	            0.043122
            0.031000	            0.000000	            0.000000	            0.000000	           -0.450000	            0.000000	           -0.349809	            0.000000	            0.000000	            0.000000	          -81.985430	          244.671289	           -2.234635	           -1.418975	            0.000000	           -0.482450	            0.995696	           -3.533987	            0.033890
            0.032000	            0.000000	            0.000000	            0.000000	           -0.450000	            0.000000	           -0.349809	            0.000000	            0.000000	            0.000000	          -88.842943	          254.260130	           -1.469013	           -1.415819	            0.000000	           -0.481140	            1.069985	           -3.593255	            0.024578
            0.033000	            0.000000	            0.000000	            0.000000	           -0.450000	            0.000000	           -0.349809	            0.000000	            0.000000	            0.000000	          -95.245145	          264.931704	           -0.721414	           -1.412679	            0.000000	           -0.479944	            1.133205	           -3.629408	            0.015420
            0.034000	            0.000000	            0.000000	            0.000000	           -0.450000	            0.000000	           -0.349809	            0.000000	            0.000000	            0.000000	         -101.152568	          276.732259	            0.000750	           -1.409571	            0.000000	           -0.478859	            1.183957	           -3.643648	            0.006623
            0.035000	            0.000000	            0.000000	            0.000000	           -0.450000	            0.000000	           -0.349809	            0.000000	            0.000000	            0.000000	         -106.537854	          289.688464	            0.691473	           -1.406506	            0.000000	           -0.477882	            1.221293	           -3.637468	           -0.001634
            0.036000	            0.000000	            0.000000	            0.000000	           -0.450000	            0.000000	           -0.349809	            0.000000	            0.000000	            0.000000	         -111.386577	          303.806569	            1.346273	           -1.403501	            0.000000	           -0.477007	            1.244725	           -3.612605	           -0.009205
            0.037000	            0.000000	            0.000000	            0.000000	           -0.450000	            0.000000	           -0.349809	            0.000000	            0.000000	            0.000000	         -115.697713	          319.072019	            1.962227	           -1.400578	            0.000000	           -0.476236	            1.254221	           -3.570991	           -0.015976
            0.038000	            0.000000	            0.000000	            0.000000	           -0.450000	            0.000000	           -0.349809	            0.000000	            0.000000	            0.000000	         -119.483733	          335.449568	            2.537955	           -1.397760	            0.000000	           -0.475564	            1.250175	           -3.514700	           -0.021871
            0.039000	            0.000000	            0.000000	            0.000000	           -0.450000	            0.000000	           -0.349809	            0.000000	            0.000000	            0.000000	         -122.770273	          352.883857	            3.073521	           -1.395054	            0.000000	           -0.474983	            1.233375	           -3.445895	           -0.026849
            0.040000	            0.000000	            0.000000	            0.000000	           -0.450000	            0.000000	           -0.349809	            0.000000	            0.000000	            0.000000	         -125.595379	          371.300484	            3.570293	           -1.392458	            0.000000	           -0.474477	            1.204947	           -3.366779	           -0.030898
            0.041000	            0.000000	            0.000000	            0.000000	           -0.450000	            0.000000	           -0.349809	            0.000000	            0.000000	            0.000000	         -128.008326	          390.607520	            4.030748	           -1.389961	            0.000000	           -0.474031	            1.166293	           -3.279539	           -0.034041
            0.042000	            0.000000	            0.000000	            0.000000	           -0.450000	            0.000000	           -0.349809	            0.000000	            0.000000	            0.000000	         -130.068047	          410.697465	            4.458244	           -1.387555	            0.000000	           -0.473630	            1.119028	           -3.186301	           -0.036323
            0.043000	            0.000000	            0.000000	            0.000000	           -0.450000	            0.000000	           -0.349809	            0.000000	            0.000000	            0.000000	         -131.841200	          431.449586	            4.856779	           -1.385233	            0.000000	           -0.473263	            1.064906	           -3.089086	           -0.037812
            0.044000	            0.000000	            0.000000	            0.000000	           -0.450000	            0.000000	           -0.349809	            0.000000	            0.000000	            0.000000	         -133.399955	          452.732582	            5.230746	           -1.382992	            0.000000	           -0.472922	            1.005749	           -2.989767	           -0.038592
            0.045000	            0.000000	            0.000000	            0.000000	           -0.450000	            0.000000	           -0.349809	            0.000000	            0.000000	            0.000000	         -134.819575	          474.407523	            5.584695	           -1.380832	            0.000000	           -0.472604	            0.943378	           -2.890043	           -0.038760
            0.046000	            0.000000	            0.000000	            0.000000	           -0.450000	            0.000000	           -0.349809	            0.000000	            0.000000	            0.000000	         -136.175874	          496.330971	            5.923136	           -1.378753	            0.000000	           -0.472307	            0.879553	           -2.791402	           -0.038417
            0.047000	            0.000000	            0.000000	            0.000000	           -0.450000	            0.000000	           -0.349809	            0.000000	            0.000000	            0.000000	         -137.542672	          518.358196	            6.250365	           -1.376756	            0.000000	           -0.472028	            0.815912	           -2.695110	           -0.037669
            0.048000	            0.000000	            0.000000	            0.000000	           -0.450000	            0.000000	           -0.349809	            0.000000	            0.000000	            0.000000	         -138.989334	          540.346399	            6.570348	           -1.374841	            0.000000	           -0.471764	            0.753930	           -2.602193	           -0.036619
            0.049000	            0.000000	            0.000000	            0.000000	           -0.450000	            0.000000	           -0.349809	            0.000000	            0.000000	            0.000000	         -140.578502	          562.157839	            6.886651	           -1.373011	            0.000000	           -0.471510	            0.694878	           -2.513432	           -0.035363
            0.050000	            0.000000	            0.000000	            0.000000	           -0.450000	            0.000000	           -0.349809	            0.000000	            0.000000	            0.000000	         -142.364121	          583.662757	            7.202424	           -1.371268	            0.000000	           -0.471267	            0.639797	           -2.429364	           -0.033990
            0.051000	            0.000000	            0.000000	            0.000000	           -0.450000	            0.000000	           -0.349809	            0.000000	            0.000000	            0.000000	         -144.389821	          604.742019	            7.520431	           -1.369617	            0.000000	           -0.471035	            0.589486	           -2.350291	           -0.032577
            0.052000	            0.000000	            0.000000	            0.000000	           -0.450000	            0.000000	           -0.349809	            0.000000	            0.000000	            0.000000	         -146.687740	          625.289376	            7.843119	           -1.368057	            0.000000	           -0.470819	            0.544496	           -2.276292	           -0.031191
            0.053000	            0.000000	            0.000000	            0.000000	           -0.450000	            0.000000	           -0.349809	            0.000000	            0.000000	            0.000000	         -149.277815	          645.213274	            8.172728	           -1.366587	            0.000000	           -0.470622	            0.505135	           -2.207246	           -0.029884
            0.054000	            0.000000	            0.000000	            0.000000	           -0.450000	            0.000000	           -0.349809	            0.000000	            0.000000	            0.000000	         -152.167571	          664.438162	            8.511407	           -1.365201	            0.000000	           -0.470446	            0.471480	           -2.142853	           -0.028696
            0.055000	            0.000000	            0.000000	            0.000000	           -0.450000	            0.000000	           -0.349809	            0.000000	            0.000000	            0.000000	         -155.352388	          682.905256	            8.861348	           -1.363893	            0.000000	           -0.470293	            0.443404	           -2.082665	           -0.027654
            0.056000	            0.000000	            0.000000	            0.000000	           -0.450000	            0.000000	           -0.349809	            0.000000	            0.000000	            0.000000	         -158.816247	          700.572740	            9.224904	           -1.362655	            0.000000	           -0.470165	            0.420595	           -2.026116	           -0.026774
            0.057000	            0.000000	            0.000000	            0.000000	           -0.450000	            0.000000	           -0.349809	            0.000000	            0.000000	            0.000000	         -162.532871	          717.415427	            9.604698	           -1.361479	            0.000000	           -0.470060	            0.402596	           -1.972557	           -0.026062
            0.058000	            0.000000	            0.000000	            0.000000	           -0.450000	            0.000000	           -0.349809	            0.000000	            0.000000	            0.000000	         -166.467224	          733.423891	           10.003693	           -1.360356	            0.000000	           -0.469976	            0.388831	           -1.921287	           -0.025514
            0.059000	            0.000000	            0.000000	            0.000000	           -0.450000	            0.000000	           -0.349809	            0.000000	            0.000000	            0.000000	         -170.577272	          748.603128	           10.425223	           -1.359274	            0.000000	           -0.469909	            0.378646	           -1.871591	           -0.025118
            0.060000	            0.000000	            0.000000	            0.000000	           -0.450000	            0.000000	           -0.349809	            0.000000	            0.000000	            0.000000	         -174.815918	          762.970820	           10.872975	           -1.358227	            0.000000	           -0.469853	            0.371340	           -1.822767	           -0.024858
            0.061000	            0.000000	            0.000000	            0.000000	           -0.450000	            0.000000	           -0.349809	            0.000000	            0.000000	            0.000000	         -179.133018	          776.555278	           11.350929	           -1.357206	            0.000000	           -0.469806	            0.366197	           -1.774157	           -0.024713
            0.062000	            0.000000	            0.000000	            0.000000	           -0.450000	            0.000000	           -0.349809	            0.000000	            0.000000	            0.000000	         -183.477392	          789.393154	           11.863233	           -1.356207	            0.000000	           -0.469766	            0.362519	           -1.725174	           -0.024662
            0.063000	            0.000000	            0.000000	            0.000000	           -0.450000	            0.000000	           -0.349809	            0.000000	            0.000000	            0.000000	         -187.798722	          801.527036	           12.414040	           -1.355228	            0.000000	           -0.469734	            0.359648	           -1.675318	           -0.024680
            0.064000	            0.000000	            0.000000	            0.000000	           -0.450000	            0.000000	           -0.349809	            0.000000	            0.000000	            0.000000	         -192.049287	          813.003014	           13.007303	           -1.354269	            0.000000	           -0.469715	            0.356990	           -1.624200	           -0.024743
            0.065000	            0.000000	            0.000000	            0.000000	           -0.450000	            0.000000	           -0.349809	            0.000000	            0.000000	            0.000000	         -196.185446	          823.868327	           13.646535	           -1.353332	            0.000000	           -0.469713	            0.354029	           -1.571547	           -0.024830
            0.066000	            0.000000	            0.000000	            0.000000	           -0.450000	            0.000000	           -0.349809	            0.000000	            0.000000	            0.000000	         -200.168841	          834.169174	           14.334562	           -1.352417	            0.000000	           -0.469729	            0.350343	           -1.517208	           -0.024921
            0.067000	            0.000000	            0.000000	            0.000000	           -0.450000	            0.000000	           -0.349809	            0.000000	            0.000000	            0.000000	         -203.967272	          843.948778	           15.073266	           -1.351521	            0.000000	           -0.469767	            0.345604	           -1.461158	           -0.024997
            0.068000	            0.000000	            0.000000	            0.000000	           -0.450000	            0.000000	           -0.349809	            0.000000	            0.000000	            0.000000	         -207.555254	          853.245768	           15.863357	           -1.350641	            0.000000	           -0.469826	            0.339587	           -1.403490	           -0.025045
            0.069000	            0.000000	            0.000000	            0.000000	           -0.450000	            0.000000	           -0.349809	            0.000000	            0.000000	            0.000000	         -210.914236	          862.092925	           16.704173	           -1.349773	            0.000000	           -0.469907	            0.332162	           -1.344410	           -0.025053
            0.070000	            0.000000	            0.000000	            0.000000	           -0.450000	            0.000000	           -0.349809	            0.000000	            0.000000	            0.000000	         -214.032523	          870.516334	           17.593536	           -1.348914	            0.000000	           -0.470008	            0.323291	           -1.284220	           -0.025012
            0.071000	            0.000000	            0.000000	            0.000000	           -0.450000	            0.000000	           -0.349809	            0.000000	            0.000000	            0.000000	         -216.904934	          878.534949	           18.527677	           -1.348065	            0.000000	           -0.470127	            0.313019	           -1.223306	           -0.024915
            0.072000	            0.000000	            0.000000	            0.000000	           -0.450000	            0.000000	           -0.349809	            0.000000	            0.000000	            0.000000	         -219.532226	          886.160564	           19.501241	           -1.347224	            0.000000	           -0.470257	            0.301462	           -1.162117	           -0.024761
            0.073000	            0.000000	            0.000000	            0.000000	           -0.450000	            0.000000	           -0.349809	            0.000000	            0.000000	            0.000000	         -221.920360	          893.398169	           20.507374	           -1.346393	            0.000000	           -0.470395	            0.288793	           -1.101148	           -0.024548
            0.074000	            0.000000	            0.000000	            0.000000	           -0.450000	            0.000000	           -0.349809	            0.000000	            0.000000	            0.000000	         -224.079638	          900.246659	           21.537907	           -1.345577	            0.000000	           -0.470537	            0.275233	           -1.040921	           -0.024277
            0.075000	            0.000000	            0.000000	            0.000000	           -0.450000	            0.000000	           -0.349809	            0.000000	            0.000000	            0.000000	         -226.023794	          906.699814	           22.583617	           -1.344779	            0.000000	           -0.470679	            0.261030	           -0.981962	           -0.023950
            0.076000	            0.000000	            0.000000	            0.000000	           -0.450000	            0.000000	           -0.349809	            0.000000	            0.000000	            0.000000	         -227.769062	          912.747523	           23.634564	           -1.344001	            0.000000	           -0.470816	            0.246452	           -0.924787	           -0.023574
            0.077000	            0.000000	            0.000000	            0.000000	           -0.450000	            0.000000	           -0.349809	            0.000000	            0.000000	            0.000000	         -229.333287	          918.377144	           24.680484	           -1.343244	            0.000000	           -0.470941	            0.231772	           -0.869884	           -0.023152
            0.078000	            0.000000	            0.000000	            0.000000	           -0.450000	            0.000000	           -0.349809	            0.000000	            0.000000	            0.000000	         -230.735105	          923.574951	           25.711223	           -1.342508	            0.000000	           -0.471052	            0.217255	           -0.817699	           -0.022691
            0.079000	            0.000000	            0.000000	            0.000000	           -0.450000	            0.000000	           -0.349809	            0.000000	            0.000000	            0.000000	         -231.993220	          928.327573	           26.717180	           -1.341796	            0.000000	           -0.471146	            0.203151	           -0.768626	           -0.022200
            0.080000	            0.000000	            0.000000	            0.000000	           -0.450000	            0.000000	           -0.349809	            0.000000	            0.000000	            0.000000	         -233.125802	          932.623376	           27.689743	           -1.341109	            0.000000	           -0.471226	            0.189690	           -0.722999	           -0.021687
            0.081000	            0.000000	            0.000000	            0.000000	           -0.450000	            0.000000	           -0.349809	            0.000000	            0.000000	            0.000000	         -234.150003	          936.453698	           28.621688	           -1.340448	            0.000000	           -0.471294	            0.177069	           -0.681087	           -0.021162
            0.082000	            0.000000	            0.000000	            0.000000	           -0.450000	            0.000000	           -0.349809	            0.000000	            0.000000	            0.000000	         -235.081603	          939.813914	           29.507516	           -1.339809	            0.000000	           -0.471356	            0.165455	           -0.643097	           -0.020634
            0.083000	            0.000000	            0.000000	            0.000000	           -0.450000	            0.000000	           -0.349809	            0.000000	            0.000000	            0.000000	         -235.934770	          942.704255	           30.343729	           -1.339187	            0.000000	           -0.471412	            0.154981	           -0.609169	           -0.020114
            0.084000	            0.000000	            0.000000	            0.000000	           -0.450000	            0.000000	           -0.349809	            0.000000	            0.000000	            0.000000	         -236.721927	          945.130393	           31.129000	           -1.338576	            0.000000	           -0.471466	            0.145748	           -0.579387	           -0.019617
            0.085000	            0.000000	            0.000000	            0.000000	           -0.450000	            0.000000	           -0.349809	            0.000000	            0.000000	            0.000000	         -237.453704	          947.103736	           31.864254	           -1.337973	            0.000000	           -0.471519	            0.137820	           -0.553784	           -0.019153
            0.086000	            0.000000	            0.000000	            0.000000	           -0.450000	            0.000000	           -0.349809	            0.000000	            0.000000	            0.000000	         -238.138970	          948.641468	           32.552656	           -1.337375	            0.000000	           -0.471573	            0.131237	           -0.532348	           -0.018739
            0.087000	            0.000000	            0.000000	            0.000000	           -0.450000	            0.000000	           -0.349809	            0.000000	            0.000000	            0.000000	         -238.784910	          949.766323	           33.199486	           -1.336782	            0.000000	           -0.471630	            0.126009	           -0.515037	           -0.018390
            0.088000	            0.000000	            0.000000	            0.000000	           -0.450000	            0.000000	           -0.349809	            0.000000	            0.000000	            0.000000	         -239.397139	          950.506120	           33.811942	           -1.336191	            0.000000	           -0.471690	            0.122126	           -0.501780	           -0.018122
            0.089000	            0.000000	            0.000000	            0.000000	           -0.450000	            0.000000	           -0.349809	            0.000000	            0.000000	            0.000000	         -239.979839	          950.893109	           34.398847	           -1.335601	            0.000000	           -0.471755	            0.119560	           -0.492495	           -0.017954
            0.090000	            0.000000	            0.000000	            0.000000	           -0.450000	            0.000000	           -0.349809	            0.000000	            0.000000	            0.000000	         -240.535905	          950.963144	           34.970309	           -1.335013	            0.000000	           -0.471825	            0.118271	           -0.487089	           -0.017903
            0.091000	            0.000000	            0.000000	            0.000000	           -0.450000	            0.000000	           -0.349809	            0.000000	            0.000000	            0.000000	         -241.067078	          950.754743	           35.537317	           -1.334427	            0.000000	           -0.471901	            0.118206	           -0.485467	           -0.017990
            0.092000	            0.000000	            0.000000	            0.000000	           -0.450000	            0.000000	           -0.349809	            0.000000	            0.000000	            0.000000	         -241.574083	          950.308078	           36.111320	           -1.333843	            0.000000	           -0.471982	            0.119309	           -0.487537	           -0.018232
            0.093000	            0.000000	            0.000000	            0.000000	           -0.450000	            0.000000	           -0.349809	            0.000000	            0.000000	            0.000000	         -242.056742	          949.663944	           36.703790	           -1.333263	            0.000000	           -0.472067	            0.121517	           -0.493206	           -0.018651
            0.094000	            0.000000	            0.000000	            0.000000	           -0.450000	            0.000000	           -0.349809	            0.000000	            0.000000	            0.000000	         -242.514074	          948.862748	           37.325787	           -1.332689	            0.000000	           -0.472155	            0.124766	           -0.502382	           -0.019262
            0.095000	            0.000000	            0.000000	            0.000000	           -0.450000	            0.000000	           -0.349809	            0.000000	            0.000000	            0.000000	         -242.944387	          947.943561	           37.987553	           -1.332124	            0.000000	           -0.472247	            0.128992	           -0.514973	           -0.020084
            0.096000	            0.000000	            0.000000	            0.000000	           -0.450000	            0.000000	           -0.349809	            0.000000	            0.000000	            0.000000	         -243.345351	          946.943267	           38.698144	           -1.331572	            0.000000	           -0.472345	            0.134126	           -0.530875	           -0.021131
            0.097000	            0.000000	            0.000000	            0.000000	           -0.450000	            0.000000	           -0.349809	            0.000000	            0.000000	            0.000000	         -243.714065	          945.895837	           39.465108	           -1.331034	            0.000000	           -0.472446	            0.140101	           -0.549972	           -0.022415
            0.098000	            0.000000	            0.000000	            0.000000	           -0.450000	            0.000000	           -0.349809	            0.000000	            0.000000	            0.000000	         -244.047121	          944.831747	           40.294229	           -1.330511	            0.000000	           -0.472550	            0.146845	           -0.572125	           -0.023944
            0.099000	            0.000000	            0.000000	            0.000000	           -0.450000	            0.000000	           -0.349809	            0.000000	            0.000000	            0.000000	         -244.340659	          943.777556	           41.189340	           -1.330004	            0.000000	           -0.472653	            0.154282	           -0.597167	           -0.025721
            0.100000	            0.000000	            0.000000	            0.000000	           -0.450000	            0.000000	           -0.349809	            0.000000	            0.000000	            0.000000	         -244.590438	          942.755645	           42.152200	           -1.329514	            0.000000	           -0.472754	            0.162333	           -0.624898	           -0.027747
            0.101000	            0.000000	            0.000000	            0.000000	           -0.450000	            0.000000	           -0.349809	            0.000000	            0.000000	            0.000000	         -244.791902	          941.784121	           43.182457	           -1.329036	            0.000000	           -0.472852	            0.170911	           -0.655075	           -0.030015
            0.102000	            0.000000	            0.000000	            0.000000	           -0.450000	            0.000000	           -0.349809	            0.000000	            0.000000	            0.000000	         -244.940254	          940.876866	           44.277670	           -1.328570	            0.000000	           -0.472943	            0.179923	           -0.687415	           -0.032514
            0.103000	            0.000000	            0.000000	            0.000000	           -0.450000	            0.000000	           -0.349809	            0.000000	            0.000000	            0.000000	         -245.030547	          940.043734	           45.433409	           -1.328111	            0.000000	           -0.473030	            0.189270	           -0.721586	           -0.035228
            0.104000	            0.000000	            0.000000	            0.000000	           -0.450000	            0.000000	           -0.349809	            0.000000	            0.000000	            0.000000	         -245.057780	          939.290861	           46.643407	           -1.327659	            0.000000	           -0.473114	            0.198843	           -0.757215	           -0.038133
            0.105000	            0.000000	            0.000000	            0.000000	           -0.450000	            0.000000	           -0.349809	            0.000000	            0.000000	            0.000000	         -245.017003	          938.621069	           47.899766	           -1.327213	            0.000000	           -0.473198	            0.208528	           -0.793885	           -0.041202
            0.106000	            0.000000	            0.000000	            0.000000	           -0.450000	            0.000000	           -0.349809	            0.000000	            0.000000	            0.000000	         -244.903434	          938.034349	           49.193206	           -1.326776	            0.000000	           -0.473283	            0.218202	           -0.831143	           -0.044403
            0.107000	            0.000000	            0.000000	            0.000000	           -0.450000	            0.000000	           -0.349809	            0.000000	            0.000000	            0.000000	         -244.712583	          937.528375	           50.513342	           -1.326349	            0.000000	           -0.473374	            0.227742	           -0.868504	           -0.047696
            0.108000	            0.000000	            0.000000	            0.000000	           -0.450000	            0.000000	           -0.349809	            0.000000	            0.000000	            0.000000	         -244.440379	          937.099048	           51.848977	           -1.325935	            0.000000	           -0.473470	            0.237017	           -0.905462	           -0.051042
            0.109000	            0.000000	            0.000000	            0.000000	           -0.450000	            0.000000	           -0.349809	            0.000000	            0.000000	            0.000000	         -244.083300	          936.741021	           53.188409	           -1.325535	            0.000000	           -0.473572	            0.245898	           -0.941497	           -0.054397
            0.110000	            0.000000	            0.000000	            0.000000	           -0.450000	            0.000000	           -0.349809	            0.000000	            0.000000	            0.000000	         -243.638497	          936.448200	           54.519732	           -1.325152	            0.000000	           -0.473678	            0.254256	           -0.976086	           -0.057713
            0.111000	            0.000000	            0.000000	            0.000000	           -0.450000	            0.000000	           -0.349809	            0.000000	            0.000000	            0.000000	         -243.103917	          936.214189	           55.831119	           -1.324785	            0.000000	           -0.473786	            0.261969	           -1.008718	           -0.060943
            0.112000	            0.000000	            0.000000	            0.000000	           -0.450000	            0.000000	           -0.349809	            0.000000	            0.000000	            0.000000	         -242.478407	          936.032675	           57.111097	           -1.324433	            0.000000	           -0.473893	            0.268919	           -1.038901	           -0.064041
            0.113000	            0.000000	            0.000000	            0.000000	           -0.450000	            0.000000	           -0.349809	            0.000000	            0.000000	            0.000000	         -241.761809	          935.897729	           58.348784	           -1.324096	            0.000000	           -0.474001	            0.275000	           -1.066176	           -0.066962
            0.114000	            0.000000	            0.000000	            0.000000	           -0.450000	            0.000000	           -0.349809	            0.000000	            0.000000	            0.000000	         -240.955021	          935.804030	           59.534102	           -1.323774	            0.000000	           -0.474108	            0.280117	           -1.090130	           -0.069661
            0.115000	            0.000000	            0.000000	            0.000000	           -0.450000	            0.000000	           -0.349809	            0.000000	            0.000000	            0.000000	         -240.060046	          935.747001	           60.657944	           -1.323468	            0.000000	           -0.474218	            0.284192	           -1.110407	           -0.072100
            0.116000	            0.000000	            0.000000	            0.000000	           -0.450000	            0.000000	           -0.349809	            0.000000	            0.000000	            0.000000	         -239.079999	          935.722861	           61.712318	           -1.323177	            0.000000	           -0.474331	            0.287165	           -1.126714	           -0.074243
            0.117000	            0.000000	            0.000000	            0.000000	           -0.450000	            0.000000	           -0.349809	            0.000000	            0.000000	            0.000000	         -238.019085	          935.728607	           62.690441	           -1.322898	            0.000000	           -0.474445	            0.288994	           -1.138834	           -0.076061
            0.118000	            0.000000	            0.000000	            0.000000	           -0.450000	            0.000000	           -0.349809	            0.000000	            0.000000	            0.000000	         -236.882544	          935.761917	           63.586801	           -1.322627	            0.000000	           -0.474557	            0.289660	           -1.146633	           -0.077533
            0.119000	            0.000000	            0.000000	            0.000000	           -0.450000	            0.000000	           -0.349809	            0.000000	            0.000000	            0.000000	         -235.676561	          935.821007	           64.397184	           -1.322364	            0.000000	           -0.474664	            0.289165	           -1.150063	           -0.078642
            0.120000	            0.000000	            0.000000	            0.000000	           -0.450000	            0.000000	           -0.349809	            0.000000	            0.000000	            0.000000	         -234.408136	          935.904443	           65.118668	           -1.322105	            0.000000	           -0.474764	            0.287535	           -1.149166	           -0.079381
            0.121000	            0.000000	            0.000000	            0.000000	           -0.450000	            0.000000	           -0.349809	            0.000000	            0.000000	            0.000000	         -233.084936	          936.010924	           65.749586	           -1.321850	            0.000000	           -0.474856	            0.284819	           -1.144076	           -0.079750
            0.122000	            0.000000	            0.000000	            0.000000	           -0.450000	            0.000000	           -0.349809	            0.000000	            0.000000	            0.000000	         -231.715111	          936.139058	           66.289465	           -1.321596	            0.000000	           -0.474940	            0.281086	           -1.135014	           -0.079757
            0.123000	            0.000000	            0.000000	            0.000000	           -0.450000	            0.000000	           -0.349809	            0.000000	            0.000000	            0.000000	         -230.307098	          936.287134	           66.738947	           -1.321342	            0.000000	           -0.475017	            0.276428	           -1.122288	           -0.079418
            0.124000	            0.000000	            0.000000	            0.000000	           -0.450000	            0.000000	           -0.349809	            0.000000	            0.000000	            0.000000	         -228.869414	          936.452918	           67.099683	           -1.321085	            0.000000	           -0.475087	            0.270953	           -1.106281	           -0.078757
            0.125000	            0.000000	            0.000000	            0.000000	           -0.450000	            0.000000	           -0.349809	            0.000000	            0.000000	            0.000000	         -227.410442	          936.633470	           67.374227	           -1.320824	            0.000000	           -0.475148	            0.264786	           -1.087446	           -0.077805
            0.126000	            0.000000	            0.000000	            0.000000	           -0.450000	            0.000000	           -0.349809	            0.000000	            0.000000	            0.000000	         -225.938228	          936.825000	           67.565910	           -1.320557	            0.000000	           -0.475198	            0.258064	           -1.066290	           -0.076596
            0.127000	            0.000000	            0.000000	            0.000000	           -0.450000	            0.000000	           -0.349809	            0.000000	            0.000000	            0.000000	         -224.460286	          937.022766	           67.678711	           -1.320284	            0.000000	           -0.475240	            0.250933	           -1.043364	           -0.075171
            0.128000	            0.000000	            0.000000	            0.000000	           -0.450000	            0.000000	           -0.349809	            0.000000	            0.000000	            0.000000	         -222.983435	          937.221019	           67.717130	           -1.320006	            0.000000	           -0.475273	            0.243543	           -1.019243	           -0.073575
            0.129000	            0.000000	            0.000000	            0.000000	           -0.450000	            0.000000	           -0.349809	            0.000000	            0.000000	            0.000000	         -221.513654	          937.412996	           67.686055	           -1.319725	            0.000000	           -0.475301	            0.236046	           -0.994516	           -0.071853
            0.130000	            0.000000	            0.000000	            0.000000	           -0.450000	            0.000000	           -0.349809	            0.000000	            0.000000	            0.000000	         -220.055981	          937.590956	           67.590641	           -1.319442	            0.000000	           -0.475325	            0.228587	           -0.969763	           -0.070052
            0.131000	            0.000000	            0.000000	            0.000000	           -0.450000	            0.000000	           -0.349809	            0.000000	            0.000000	            0.000000	         -218.614444	          937.746262	           67.436186	           -1.319158	            0.000000	           -0.475346	            0.221308	           -0.945541	           -0.068218
            0.132000	            0.000000	            0.000000	            0.000000	           -0.450000	            0.000000	           -0.349809	            0.000000	            0.000000	            0.000000	         -217.192036	          937.869488	           67.228023	           -1.318878	            0.000000	           -0.475367	            0.214335	           -0.922368	           -0.066396
            0.133000	            0.000000	            0.000000	            0.000000	           -0.450000	            0.000000	           -0.349809	            0.000000	            0.000000	            0.000000	         -215.790731	          937.950564	           66.971420	           -1.318602	            0.000000	           -0.475390	            0.207782	           -0.900710	           -0.064624
            0.134000	            0.000000	            0.000000	            0.000000	           -0.450000	            0.000000	           -0.349809	            0.000000	            0.000000	            0.000000	         -214.411534	          937.978932	           66.671489	           -1.318334	            0.000000	           -0.475415	            0.201745	           -0.880968	           -0.062940
            0.135000	            0.000000	            0.000000	            0.000000	           -0.450000	            0.000000	           -0.349809	            0.000000	            0.000000	            0.000000	         -213.054567	          937.943713	           66.333119	           -1.318072	            0.000000	           -0.475443	            0.196300	           -0.863468	           -0.061374
            0.136000	            0.000000	            0.000000	            0.000000	           -0.450000	            0.000000	           -0.349809	            0.000000	            0.000000	            0.000000	         -211.719188	          937.833875	           65.960906	           -1.317818	            0.000000	           -0.475475	            0.191502	           -0.848454	           -0.059951
            0.137000	            0.000000	            0.000000	            0.000000	           -0.450000	            0.000000	           -0.349809	            0.000000	            0.000000	            0.000000	         -210.404116	          937.638398	           65.559113	           -1.317573	            0.000000	           -0.475511	            0.187388	           -0.836091	           -0.058689
            0.138000	            0.000000	            0.000000	            0.000000	           -0.450000	            0.000000	           -0.349809	            0.000000	            0.000000	            0.000000	         -209.107592	          937.346416	           65.131637	           -1.317337	            0.000000	           -0.475552	            0.183970	           -0.826456	           -0.057599
            0.139000	            0.000000	            0.000000	            0.000000	           -0.450000	            0.000000	           -0.349809	            0.000000	            0.000000	            0.000000	         -207.827519	          936.947349	           64.681990	           -1.317108	            0.000000	           -0.475599	            0.181244	           -0.819550	           -0.056688
            0.140000	            0.000000	            0.000000	            0.000000	           -0.450000	            0.000000	           -0.349809	            0.000000	            0.000000	            0.000000	         -206.561622	          936.431014	           64.213297	           -1.316886	            0.000000	           -0.475652	            0.179188	           -0.815300	           -0.055955
            0.141000	            0.000000	            0.000000	            0.000000	           -0.450000	            0.000000	           -0.349809	            0.000000	            0.000000	            0.000000	         -205.307580	          935.787708	           63.728301	           -1.316667	            0.000000	           -0.475709	            0.177763	           -0.813573	           -0.055394
            0.142000	            0.000000	            0.000000	            0.000000	           -0.450000	            0.000000	           -0.349809	            0.000000	            0.000000	            0.000000	         -204.063151	          935.008276	           63.229387	           -1.316446	            0.000000	           -0.475765	            0.176921	           -0.814182	           -0.054995
            0.143000	            0.000000	            0.000000	            0.000000	           -0.450000	            0.000000	           -0.349809	            0.000000	            0.000000	            0.000000	         -202.826273	          934.084157	           62.718604	           -1.316220	            0.000000	           -0.475818	            0.176603	           -0.816905	           -0.054746
            0.144000	            0.000000	            0.000000	            0.000000	           -0.450000	            0.000000	           -0.349809	            0.000000	            0.000000	            0.000000	         -201.595138	          933.007418	           62.197707	           -1.315984	            0.000000	           -0.475866	            0.176748	           -0.821497	           -0.054629
            0.145000	            0.000000	            0.000000	            0.000000	           -0.450000	            0.000000	           -0.349809	            0.000000	            0.000000	            0.000000	         -200.368238	          931.770779	           61.668198	           -1.315737	            0.000000	           -0.475909	            0.177291	           -0.827701	           -0.054627
            0.146000	            0.000000	            0.000000	            0.000000	           -0.450000	            0.000000	           -0.349809	            0.000000	            0.000000	            0.000000	         -199.144393	          930.367627	           61.131371	           -1.315479	            0.000000	           -0.475949	            0.178168	           -0.835266	           -0.054724
            0.147000	            0.000000	            0.000000	            0.000000	           -0.450000	            0.000000	           -0.349809	            0.000000	            0.000000	            0.000000	         -197.922740	          928.792038	           60.588360	           -1.315210	            0.000000	           -0.475987	            0.179320	           -0.843955	           -0.054901
            0.148000	            0.000000	            0.000000	            0.000000	           -0.450000	            0.000000	           -0.349809	            0.000000	            0.000000	            0.000000	         -196.702715	          927.038800	           60.040193	           -1.314930	            0.000000	           -0.476026	            0.180695	           -0.853559	           -0.055143
            0.149000	            0.000000	            0.000000	            0.000000	           -0.450000	            0.000000	           -0.349809	            0.000000	            0.000000	            0.000000	         -195.484001	          925.103435	           59.487832	           -1.314642	            0.000000	           -0.476067	            0.182249	           -0.863901	           -0.055436
            0.150000	            0.000000	            0.000000	            0.000000	           -0.450000	            0.000000	           -0.349809	            0.000000	            0.000000	            0.000000	         -194.266474	          922.982238	           58.932226	           -1.314346	            0.000000	           -0.476110	            0.183946	           -0.874842	           -0.055770
            0.151000	            0.000000	            0.000000	            0.000000	           -0.450000	            0.000000	           -0.349809	            0.000000	            0.000000	            0.000000	         -193.050140	          920.672319	           58.374343	           -1.314044	            0.000000	           -0.476157	            0.185761	           -0.886284	           -0.056135
            0.152000	            0.000000	            0.000000	            0.000000	           -0.450000	            0.000000	           -0.349809	            0.000000	            0.000000	            0.000000	         -191.835057	          918.171643	           57.815211	           -1.313740	            0.000000	           -0.476207	            0.187678	           -0.898168	           -0.056526
            0.153000	            0.000000	            0.000000	            0.000000	           -0.450000	            0.000000	           -0.349809	            0.000000	            0.000000	            0.000000	         -190.621276	          915.479084	           57.255947	           -1.313435	            0.000000	           -0.476260	            0.189691	           -0.910474	           -0.056941
            0.154000	            0.000000	            0.000000	            0.000000	           -0.450000	            0.000000	           -0.349809	            0.000000	            0.000000	            0.000000	         -189.408775	          912.594467	           56.697776	           -1.313129	            0.000000	           -0.476317	            0.191799	           -0.923214	           -0.057378
            0.155000	            0.000000	            0.000000	            0.000000	           -0.450000	            0.000000	           -0.349809	            0.000000	            0.000000	            0.000000	         -188.197408	          909.518607	           56.142051	           -1.312822	            0.000000	           -0.476377	            0.194010	           -0.936425	           -0.057841
            0.156000	            0.000000	            0.000000	            0.000000	           -0.450000	            0.000000	           -0.349809	            0.000000	            0.000000	            0.000000	         -186.986865	          906.253338	           55.590255	           -1.312516	            0.000000	           -0.476442	            0.196335	           -0.950166	           -0.058333
            0.157000	            0.000000	            0.000000	            0.000000	           -0.450000	            0.000000	           -0.349809	            0.000000	            0.000000	            0.000000	         -185.776654	          902.801519	           55.044012	           -1.312214	            0.000000	           -0.476516	            0.198788	           -0.964506	           -0.058859
            0.158000	            0.000000	            0.000000	            0.000000	           -0.450000	            0.000000	           -0.349809	            0.000000	            0.000000	            0.000000	         -184.566083	          899.167035	           54.505072	           -1.311917	            0.000000	           -0.476602	            0.201386	           -0.979519	           -0.059426
            0.159000	            0.000000	            0.000000	            0.000000	           -0.450000	            0.000000	           -0.349809	            0.000000	            0.000000	            0.000000	         -183.354273	          895.354759	           53.975304	           -1.311626	            0.000000	           -0.476699	            0.204143	           -0.995278	           -0.060041
            0.160000	            0.000000	            0.000000	            0.000000	           -0.450000	            0.000000	           -0.349809	            0.000000	            0.000000	            0.000000	         -182.140171	          891.370507	           53.456676	           -1.311339	            0.000000	           -0.476805	            0.207072	           -1.011849	           -0.060710
            0.161000	            0.000000	            0.000000	            0.000000	           -0.450000	            0.000000	           -0.349809	            0.000000	            0.000000	            0.000000	         -180.922587	          887.220957	           52.951230	           -1.311054	            0.000000	           -0.476916	            0.210185	           -1.029285	           -0.061441
            0.162000	            0.000000	            0.000000	            0.000000	           -0.450000	            0.000000	           -0.349809	            0.000000	            0.000000	            0.000000	         -179.700225	          882.913562	           52.461051	           -1.310766	            0.000000	           -0.477028	            0.213490	           -1.047628	           -0.062240
            0.163000	            0.000000	            0.000000	            0.000000	           -0.450000	            0.000000	           -0.349809	            0.000000	            0.000000	            0.000000	         -178.471733	          878.456436	           51.988233	           -1.310476	            0.000000	           -0.477139	            0.216990	           -1.066902	           -0.063113
            0.164000	            0.000000	            0.000000	            0.000000	           -0.450000	            0.000000	           -0.349809	            0.000000	            0.000000	            0.000000	         -177.235748	          873.858232	           51.534838	           -1.310183	            0.000000	           -0.477250	            0.220687	           -1.087118	           -0.064065
            0.165000	            0.000000	            0.000000	            0.000000	           -0.450000	            0.000000	           -0.349809	            0.000000	            0.000000	            0.000000	         -175.990941	          869.128011	           51.102857	           -1.309892	            0.000000	           -0.477365	            0.224577	           -1.108272	           -0.065102
            0.166000	            0.000000	            0.000000	            0.000000	           -0.450000	            0.000000	           -0.349809	            0.000000	            0.000000	            0.000000	         -174.736065	          864.275106	           50.694161	           -1.309603	            0.000000	           -0.477487	            0.228656	           -1.130350	           -0.066227
            0.167000	            0.000000	            0.000000	            0.000000	           -0.450000	            0.000000	           -0.349809	            0.000000	            0.000000	            0.000000	         -173.469992	          859.308992	           50.310460	           -1.309319	            0.000000	           -0.477616	            0.232916	           -1.153327	           -0.067444
            0.168000	            0.000000	            0.000000	            0.000000	           -0.450000	            0.000000	           -0.349809	            0.000000	            0.000000	            0.000000	         -172.191750	          854.239158	           49.953254	           -1.309037	            0.000000	           -0.477752	            0.237347	           -1.177169	           -0.068756
            0.169000	            0.000000	            0.000000	            0.000000	           -0.450000	            0.000000	           -0.349809	            0.000000	            0.000000	            0.000000	         -170.900549	          849.074985	           49.623793	           -1.308759	            0.000000	           -0.477891	            0.241937	           -1.201839	           -0.070164
            0.170000	            0.000000	            0.000000	            0.000000	           -0.450000	            0.000000	           -0.349809	            0.000000	            0.000000	            0.000000	         -169.595801	          843.825643	           49.323036	           -1.308482	            0.000000	           -0.478031	            0.246675	           -1.227298	           -0.071672
            0.171000	            0.000000	            0.000000	            0.000000	           -0.450000	            0.000000	           -0.349809	            0.000000	            0.000000	            0.000000	         -168.277137	          838.499997	           49.051623	           -1.308206	            0.000000	           -0.478168	            0.251550	           -1.253503	           -0.073281
            0.172000	            0.000000	            0.000000	            0.000000	           -0.450000	            0.000000	           -0.349809	            0.000000	            0.000000	            0.000000	         -166.944411	          833.106525	           48.809840	           -1.307930	            0.000000	           -0.478301	            0.256548	           -1.280412	           -0.074990
            0.173000	            0.000000	            0.000000	            0.000000	           -0.450000	            0.000000	           -0.349809	            0.000000	            0.000000	            0.000000	         -165.597703	          827.653264	           48.597613	           -1.307656	            0.000000	           -0.478430	            0.261656	           -1.307982	           -0.076801
            0.174000	            0.000000	            0.000000	            0.000000	           -0.450000	            0.000000	           -0.349809	            0.000000	            0.000000	            0.000000	         -164.237317	          822.147754	           48.414492	           -1.307387	            0.000000	           -0.478559	            0.266864	           -1.336170	           -0.078713
            0.175000	            0.000000	            0.000000	            0.000000	           -0.450000	            0.000000	           -0.349809	            0.000000	            0.000000	            0.000000	         -162.863771	          816.597014	           48.259658	           -1.307124	            0.000000	           -0.478691	            0.272159	           -1.364933	           -0.080725
            0.176000	            0.000000	            0.000000	            0.000000	           -0.450000	            0.000000	           -0.349809	            0.000000	            0.000000	            0.000000	         -161.477788	          811.007513	           48.131944	           -1.306871	            0.000000	           -0.478832	            0.277528	           -1.394227	           -0.082834
            0.177000	            0.000000	            0.000000	            0.000000	           -0.450000	            0.000000	           -0.349809	            0.000000	            0.000000	            0.000000	         -160.080283	          805.385172	           48.029854	           -1.306627	            0.000000	           -0.478986	            0.282961	           -1.424005	           -0.085039
            0.178000	            0.000000	            0.000000	            0.000000	           -0.450000	            0.000000	           -0.349809	            0.000000	            0.000000	            0.000000	         -158.672349	          799.735353	           47.951606	           -1.306390	            0.000000	           -0.479152	            0.288445	           -1.454220	           -0.087336
            0.179000	            0.000000	            0.000000	            0.000000	           -0.450000	            0.000000	           -0.349809	            0.000000	            0.000000	            0.000000	         -157.255242	          794.062877	           47.895182	           -1.306156	            0.000000	           -0.479327	            0.293969	           -1.484820	           -0.089721
            0.180000	            0.000000	            0.000000	            0.000000	           -0.450000	            0.000000	           -0.349809	            0.000000	            0.000000	            0.000000	         -155.830366	          788.372033	           47.858379	           -1.305922	            0.000000	           -0.479507	            0.299522	           -1.515755	           -0.092190
            0.181000	            0.000000	            0.000000	            0.000000	           -0.450000	            0.000000	           -0.349809	            0.000000	            0.000000	            0.000000	         -154.399255	          782.666601	           47.838880	           -1.305687	            0.000000	           -0.479691	            0.305092	           -1.546972	           -0.094737
            0.182000	            0.000000	            0.000000	            0.000000	           -0.450000	            0.000000	           -0.349809	            0.000000	            0.000000	            0.000000	         -152.963563	          776.949878	           47.834315	           -1.305453	            0.000000	           -0.479880	            0.310671	           -1.578419	           -0.097358
            0.183000	            0.000000	            0.000000	            0.000000	           -0.450000	            0.000000	           -0.349809	            0.000000	            0.000000	            0.000000	         -151.525042	          771.224713	           47.842332	           -1.305220	            0.000000	           -0.480076	            0.316248	           -1.610049	           -0.100048
            0.184000	            0.000000	            0.000000	            0.000000	           -0.450000	            0.000000	           -0.349809	            0.000000	            0.000000	            0.000000	         -150.085526	          765.493540	           47.860666	           -1.304987	            0.000000	           -0.480278	            0.321818	           -1.641814	           -0.102802
            0.185000	            0.000000	            0.000000	            0.000000	           -0.450000	            0.000000	           -0.349809	            0.000000	            0.000000	            0.000000	         -148.646917	          759.758425	           47.887202	           -1.304749	            0.000000	           -0.480485	            0.327375	           -1.673677	           -0.105616
            0.186000	            0.000000	            0.000000	            0.000000	           -0.450000	            0.000000	           -0.349809	            0.000000	            0.000000	            0.000000	         -147.211162	          754.021112	           47.920033	           -1.304498	            0.000000	           -0.480692	            0.332916	           -1.705606	           -0.108488
            0.187000	            0.000000	            0.000000	            0.000000	           -0.450000	            0.000000	           -0.349809	            0.000000	            0.000000	            0.000000	         -145.780232	          748.283077	           47.957505	           -1.304232	            0.000000	           -0.480896	            0.338439	           -1.737577	           -0.111416
            0.188000	            0.000000	            0.000000	            0.000000	           -0.450000	            0.000000	           -0.349809	            0.000000	            0.000000	            0.000000	         -144.356102	          742.545584	           47.998260	           -1.303948	            0.000000	           -0.481094	            0.343947	           -1.769577	           -0.114398
            0.189000	            0.000000	            0.000000	            0.000000	           -0.450000	            0.000000	           -0.349809	            0.000000	            0.000000	            0.000000	         -142.940730	          736.809747	           48.041255	           -1.303652	            0.000000	           -0.481288	            0.349443	           -1.801604	           -0.117436
            0.190000	            0.000000	            0.000000	            0.000000	           -0.450000	            0.000000	           -0.349809	            0.000000	            0.000000	            0.000000	         -141.536026	          731.076593	           48.085777	           -1.303349	            0.000000	           -0.481480	            0.354934	           -1.833662	           -0.120531
            0.191000	            0.000000	            0.000000	            0.000000	           -0.450000	            0.000000	           -0.349809	            0.000000	            0.000000	            0.000000	         -140.143833	          725.347118	           48.131441	           -1.303045	            0.000000	           -0.481675	            0.360428	           -1.865766	           -0.123687
            0.192000	            0.000000	            0.000000	            0.000000	           -0.450000	            0.000000	           -0.349809	            0.000000	            0.000000	            0.000000	         -138.765899	          719.622351	           48.178175	           -1.302741	            0.000000	           -0.481873	            0.365935	           -1.897938	           -0.126908
            0.193000	            0.000000	            0.000000	            0.000000	           -0.450000	            0.000000	           -0.349809	            0.000000	            0.000000	            0.000000	         -137.403854	          713.903406	           48.226190	           -1.302439	            0.000000	           -0.482075	            0.371465	           -1.930205	           -0.130200
            0.194000	            0.000000	            0.000000	            0.000000	           -0.450000	            0.000000	           -0.349809	            0.000000	            0.000000	            0.000000	         -136.059185	          708.191529	           48.275948	           -1.302139	            0.000000	           -0.482281	            0.377029	           -1.962594	           -0.133569
            0.195000	            0.000000	            0.000000	            0.000000	           -0.450000	            0.000000	           -0.349809	            0.000000	            0.000000	            0.000000	         -134.733217	          702.488138	           48.328109	           -1.301839	            0.000000	           -0.482492	            0.382639	           -1.995137	           -0.137021
            0.196000	            0.000000	            0.000000	            0.000000	           -0.450000	            0.000000	           -0.349809	            0.000000	            0.000000	            0.000000	         -133.427089	          696.794853	           48.383483	           -1.301538	            0.000000	           -0.482708	            0.388304	           -2.027859	           -0.140564
            0.197000	            0.000000	            0.000000	            0.000000	           -0.450000	            0.000000	           -0.349809	            0.000000	            0.000000	            0.000000	         -132.141744	          691.113513	           48.442972	           -1.301235	            0.000000	           -0.482928	            0.394034	           -2.060783	           -0.144204
            0.198000	            0.000000	            0.000000	            0.000000	           -0.450000	            0.000000	           -0.349809	            0.000000	            0.000000	            0.000000	         -130.877911	          685.446188	           48.507511	           -1.300928	            0.000000	           -0.483153	            0.399835	           -2.093923	           -0.147947
            0.199000	            0.000000	            0.000000	            0.000000	           -0.450000	            0.000000	           -0.349809	            0.000000	            0.000000	            0.000000	         -129.636096	          679.795176	           48.578010	           -1.300620	            0.000000	           -0.483385	            0.405711	           -2.127286	           -0.151799
            0.200000	            0.000000	            0.000000	            0.000000	           -0.450000	            0.000000	           -0.349809	            0.000000	            0.000000	            0.000000	         -128.416585	          674.162995	           48.655302	           -1.300311	            0.000000	           -0.483624	            0.411664	           -2.160866	           -0.155763
            0.201000	            0.000000	            0.000000	            0.000000	           -0.450000	            0.000000	           -0.349809	            0.000000	            0.000000	            0.000000	         -127.219437	          668.552363	           48.740093	           -1.300002	            0.000000	           -0.483868	            0.417692	           -2.194648	           -0.159843
            0.202000	            0.000000	            0.000000	            0.000000	           -0.450000	            0.000000	           -0.349809	            0.000000	            0.000000	            0.000000	         -126.044495	          662.966172	           48.832917	           -1.299693	            0.000000	           -0.484117	            0.423791	           -2.228603	           -0.164040
            0.203000	            0.000000	            0.000000	            0.000000	           -0.450000	            0.000000	           -0.349809	            0.000000	            0.000000	            0.000000	         -124.891401	          657.407465	           48.934105	           -1.299381	            0.000000	           -0.484364	            0.429952	           -2.262692	           -0.168353
            0.204000	            0.000000	            0.000000	            0.000000	           -0.450000	            0.000000	           -0.349809	            0.000000	            0.000000	            0.000000	         -123.759607	          651.879393	           49.043757	           -1.299065	            0.000000	           -0.484608	            0.436166	           -2.296866	           -0.172780
            0.205000	            0.000000	            0.000000	            0.000000	           -0.450000	            0.000000	           -0.349809	            0.000000	            0.000000	            0.000000	         -122.648406	          646.385190	           49.161724	           -1.298741	            0.000000	           -0.484849	            0.442420	           -2.331067	           -0.177318
            0.206000	            0.000000	            0.000000	            0.000000	           -0.450000	            0.000000	           -0.349809	            0.000000	            0.000000	            0.000000	         -121.556955	          640.928134	           49.287601	           -1.298408	            0.000000	           -0.485085	            0.448699	           -2.365231	           -0.181959
            0.207000	            0.000000	            0.000000	            0.000000	           -0.450000	            0.000000	           -0.349809	            0.000000	            0.000000	            0.000000	         -120.484302	          635.511521	           49.420726	           -1.298066	            0.000000	           -0.485320	            0.454986	           -2.399288	           -0.186698
            0.208000	            0.000000	            0.000000	            0.000000	           -0.450000	            0.000000	           -0.349809	            0.000000	            0.000000	            0.000000	         -119.429428	          630.138631	           49.560193	           -1.297712	            0.000000	           -0.485557	            0.461264	           -2.433167	           -0.191526
            0.209000	            0.000000	            0.000000	            0.000000	           -0.450000	            0.000000	           -0.349809	            0.000000	            0.000000	            0.000000	         -118.391273	          624.812707	           49.704864	           -1.297347	            0.000000	           -0.485796	            0.467515	           -2.466796	           -0.196431
            0.210000	            0.000000	            0.000000	            0.000000	           -0.450000	            0.000000	           -0.349809	            0.000000	            0.000000	            0.000000	         -117.368770	          619.536931	           49.853392	           -1.296972	            0.000000	           -0.486042	            0.473722	           -2.500104	           -0.201402
            0.211000	            0.000000	            0.000000	            0.000000	           -0.450000	            0.000000	           -0.349809	            0.000000	            0.000000	            0.000000	         -116.360881	          614.314410	           50.004254	           -1.296587	            0.000000	           -0.486295	            0.479866	           -2.533025	           -0.206427
            0.212000	            0.000000	            0.000000	            0.000000	           -0.450000	            0.000000	           -0.349809	            0.000000	            0.000000	            0.000000	         -115.366623	          609.148160	           50.155786	           -1.296192	            0.000000	           -0.486551	            0.485932	           -2.565496	           -0.211493
            0.213000	            0.000000	            0.000000	            0.000000	           -0.450000	            0.000000	           -0.349809	            0.000000	            0.000000	            0.000000	         -114.385095	          604.041088	           50.306214	           -1.295790	            0.000000	           -0.486810	            0.491902	           -2.597458	           -0.216584
            0.214000	            0.000000	            0.000000	            0.000000	           -0.450000	            0.000000	           -0.349809	            0.000000	            0.000000	            0.000000	         -113.415497	          598.995988	           50.453703	           -1.295381	            0.000000	           -0.487071	            0.497764	           -2.628859	           -0.221687
            0.215000	            0.000000	            0.000000	            0.000000	           -0.450000	            0.000000	           -0.349809	            0.000000	            0.000000	            0.000000	         -112.457148	          594.015523	           50.596398	           -1.294968	            0.000000	           -0.487338	            0.503503	           -2.659653	           -0.226786
            0.216000	            0.000000	            0.000000	            0.000000	           -0.450000	            0.000000	           -0.349809	            0.000000	            0.000000	            0.000000	         -111.509491	          589.102213	           50.732464	           -1.294556	            0.000000	           -0.487615	            0.509109	           -2.689800	           -0.231866
            0.217000	            0.000000	            0.000000	            0.000000	           -0.450000	            0.000000	           -0.349809	            0.000000	            0.000000	            0.000000	         -110.572098	          584.258422	           50.860134	           -1.294148	            0.000000	           -0.487903	            0.514571	           -2.719266	           -0.236913
            0.218000	            0.000000	            0.000000	            0.000000	           -0.450000	            0.000000	           -0.349809	            0.000000	            0.000000	            0.000000	         -109.644666	          579.486345	           50.977747	           -1.293746	            0.000000	           -0.488201	            0.519881	           -2.748023	           -0.241911
            0.219000	            0.000000	            0.000000	            0.000000	           -0.450000	            0.000000	           -0.349809	            0.000000	            0.000000	            0.000000	         -108.727007	          574.787986	           51.083790	           -1.293346	            0.000000	           -0.488505	            0.525031	           -2.776048	           -0.246847
            0.220000	            0.000000	            0.000000	            0.000000	           -0.450000	            0.000000	           -0.349809	            0.000000	            0.000000	            0.000000	         -107.819032	          570.165146	           51.176927	           -1.292945	            0.000000	           -0.488815	            0.530017	           -2.803329	           -0.251708
            0.221000	            0.000000	            0.000000	            0.000000	           -0.450000	            0.000000	           -0.349809	            0.000000	            0.000000	            0.000000	         -106.920728	          565.619406	           51.256038	           -1.292538	            0.000000	           -0.489126	            0.534834	           -2.829858	           -0.256483
            0.222000	            0.000000	            0.000000	            0.000000	           -0.450000	            0.000000	           -0.349809	            0.000000	            0.000000	            0.000000	         -106.032141	          561.152112	           51.320233	           -1.292120	            0.000000	           -0.489434	            0.539482	           -2.855636	           -0.261161
            0.223000	            0.000000	            0.000000	            0.000000	           -0.450000	            0.000000	           -0.349809	            0.000000	            0.000000	            0.000000	         -105.153346	          556.764368	           51.368878	           -1.291691	            0.000000	           -0.489736	            0.543960	           -2.880675	           -0.265735
            0.224000	            0.000000	            0.000000	            0.000000	           -0.450000	            0.000000	           -0.349809	            0.000000	            0.000000	            0.000000	         -104.284427	          552.457029	           51.401602	           -1.291250	            0.000000	           -0.490030	            0.548270	           -2.904997	           -0.270200
            0.225000	            0.000000	            0.000000	            0.000000	           -0.450000	            0.000000	           -0.349809	            0.000000	            0.000000	            0.000000	         -103.425447	          548.230703	           51.418303	           -1.290801	            0.000000	           -0.490317	            0.552417	           -2.928633	           -0.274551
            0.226000	            0.000000	            0.000000	            0.000000	           -0.450000	            0.000000	           -0.349809	            0.000000	            0.000000	            0.000000	         -102.576434	          544.085759	           51.419139	           -1.290343	            0.000000	           -0.490600	            0.556407	           -2.951628	           -0.278789
            0.227000	            0.000000	            0.000000	            0.000000	           -0.450000	            0.000000	           -0.349809	            0.000000	            0.000000	            0.000000	         -101.737357	          540.022340	           51.404524	           -1.289879	            0.000000	           -0.490883	            0.560248	           -2.974039	           -0.282915
            0.228000	            0.000000	            0.000000	            0.000000	           -0.450000	            0.000000	           -0.349809	            0.000000	            0.000000	            0.000000	         -100.908121	          536.040386	           51.375100	           -1.289409	            0.000000	           -0.491168	            0.563950	           -2.995933	           -0.286933
            0.229000	            0.000000	            0.000000	            0.000000	           -0.450000	            0.000000	           -0.349809	            0.000000	            0.000000	            0.000000	         -100.088552	          532.139655	           51.331722	           -1.288936	            0.000000	           -0.491460	            0.567525	           -3.017387	           -0.290851
            0.230000	            0.000000	            0.000000	            0.000000	           -0.450000	            0.000000	           -0.349809	            0.000000	            0.000000	            0.000000	          -99.278399	          528.319752	           51.275418	           -1.288463	            0.000000	           -0.491759	            0.570986	           -3.038489	           -0.294677
            0.231000	            0.000000	            0.000000	            0.000000	           -0.450000	            0.000000	           -0.349809	            0.000000	            0.000000	            0.000000	          -98.477334	          524.580161	           51.207358	           -1.287993	            0.000000	           -0.492059	            0.574346	           -3.059330	           -0.298422
            0.232000	            0.000000	            0.000000	            0.000000	           -0.450000	            0.000000	           -0.349809	            0.000000	            0.000000	            0.000000	          -97.684958	          520.920273	           51.128816	           -1.287523	            0.000000	           -0.492353	            0.577621	           -3.080007	           -0.302099
            0.233000	            0.000000	            0.000000	            0.000000	           -0.450000	            0.000000	           -0.349809	            0.000000	            0.000000	            0.000000	          -96.900813	          517.339418	           51.041124	           -1.287053	            0.000000	           -0.492633	            0.580823	           -3.100615	           -0.305719
            0.234000	            0.000000	            0.000000	            0.000000	           -0.450000	            0.000000	           -0.349809	            0.000000	            0.000000	            0.000000	          -96.124391	          513.836888	           50.945638	           -1.286585	            0.000000	           -0.492894	            0.583965	           -3.121246	           -0.309297
            0.235000	            0.000000	            0.000000	            0.000000	           -0.450000	            0.000000	           -0.349809	            0.000000	            0.000000	            0.000000	          -95.355155	          510.411961	           50.843688	           -1.286119	            0.000000	           -0.493139	            0.587058	           -3.141986	           -0.312843
            0.236000	            0.000000	            0.000000	            0.000000	           -0.450000	            0.000000	           -0.349809	            0.000000	            0.000000	            0.000000	          -94.592550	          507.063921	           50.736550	           -1.285658	            0.000000	           -0.493372	            0.590113	           -3.162908	           -0.316370
            0.237000	            0.000000	            0.000000	            0.000000	           -0.450000	            0.000000	           -0.349809	            0.000000	            0.000000	            0.000000	          -93.836023	          503.792068	           50.625403	           -1.285200	            0.000000	           -0.493599	            0.593135	           -3.184075	           -0.319887
            0.238000	            0.000000	            0.000000	            0.000000	           -0.450000	            0.000000	           -0.349809	            0.000000	            0.000000	            0.000000	          -93.085042	          500.595726	           50.511303	           -1.284746	            0.000000	           -0.493826	            0.596128	           -3.205532	           -0.323402
            0.239000	            0.000000	            0.000000	            0.000000	           -0.450000	            0.000000	           -0.349809	            0.000000	            0.000000	            0.000000	          -92.339109	          497.474238	           50.395153	           -1.284294	            0.000000	           -0.494057	            0.599094	           -3.227308	           -0.326922
            0.240000	            0.000000	            0.000000	            0.000000	           -0.450000	            0.000000	           -0.349809	            0.000000	            0.000000	            0.000000	          -91.597779	          494.426965	           50.277690	           -1.283841	            0.000000	           -0.494292	            0.602031	           -3.249415	           -0.330449
            0.241000	            0.000000	            0.000000	            0.000000	           -0.450000	            0.000000	           -0.349809	            0.000000	            0.000000	            0.000000	          -90.860667	          491.453267	           50.159465	           -1.283388	            0.000000	           -0.494530	            0.604934	           -3.271848	           -0.333984
            0.242000	            0.000000	            0.000000	            0.000000	           -0.450000	            0.000000	           -0.349809	            0.000000	            0.000000	            0.000000	          -90.127465	          488.552488	           50.040838	           -1.282936	            0.000000	           -0.494773	            0.607795	           -3.294587	           -0.337525
            0.243000	            0.000000	            0.000000	            0.000000	           -0.450000	            0.000000	           -0.349809	            0.000000	            0.000000	            0.000000	          -89.397944	          485.723930	           49.921978	           -1.282485	            0.000000	           -0.495020	            0.610607	           -3.317598	           -0.341069
            0.244000	            0.000000	            0.000000	            0.000000	           -0.450000	            0.000000	           -0.349809	            0.000000	            0.000000	            0.000000	          -88.671958	          482.966829	           49.802867	           -1.282040	            0.000000	           -0.495273	            0.613360	           -3.340838	           -0.344608
            0.245000	            0.000000	            0.000000	            0.000000	           -0.450000	            0.000000	           -0.349809	            0.000000	            0.000000	            0.000000	          -87.949447	          480.280324	           49.683305	           -1.281602	            0.000000	           -0.495531	            0.616041	           -3.364254	           -0.348136
            0.246000	            0.000000	            0.000000	            0.000000	           -0.450000	            0.000000	           -0.349809	            0.000000	            0.000000	            0.000000	          -87.230434	          477.663438	           49.562932	           -1.281172	            0.000000	           -0.495793	            0.618641	           -3.387793	           -0.351642
            0.247000	            0.000000	            0.000000	            0.000000	           -0.450000	            0.000000	           -0.349809	            0.000000	            0.000000	            0.000000	          -86.515018	          475.115050	           49.441237	           -1.280752	            0.000000	           -0.496054	            0.621150	           -3.411398	           -0.355116
            0.248000	            0.000000	            0.000000	            0.000000	           -0.450000	            0.000000	           -0.349809	            0.000000	            0.000000	            0.000000	          -85.803368	          472.633885	           49.317583	           -1.280338	            0.000000	           -0.496306	            0.623558	           -3.435017	           -0.358549
            0.249000	            0.000000	            0.000000	            0.000000	           -0.450000	            0.000000	           -0.349809	            0.000000	            0.000000	            0.000000	          -85.095714	          470.218500	           49.191227	           -1.279925	            0.000000	           -0.496542	            0.625859	           -3.458601	           -0.361927
            0.250000	            0.000000	            0.000000	            0.000000	           -0.450000	            0.000000	           -0.349809	            0.000000	            0.000000	            0.000000	          -84.392340	          467.867294	           49.061340	           -1.279512	            0.000000	           -0.496758	            0.628048	           -3.482111	           -0.365242
            0.251000	            0.000000	            0.000000	            0.000000	           -0.450000	            0.000000	           -0.349809	            0.000000	            0.000000	            0.000000	          -83.693571	          465.578514	           48.927029	           -1.279098	            0.000000	           -0.496955	            0.630121	           -3.505515	           -0.368481
            0.252000	            0.000000	            0.000000	            0.000000	           -0.450000	            0.000000	           -0.349809	            0.000000	            0.000000	            0.000000	          -82.999766	          463.350288	           48.787360	           -1.278684	            0.000000	           -0.497136	            0.632078	           -3.528794	           -0.371636
            0.253000	            0.000000	            0.000000	            0.000000	           -0.450000	            0.000000	           -0.349809	            0.000000	            0.000000	            0.000000	          -82.311309	          461.180656	           48.641374	           -1.278271	            0.000000	           -0.497304	            0.633921	           -3.551935	           -0.374697
            0.254000	            0.000000	            0.000000	            0.000000	           -0.450000	            0.000000	           -0.349809	            0.000000	            0.000000	            0.000000	          -81.628606	          459.067616	           48.488105	           -1.277861	            0.000000	           -0.497463	            0.635655	           -3.574935	           -0.377654
            0.255000	            0.000000	            0.000000	            0.000000	           -0.450000	            0.000000	           -0.349809	            0.000000	            0.000000	            0.000000	          -80.952076	          457.009180	           48.326596	           -1.277453	            0.000000	           -0.497617	            0.637284	           -3.597800	           -0.380499
            0.256000	            0.000000	            0.000000	            0.000000	           -0.450000	            0.000000	           -0.349809	            0.000000	            0.000000	            0.000000	          -80.282151	          455.003429	           48.155915	           -1.277047	            0.000000	           -0.497775	            0.638815	           -3.620538	           -0.383225
            0.257000	            0.000000	            0.000000	            0.000000	           -0.450000	            0.000000	           -0.349809	            0.000000	            0.000000	            0.000000	          -79.619273	          453.048571	           47.975163	           -1.276638	            0.000000	           -0.497938	            0.640257	           -3.643165	           -0.385822
            0.258000	            0.000000	            0.000000	            0.000000	           -0.450000	            0.000000	           -0.349809	            0.000000	            0.000000	            0.000000	          -78.963893	          451.142996	           47.783489	           -1.276223	            0.000000	           -0.498107	            0.641618	           -3.665695	           -0.388284
            0.259000	            0.000000	            0.000000	            0.000000	           -0.450000	            0.000000	           -0.349809	            0.000000	            0.000000	            0.000000	          -78.316472	          449.285330	           47.580096	           -1.275799	            0.000000	           -0.498279	            0.642905	           -3.688144	           -0.390602
            0.260000	            0.000000	            0.000000	            0.000000	           -0.450000	            0.000000	           -0.349809	            0.000000	            0.000000	            0.000000	          -77.677482	          447.474472	           47.364256	           -1.275369	            0.000000	           -0.498449	            0.644128	           -3.710525	           -0.392767
            0.261000	            0.000000	            0.000000	            0.000000	           -0.450000	            0.000000	           -0.349809	            0.000000	            0.000000	            0.000000	          -77.047399	          445.709622	           47.135315	           -1.274941	            0.000000	           -0.498618	            0.645292	           -3.732849	           -0.394772
            0.262000	            0.000000	            0.000000	            0.000000	           -0.450000	            0.000000	           -0.349809	            0.000000	            0.000000	            0.000000	          -76.426710	          443.990302	           46.892701	           -1.274524	            0.000000	           -0.498788	            0.646406	           -3.755123	           -0.396609
            0.263000	            0.000000	            0.000000	            0.000000	           -0.450000	            0.000000	           -0.349809	            0.000000	            0.000000	            0.000000	          -75.815900	          442.316353	           46.635938	           -1.274122	            0.000000	           -0.498963	            0.647474	           -3.777350	           -0.398268
            0.264000	            0.000000	            0.000000	            0.000000	           -0.450000	            0.000000	           -0.349809	            0.000000	            0.000000	            0.000000	          -75.215452	          440.687921	           46.364648	           -1.273736	            0.000000	           -0.499145	            0.648502	           -3.799530	           -0.399741
            0.265000	            0.000000	            0.000000	            0.000000	           -0.450000	            0.000000	           -0.349809	            0.000000	            0.000000	            0.000000	          -74.625834	          439.105430	           46.078559	           -1.273363	            0.000000	           -0.499336	            0.649494	           -3.821661	           -0.401021
            0.266000	            0.000000	            0.000000	            0.000000	           -0.450000	            0.000000	           -0.349809	            0.000000	            0.000000	            0.000000	          -74.047492	          437.569537	           45.777514	           -1.272997	            0.000000	           -0.499531	            0.650454	           -3.843737	           -0.402100
            0.267000	            0.000000	            0.000000	            0.000000	           -0.450000	            0.000000	           -0.349809	            0.000000	            0.000000	            0.000000	          -73.480834	          436.081077	           45.461468	           -1.272635	            0.000000	           -0.499727	            0.651384	           -3.865750	           -0.402971
            0.268000	            0.000000	            0.000000	            0.000000	           -0.450000	            0.000000	           -0.349809	            0.000000	            0.000000	            0.000000	          -72.926221	          434.640997	           45.130497	           -1.272274	            0.000000	           -0.499914	            0.652286	           -3.887693	           -0.403630
            0.269000	            0.000000	            0.000000	            0.000000	           -0.450000	            0.000000	           -0.349809	            0.000000	            0.000000	            0.000000	          -72.383949	          433.250295	           44.784794	           -1.271912	            0.000000	           -0.500086	            0.653161	           -3.909556	           -0.404073
            0.270000	            0.000000	            0.000000	            0.000000	           -0.450000	            0.000000	           -0.349809	            0.000000	            0.000000	            0.000000	          -71.854239	          431.909938	           44.424664	           -1.271546	            0.000000	           -0.500237	            0.654011	           -3.931329	           -0.404295
            0.271000	            0.000000	            0.000000	            0.000000	           -0.450000	            0.000000	           -0.349809	            0.000000	            0.000000	            0.000000	          -71.337220	          430.620807	           44.050525	           -1.271172	            0.000000	           -0.500366	            0.654835	           -3.953003	           -0.404296
            0.272000	            0.000000	            0.000000	            0.000000	           -0.450000	            0.000000	           -0.349809	            0.000000	            0.000000	            0.000000	          -70.832924	          429.383626	           43.662896	           -1.270791	            0.000000	           -0.500475	            0.655633	           -3.974565	           -0.404075
            0.273000	            0.000000	            0.000000	            0.000000	           -0.450000	            0.000000	           -0.349809	            0.000000	            0.000000	            0.000000	          -70.341279	          428.198919	           43.262390	           -1.270400	            0.000000	           -0.500566	            0.656403	           -3.996003	           -0.403634
            0.274000	            0.000000	            0.000000	            0.000000	           -0.450000	            0.000000	           -0.349809	            0.000000	            0.000000	            0.000000	          -69.862098	          427.066963	           42.849704	           -1.270000	            0.000000	           -0.500644	            0.657142	           -4.017301	           -0.402974
            0.275000	            0.000000	            0.000000	            0.000000	           -0.450000	            0.000000	           -0.349809	            0.000000	            0.000000	            0.000000	          -69.395087	          425.987771	           42.425606	           -1.269594	            0.000000	           -0.500713	            0.657847	           -4.038442	           -0.402099
            0.276000	            0.000000	            0.000000	            0.000000	           -0.450000	            0.000000	           -0.349809	            0.000000	            0.000000	            0.000000	          -68.939841	          424.961073	           41.990929	           -1.269182	            0.000000	           -0.500778	            0.658513	           -4.059407	           -0.401013
            0.277000	            0.000000	            0.000000	            0.000000	           -0.450000	            0.000000	           -0.349809	            0.000000	            0.000000	            0.000000	          -68.495858	          423.986326	           41.546551	           -1.268761	            0.000000	           -0.500842	            0.659134	           -4.080175	           -0.399721
            0.278000	            0.000000	            0.000000	            0.000000	           -0.450000	            0.000000	           -0.349809	            0.000000	            0.000000	            0.000000	          -68.062540	          423.062722	           41.093392	           -1.268331	            0.000000	           -0.500905	            0.659705	           -4.100725	           -0.398230
            0.279000	            0.000000	            0.000000	            0.000000	           -0.450000	            0.000000	           -0.349809	            0.000000	            0.000000	            0.000000	          -67.639213	          422.189217	           40.632396	           -1.267892	            0.000000	           -0.500964	            0.660220	           -4.121037	           -0.396545
            0.280000	            0.000000	            0.000000	            0.000000	           -0.450000	            0.000000	           -0.349809	            0.000000	            0.000000	            0.000000	          -67.225140	          421.364565	           40.164527	           -1.267448	            0.000000	           -0.501019	            0.660670	           -4.141094	           -0.394676
            0.281000	            0.000000	            0.000000	            0.000000	           -0.450000	            0.000000	           -0.349809	            0.000000	            0.000000	            0.000000	          -66.819542	          420.587359	           39.690759	           -1.267003	            0.000000	           -0.501070	            0.661052	           -4.160885	           -0.392630
            0.282000	            0.000000	            0.000000	            0.000000	           -0.450000	            0.000000	           -0.349809	            0.000000	            0.000000	            0.000000	          -66.421611	          419.856069	           39.212065	           -1.266562	            0.000000	           -0.501120	            0.661359	           -4.180407	           -0.390418
            0.283000	            0.000000	            0.000000	            0.000000	           -0.450000	            0.000000	           -0.349809	            0.000000	            0.000000	            0.000000	          -66.030538	          419.169094	           38.729416	           -1.266126	            0.000000	           -0.501173	            0.661588	           -4.199668	           -0.388050
            0.284000	            0.000000	            0.000000	            0.000000	           -0.450000	            0.000000	           -0.349809	            0.000000	            0.000000	            0.000000	          -65.645528	          418.524801	           38.243771	           -1.265693	            0.000000	           -0.501227	            0.661738	           -4.218687	           -0.385539
            0.285000	            0.000000	            0.000000	            0.000000	           -0.450000	            0.000000	           -0.349809	            0.000000	            0.000000	            0.000000	          -65.265822	          417.921566	           37.756077	           -1.265262	            0.000000	           -0.501279	            0.661809	           -4.237499	           -0.382897
            0.286000	            0.000000	            0.000000	            0.000000	           -0.450000	            0.000000	           -0.349809	            0.000000	            0.000000	            0.000000	          -64.890715	          417.357810	           37.267265	           -1.264831	            0.000000	           -0.501318	            0.661804	           -4.256154	           -0.380140
            0.287000	            0.000000	            0.000000	            0.000000	           -0.450000	            0.000000	           -0.349809	            0.000000	            0.000000	            0.000000	          -64.519570	          416.832031	           36.778247	           -1.264403	            0.000000	           -0.501343	            0.661731	           -4.274714	           -0.377284
            0.288000	            0.000000	            0.000000	            0.000000	           -0.450000	            0.000000	           -0.349809	            0.000000	            0.000000	            0.000000	          -64.151831	          416.342829	           36.289917	           -1.263981	            0.000000	           -0.501354	            0.661596	           -4.293256	           -0.374345
            0.289000	            0.000000	            0.000000	            0.000000	           -0.450000	            0.000000	           -0.349809	            0.000000	            0.000000	            0.000000	          -63.787034	          415.888921	           35.803152	           -1.263568	            0.000000	           -0.501357	            0.661411	           -4.311867	           -0.371340
            0.290000	            0.000000	            0.000000	            0.000000	           -0.450000	            0.000000	           -0.349809	            0.000000	            0.000000	            0.000000	          -63.424810	          415.469156	           35.318806	           -1.263164	            0.000000	           -0.501358	            0.661187	           -4.330644	           -0.368288
            0.291000	            0.000000	            0.000000	            0.000000	           -0.450000	            0.000000	           -0.349809	            0.000000	            0.000000	            0.000000	          -63.064887	          415.082518	           34.837715	           -1.262771	            0.000000	           -0.501362	            0.660938	           -4.349683	           -0.365207
            0.292000	            0.000000	            0.000000	            0.000000	           -0.450000	            0.000000	           -0.349809	            0.000000	            0.000000	            0.000000	          -62.707089	          414.728127	           34.360694	           -1.262384	            0.000000	           -0.501374	            0.660679	           -4.369085	           -0.362114
            0.293000	            0.000000	            0.000000	            0.000000	           -0.450000	            0.000000	           -0.349809	            0.000000	            0.000000	            0.000000	          -62.351330	          414.405230	           33.888535	           -1.262002	            0.000000	           -0.501392	            0.660423	           -4.388942	           -0.359028
            0.294000	            0.000000	            0.000000	            0.000000	           -0.450000	            0.000000	           -0.349809	            0.000000	            0.000000	            0.000000	          -61.997607	          414.113196	           33.422002	           -1.261621	            0.000000	           -0.501413	            0.660184	           -4.409339	           -0.355963
            0.295000	            0.000000	            0.000000	            0.000000	           -0.450000	            0.000000	           -0.349809	            0.000000	            0.000000	            0.000000	          -61.645993	          413.851500	           32.961833	           -1.261238	            0.000000	           -0.501434	            0.659973	           -4.430350	           -0.352935
            0.296000	            0.000000	            0.000000	            0.000000	           -0.450000	            0.000000	           -0.349809	            0.000000	            0.000000	            0.000000	          -61.296624	          413.619707	           32.508731	           -1.260852	            0.000000	           -0.501456	            0.659800	           -4.452032	           -0.349958
            0.297000	            0.000000	            0.000000	            0.000000	           -0.450000	            0.000000	           -0.349809	            0.000000	            0.000000	            0.000000	          -60.949694	          413.417463	           32.063357	           -1.260463	            0.000000	           -0.501479	            0.659675	           -4.474427	           -0.347042
            0.298000	            0.000000	            0.000000	            0.000000	           -0.450000	            0.000000	           -0.349809	            0.000000	            0.000000	            0.000000	          -60.605438	          413.244473	           31.626332	           -1.260073	            0.000000	           -0.501506	            0.659601	           -4.497558	           -0.344198
            0.299000	            0.000000	            0.000000	            0.000000	           -0.450000	            0.000000	           -0.349809	            0.000000	            0.000000	            0.000000	          -60.264130	          413.100493	           31.198222	           -1.259681	            0.000000	           -0.501533	            0.659584	           -4.521432	           -0.341434
            0.300000	            0.000000	            0.000000	            0.000000	           -0.450000	            0.000000	           -0.349809	            0.000000	            0.000000	            0.000000	          -59.926071	          412.985317	           30.779539	           -1.259288	            0.000000	           -0.501553	            0.659624	           -4.546037	           -0.338755
            0.301000	            0.000000	            0.000000	            0.000000	           -0.450000	            0.000000	           -0.349809	            0.000000	            0.000000	            0.000000	          -59.591584	          412.898768	           30.370732	           -1.258894	            0.000000	           -0.501562	            0.659721	           -4.571346	           -0.336166
            0.302000	            0.000000	            0.000000	            0.000000	           -0.450000	            0.000000	           -0.349809	            0.000000	            0.000000	            0.000000	          -59.261008	          412.840692	           29.972188	           -1.258499	            0.000000	           -0.501562	            0.659871	           -4.597318	           -0.333669
            0.303000	            0.000000	            0.000000	            0.000000	           -0.450000	            0.000000	           -0.349809	            0.000000	            0.000000	            0.000000	          -58.934692	          412.810956	           29.584222	           -1.258103	            0.000000	           -0.501558	            0.660071	           -4.623901	           -0.331265
            0.304000	            0.000000	            0.000000	            0.000000	           -0.450000	            0.000000	           -0.349809	            0.000000	            0.000000	            0.000000	          -58.612996	          412.809441	           29.207082	           -1.257708	            0.000000	           -0.501558	            0.660316	           -4.651030	           -0.328954
            0.305000	            0.000000	            0.000000	            0.000000	           -0.450000	            0.000000	           -0.349809	            0.000000	            0.000000	            0.000000	          -58.296291	          412.836042	           28.840946	           -1.257312	            0.000000	           -0.501563	            0.660599	           -4.678636	           -0.326733
            0.306000	            0.000000	            0.000000	            0.000000	           -0.450000	            0.000000	           -0.349809	            0.000000	            0.000000	            0.000000	          -57.984953	          412.890668	           28.485925	           -1.256915	            0.000000	           -0.501575	            0.660915	           -4.706642	           -0.324600
            0.307000	            0.000000	            0.000000	            0.000000	           -0.450000	            0.000000	           -0.349809	            0.000000	            0.000000	            0.000000	          -57.679374	          412.973234	           28.142060	           -1.256515	            0.000000	           -0.501591	            0.661256	           -4.734970	           -0.322552
            0.308000	            0.000000	            0.000000	            0.000000	           -0.450000	            0.000000	           -0.349809	            0.000000	            0.000000	            0.000000	          -57.379954	          413.083656	           27.809330	           -1.256109	            0.000000	           -0.501609	            0.661616	           -4.763537	           -0.320584
            0.309000	            0.000000	            0.000000	            0.000000	           -0.450000	            0.000000	           -0.349809	            0.000000	            0.000000	            0.000000	          -57.087115	          413.221845	           27.487650	           -1.255695	            0.000000	           -0.501625	            0.661990	           -4.792262	           -0.318691
            0.310000	            0.000000	            0.000000	            0.000000	           -0.450000	            0.000000	           -0.349809	            0.000000	            0.000000	            0.000000	          -56.801293	          413.387693	           27.176876	           -1.255273	            0.000000	           -0.501638	            0.662372	           -4.821067	           -0.316869
            0.311000	            0.000000	            0.000000	            0.000000	           -0.450000	            0.000000	           -0.349809	            0.000000	            0.000000	            0.000000	          -56.522949	          413.581062	           26.876805	           -1.254846	            0.000000	           -0.501645	            0.662759	           -4.849874	           -0.315112
            0.312000	            0.000000	            0.000000	            0.000000	           -0.450000	            0.000000	           -0.349809	            0.000000	            0.000000	            0.000000	          -56.252563	          413.801765	           26.587175	           -1.254417	            0.000000	           -0.501644	            0.663149	           -4.878611	           -0.313414
            0.313000	            0.000000	            0.000000	            0.000000	           -0.450000	            0.000000	           -0.349809	            0.000000	            0.000000	            0.000000	          -55.990637	          414.049551	           26.307667	           -1.253990	            0.000000	           -0.501637	            0.663539	           -4.907211	           -0.311769
            0.314000	            0.000000	            0.000000	            0.000000	           -0.450000	            0.000000	           -0.349809	            0.000000	            0.000000	            0.000000	          -55.737695	          414.324085	           26.037903	           -1.253566	            0.000000	           -0.501624	            0.663931	           -4.935611	           -0.310171
            0.315000	            0.000000	            0.000000	            0.000000	           -0.450000	            0.000000	           -0.349809	            0.000000	            0.000000	            0.000000	          -55.494271	          414.624931	           25.777446	           -1.253142	            0.000000	           -0.501607	            0.664326	           -4.963758	           -0.308614
            0.316000	            0.000000	            0.000000	            0.000000	           -0.450000	            0.000000	           -0.349809	            0.000000	            0.000000	            0.000000	          -55.260913	          414.951530	           25.525800	           -1.252716	            0.000000	           -0.501587	            0.664728	           -4.991605	           -0.307091
            0.317000	            0.000000	            0.000000	            0.000000	           -0.450000	            0.000000	           -0.349809	            0.000000	            0.000000	            0.000000	          -55.038164	          415.303189	           25.282412	           -1.252285	            0.000000	           -0.501567	            0.665142	           -5.019115	           -0.305597
            0.318000	            0.000000	            0.000000	            0.000000	           -0.450000	            0.000000	           -0.349809	            0.000000	            0.000000	            0.000000	          -54.826556	          415.679064	           25.046670	           -1.251849	            0.000000	           -0.501546	            0.665574	           -5.046260	           -0.304124
            0.319000	            0.000000	            0.000000	            0.000000	           -0.450000	            0.000000	           -0.349809	            0.000000	            0.000000	            0.000000	          -54.626594	          416.078154	           24.817909	           -1.251409	            0.000000	           -0.501525	            0.666032	           -5.073025	           -0.302666
            0.320000	            0.000000	            0.000000	            0.000000	           -0.450000	            0.000000	           -0.349809	            0.000000	            0.000000	            0.000000	          -54.438737	          416.499296	           24.595417	           -1.250965	            0.000000	           -0.501504	            0.666527	           -5.099403	           -0.301216
            0.321000	            0.000000	            0.000000	            0.000000	           -0.450000	            0.000000	           -0.349809	            0.000000	            0.000000	            0.000000	          -54.263381	          416.941172	           24.378443	           -1.250515	            0.000000	           -0.501483	            0.667067	           -5.125400	           -0.299769
            0.322000	            0.000000	            0.000000	            0.000000	           -0.450000	            0.000000	           -0.349809	            0.000000	            0.000000	            0.000000	          -54.100836	          417.402315	           24.166204	           -1.250056	            0.000000	           -0.501460	            0.667665	           -5.151034	           -0.298318
            0.323000	            0.000000	            0.000000	            0.000000	           -0.450000	            0.000000	           -0.349809	            0.000000	            0.000000	            0.000000	          -53.951303	          417.881132	           23.957902	           -1.249588	            0.000000	           -0.501437	            0.668331	           -5.176334	           -0.296858
            0.324000	            0.000000	            0.000000	            0.000000	           -0.450000	            0.000000	           -0.349809	            0.000000	            0.000000	            0.000000	          -53.814848	          418.375930	           23.752736	           -1.249112	            0.000000	           -0.501416	            0.669075	           -5.201335	           -0.295384
            0.325000	            0.000000	            0.000000	            0.000000	           -0.450000	            0.000000	           -0.349809	            0.000000	            0.000000	            0.000000	          -53.691385	          418.884947	           23.549918	           -1.248631	            0.000000	           -0.501396	            0.669908	           -5.226085	           -0.293891
            0.326000	            0.000000	            0.000000	            0.000000	           -0.450000	            0.000000	           -0.349809	            0.000000	            0.000000	            0.000000	          -53.580649	          419.406388	           23.348690	           -1.248148	            0.000000	           -0.501381	            0.670838	           -5.250632	           -0.292374
            0.327000	            0.000000	            0.000000	            0.000000	           -0.450000	            0.000000	           -0.349809	            0.000000	            0.000000	            0.000000	          -53.482185	          419.938473	           23.148338	           -1.247665	            0.000000	           -0.501371	            0.671869	           -5.275031	           -0.290831
            0.328000	            0.000000	            0.000000	            0.000000	           -0.450000	            0.000000	           -0.349809	            0.000000	            0.000000	            0.000000	          -53.395332	          420.479474	           22.948211	           -1.247183	            0.000000	           -0.501365	            0.673006	           -5.299333	           -0.289258
            0.329000	            0.000000	            0.000000	            0.000000	           -0.450000	            0.000000	           -0.349809	            0.000000	            0.000000	            0.000000	          -53.319217	          421.027762	           22.747730	           -1.246704	            0.000000	           -0.501364	            0.674247	           -5.323590	           -0.287652
            0.330000	            0.000000	            0.000000	            0.000000	           -0.450000	            0.000000	           -0.349809	            0.000000	            0.000000	            0.000000	          -53.252766	          421.581843	           22.546401	           -1.246227	            0.000000	           -0.501367	            0.675587	           -5.347844	           -0.286012
            0.331000	            0.000000	            0.000000	            0.000000	           -0.450000	            0.000000	           -0.349809	            0.000000	            0.000000	            0.000000	          -53.194707	          422.140399	           22.343824	           -1.245750	            0.000000	           -0.501369	            0.677019	           -5.372133	           -0.284336
            0.332000	            0.000000	            0.000000	            0.000000	           -0.450000	            0.000000	           -0.349809	            0.000000	            0.000000	            0.000000	          -53.143595	          422.702316	           22.139699	           -1.245274	            0.000000	           -0.501364	            0.678531	           -5.396485	           -0.282623
            0.333000	            0.000000	            0.000000	            0.000000	           -0.450000	            0.000000	           -0.349809	            0.000000	            0.000000	            0.000000	          -53.097842	          423.266701	           21.933823	           -1.244797	            0.000000	           -0.501346	            0.680105	           -5.420915	           -0.280873
            0.334000	            0.000000	            0.000000	            0.000000	           -0.450000	            0.000000	           -0.349809	            0.000000	            0.000000	            0.000000	          -53.055753	          423.832904	           21.726095	           -1.244322	            0.000000	           -0.501314	            0.681723	           -5.445430	           -0.279085
            0.335000	            0.000000	            0.000000	            0.000000	           -0.450000	            0.000000	           -0.349809	            0.000000	            0.000000	            0.000000	          -53.015571	          424.400514	           21.516509	           -1.243850	            0.000000	           -0.501273	            0.683363	           -5.470029	           -0.277260
            0.336000	            0.000000	            0.000000	            0.000000	           -0.450000	            0.000000	           -0.349809	            0.000000	            0.000000	            0.000000	          -52.975528	          424.969358	           21.305145	           -1.243386	            0.000000	           -0.501234	            0.685001	           -5.494700	           -0.275399
            0.337000	            0.000000	            0.000000	            0.000000	           -0.450000	            0.000000	           -0.349809	            0.000000	            0.000000	            0.000000	          -52.933892	          425.539479	           21.092168	           -1.242930	            0.000000	           -0.501203	            0.686612	           -5.519427	           -0.273503
            0.338000	            0.000000	            0.000000	            0.000000	           -0.450000	            0.000000	           -0.349809	            0.000000	            0.000000	            0.000000	          -52.889020	          426.111114	           20.877812	           -1.242480	            0.000000	           -0.501184	            0.688172	           -5.544189	           -0.271573
            0.339000	            0.000000	            0.000000	            0.000000	           -0.450000	            0.000000	           -0.349809	            0.000000	            0.000000	            0.000000	          -52.839409	          426.684656	           20.662373	           -1.242031	            0.000000	           -0.501173	            0.689659	           -5.568964	           -0.269613
            0.340000	            0.000000	            0.000000	            0.000000	           -0.450000	            0.000000	           -0.349809	            0.000000	            0.000000	            0.000000	          -52.783736	          427.260610	           20.446195	           -1.241576	            0.000000	           -0.501168	            0.691051	           -5.593733	           -0.267624
            0.341000	            0.000000	            0.000000	            0.000000	           -0.450000	            0.000000	           -0.349809	            0.000000	            0.000000	            0.000000	          -52.720895	          427.839545	           20.229666	           -1.241113	            0.000000	           -0.501168	            0.692331	           -5.618479	           -0.265611
            0.342000	            0.000000	            0.000000	            0.000000	           -0.450000	            0.000000	           -0.349809	            0.000000	            0.000000	            0.000000	          -52.650025	          428.422043	           20.013200	           -1.240640	            0.000000	           -0.501170	            0.693484	           -5.643193	           -0.263577
            0.343000	            0.000000	            0.000000	            0.000000	           -0.450000	            0.000000	           -0.349809	            0.000000	            0.000000	            0.000000	          -52.570528	          429.008643	           19.797233	           -1.240156	            0.000000	           -0.501173	            0.694502	           -5.667870	           -0.261527
            0.344000	            0.000000	            0.000000	            0.000000	           -0.450000	            0.000000	           -0.349809	            0.000000	            0.000000	            0.000000	          -52.482068	          429.599797	           19.582212	           -1.239663	            0.000000	           -0.501172	            0.695378	           -5.692516	           -0.259468
            0.345000	            0.000000	            0.000000	            0.000000	           -0.450000	            0.000000	           -0.349809	            0.000000	            0.000000	            0.000000	          -52.384575	          430.195823	           19.368587	           -1.239162	            0.000000	           -0.501165	            0.696113	           -5.717141	           -0.257404
            0.346000	            0.000000	            0.000000	            0.000000	           -0.450000	            0.000000	           -0.349809	            0.000000	            0.000000	            0.000000	          -52.278222	          430.796872	           19.156806	           -1.238658	            0.000000	           -0.501150	            0.696710	           -5.741766	           -0.255342
            0.347000	            0.000000	            0.000000	            0.000000	           -0.450000	            0.000000	           -0.349809	            0.000000	            0.000000	            0.000000	          -52.163401	          431.402911	           18.947304	           -1.238153	            0.000000	           -0.501127	            0.697177	           -5.766416	           -0.253288
            0.348000	            0.000000	            0.000000	            0.000000	           -0.450000	            0.000000	           -0.349809	            0.000000	            0.000000	            0.000000	          -52.040687	          432.013708	           18.740507	           -1.237653	            0.000000	           -0.501092	            0.697526	           -5.791120	           -0.251250
            0.349000	            0.000000	            0.000000	            0.000000	           -0.450000	            0.000000	           -0.349809	            0.000000	            0.000000	            0.000000	          -51.910797	          432.628844	           18.536822	           -1.237158	            0.000000	           -0.501046	            0.697769	           -5.815911	           -0.249235
            0.350000	            0.000000	            0.000000	            0.000000	           -0.450000	            0.000000	           -0.349809	            0.000000	            0.000000	            0.000000	          -51.774542	          433.247730	           18.336638	           -1.236671	            0.000000	           -0.500985	            0.697921	           -5.840819	           -0.247250
            0.351000	            0.000000	            0.000000	            0.000000	           -0.450000	            0.000000	           -0.349809	            0.000000	            0.000000	            0.000000	          -51.632779	          433.869645	           18.140325	           -1.236192	            0.000000	           -0.500910	            0.697999	           -5.865874	           -0.245302
            0.352000	            0.000000	            0.000000	            0.000000	           -0.450000	            0.000000	           -0.349809	            0.000000	            0.000000	            0.000000	          -51.486359	          434.493777	           17.948235	           -1.235722	            0.000000	           -0.500827	            0.698018	           -5.891101	           -0.243397
            0.353000	            0.000000	            0.000000	            0.000000	           -0.450000	            0.000000	           -0.349809	            0.000000	            0.000000	            0.000000	          -51.336081	          435.119284	           17.760706	           -1.235260	            0.000000	           -0.500744	            0.697990	           -5.916517	           -0.241542
            0.354000	            0.000000	            0.000000	            0.000000	           -0.450000	            0.000000	           -0.349809	            0.000000	            0.000000	            0.000000	          -51.182647	          435.745349	           17.578060	           -1.234807	            0.000000	           -0.500665	            0.697927	           -5.942132	           -0.239743
            0.355000	            0.000000	            0.000000	            0.000000	           -0.450000	            0.000000	           -0.349809	            0.000000	            0.000000	            0.000000	          -51.026624	          436.371246	           17.400611	           -1.234363	            0.000000	           -0.500594	            0.697837	           -5.967948	           -0.238005
            0.356000	            0.000000	            0.000000	            0.000000	           -0.450000	            0.000000	           -0.349809	            0.000000	            0.000000	            0.000000	          -50.868414	          436.996401	           17.228666	           -1.233931	            0.000000	           -0.500535	            0.697724	           -5.993955	           -0.236334
            0.357000	            0.000000	            0.000000	            0.000000	           -0.450000	            0.000000	           -0.349809	            0.000000	            0.000000	            0.000000	          -50.708236	          437.620450	           17.062531	           -1.233510	            0.000000	           -0.500490	            0.697590	           -6.020136	           -0.234734
            0.358000	            0.000000	            0.000000	            0.000000	           -0.450000	            0.000000	           -0.349809	            0.000000	            0.000000	            0.000000	          -50.546109	          438.243292	           16.902507	           -1.233100	            0.000000	           -0.500457	            0.697430	           -6.046465	           -0.233209
            0.359000	            0.000000	            0.000000	            0.000000	           -0.450000	            0.000000	           -0.349809	            0.000000	            0.000000	            0.000000	          -50.381853	          438.865122	           16.748902	           -1.232697	            0.000000	           -0.500436	            0.697237	           -6.072912	           -0.231763
            0.360000	            0.000000	            0.000000	            0.000000	           -0.450000	            0.000000	           -0.349809	            0.000000	            0.000000	            0.000000	          -50.215097	          439.486469	           16.602022	           -1.232299	            0.000000	           -0.500420	            0.697000	           -6.099440	           -0.230400
            0.361000	            0.000000	            0.000000	            0.000000	           -0.450000	            0.000000	           -0.349809	            0.000000	            0.000000	            0.000000	          -50.045290	          440.108209	           16.462174	           -1.231904	            0.000000	           -0.500405	            0.696702	           -6.126009	           -0.229123
            0.362000	            0.000000	            0.000000	            0.000000	           -0.450000	            0.000000	           -0.349809	            0.000000	            0.000000	            0.000000	          -49.871725	          440.731569	           16.329665	           -1.231515	            0.000000	           -0.500385	            0.696328	           -6.152581	           -0.227936
            0.363000	            0.000000	            0.000000	            0.000000	           -0.450000	            0.000000	           -0.349809	            0.000000	            0.000000	            0.000000	          -49.693566	          441.358119	           16.204794	           -1.231132	            0.000000	           -0.500358	            0.695856	           -6.179118	           -0.226841
            0.364000	            0.000000	            0.000000	            0.000000	           -0.450000	            0.000000	           -0.349809	            0.000000	            0.000000	            0.000000	          -49.509879	          441.989751	           16.087849	           -1.230755	            0.000000	           -0.500327	            0.695266	           -6.205584	           -0.225841
            0.365000	            0.000000	            0.000000	            0.000000	           -0.450000	            0.000000	           -0.349809	            0.000000	            0.000000	            0.000000	          -49.319664	          442.628646	           15.979103	           -1.230382	            0.000000	           -0.500300	            0.694536	           -6.231948	           -0.224940
            0.366000	            0.000000	            0.000000	            0.000000	           -0.450000	            0.000000	           -0.349809	            0.000000	            0.000000	            0.000000	          -49.121893	          443.277232	           15.878800	           -1.230012	            0.000000	           -0.500279	            0.693642	           -6.258179	           -0.224139
            0.367000	            0.000000	            0.000000	            0.000000	           -0.450000	            0.000000	           -0.349809	            0.000000	            0.000000	            0.000000	          -48.915542	          443.938130	           15.787156	           -1.229644	            0.000000	           -0.500268	            0.692563	           -6.284251	           -0.223441
            0.368000	            0.000000	            0.000000	            0.000000	           -0.450000	            0.000000	           -0.349809	            0.000000	            0.000000	            0.000000	          -48.699627	          444.614098	           15.704350	           -1.229275	            0.000000	           -0.500266	            0.691277	           -6.310139	           -0.222846
            0.369000	            0.000000	            0.000000	            0.000000	           -0.450000	            0.000000	           -0.349809	            0.000000	            0.000000	            0.000000	          -48.473233	          445.307962	           15.630518	           -1.228906	            0.000000	           -0.500268	            0.689763	           -6.335816	           -0.222356
            0.370000	            0.000000	            0.000000	            0.000000	           -0.450000	            0.000000	           -0.349809	            0.000000	            0.000000	            0.000000	          -48.235550	          446.022555	           15.565753	           -1.228537	            0.000000	           -0.500268	            0.688004	           -6.361254	           -0.221970
            0.371000	            0.000000	            0.000000	            0.000000	           -0.450000	            0.000000	           -0.349809	            0.000000	            0.000000	            0.000000	          -47.985889	          446.760642	           15.510102	           -1.228168	            0.000000	           -0.500259	            0.685982	           -6.386419	           -0.221688
            0.372000	            0.000000	            0.000000	            0.000000	           -0.450000	            0.000000	           -0.349809	            0.000000	            0.000000	            0.000000	          -47.723715	          447.524860	           15.463568	           -1.227798	            0.000000	           -0.500237	            0.683682	           -6.411271	           -0.221509
            0.373000	            0.000000	            0.000000	            0.000000	           -0.450000	            0.000000	           -0.349809	            0.000000	            0.000000	            0.000000	          -47.448659	          448.317652	           15.426117	           -1.227426	            0.000000	           -0.500205	            0.681091	           -6.435759	           -0.221430
            0.374000	            0.000000	            0.000000	            0.000000	           -0.450000	            0.000000	           -0.349809	            0.000000	            0.000000	            0.000000	          -47.160539	          449.141216	           15.397685	           -1.227054	            0.000000	           -0.500165	            0.678201	           -6.459825	           -0.221448
            0.375000	            0.000000	            0.000000	            0.000000	           -0.450000	            0.000000	           -0.349809	            0.000000	            0.000000	            0.000000	          -46.859365	          449.997457	           15.378183	           -1.226680	            0.000000	           -0.500121	            0.675003	           -6.483396	           -0.221560
            0.376000	            0.000000	            0.000000	            0.000000	           -0.450000	            0.000000	           -0.349809	            0.000000	            0.000000	            0.000000	          -46.545346	          450.887951	           15.367517	           -1.226306	            0.000000	           -0.500078	            0.671493	           -6.506390	           -0.221762
            0.377000	            0.000000	            0.000000	            0.000000	           -0.450000	            0.000000	           -0.349809	            0.000000	            0.000000	            0.000000	          -46.218896	          451.813921	           15.365590	           -1.225929	            0.000000	           -0.500037	            0.667669	           -6.528713	           -0.222048
            0.378000	            0.000000	            0.000000	            0.000000	           -0.450000	            0.000000	           -0.349809	            0.000000	            0.000000	            0.000000	          -45.880628	          452.776219	           15.372321	           -1.225551	            0.000000	           -0.499996	            0.663531	           -6.550258	           -0.222414
            0.379000	            0.000000	            0.000000	            0.000000	           -0.450000	            0.000000	           -0.349809	            0.000000	            0.000000	            0.000000	          -45.531352	          453.775324	           15.387657	           -1.225171	            0.000000	           -0.499954	            0.659086	           -6.570911	           -0.222857
            0.380000	            0.000000	            0.000000	            0.000000	           -0.450000	            0.000000	           -0.349809	            0.000000	            0.000000	            0.000000	          -45.172062	          454.811347	           15.411578	           -1.224792	            0.000000	           -0.499908	            0.654338	           -6.590551	           -0.223371
            0.381000	            0.000000	            0.000000	            0.000000	           -0.450000	            0.000000	           -0.349809	            0.000000	            0.000000	            0.000000	          -44.803927	          455.884043	           15.444107	           -1.224419	            0.000000	           -0.499862	            0.649299	           -6.609054	           -0.223953
            0.382000	            0.000000	            0.000000	            0.000000	           -0.450000	            0.000000	           -0.349809	            0.000000	            0.000000	            0.000000	          -44.428275	          456.992836	           15.485317	           -1.224056	            0.000000	           -0.499819	            0.643981	           -6.626293	           -0.224599
            0.383000	            0.000000	            0.000000	            0.000000	           -0.450000	            0.000000	           -0.349809	            0.000000	            0.000000	            0.000000	          -44.046573	          458.136842	           15.535326	           -1.223705	            0.000000	           -0.499788	            0.638401	           -6.642150	           -0.225307
            0.384000	            0.000000	            0.000000	            0.000000	           -0.450000	            0.000000	           -0.349809	            0.000000	            0.000000	            0.000000	          -43.660415	          459.314902	           15.594294	           -1.223365	            0.000000	           -0.499771	            0.632578	           -6.656510	           -0.226076
            0.385000	            0.000000	            0.000000	            0.000000	           -0.450000	            0.000000	           -0.349809	            0.000000	            0.000000	            0.000000	          -43.271491	          460.525611	           15.662417	           -1.223037	            0.000000	           -0.499766	            0.626534	           -6.669275	           -0.226904
            0.386000	            0.000000	            0.000000	            0.000000	           -0.450000	            0.000000	           -0.349809	            0.000000	            0.000000	            0.000000	          -42.881573	          461.767358	           15.739915	           -1.222717	            0.000000	           -0.499766	            0.620295	           -6.680363	           -0.227793
            0.387000	            0.000000	            0.000000	            0.000000	           -0.450000	            0.000000	           -0.349809	            0.000000	            0.000000	            0.000000	          -42.492483	          463.038355	           15.827012	           -1.222402	            0.000000	           -0.499765	            0.613888	           -6.689712	           -0.228741
            0.388000	            0.000000	            0.000000	            0.000000	           -0.450000	            0.000000	           -0.349809	            0.000000	            0.000000	            0.000000	          -42.106072	          464.336672	           15.923922	           -1.222089	            0.000000	           -0.499756	            0.607344	           -6.697286	           -0.229752
            0.389000	            0.000000	            0.000000	            0.000000	           -0.450000	            0.000000	           -0.349809	            0.000000	            0.000000	            0.000000	          -41.724192	          465.660277	           16.030825	           -1.221770	            0.000000	           -0.499735	            0.600697	           -6.703077	           -0.230826
            0.390000	            0.000000	            0.000000	            0.000000	           -0.450000	            0.000000	           -0.349809	            0.000000	            0.000000	            0.000000	          -41.348669	          467.007060	           16.147850	           -1.221442	            0.000000	           -0.499704	            0.593980	           -6.707105	           -0.231966
            0.391000	            0.000000	            0.000000	            0.000000	           -0.450000	            0.000000	           -0.349809	            0.000000	            0.000000	            0.000000	          -40.981270	          468.374880	           16.275049	           -1.221103	            0.000000	           -0.499669	            0.587231	           -6.709423	           -0.233174
            0.392000	            0.000000	            0.000000	            0.000000	           -0.450000	            0.000000	           -0.349809	            0.000000	            0.000000	            0.000000	          -40.623683	          469.761589	           16.412376	           -1.220755	            0.000000	           -0.499631	            0.580485	           -6.710114	           -0.234452
            0.393000	            0.000000	            0.000000	            0.000000	           -0.450000	            0.000000	           -0.349809	            0.000000	            0.000000	            0.000000	          -40.277479	          471.165079	           16.559671	           -1.220402	            0.000000	           -0.499589	            0.573782	           -6.709292	           -0.235801
            0.394000	            0.000000	            0.000000	            0.000000	           -0.450000	            0.000000	           -0.349809	            0.000000	            0.000000	            0.000000	          -39.944092	          472.583310	           16.716643	           -1.220046	            0.000000	           -0.499537	            0.567158	           -6.707096	           -0.237222
            0.395000	            0.000000	            0.000000	            0.000000	           -0.450000	            0.000000	           -0.349809	            0.000000	            0.000000	            0.000000	          -39.624784	          474.014356	           16.882851	           -1.219689	            0.000000	           -0.499471	            0.560649	           -6.703695	           -0.238714
            0.396000	            0.000000	            0.000000	            0.000000	           -0.450000	            0.000000	           -0.349809	            0.000000	            0.000000	            0.000000	          -39.320626	          475.456434	           17.057699	           -1.219333	            0.000000	           -0.499393	            0.554290	           -6.699275	           -0.240275
            0.397000	            0.000000	            0.000000	            0.000000	           -0.450000	            0.000000	           -0.349809	            0.000000	            0.000000	            0.000000	          -39.032473	          476.907951	           17.240431	           -1.218981	            0.000000	           -0.499307	            0.548113	           -6.694042	           -0.241902
            0.398000	            0.000000	            0.000000	            0.000000	           -0.450000	            0.000000	           -0.349809	            0.000000	            0.000000	            0.000000	          -38.760946	          478.367529	           17.430128	           -1.218632	            0.000000	           -0.499219	            0.542146	           -6.688213	           -0.243590
            0.399000	            0.000000	            0.000000	            0.000000	           -0.450000	            0.000000	           -0.349809	            0.000000	            0.000000	            0.000000	          -38.506417	          479.834038	           17.625714	           -1.218287	            0.000000	           -0.499135	            0.536413	           -6.682015	           -0.245331
            0.400000	            0.000000	            0.000000	            0.000000	           -0.450000	            0.000000	           -0.349809	            0.000000	            0.000000	            0.000000	          -38.268999	          481.306627	           17.825967	           -1.217945	            0.000000	           -0.499059	            0.530936	           -6.675675	           -0.247118
            0.401000	            0.000000	            0.000000	            0.000000	           -0.450000	            0.000000	           -0.349809	            0.000000	            0.000000	            0.000000	          -38.048538	          482.784731	           18.029539	           -1.217603	            0.000000	           -0.498993	            0.525731	           -6.669420	           -0.248940
            0.402000	            0.000000	            0.000000	            0.000000	           -0.450000	            0.000000	           -0.349809	            0.000000	            0.000000	            0.000000	          -37.844619	          484.268092	           18.234971	           -1.217261	            0.000000	           -0.498936	            0.520806	           -6.663470	           -0.250785
            0.403000	            0.000000	            0.000000	            0.000000	           -0.450000	            0.000000	           -0.349809	            0.000000	            0.000000	            0.000000	          -37.656563	          485.756751	           18.440727	           -1.216917	            0.000000	           -0.498887	            0.516169	           -6.658036	           -0.252640
            0.404000	            0.000000	            0.000000	            0.000000	           -0.450000	            0.000000	           -0.349809	            0.000000	            0.000000	            0.000000	          -37.483441	          487.251038	           18.645225	           -1.216568	            0.000000	           -0.498841	            0.511819	           -6.653315	           -0.254492
            0.405000	            0.000000	            0.000000	            0.000000	           -0.450000	            0.000000	           -0.349809	            0.000000	            0.000000	            0.000000	          -37.324084	          488.751556	           18.846873	           -1.216216	            0.000000	           -0.498793	            0.507751	           -6.649484	           -0.256324
            0.406000	            0.000000	            0.000000	            0.000000	           -0.450000	            0.000000	           -0.349809	            0.000000	            0.000000	            0.000000	          -37.177102	          490.259148	           19.044108	           -1.215861	            0.000000	           -0.498740	            0.503954	           -6.646702	           -0.258123
            0.407000	            0.000000	            0.000000	            0.000000	           -0.450000	            0.000000	           -0.349809	            0.000000	            0.000000	            0.000000	          -37.040901	          491.774853	           19.235438	           -1.215505	            0.000000	           -0.498683	            0.500413	           -6.645105	           -0.259872
            0.408000	            0.000000	            0.000000	            0.000000	           -0.450000	            0.000000	           -0.349809	            0.000000	            0.000000	            0.000000	          -36.913704	          493.299870	           19.419484	           -1.215149	            0.000000	           -0.498623	            0.497109	           -6.644803	           -0.261559
            0.409000	            0.000000	            0.000000	            0.000000	           -0.450000	            0.000000	           -0.349809	            0.000000	            0.000000	            0.000000	          -36.793577	          494.835497	           19.595020	           -1.214792	            0.000000	           -0.498565	            0.494017	           -6.645882	           -0.263170
            0.410000	            0.000000	            0.000000	            0.000000	           -0.450000	            0.000000	           -0.349809	            0.000000	            0.000000	            0.000000	          -36.678452	          496.383079	           19.761008	           -1.214433	            0.000000	           -0.498510	            0.491111	           -6.648397	           -0.264694
            0.411000	            0.000000	            0.000000	            0.000000	           -0.450000	            0.000000	           -0.349809	            0.000000	            0.000000	            0.000000	          -36.566152	          497.943959	           19.916633	           -1.214075	            0.000000	           -0.498460	            0.488357	           -6.652376	           -0.266120
            0.412000	            0.000000	            0.000000	            0.000000	           -0.450000	            0.000000	           -0.349809	            0.000000	            0.000000	            0.000000	          -36.454417	          499.519417	           20.061323	           -1.213721	            0.000000	           -0.498416	            0.485723	           -6.657818	           -0.267443
            0.413000	            0.000000	            0.000000	            0.000000	           -0.450000	            0.000000	           -0.349809	            0.000000	            0.000000	            0.000000	          -36.340930	          501.110629	           20.194773	           -1.213375	            0.000000	           -0.498380	            0.483172	           -6.664693	           -0.268657
            0.414000	            0.000000	            0.000000	            0.000000	           -0.450000	            0.000000	           -0.349809	            0.000000	            0.000000	            0.000000	          -36.223337	          502.718626	           20.316947	           -1.213037	            0.000000	           -0.498350	            0.480666	           -6.672944	           -0.269760
            0.415000	            0.000000	            0.000000	            0.000000	           -0.450000	            0.000000	           -0.349809	            0.000000	            0.000000	            0.000000	          -36.099279	          504.344264	           20.428075	           -1.212708	            0.000000	           -0.498320	            0.478164	           -6.682489	           -0.270753
            0.416000	            0.000000	            0.000000	            0.000000	           -0.450000	            0.000000	           -0.349809	            0.000000	            0.000000	            0.000000	          -35.966408	          505.988207	           20.528641	           -1.212388	            0.000000	           -0.498281	            0.475627	           -6.693222	           -0.271638
            0.417000	            0.000000	            0.000000	            0.000000	           -0.450000	            0.000000	           -0.349809	            0.000000	            0.000000	            0.000000	          -35.822411	          507.650923	           20.619358	           -1.212073	            0.000000	           -0.498227	            0.473013	           -6.705017	           -0.272421
            0.418000	            0.000000	            0.000000	            0.000000	           -0.450000	            0.000000	           -0.349809	            0.000000	            0.000000	            0.000000	          -35.665031	          509.332696	           20.701130	           -1.211762	            0.000000	           -0.498157	            0.470282	           -6.717732	           -0.273110
            0.419000	            0.000000	            0.000000	            0.000000	           -0.450000	            0.000000	           -0.349809	            0.000000	            0.000000	            0.000000	          -35.492084	          511.033646	           20.775008	           -1.211451	            0.000000	           -0.498073	            0.467394	           -6.731216	           -0.273712
            0.420000	            0.000000	            0.000000	            0.000000	           -0.450000	            0.000000	           -0.349809	            0.000000	            0.000000	            0.000000	          -35.301479	          512.753765	           20.842139	           -1.211142	            0.000000	           -0.497978	            0.464310	           -6.745311	           -0.274237
            0.421000	            0.000000	            0.000000	            0.000000	           -0.450000	            0.000000	           -0.349809	            0.000000	            0.000000	            0.000000	          -35.091229	          514.492966	           20.903710	           -1.210833	            0.000000	           -0.497873	            0.460995	           -6.759859	           -0.274697
            0.422000	            0.000000	            0.000000	            0.000000	           -0.450000	            0.000000	           -0.349809	            0.000000	            0.000000	            0.000000	          -34.859468	          516.251132	           20.960886	           -1.210522	            0.000000	           -0.497761	            0.457414	           -6.774710	           -0.275100
            0.423000	            0.000000	            0.000000	            0.000000	           -0.450000	            0.000000	           -0.349809	            0.000000	            0.000000	            0.000000	          -34.604462	          518.028176	           21.014758	           -1.210207	            0.000000	           -0.497641	            0.453536	           -6.789726	           -0.275457
            0.424000	            0.000000	            0.000000	            0.000000	           -0.450000	            0.000000	           -0.349809	            0.000000	            0.000000	            0.000000	          -34.324617	          519.824092	           21.066283	           -1.209885	            0.000000	           -0.497515	            0.449332	           -6.804784	           -0.275775
            0.425000	            0.000000	            0.000000	            0.000000	           -0.450000	            0.000000	           -0.349809	            0.000000	            0.000000	            0.000000	          -34.018487	          521.639015	           21.116247	           -1.209553	            0.000000	           -0.497384	            0.444780	           -6.819785	           -0.276062
            0.426000	            0.000000	            0.000000	            0.000000	           -0.450000	            0.000000	           -0.349809	            0.000000	            0.000000	            0.000000	          -33.684782	          523.473261	           21.165221	           -1.209213	            0.000000	           -0.497252	            0.439857	           -6.834653	           -0.276323
            0.427000	            0.000000	            0.000000	            0.000000	           -0.450000	            0.000000	           -0.349809	            0.000000	            0.000000	            0.000000	          -33.322370	          525.327359	           21.213544	           -1.208870	            0.000000	           -0.497119	            0.434547	           -6.849340	           -0.276559
            0.428000	            0.000000	            0.000000	            0.000000	           -0.450000	            0.000000	           -0.349809	            0.000000	            0.000000	            0.000000	          -32.930283	          527.202073	           21.261308	           -1.208527	            0.000000	           -0.496985	            0.428837	           -6.863825	           -0.276772
            0.429000	            0.000000	            0.000000	            0.000000	           -0.450000	            0.000000	           -0.349809	            0.000000	            0.000000	            0.000000	          -32.507723	          529.098396	           21.308369	           -1.208189	            0.000000	           -0.496853	            0.422718	           -6.878110	           -0.276958
            0.430000	            0.000000	            0.000000	            0.000000	           -0.450000	            0.000000	           -0.349809	            0.000000	            0.000000	            0.000000	          -32.054060	          531.017536	           21.354357	           -1.207860	            0.000000	           -0.496726	            0.416185	           -6.892223	           -0.277116
            0.431000	            0.000000	            0.000000	            0.000000	           -0.450000	            0.000000	           -0.349809	            0.000000	            0.000000	            0.000000	          -31.568839	          532.960874	           21.398714	           -1.207543	            0.000000	           -0.496606	            0.409236	           -6.906212	           -0.277237
            0.432000	            0.000000	            0.000000	            0.000000	           -0.450000	            0.000000	           -0.349809	            0.000000	            0.000000	            0.000000	          -31.051789	          534.929908	           21.440735	           -1.207238	            0.000000	           -0.496495	            0.401871	           -6.920137	           -0.277316
            0.433000	            0.000000	            0.000000	            0.000000	           -0.450000	            0.000000	           -0.349809	            0.000000	            0.000000	            0.000000	          -30.502819	          536.926176	           21.479615	           -1.206946	            0.000000	           -0.496391	            0.394096	           -6.934069	           -0.277345
            0.434000	            0.000000	            0.000000	            0.000000	           -0.450000	            0.000000	           -0.349809	            0.000000	            0.000000	            0.000000	          -29.922034	          538.951167	           21.514508	           -1.206661	            0.000000	           -0.496294	            0.385917	           -6.948082	           -0.277313
            0.435000	            0.000000	            0.000000	            0.000000	           -0.450000	            0.000000	           -0.349809	            0.000000	            0.000000	            0.000000	          -29.309731	          541.006230	           21.544585	           -1.206382	            0.000000	           -0.496201	            0.377345	           -6.962246	           -0.277214
            0.436000	            0.000000	            0.000000	            0.000000	           -0.450000	            0.000000	           -0.349809	            0.000000	            0.000000	            0.000000	          -28.666411	          543.092469	           21.569089	           -1.206104	            0.000000	           -0.496108	            0.368392	           -6.976623	           -0.277039
            0.437000	            0.000000	            0.000000	            0.000000	           -0.450000	            0.000000	           -0.349809	            0.000000	            0.000000	            0.000000	          -27.992780	          545.210651	           21.587390	           -1.205827	            0.000000	           -0.496011	            0.359072	           -6.991259	           -0.276782
            0.438000	            0.000000	            0.000000	            0.000000	           -0.450000	            0.000000	           -0.349809	            0.000000	            0.000000	            0.000000	          -27.289749	          547.361115	           21.599030	           -1.205550	            0.000000	           -0.495910	            0.349401	           -7.006182	           -0.276439
            0.439000	            0.000000	            0.000000	            0.000000	           -0.450000	            0.000000	           -0.349809	            0.000000	            0.000000	            0.000000	          -26.558433	          549.543706	           21.603760	           -1.205273	            0.000000	           -0.495804	            0.339398	           -7.021398	           -0.276006
            0.440000	            0.000000	            0.000000	            0.000000	           -0.450000	            0.000000	           -0.349809	            0.000000	            0.000000	            0.000000	          -25.800149	          551.757715	           21.601570	           -1.204997	            0.000000	           -0.495698	            0.329082	           -7.036889	           -0.275483
            0.441000	            0.000000	            0.000000	            0.000000	           -0.450000	            0.000000	           -0.349809	            0.000000	            0.000000	            0.000000	          -25.016400	          554.001859	           21.592697	           -1.204722	            0.000000	           -0.495592	            0.318474	           -7.052610	           -0.274873
            0.442000	            0.000000	            0.000000	            0.000000	           -0.450000	            0.000000	           -0.349809	            0.000000	            0.000000	            0.000000	          -24.208861	          556.274274	           21.577633	           -1.204447	            0.000000	           -0.495482	            0.307598	           -7.068491	           -0.274181
            0.443000	            0.000000	            0.000000	            0.000000	           -0.450000	            0.000000	           -0.349809	            0.000000	            0.000000	            0.000000	          -23.379364	          558.572538	           21.557115	           -1.204172	            0.000000	           -0.495363	            0.296478	           -7.084442	           -0.273413
            0.444000	            0.000000	            0.000000	            0.000000	           -0.450000	            0.000000	           -0.349809	            0.000000	            0.000000	            0.000000	          -22.529865	          560.893731	           21.532100	           -1.203897	            0.000000	           -0.495229	            0.285137	           -7.100348	           -0.272580
            0.445000	            0.000000	            0.000000	            0.000000	           -0.450000	            0.000000	           -0.349809	            0.000000	            0.000000	            0.000000	          -21.662414	          563.234504	           21.503737	           -1.203622	            0.000000	           -0.495077	            0.273603	           -7.116078	           -0.271693
            0.446000	            0.000000	            0.000000	            0.000000	           -0.450000	            0.000000	           -0.349809	            0.000000	            0.000000	            0.000000	          -20.779125	          565.591182	           21.473330	           -1.203351	            0.000000	           -0.494911	            0.261901	           -7.131491	           -0.270766
            0.447000	            0.000000	            0.000000	            0.000000	           -0.450000	            0.000000	           -0.349809	            0.000000	            0.000000	            0.000000	          -19.882131	          567.959878	           21.442286	           -1.203082	            0.000000	           -0.494736	            0.250059	           -7.146430	           -0.269812
            0.448000	            0.000000	            0.000000	            0.000000	           -0.450000	            0.000000	           -0.349809	            0.000000	            0.000000	            0.000000	          -18.973551	          570.336620	           21.412075	           -1.202818	            0.000000	           -0.494560	            0.238102	           -7.160740	           -0.268846
            0.449000	            0.000000	            0.000000	            0.000000	           -0.450000	            0.000000	           -0.349809	            0.000000	            0.000000	            0.000000	          -18.055444	          572.717479	           21.384174	           -1.202556	            0.000000	           -0.494389	            0.226056	           -7.174258	           -0.267884
            0.450000	            0.000000	            0.000000	            0.000000	           -0.450000	            0.000000	           -0.349809	            0.000000	            0.000000	            0.000000	          -17.129779	          575.098700	           21.360024	           -1.202295	            0.000000	           -0.494230	            0.213948	           -7.186826	           -0.266939
            0.451000	            0.000000	            0.000000	            0.000000	           -0.450000	            0.000000	           -0.349809	            0.000000	            0.000000	            0.000000	          -16.198398	          577.476818	           21.340987	           -1.202036	            0.000000	           -0.494084	            0.201800	           -7.198292	           -0.266025
            0.452000	            0.000000	            0.000000	            0.000000	           -0.450000	            0.000000	           -0.349809	            0.000000	            0.000000	            0.000000	          -15.262991	          579.848763	           21.328306	           -1.201777	            0.000000	           -0.493950	            0.189636	           -7.208508	           -0.265154
            0.453000	            0.000000	            0.000000	            0.000000	           -0.450000	            0.000000	           -0.349809	            0.000000	            0.000000	            0.000000	          -14.325075	          582.211945	           21.323080	           -1.201517	            0.000000	           -0.493825	            0.177478	           -7.217337	           -0.264335
            0.454000	            0.000000	            0.000000	            0.000000	           -0.450000	            0.000000	           -0.349809	            0.000000	            0.000000	            0.000000	          -13.385984	          584.564318	           21.326241	           -1.201257	            0.000000	           -0.493705	            0.165345	           -7.224652	           -0.263576
            0.455000	            0.000000	            0.000000	            0.000000	           -0.450000	            0.000000	           -0.349809	            0.000000	            0.000000	            0.000000	          -12.446859	          586.904416	           21.338543	           -1.200997	            0.000000	           -0.493588	            0.153254	           -7.230336	           -0.262882
            0.456000	            0.000000	            0.000000	            0.000000	           -0.450000	            0.000000	           -0.349809	            0.000000	            0.000000	            0.000000	          -11.508660	          589.231370	           21.360562	           -1.200739	            0.000000	           -0.493474	            0.141223	           -7.234285	           -0.262258
            0.457000	            0.000000	            0.000000	            0.000000	           -0.450000	            0.000000	           -0.349809	            0.000000	            0.000000	            0.000000	          -10.572166	          591.544900	           21.392697	           -1.200484	            0.000000	           -0.493362	            0.129266	           -7.236403	           -0.261703
            0.458000	            0.000000	            0.000000	            0.000000	           -0.450000	            0.000000	           -0.349809	            0.000000	            0.000000	            0.000000	           -9.637999	          593.845290	           21.435189	           -1.200232	            0.000000	           -0.493251	            0.117396	           -7.236607	           -0.261216
            0.459000	            0.000000	            0.000000	            0.000000	           -0.450000	            0.000000	           -0.349809	            0.000000	            0.000000	            0.000000	           -8.706638	          596.133343	           21.488131	           -1.199979	            0.000000	           -0.493139	            0.105625	           -7.234827	           -0.260795
            0.460000	            0.000000	            0.000000	            0.000000	           -0.450000	            0.000000	           -0.349809	            0.000000	            0.000000	            0.000000	           -7.778442	          598.410330	           21.551495	           -1.199726	            0.000000	           -0.493025	            0.093963	           -7.231000	           -0.260435
            0.461000	            0.000000	            0.000000	            0.000000	           -0.450000	            0.000000	           -0.349809	            0.000000	            0.000000	            0.000000	           -6.853674	          600.677923	           21.625152	           -1.199471	            0.000000	           -0.492908	            0.082422	           -7.225076	           -0.260131
            0.462000	            0.000000	            0.000000	            0.000000	           -0.450000	            0.000000	           -0.349809	            0.000000	            0.000000	            0.000000	           -5.932519	          602.938131	           21.708895	           -1.199215	            0.000000	           -0.492789	            0.071009	           -7.217015	           -0.259874
            0.463000	            0.000000	            0.000000	            0.000000	           -0.450000	            0.000000	           -0.349809	            0.000000	            0.000000	            0.000000	           -5.015107	          605.193236	           21.802462	           -1.198959	            0.000000	           -0.492667	            0.059734	           -7.206791	           -0.259658
            0.464000	            0.000000	            0.000000	            0.000000	           -0.450000	            0.000000	           -0.349809	            0.000000	            0.000000	            0.000000	           -4.101523	          607.445729	           21.905547	           -1.198703	            0.000000	           -0.492540	            0.048604	           -7.194389	           -0.259476
            0.465000	            0.000000	            0.000000	            0.000000	           -0.450000	            0.000000	           -0.349809	            0.000000	            0.000000	            0.000000	           -3.191821	          609.698250	           22.017822	           -1.198448	            0.000000	           -0.492407	            0.037628	           -7.179805	           -0.259320
            0.466000	            0.000000	            0.000000	            0.000000	           -0.450000	            0.000000	           -0.349809	            0.000000	            0.000000	            0.000000	           -2.286030	          611.953545	           22.138937	           -1.198193	            0.000000	           -0.492266	            0.026813	           -7.163054	           -0.259182
            0.467000	            0.000000	            0.000000	            0.000000	           -0.450000	            0.000000	           -0.349809	            0.000000	            0.000000	            0.000000	           -1.384154	          614.214412	           22.268528	           -1.197938	            0.000000	           -0.492117	            0.016165	           -7.144162	           -0.259056
            0.468000	            0.000000	            0.000000	            0.000000	           -0.450000	            0.000000	           -0.349809	            0.000000	            0.000000	            0.000000	           -0.486167	          616.483670	           22.406212	           -1.197682	            0.000000	           -0.491964	            0.005692	           -7.123175	           -0.258935
            0.469000	            0.000000	            0.000000	            0.000000	           -0.450000	            0.000000	           -0.349809	            0.000000	            0.000000	            0.000000	            0.407991	          618.764122	           22.551582	           -1.197426	            0.000000	           -0.491814	           -0.004602	           -7.100151	           -0.258812
            0.470000	            0.000000	            0.000000	            0.000000	           -0.450000	            0.000000	           -0.349809	            0.000000	            0.000000	            0.000000	            1.298424	          621.058523	           22.704196	           -1.197171	            0.000000	           -0.491673	           -0.014710	           -7.075169	           -0.258682
            0.471000	            0.000000	            0.000000	            0.000000	           -0.450000	            0.000000	           -0.349809	            0.000000	            0.000000	            0.000000	            2.185294	          623.369548	           22.863567	           -1.196917	            0.000000	           -0.491549	           -0.024628	           -7.048320	           -0.258540
            0.472000	            0.000000	            0.000000	            0.000000	           -0.450000	            0.000000	           -0.349809	            0.000000	            0.000000	            0.000000	            3.068833	          625.699762	           23.029149	           -1.196665	            0.000000	           -0.491440	           -0.034354	           -7.019712	           -0.258379
            0.473000	            0.000000	            0.000000	            0.000000	           -0.450000	            0.000000	           -0.349809	            0.000000	            0.000000	            0.000000	            3.949351	          628.051584	           23.200322	           -1.196414	            0.000000	           -0.491344	           -0.043886	           -6.989464	           -0.258196
            0.474000	            0.000000	            0.000000	            0.000000	           -0.450000	            0.000000	           -0.349809	            0.000000	            0.000000	            0.000000	            4.827248	          630.427252	           23.376388	           -1.196164	            0.000000	           -0.491258	           -0.053223	           -6.957706	           -0.257985
            0.475000	            0.000000	            0.000000	            0.000000	           -0.450000	            0.000000	           -0.349809	            0.000000	            0.000000	            0.000000	            5.703022	          632.828788	           23.556558	           -1.195914	            0.000000	           -0.491176	           -0.062367	           -6.924575	           -0.257740
            0.476000	            0.000000	            0.000000	            0.000000	           -0.450000	            0.000000	           -0.349809	            0.000000	            0.000000	            0.000000	            6.577268	          635.257964	           23.739948	           -1.195664	            0.000000	           -0.491095	           -0.071319	           -6.890209	           -0.257456
            0.477000	            0.000000	            0.000000	            0.000000	           -0.450000	            0.000000	           -0.349809	            0.000000	            0.000000	            0.000000	            7.450676	          637.716273	           23.925583	           -1.195410	            0.000000	           -0.491010	           -0.080083	           -6.854750	           -0.257125
            0.478000	            0.000000	            0.000000	            0.000000	           -0.450000	            0.000000	           -0.349809	            0.000000	            0.000000	            0.000000	            8.324024	          640.204906	           24.112397	           -1.195149	            0.000000	           -0.490917	           -0.088665	           -6.818332	           -0.256742
            0.479000	            0.000000	            0.000000	            0.000000	           -0.733555	            0.000000	           -0.356049	            0.000000	            0.000000	            0.000000	            9.198165	          642.724738	           24.299248	           -1.194878	            0.000000	           -0.490814	           -0.097072	           -6.781086	           -0.256299
            0.480000	           13.348948	           12.419666	            0.021762	           -0.733555	            0.000000	           -0.356049	           -0.245335	           -0.309308	           -0.235566	           10.074007	          645.276327	           24.484925	           -1.194599	            0.000000	           -0.490698	           -0.105310	           -6.743131	           -0.255787
            0.481000	           16.851936	           17.137541	            0.238163	           -0.733555	            0.000000	           -0.356049	           -0.277763	           -0.356513	           -0.238405	           10.952493	          647.859923	           24.668172	           -1.194312	            0.000000	           -0.490569	           -0.113388	           -6.704578	           -0.255200
            0.482000	           20.639318	           22.581567	            0.531418	           -0.728231	            0.000000	           -0.357807	           -0.309778	           -0.404504	           -0.236723	           11.834574	          650.475486	           24.847706	           -1.194019	            0.000000	           -0.490428	           -0.121314	           -6.665523	           -0.254529
            0.483000	           24.667192	           28.760984	            0.911268	           -0.722756	            0.000000	           -0.359561	           -0.340748	           -0.452808	           -0.230878	           12.721187	          653.122720	           25.022237	           -1.193722	            0.000000	           -0.490278	           -0.129097	           -6.626048	           -0.253765
            0.484000	           28.882937	           35.672036	            1.386667	           -0.717110	            0.000000	           -0.361337	           -0.370056	           -0.501003	           -0.221401	           13.613226	          655.801110	           25.190498	           -1.193423	            0.000000	           -0.490123	           -0.136745	           -6.586226	           -0.252902
            0.485000	           33.226152	           43.297189	            1.965401	           -0.711428	            0.000000	           -0.363086	           -0.397123	           -0.548726	           -0.208955	           14.511526	          658.509965	           25.351267	           -1.193124	            0.000000	           -0.489966	           -0.144268	           -6.546113	           -0.251930
            0.486000	           37.629836	           51.604674	            2.653709	           -0.705876	            0.000000	           -0.364740	           -0.421423	           -0.595680	           -0.194284	           15.416838	          661.248460	           25.503392	           -1.192829	            0.000000	           -0.489809	           -0.151672	           -6.505758	           -0.250844
            0.487000	           42.021758	           60.548377	            3.455917	           -0.700589	            0.000000	           -0.366249	           -0.442504	           -0.641634	           -0.178177	           16.329824	          664.015682	           25.645815	           -1.192536	            0.000000	           -0.489654	           -0.158964	           -6.465197	           -0.249637
            0.488000	           46.325967	           70.068101	            4.374119	           -0.695653	            0.000000	           -0.367583	           -0.459993	           -0.686419	           -0.161417	           17.251048	          666.810661	           25.777592	           -1.192249	            0.000000	           -0.489503	           -0.166151	           -6.424460	           -0.248306
            0.489000	           50.464414	           80.090254	            5.407897	           -0.691103	            0.000000	           -0.368732	           -0.473607	           -0.729916	           -0.144752	           18.180985	          669.632392	           25.897912	           -1.191968	            0.000000	           -0.489354	           -0.173238	           -6.383567	           -0.246845
            0.490000	           54.358611	           90.528950	            6.554123	           -0.686951	            0.000000	           -0.369699	           -0.483152	           -0.772048	           -0.128858	           19.120028	          672.479854	           26.006114	           -1.191694	            0.000000	           -0.489205	           -0.180229	           -6.342534	           -0.245255
            0.491000	           57.931309	          101.287547	            7.806843	           -0.683203	            0.000000	           -0.370505	           -0.488523	           -0.812765	           -0.114318	           20.068512	          675.352001	           26.101698	           -1.191425	            0.000000	           -0.489056	           -0.187128	           -6.301372	           -0.243534
            0.492000	           61.108134	          112.260602	            9.157260	           -0.679862	            0.000000	           -0.371186	           -0.489695	           -0.852024	           -0.101601	           21.026741	          678.247747	           26.184329	           -1.191160	            0.000000	           -0.488911	           -0.193937	           -6.260087	           -0.241683
            0.493000	           63.819148	          123.336222	           10.593812	           -0.676915	            0.000000	           -0.371784	           -0.486721	           -0.889778	           -0.091058	           21.995020	          681.165934	           26.253848	           -1.190900	            0.000000	           -0.488770	           -0.200661	           -6.218681	           -0.239705
            0.494000	           66.000293	          134.398754	           12.102358	           -0.674329	            0.000000	           -0.372330	           -0.479720	           -0.925964	           -0.082915	           22.973690	          684.105289	           26.310265	           -1.190642	            0.000000	           -0.488635	           -0.207300	           -6.177154	           -0.237605
            0.495000	           67.594706	          145.331759	           13.666472	           -0.672056	            0.000000	           -0.372841	           -0.468866	           -0.960489	           -0.077276	           23.963173	          687.064369	           26.353758	           -1.190385	            0.000000	           -0.488505	           -0.213859	           -6.135500	           -0.235387
            0.496000	           68.553849	          156.021184	           15.267815	           -0.670052	            0.000000	           -0.373319	           -0.454383	           -0.993222	           -0.074134	           24.964005	          690.041501	           26.384664	           -1.190128	            0.000000	           -0.488380	           -0.220340	           -6.093713	           -0.233059
            0.497000	           68.838463	          166.358624	           16.886598	           -0.668288	            0.000000	           -0.373755	           -0.436531	           -1.023996	           -0.073376	           25.976871	          693.034722	           26.403465	           -1.189869	            0.000000	           -0.488256	           -0.226747	           -6.051780	           -0.230629
            0.498000	           68.419312	          176.244574	           18.502108	           -0.666744	            0.000000	           -0.374141	           -0.415598	           -1.052605	           -0.074807	           27.002638	          696.041716	           26.410776	           -1.189607	            0.000000	           -0.488130	           -0.233085	           -6.009686	           -0.228106
            0.499000	           67.277710	          185.591546	           20.093272	           -0.665400	            0.000000	           -0.374475	           -0.391897	           -1.078813	           -0.078162	           28.042371	          699.059765	           26.407326	           -1.189343	            0.000000	           -0.487995	           -0.239359	           -5.967413	           -0.225499
            0.500000	           65.405837	          194.326925	           21.639256	           -0.664237	            0.000000	           -0.374760	           -0.365755	           -1.102360	           -0.083124	           29.097344	          702.085706	           26.393939	           -1.189075	            0.000000	           -0.487849	           -0.245577	           -5.924938	           -0.222818
            0.501000	           62.806829	          202.395454	           23.120058	           -0.663236	            0.000000	           -0.375002	           -0.337511	           -1.122977	           -0.089343	           30.169040	          705.115905	           26.371510	           -1.188804	            0.000000	           -0.487692	           -0.251746	           -5.882233	           -0.220075
            0.502000	           59.494664	          209.761231	           24.517090	           -0.662377	            0.000000	           -0.375212	           -0.307509	           -1.140405	           -0.096458	           31.259132	          708.146242	           26.340988	           -1.188530	            0.000000	           -0.487529	           -0.257875	           -5.839269	           -0.217280
            0.503000	           55.493852	          216.409122	           25.813718	           -0.661639	            0.000000	           -0.375396	           -0.276098	           -1.154409	           -0.104105	           32.369456	          711.172119	           26.303354	           -1.188253	            0.000000	           -0.487364	           -0.263972	           -5.796010	           -0.214442
            0.504000	           50.838942	          222.345535	           26.995748	           -0.661003	            0.000000	           -0.375555	           -0.243626	           -1.164797	           -0.111937	           33.501969	          714.188476	           26.259598	           -1.187976	            0.000000	           -0.487206	           -0.270046	           -5.752414	           -0.211573
            0.505000	           45.573878	          227.598478	           28.051843	           -0.660445	            0.000000	           -0.375689	           -0.210440	           -1.171441	           -0.119639	           34.658692	          717.189832	           26.210705	           -1.187699	            0.000000	           -0.487058	           -0.276107	           -5.708437	           -0.208682
            0.506000	           39.751219	          232.216915	           28.973850	           -0.659938	            0.000000	           -0.375795	           -0.176880	           -1.174292	           -0.126928	           35.841647	          720.170328	           26.157635	           -1.187422	            0.000000	           -0.486922	           -0.282163	           -5.664027	           -0.205777
            0.507000	           33.431257	          236.269399	           29.757040	           -0.659450	            0.000000	           -0.375875	           -0.143278	           -1.173396	           -0.133571	           37.052788	          723.123790	           26.101311	           -1.187145	            0.000000	           -0.486795	           -0.288219	           -5.619128	           -0.202867
            0.508000	           26.681046	          239.842048	           30.400239	           -0.658957	            0.000000	           -0.375935	           -0.109957	           -1.168900	           -0.139379	           38.293920	          726.043790	           26.042608	           -1.186869	            0.000000	           -0.486673	           -0.294281	           -5.573676	           -0.199959
            0.509000	           19.573376	          243.035913	           30.905862	           -0.658448	            0.000000	           -0.375979	           -0.077222	           -1.161067	           -0.144217	           39.566624	          728.923725	           25.982342	           -1.186592	            0.000000	           -0.486550	           -0.300351	           -5.527601	           -0.197058
            0.510000	           12.185701	          245.963845	           31.279833	           -0.657920	            0.000000	           -0.376011	           -0.045360	           -1.150269	           -0.147998	           40.872181	          731.756886	           25.921265	           -1.186315	            0.000000	           -0.486425	           -0.306427	           -5.480831	           -0.194169
            0.511000	            4.599037	          248.746965	           31.531407	           -0.657376	            0.000000	           -0.376036	           -0.014634	           -1.136986	           -0.150681	           42.211508	          734.536542	           25.860056	           -1.186037	            0.000000	           -0.486294	           -0.312507	           -5.433284	           -0.191296
            0.512000	           -3.103158	          251.510868	           31.672886	           -0.656820	            0.000000	           -0.376057	            0.014718	           -1.121799	           -0.152266	           43.585089	          737.256011	           25.799321	           -1.185760	            0.000000	           -0.486158	           -0.318583	           -5.384879	           -0.188443
            0.513000	          -10.836124	          254.381707	           31.719243	           -0.656248	            0.000000	           -0.376077	            0.042493	           -1.105369	           -0.152791	           44.992939	          739.908743	           25.739582	           -1.185483	            0.000000	           -0.486021	           -0.324642	           -5.335533	           -0.185609
            0.514000	          -18.514950	          257.482291	           31.687661	           -0.655648	            0.000000	           -0.376100	            0.068522	           -1.088418	           -0.152317	           46.434562	          742.488391	           25.681281	           -1.185206	            0.000000	           -0.485887	           -0.330671	           -5.285163	           -0.182798
            0.515000	          -26.055742	          260.928339	           31.596995	           -0.654998	            0.000000	           -0.376129	            0.092673	           -1.071704	           -0.150930	           47.908939	          744.988881	           25.624768	           -1.184929	            0.000000	           -0.485758	           -0.336651	           -5.233691	           -0.180007
            0.516000	          -33.376815	          264.825031	           31.467173	           -0.654279	            0.000000	           -0.376163	            0.114857	           -1.055989	           -0.148724	           49.414530	          747.404477	           25.570303	           -1.184651	            0.000000	           -0.485637	           -0.342561	           -5.181047	           -0.177238
            0.517000	          -40.399892	          269.263964	           31.318545	           -0.653478	            0.000000	           -0.376203	            0.135025	           -1.042007	           -0.145800	           50.949288	          749.729841	           25.518053	           -1.184374	            0.000000	           -0.485526	           -0.348376	           -5.127169	           -0.174489
            0.518000	          -47.051327	          274.320617	           31.171200	           -0.652597	            0.000000	           -0.376246	            0.153168	           -1.030426	           -0.142255	           52.510696	          751.960082	           25.468082	           -1.184098	            0.000000	           -0.485426	           -0.354071	           -5.072009	           -0.171757
            0.519000	          -53.263335	          280.052423	           31.044261	           -0.651643	            0.000000	           -0.376286	            0.169315	           -1.021814	           -0.138178	           54.095817	          754.090799	           25.420356	           -1.183822	            0.000000	           -0.485336	           -0.359618	           -5.015534	           -0.169043
            0.520000	          -58.975218	          286.497474	           30.955177	           -0.650624	            0.000000	           -0.376319	            0.183531	           -1.016603	           -0.133646	           55.701356	          756.118111	           25.374738	           -1.183546	            0.000000	           -0.485256	           -0.364989	           -4.957730	           -0.166342
            0.521000	          -64.134580	          293.673923	           30.919033	           -0.649548	            0.000000	           -0.376341	            0.195907	           -1.015052	           -0.128721	           57.323729	          758.038680	           25.330992	           -1.183272	            0.000000	           -0.485182	           -0.370156	           -4.898599	           -0.163654
            0.522000	          -68.698490	          301.580075	           30.947893	           -0.648419	            0.000000	           -0.376348	            0.206558	           -1.017218	           -0.123445	           58.959151	          759.849718	           25.288780	           -1.183000	            0.000000	           -0.485110	           -0.375091	           -4.838165	           -0.160976
            0.523000	          -72.634586	          310.195154	           31.050185	           -0.647241	            0.000000	           -0.376337	            0.215608	           -1.022929	           -0.117847	           60.603712	          761.548990	           25.247672	           -1.182733	            0.000000	           -0.485037	           -0.379768	           -4.776470	           -0.158306
            0.524000	          -75.922075	          319.480702	           31.230169	           -0.646012	            0.000000	           -0.376305	            0.223185	           -1.031758	           -0.111939	           62.253466	          763.134793	           25.207152	           -1.182471	            0.000000	           -0.484961	           -0.384164	           -4.713577	           -0.155643
            0.525000	          -78.552595	          329.382570	           31.487479	           -0.644729	            0.000000	           -0.376246	            0.229406	           -1.043012	           -0.105724	           63.904514	          764.605938	           25.166625	           -1.182213	            0.000000	           -0.484881	           -0.388258	           -4.649566	           -0.152984
            0.526000	          -80.530913	          339.833387	           31.816774	           -0.643390	            0.000000	           -0.376160	            0.234370	           -1.055724	           -0.099197	           65.553079	          765.961716	           25.125434	           -1.181959	            0.000000	           -0.484797	           -0.392031	           -4.584535	           -0.150327
            0.527000	          -81.875413	          350.755449	           32.207511	           -0.641998	            0.000000	           -0.376048	            0.238139	           -1.068649	           -0.092352	           67.195579	          767.201849	           25.082868	           -1.181709	            0.000000	           -0.484710	           -0.395469	           -4.518595	           -0.147673
            0.528000	          -82.618333	          362.063901	           32.643855	           -0.640563	            0.000000	           -0.375910	            0.240734	           -1.080274	           -0.085189	           68.828686	          768.326442	           25.038184	           -1.181460	            0.000000	           -0.484623	           -0.398561	           -4.451871	           -0.145020
            0.529000	          -82.805751	          373.670097	           33.104734	           -0.639096	            0.000000	           -0.375749	            0.242117	           -1.088838	           -0.077719	           70.449380	          769.335925	           24.990620	           -1.181209	            0.000000	           -0.484540	           -0.401299	           -4.384494	           -0.142367
            0.530000	          -82.497254	          385.485026	           33.564066	           -0.637603	            0.000000	           -0.375566	            0.242190	           -1.092358	           -0.069970	           72.054984	          770.230987	           24.939409	           -1.180956	            0.000000	           -0.484461	           -0.403681	           -4.316606	           -0.139715
            0.531000	          -81.765308	          397.422677	           33.991156	           -0.636086	            0.000000	           -0.375355	            0.240780	           -1.088668	           -0.061993	           73.643196	          771.012513	           24.883803	           -1.180699	            0.000000	           -0.484386	           -0.405707	           -4.248351	           -0.137064
            0.532000	          -80.694295	          409.403218	           34.351271	           -0.634543	            0.000000	           -0.375113	            0.237644	           -1.075461	           -0.053865	           75.212105	          771.681516	           24.823079	           -1.180441	            0.000000	           -0.484317	           -0.407382	           -4.179874	           -0.134414
            0.533000	          -79.379232	          421.355874	           34.606405	           -0.632977	            0.000000	           -0.374836	            0.232459	           -1.050355	           -0.045694	           76.760196	          772.239069	           24.756558	           -1.180182	            0.000000	           -0.484256	           -0.408713	           -4.111320	           -0.131766
            0.534000	          -77.924159	          433.221402	           34.716223	           -0.631396	            0.000000	           -0.374524	            0.224835	           -1.010948	           -0.037616	           78.286348	          772.686243	           24.683613	           -1.179923	            0.000000	           -0.484203	           -0.409712	           -4.042831	           -0.129122
            0.535000	          -76.440235	          444.954058	           34.639172	           -0.629812	            0.000000	           -0.374178	            0.214316	           -0.954900	           -0.029800	           79.789818	          773.024052	           24.603677	           -1.179664	            0.000000	           -0.484158	           -0.410392	           -3.974542	           -0.126484
            0.536000	          -75.043545	          456.522974	           34.333761	           -0.628234	            0.000000	           -0.373801	            0.200397	           -0.880013	           -0.022439	           81.270220	          773.253395	           24.516248	           -1.179404	            0.000000	           -0.484118	           -0.410771	           -3.906584	           -0.123853
            0.537000	          -73.852659	          467.912889	           33.759971	           -0.626672	            0.000000	           -0.373400	            0.182541	           -0.784313	           -0.015748	           82.727498	          773.375019	           24.420892	           -1.179143	            0.000000	           -0.484079	           -0.410866	           -3.839078	           -0.121232
            0.538000	          -72.985985	          479.124193	           32.880761	           -0.625130	            0.000000	           -0.372983	            0.160201	           -0.666147	           -0.009959	           84.161893	          773.389488	           24.317246	           -1.178884	            0.000000	           -0.484040	           -0.410701	           -3.772139	           -0.118622
            0.539000	          -72.558958	          490.172260	           31.663651	           -0.623612	            0.000000	           -0.372552	            0.132847	           -0.524270	           -0.005308	           85.573901	          773.297158	           24.205014	           -1.178628	            0.000000	           -0.483996	           -0.410295	           -3.705869	           -0.116026
            0.540000	          -72.681126	          501.086100	           30.082296	           -0.622107	            0.000000	           -0.372109	            0.099992	           -0.357933	           -0.002029	           86.964235	          773.098169	           24.083969	           -1.178376	            0.000000	           -0.483945	           -0.409674	           -3.640367	           -0.113447
            0.541000	          -73.453198	          511.906361	           28.118033	           -0.620601	            0.000000	           -0.371653	            0.061233	           -0.166969	           -0.000338	           88.333784	          772.792446	           23.953948	           -1.178127	            0.000000	           -0.483888	           -0.408862	           -3.575718	           -0.110887
            0.542000	          -74.964117	          522.682767	           25.761288	           -0.619072	            0.000000	           -0.371180	            0.016274	            0.048142	           -0.000427	           89.683573	          772.379711	           23.814852	           -1.177883	            0.000000	           -0.483828	           -0.407885	           -3.512001	           -0.108348
            0.543000	          -77.288249	          533.471093	           23.012818	           -0.617499	            0.000000	           -0.370687	           -0.035034	            0.286210	           -0.002446	           91.014722	          771.859497	           23.666644	           -1.177639	            0.000000	           -0.483769	           -0.406766	           -3.449288	           -0.105833
            0.544000	          -80.482769	          544.329818	           19.884669	           -0.615859	            0.000000	           -0.370170	           -0.092669	            0.545305	           -0.006495	           92.328415	          771.231170	           23.509345	           -1.177396	            0.000000	           -0.483716	           -0.405533	           -3.387643	           -0.103345
            0.545000	          -84.585330	          555.316595	           16.400812	           -0.614119	            0.000000	           -0.369619	           -0.156409	            0.822741	           -0.012616	           93.625867	          770.493946	           23.343036	           -1.177152	            0.000000	           -0.483671	           -0.404211	           -3.327123	           -0.100884
            0.546000	          -89.612122	          566.484723	           12.597371	           -0.612241	            0.000000	           -0.369029	           -0.225812	            1.115093	           -0.020777	           94.908303	          769.646919	           23.167851	           -1.176905	            0.000000	           -0.483633	           -0.402823	           -3.267782	           -0.098455
            0.547000	          -95.556400	          577.879781	            8.522396	           -0.610191	            0.000000	           -0.368398	           -0.300210	            1.418246	           -0.030875	           96.176937	          768.689063	           22.983984	           -1.176656	            0.000000	           -0.483600	           -0.401395	           -3.209665	           -0.096059
            0.548000	         -102.387585	          589.536596	            4.235137	           -0.607954	            0.000000	           -0.367730	           -0.378700	            1.727468	           -0.042728	           97.432960	          767.619244	           22.791679	           -1.176407	            0.000000	           -0.483571	           -0.399948	           -3.152814	           -0.093698
            0.549000	         -110.051002	          601.476692	           -0.195187	           -0.605542	            0.000000	           -0.367039	           -0.460162	            2.037521	           -0.056076	           98.677531	          766.436216	           22.591231	           -1.176157	            0.000000	           -0.483544	           -0.398505	           -3.097264	           -0.091374
            0.550000	         -118.468339	          613.706350	           -4.691126	           -0.602994	            0.000000	           -0.366345	           -0.543268	            2.342796	           -0.070591	           99.911776	          765.138609	           22.382981	           -1.175906	            0.000000	           -0.483519	           -0.397084	           -3.043040	           -0.089090
            0.551000	         -127.538859	          626.215358	           -9.169200	           -0.600356	            0.000000	           -0.365663	           -0.626522	            2.637479	           -0.085878	          101.136783	          763.724911	           22.167311	           -1.175654	            0.000000	           -0.483493	           -0.395703	           -2.990160	           -0.086847
            0.552000	         -137.141379	          638.976529	          -13.542499	           -0.597674	            0.000000	           -0.365007	           -0.708299	            2.915726	           -0.101496	          102.353606	          762.193437	           21.944638	           -1.175400	            0.000000	           -0.483467	           -0.394377	           -2.938630	           -0.084648
            0.553000	         -147.137008	          651.945972	          -17.723588	           -0.594995	            0.000000	           -0.364385	           -0.786894	            3.171858	           -0.116968	          103.563262	          760.542307	           21.715401	           -1.175144	            0.000000	           -0.483441	           -0.393117	           -2.888442	           -0.082492
            0.554000	         -157.372596	          665.064121	          -21.627592	           -0.592368	            0.000000	           -0.363805	           -0.860580	            3.400557	           -0.131806	          104.766732	          758.769410	           21.480052	           -1.174886	            0.000000	           -0.483416	           -0.391932	           -2.839574	           -0.080382
            0.555000	         -167.684795	          678.257438	          -25.175341	           -0.589841	            0.000000	           -0.363275	           -0.927675	            3.597058	           -0.145524	          105.964954	          756.872377	           21.239044	           -1.174626	            0.000000	           -0.483395	           -0.390826	           -2.791984	           -0.078318
            0.556000	         -177.904615	          691.440702	          -28.296407	           -0.587452	            0.000000	           -0.362800	           -0.986605	            3.757327	           -0.157667	          107.158817	          754.848560	           20.992817	           -1.174361	            0.000000	           -0.483376	           -0.389799	           -2.745613	           -0.076301
            0.557000	         -187.862318	          704.519780	          -30.931896	           -0.585232	            0.000000	           -0.362379	           -1.035965	            3.878214	           -0.167828	          108.349145	          752.695016	           20.741781	           -1.174093	            0.000000	           -0.483363	           -0.388846	           -2.700380	           -0.074330
            0.558000	         -197.392479	          717.394722	          -33.036844	           -0.583198	            0.000000	           -0.362008	           -1.074585	            3.957581	           -0.175667	          109.536678	          750.408507	           20.486304	           -1.173823	            0.000000	           -0.483352	           -0.387960	           -2.656186	           -0.072405
            0.559000	         -206.339003	          729.963056	          -34.582102	           -0.581358	            0.000000	           -0.361678	           -1.101576	            3.994393	           -0.180928	          110.722048	          747.985511	           20.226698	           -1.173554	            0.000000	           -0.483345	           -0.387128	           -2.612914	           -0.070523
            0.560000	         -214.559901	          742.123126	          -35.555585	           -0.579716	            0.000000	           -0.361382	           -1.116373	            3.988765	           -0.183448	          111.905751	          745.422250	           19.963205	           -1.173287	            0.000000	           -0.483339	           -0.386332	           -2.570430	           -0.068684
            0.561000	         -221.931636	          753.777335	          -35.962835	           -0.578275	            0.000000	           -0.361114	           -1.118766	            3.941972	           -0.183169	          113.088107	          742.714732	           19.695984	           -1.173025	            0.000000	           -0.483333	           -0.385554	           -2.528589	           -0.066885
            0.562000	         -228.352848	          764.835163	          -35.826845	           -0.577036	            0.000000	           -0.360874	           -1.108910	            3.856406	           -0.180134	          114.269231	          739.858810	           19.425111	           -1.172769	            0.000000	           -0.483323	           -0.384770	           -2.487239	           -0.065123
            0.563000	         -233.747299	          775.215863	          -35.187158	           -0.575996	            0.000000	           -0.360659	           -1.087324	            3.735501	           -0.174488	          115.448987	          736.850252	           19.150564	           -1.172521	            0.000000	           -0.483312	           -0.383955	           -2.446225	           -0.063395
            0.564000	         -238.065938	          784.850719	          -34.098272	           -0.575145	            0.000000	           -0.360469	           -1.054871	            3.583606	           -0.166468	          116.626960	          733.684826	           18.872234	           -1.172280	            0.000000	           -0.483301	           -0.383085	           -2.405398	           -0.061697
            0.565000	         -241.287975	          793.684831	          -32.627431	           -0.574466	            0.000000	           -0.360305	           -1.012730	            3.405833	           -0.156389	          117.802415	          730.358381	           18.589918	           -1.172043	            0.000000	           -0.483294	           -0.382133	           -2.364619	           -0.060026
            0.566000	         -243.420961	          801.678369	          -30.851911	           -0.573935	            0.000000	           -0.360164	           -0.962342	            3.207868	           -0.144633	          118.974276	          726.866944	           18.303332	           -1.171811	            0.000000	           -0.483292	           -0.381077	           -2.323767	           -0.058379
            0.567000	         -244.499862	          808.807283	          -28.855935	           -0.573525	            0.000000	           -0.360046	           -0.905360	            2.995770	           -0.131624	          120.141101	          723.206795	           18.012124	           -1.171581	            0.000000	           -0.483297	           -0.379895	           -2.282743	           -0.056752
            0.568000	         -244.585192	          815.063483	          -26.727360	           -0.573212	            0.000000	           -0.359951	           -0.843575	            2.775749	           -0.117814	          121.301082	          719.374554	           17.715884	           -1.171352	            0.000000	           -0.483310	           -0.378569	           -2.241478	           -0.055141
            0.569000	         -243.760299	          820.454515	          -24.554302	           -0.572973	            0.000000	           -0.359880	           -0.778853	            2.553948	           -0.103659	          122.452040	          715.367232	           17.414168	           -1.171126	            0.000000	           -0.483330	           -0.377086	           -2.199930	           -0.053545
            0.570000	         -242.127932	          825.002778	          -22.421856	           -0.572786	            0.000000	           -0.359830	           -0.713055	            2.336231	           -0.089605	          123.591448	          711.182280	           17.106514	           -1.170903	            0.000000	           -0.483358	           -0.375435	           -2.158094	           -0.051960
            0.571000	         -239.806253	          828.744354	          -20.409058	           -0.572630	            0.000000	           -0.359801	           -0.647975	            2.127983	           -0.076063	          124.716461	          706.817613	           16.792471	           -1.170685	            0.000000	           -0.483391	           -0.373616	           -2.116000	           -0.050384
            0.572000	         -236.924463	          831.727505	          -18.586218	           -0.572485	            0.000000	           -0.359786	           -0.585269	            1.933938	           -0.063403	          125.823957	          702.271605	           16.471615	           -1.170472	            0.000000	           -0.483425	           -0.371631	           -2.073710	           -0.048816
            0.573000	         -233.618228	          834.010936	          -17.012744	           -0.572334	            0.000000	           -0.359782	           -0.526403	            1.758037	           -0.051936	          126.910594	          697.543066	           16.143578	           -1.170261	            0.000000	           -0.483458	           -0.369490	           -2.031318	           -0.047255
            0.574000	         -230.025101	          835.661886	          -15.735521	           -0.572166	            0.000000	           -0.359786	           -0.472605	            1.603323	           -0.041906	          127.972878	          692.631197	           15.808066	           -1.170052	            0.000000	           -0.483487	           -0.367209	           -1.988950	           -0.045699
            0.575000	         -226.280111	          836.754132	          -14.787915	           -0.571979	            0.000000	           -0.359796	           -0.424832	            1.471875	           -0.033489	          129.007230	          687.535517	           15.464879	           -1.169843	            0.000000	           -0.483516	           -0.364811	           -1.946753	           -0.044149
            0.576000	         -222.511675	          837.365979	          -14.189392	           -0.571772	            0.000000	           -0.359811	           -0.383753	            1.364786	           -0.026786	          130.010063	          682.255778	           15.113928	           -1.169630	            0.000000	           -0.483548	           -0.362322	           -1.904896	           -0.042604
            0.577000	         -218.837996	          837.578298	          -13.945764	           -0.571542	            0.000000	           -0.359831	           -0.349739	            1.282181	           -0.021828	          130.977856	          676.791858	           14.755242	           -1.169414	            0.000000	           -0.483589	           -0.359778	           -1.863560	           -0.041066
            0.578000	         -215.364029	          837.472667	          -14.049996	           -0.571286	            0.000000	           -0.359852	           -0.322871	            1.223272	           -0.018581	          131.907217	          671.143646	           14.388982	           -1.169193	            0.000000	           -0.483640	           -0.357216	           -1.822934	           -0.039535
            0.579000	         -212.179126	          837.129661	          -14.483512	           -0.571000	            0.000000	           -0.359872	           -0.302959	            1.186455	           -0.016950	          132.794942	          665.310923	           14.015437	           -1.168968	            0.000000	           -0.483703	           -0.354678	           -1.783208	           -0.038011
            0.580000	         -209.355387	          836.627323	          -15.217907	           -0.570682	            0.000000	           -0.359889	           -0.289572	            1.169430	           -0.016787	          133.638057	          659.293234	           13.635025	           -1.168739	            0.000000	           -0.483777	           -0.352208	           -1.744563	           -0.036498
            0.581000	         -206.946743	          836.039842	          -16.216958	           -0.570335	            0.000000	           -0.359901	           -0.282076	            1.169347	           -0.017909	          134.433841	          653.089776	           13.248282	           -1.168506	            0.000000	           -0.483858	           -0.349851	           -1.707170	           -0.034997
            0.582000	         -204.988757	          835.436447	          -17.438823	           -0.569968	            0.000000	           -0.359912	           -0.279676	            1.182966	           -0.020099	          135.179830	          646.699289	           12.855855	           -1.168272	            0.000000	           -0.483942	           -0.347653	           -1.671179	           -0.033511
            0.583000	         -203.499087	          834.880519	          -18.838309	           -0.569587	            0.000000	           -0.359921	           -0.281463	            1.206824	           -0.023123	          135.873800	          640.119978	           12.458484	           -1.168041	            0.000000	           -0.484026	           -0.345658	           -1.636714	           -0.032042
            0.584000	         -202.478549	          834.428926	          -20.369094	           -0.569200	            0.000000	           -0.359930	           -0.286467	            1.237400	           -0.026743	          136.513734	          633.349450	           12.056987	           -1.167812	            0.000000	           -0.484108	           -0.343908	           -1.603870	           -0.030594
            0.585000	         -201.912691	          834.131567	          -21.985812	           -0.568809	            0.000000	           -0.359937	           -0.293701	            1.271273	           -0.030723	          137.097758	          626.384692	           11.652237	           -1.167585	            0.000000	           -0.484188	           -0.342438	           -1.572710	           -0.029170
            0.586000	         -201.773771	          834.031100	          -23.645902	           -0.568419	            0.000000	           -0.359941	           -0.302206	            1.305264	           -0.034841	          137.624077	          619.222080	           11.245152	           -1.167360	            0.000000	           -0.484270	           -0.341278	           -1.543260	           -0.027774
            0.587000	         -202.023014	          834.162862	          -25.311159	           -0.568038	            0.000000	           -0.359942	           -0.311091	            1.336556	           -0.038897	          138.090881	          611.857431	           10.836665	           -1.167137	            0.000000	           -0.484356	           -0.340453	           -1.515508	           -0.026413
            0.588000	         -202.613058	          834.554928	          -26.948936	           -0.567671	            0.000000	           -0.359937	           -0.319567	            1.362789	           -0.042721	          138.496256	          604.286091	           10.427722	           -1.166915	            0.000000	           -0.484452	           -0.339975	           -1.489405	           -0.025091
            0.589000	         -203.490449	          835.228320	          -28.532964	           -0.567321	            0.000000	           -0.359925	           -0.326969	            1.382129	           -0.046175	          138.838086	          596.503062	           10.019262	           -1.166695	            0.000000	           -0.484566	           -0.339850	           -1.464868	           -0.023813
            0.590000	         -204.598092	          836.197321	          -30.043789	           -0.566984	            0.000000	           -0.359906	           -0.332777	            1.393303	           -0.049158	          139.113958	          588.503161	            9.612213	           -1.166475	            0.000000	           -0.484703	           -0.340072	           -1.441778	           -0.022588
            0.591000	         -205.877565	          837.469891	          -31.468837	           -0.566659	            0.000000	           -0.359881	           -0.336623	            1.395612	           -0.051603	          139.321074	          580.281210	            9.207490	           -1.166257	            0.000000	           -0.484866	           -0.340621	           -1.419988	           -0.021421
            0.592000	         -207.271218	          839.048143	          -32.802123	           -0.566346	            0.000000	           -0.359850	           -0.338294	            1.388914	           -0.053482	          139.456176	          571.832245	            8.806000	           -1.166041	            0.000000	           -0.485052	           -0.341470	           -1.399324	           -0.020319
            0.593000	         -208.723991	          840.928893	          -34.043676	           -0.566051	            0.000000	           -0.359816	           -0.337722	            1.373575	           -0.054800	          139.515492	          563.151732	            8.408653	           -1.165827	            0.000000	           -0.485258	           -0.342574	           -1.379590	           -0.019291
            0.594000	         -210.184916	          843.104229	          -35.198700	           -0.565777	            0.000000	           -0.359780	           -0.334975	            1.350413	           -0.055592	          139.494695	          554.235800	            8.016373	           -1.165617	            0.000000	           -0.485477	           -0.343879	           -1.360575	           -0.018344
            0.595000	         -211.608281	          845.562113	          -36.276566	           -0.565526	            0.000000	           -0.359742	           -0.330239	            1.320615	           -0.055917	          139.388896	          545.081461	            7.630119	           -1.165409	            0.000000	           -0.485709	           -0.345317	           -1.342055	           -0.017483
            0.596000	         -212.954444	          848.286986	          -37.289681	           -0.565294	            0.000000	           -0.359703	           -0.323791	            1.285648	           -0.055853	          139.192654	          535.686820	            7.250903	           -1.165202	            0.000000	           -0.485953	           -0.346809	           -1.323797	           -0.016715
            0.597000	         -214.190323	          851.260376	          -38.252306	           -0.565075	            0.000000	           -0.359662	           -0.315983	            1.247163	           -0.055492	          138.900022	          526.051272	            6.879810	           -1.164993	            0.000000	           -0.486212	           -0.348263	           -1.305567	           -0.016045
            0.598000	         -215.289573	          854.461482	          -39.179390	           -0.564863	            0.000000	           -0.359618	           -0.307210	            1.206896	           -0.054935	          138.504615	          516.175670	            6.518016	           -1.164779	            0.000000	           -0.486492	           -0.349578	           -1.287130	           -0.015475
            0.599000	         -216.232489	          857.867744	          -40.085479	           -0.564656	            0.000000	           -0.359570	           -0.297885	            1.166574	           -0.054280	          137.999703	          506.062468	            6.166798	           -1.164559	            0.000000	           -0.486797	           -0.350642	           -1.268253	           -0.015006
            0.600000	         -217.005689	          861.455383	          -40.983737	           -0.564456	            0.000000	           -0.359517	           -0.288420	            1.127833	           -0.053624	          137.378330	          495.715838	            5.827548	           -1.164332	            0.000000	           -0.487128	           -0.351336	           -1.248710	           -0.014635
            0.601000	         -217.601612	          865.199905	          -41.885133	           -0.564265	            0.000000	           -0.359461	           -0.279200	            1.092137	           -0.053054	          136.633452	          485.141749	            5.501763	           -1.164099	            0.000000	           -0.487485	           -0.351536	           -1.228281	           -0.014358
            0.602000	         -218.017885	          869.076572	          -42.797814	           -0.564083	            0.000000	           -0.359402	           -0.270565	            1.060724	           -0.052644	          135.758082	          474.348015	            5.191044	           -1.163860	            0.000000	           -0.487868	           -0.351114	           -1.206752	           -0.014164
            0.603000	         -218.256608	          873.060823	          -43.726675	           -0.563911	            0.000000	           -0.359345	           -0.262799	            1.034559	           -0.052451	          134.745458	          463.344322	            4.897076	           -1.163612	            0.000000	           -0.488276	           -0.349942	           -1.183923	           -0.014040
            0.604000	         -218.323602	          877.128670	          -44.673142	           -0.563746	            0.000000	           -0.359292	           -0.256120	            1.014308	           -0.052516	          133.589195	          452.142219	            4.621602	           -1.163355	            0.000000	           -0.488712	           -0.347894	           -1.159603	           -0.013970
            0.605000	         -218.227648	          881.257026	          -45.635158	           -0.563589	            0.000000	           -0.359245	           -0.250672	            1.000325	           -0.052859	          132.283451	          440.755088	            4.366393	           -1.163084	            0.000000	           -0.489177	           -0.344853	           -1.133615	           -0.013933
            0.606000	         -217.979769	          885.424011	          -46.607343	           -0.563438	            0.000000	           -0.359207	           -0.246525	            0.992663	           -0.053484	          130.823071	          429.198092	            4.133211	           -1.162794	            0.000000	           -0.489676	           -0.340709	           -1.105799	           -0.013901
            0.607000	         -217.592556	          889.609196	          -47.581329	           -0.563296	            0.000000	           -0.359178	           -0.243681	            0.991089	           -0.054374	          129.203723	          417.488108	            3.923767	           -1.162481	            0.000000	           -0.490210	           -0.335373	           -1.076018	           -0.013849
            0.608000	         -217.079575	          893.793802	          -48.546218	           -0.563161	            0.000000	           -0.359158	           -0.242074	            0.995124	           -0.055501	          127.422016	          405.643645	            3.739681	           -1.162143	            0.000000	           -0.490779	           -0.328775	           -1.044159	           -0.013744
            0.609000	         -216.454853	          897.960859	          -49.489138	           -0.563035	            0.000000	           -0.359145	           -0.241588	            1.004080	           -0.056820	          125.475593	          393.684750	            3.582434	           -1.161779	            0.000000	           -0.491384	           -0.320870	           -1.010145	           -0.013555
            0.610000	         -215.732452	          902.095307	          -50.395868	           -0.562916	            0.000000	           -0.359139	           -0.242060	            1.017111	           -0.058278	          123.363207	          381.632910	            3.453336	           -1.161387	            0.000000	           -0.492032	           -0.311648	           -0.973939	           -0.013249
            0.611000	         -214.926126	          906.184057	          -51.251484	           -0.562806	            0.000000	           -0.359138	           -0.243295	            1.033268	           -0.059816	          121.084771	          369.510938	            3.353483	           -1.160964	            0.000000	           -0.492729	           -0.301133	           -0.935556	           -0.012797
            0.612000	         -214.049051	          910.215994	          -52.040995	           -0.562704	            0.000000	           -0.359142	           -0.245083	            1.051550	           -0.061371	          118.641392	          357.342861	            3.283728	           -1.160508	            0.000000	           -0.493478	           -0.289391	           -0.895069	           -0.012171
            0.613000	         -213.113633	          914.181941	          -52.749949	           -0.562611	            0.000000	           -0.359150	           -0.247204	            1.070959	           -0.062880	          116.035388	          345.153792	            3.244654	           -1.160016	            0.000000	           -0.494283	           -0.276534	           -0.852621	           -0.011351
            0.614000	         -212.131365	          918.074577	          -53.364972	           -0.562528	            0.000000	           -0.359164	           -0.249446	            1.090543	           -0.064282	          113.270292	          332.969796	            3.236550	           -1.159484	            0.000000	           -0.495149	           -0.262719	           -0.808433	           -0.010324
            0.615000	         -211.112726	          921.888306	          -53.874221	           -0.562456	            0.000000	           -0.359184	           -0.251612	            1.109438	           -0.065525	          110.350851	          320.817736	            3.259399	           -1.158914	            0.000000	           -0.496082	           -0.248151	           -0.762812	           -0.009088
            0.616000	         -210.067120	          925.619095	          -54.267744	           -0.562394	            0.000000	           -0.359210	           -0.253527	            1.126901	           -0.066561	          107.283015	          308.725106	            3.312864	           -1.158306	            0.000000	           -0.497087	           -0.233085	           -0.716153	           -0.007652
            0.617000	         -209.002826	          929.264268	          -54.537736	           -0.562339	            0.000000	           -0.359240	           -0.255050	            1.142332	           -0.067354	          104.073933	          296.719835	            3.396287	           -1.157663	            0.000000	           -0.498165	           -0.217815	           -0.668949	           -0.006041
            0.618000	         -207.926975	          932.822285	          -54.678687	           -0.562287	            0.000000	           -0.359275	           -0.256069	            1.155288	           -0.067876	          100.731940	          284.830062	            3.508683	           -1.156984	            0.000000	           -0.499319	           -0.202678	           -0.621784	           -0.004293
            0.619000	         -206.845521	          936.292484	          -54.687435	           -0.562232	            0.000000	           -0.359314	           -0.256514	            1.165489	           -0.068112	           97.266555	          273.083885	            3.648751	           -1.156267	            0.000000	           -0.500553	           -0.188039	           -0.575334	           -0.002468
            0.620000	         -205.763217	          939.674821	          -54.563116	           -0.562172	            0.000000	           -0.359358	           -0.256345	            1.172817	           -0.068056	           93.688469	          261.509065	            3.814873	           -1.155505	            0.000000	           -0.501872	           -0.174283	           -0.530358	           -0.000639
            0.621000	         -204.683601	          942.969600	          -54.307047	           -0.562106	            0.000000	           -0.359406	           -0.255559	            1.177298	           -0.067711	           90.009534	          250.132698	            4.005138	           -1.154690	            0.000000	           -0.503286	           -0.161807	           -0.487686	            0.001102
            0.622000	         -203.608974	          946.177208	          -53.922539	           -0.562034	            0.000000	           -0.359457	           -0.254184	            1.179095	           -0.067092	           86.242738	          238.980857	            4.217345	           -1.153815	            0.000000	           -0.504807	           -0.151000	           -0.448205	            0.002647
            0.623000	         -202.540388	          949.297860	          -53.414662	           -0.561957	            0.000000	           -0.359510	           -0.252272	            1.178479	           -0.066219	           82.402167	          228.078193	            4.449036	           -1.152875	            0.000000	           -0.506454	           -0.142230	           -0.412838	            0.003871
            0.624000	         -201.477648	          952.331370	          -52.789980	           -0.561877	            0.000000	           -0.359563	           -0.249895	            1.175809	           -0.065117	           78.502943	          217.447522	            4.697512	           -1.151867	            0.000000	           -0.508254	           -0.135825	           -0.382519	            0.004641
            0.625000	         -200.419327	          955.276945	          -52.056274	           -0.561792	            0.000000	           -0.359618	           -0.247142	            1.171504	           -0.063817	           74.561138	          207.109402	            4.959863	           -1.150788	            0.000000	           -0.510231	           -0.132057	           -0.358168	            0.004814
            0.626000	         -199.362796	          958.133022	          -51.222262	           -0.561703	            0.000000	           -0.359674	           -0.244108	            1.166018	           -0.062353	           70.593650	          197.081713	            5.232999	           -1.149638	            0.000000	           -0.512397	           -0.131125	           -0.340661	            0.004244
            0.627000	         -198.304299	          960.897137	          -50.297333	           -0.561610	            0.000000	           -0.359733	           -0.240893	            1.159813	           -0.060760	           66.618049	          187.379256	            5.513680	           -1.148415	            0.000000	           -0.514760	           -0.133133	           -0.330798	            0.002787
            0.628000	         -197.239040	          963.565851	          -49.291305	           -0.561512	            0.000000	           -0.359794	           -0.237592	            1.153340	           -0.059070	           62.652384	          178.013399	            5.798548	           -1.147126	            0.000000	           -0.517319	           -0.138080	           -0.329270	            0.000310
            0.629000	         -196.161318	          966.134706	          -48.214208	           -0.561408	            0.000000	           -0.359858	           -0.234296	            1.147017	           -0.057316	           58.714960	          168.991784	            6.084159	           -1.145778	            0.000000	           -0.520068	           -0.145847	           -0.336628	           -0.003307
            0.630000	         -195.064696	          968.598246	          -47.076107	           -0.561300	            0.000000	           -0.359926	           -0.231084	            1.141215	           -0.055529	           54.824084	          160.318113	            6.367010	           -1.144380	            0.000000	           -0.522999	           -0.156182	           -0.353252	           -0.008161
            0.631000	         -193.942198	          970.950072	          -45.886957	           -0.561187	            0.000000	           -0.359996	           -0.228022	            1.136246	           -0.053735	           50.997790	          151.992033	            6.643566	           -1.142941	            0.000000	           -0.526105	           -0.168702	           -0.379326	           -0.014317
            0.632000	         -192.786544	          973.182939	          -44.656489	           -0.561073	            0.000000	           -0.360068	           -0.225161	            1.132355	           -0.051955	           47.253548	          144.009136	            6.910281	           -1.141465	            0.000000	           -0.529388	           -0.182887	           -0.414812	           -0.021807
            0.633000	         -191.590408	          975.288899	          -43.394136	           -0.560959	            0.000000	           -0.360141	           -0.222539	            1.129721	           -0.050210	           43.607970	          136.361082	            7.163614	           -1.139955	            0.000000	           -0.532856	           -0.198092	           -0.459434	           -0.030618
            0.634000	         -190.346694	          977.259463	          -42.108974	           -0.560848	            0.000000	           -0.360213	           -0.220177	            1.128457	           -0.048514	           40.076528	          129.035844	            7.400048	           -1.138410	            0.000000	           -0.536528	           -0.213552	           -0.512667	           -0.040689
            0.635000	         -189.048818	          979.085792	          -40.809695	           -0.560739	            0.000000	           -0.360284	           -0.218083	            1.128613	           -0.046878	           36.673285	          122.018083	            7.616100	           -1.136822	            0.000000	           -0.540438	           -0.228404	           -0.573731	           -0.051907
            0.636000	         -187.690986	          980.758904	          -39.504586	           -0.560629	            0.000000	           -0.360353	           -0.216252	            1.130183	           -0.045309	           33.410656	          115.289641	            7.808337	           -1.135181	            0.000000	           -0.544629	           -0.241711	           -0.641598	           -0.064108
            0.637000	         -186.268460	          982.269883	          -38.201525	           -0.560517	            0.000000	           -0.360419	           -0.214670	            1.133121	           -0.043813	           30.299216	          108.830143	            7.973395	           -1.133478	            0.000000	           -0.549147	           -0.252492	           -0.715004	           -0.077073
            0.638000	         -184.777799	          983.610085	          -36.907968	           -0.560401	            0.000000	           -0.360480	           -0.213316	            1.137342	           -0.042390	           27.347549	          102.617687	            8.107999	           -1.131715	            0.000000	           -0.554031	           -0.259757	           -0.792465	           -0.090532
            0.639000	         -183.217050	          984.771339	          -35.630947	           -0.560284	            0.000000	           -0.360536	           -0.212162	            1.142740	           -0.041043	           24.562162	           96.629600	            8.208997	           -1.129898	            0.000000	           -0.559332	           -0.262546	           -0.872312	           -0.104169
            0.640000	         -181.585911	          985.746125	          -34.377057	           -0.560169	            0.000000	           -0.360584	           -0.211181	            1.149194	           -0.039770	           21.947456	           90.843238	            8.273405	           -1.128029	            0.000000	           -0.565140	           -0.259978	           -0.952725	           -0.117632
            0.641000	         -179.885819	          986.527730	          -33.152432	           -0.560059	            0.000000	           -0.360626	           -0.210342	            1.156579	           -0.038569	           19.505756	           85.236804	            8.298458	           -1.126104	            0.000000	           -0.571594	           -0.251286	           -1.031772	           -0.130539
            0.642000	         -178.119988	          987.110377	          -31.962720	           -0.559954	            0.000000	           -0.360663	           -0.209619	            1.164773	           -0.037438	           17.237413	           79.790140	            8.281685	           -1.124099	            0.000000	           -0.578877	           -0.235871	           -1.107463	           -0.142493
            0.643000	         -176.293381	          987.489323	          -30.813051	           -0.559851	            0.000000	           -0.360695	           -0.208985	            1.173659	           -0.036376	           15.140952	           74.485483	            8.220985	           -1.121979	            0.000000	           -0.587186	           -0.213338	           -1.177798	           -0.153097
            0.644000	         -174.412616	          987.660923	          -29.707995	           -0.559747	            0.000000	           -0.360723	           -0.208421	            1.183134	           -0.035380	           13.213271	           69.308130	            8.114724	           -1.119699	            0.000000	           -0.596691	           -0.183540	           -1.240827	           -0.161968
            0.645000	         -172.485812	          987.622662	          -28.651523	           -0.559637	            0.000000	           -0.360748	           -0.207910	            1.193102	           -0.034448	           11.449870	           64.247010	            7.961837	           -1.117206	            0.000000	           -0.607517	           -0.146603	           -1.294701	           -0.168757
            0.646000	         -170.522382	          987.373155	          -27.646970	           -0.559520	            0.000000	           -0.360769	           -0.207439	            1.203478	           -0.033580	            9.845107	           59.295111	            7.761927	           -1.114439	            0.000000	           -0.619764	           -0.102951	           -1.337737	           -0.173163
            0.647000	         -168.532771	          986.912120	          -26.697005	           -0.559394	            0.000000	           -0.360787	           -0.207000	            1.214184	           -0.032773	            8.392454	           54.449761	            7.515368	           -1.111336	            0.000000	           -0.633526	           -0.053321	           -1.368466	           -0.174953
            0.648000	         -166.528168	          986.240321	          -25.803609	           -0.559260	            0.000000	           -0.360799	           -0.206586	            1.225142	           -0.032027	            7.084739	           49.712729	            7.223395	           -1.107833	            0.000000	           -0.648870	            0.001247	           -1.385690	           -0.173977
            0.649000	         -164.520185	          985.359488	          -24.968069	           -0.559118	            0.000000	           -0.360805	           -0.206193	            1.236273	           -0.031341	            5.914376	           45.090144	            6.888168	           -1.103869	            0.000000	           -0.665785	            0.059421	           -1.388528	           -0.170176
            0.650000	         -162.520523	          984.272227	          -24.190987	           -0.558967	            0.000000	           -0.360804	           -0.205817	            1.247491	           -0.030713	            4.873544	           40.592232	            6.512822	           -1.099394	            0.000000	           -0.684119	            0.119611	           -1.376456	           -0.163599
            0.651000	         -160.540638	          982.981904	          -23.472306	           -0.558804	            0.000000	           -0.360798	           -0.205456	            1.258697	           -0.030141	            3.954344	           36.232853	            6.101467	           -1.094369	            0.000000	           -0.703562	            0.180021	           -1.349339	           -0.154400
            0.652000	         -158.591420	          981.492530	          -22.811357	           -0.558625	            0.000000	           -0.360787	           -0.205103	            1.269775	           -0.029624	            3.148897	           32.028877	            5.659159	           -1.088775	            0.000000	           -0.723704	            0.238717	           -1.307449	           -0.142842
            0.653000	         -156.682893	          979.808640	          -22.206920	           -0.558426	            0.000000	           -0.360771	           -0.204751	            1.280595	           -0.029158	            2.449415	           27.999396	            5.191822	           -1.082608	            0.000000	           -0.744149	            0.293703	           -1.251473	           -0.129287
            0.654000	         -154.823950	          977.935172	          -21.657298	           -0.558208	            0.000000	           -0.360752	           -0.204390	            1.291006	           -0.028741	            1.848230	           24.164814	            4.706119	           -1.075871	            0.000000	           -0.764617	            0.343017	           -1.182503	           -0.114182
            0.655000	         -153.022126	          975.877356	          -21.160406	           -0.557975	            0.000000	           -0.360726	           -0.204007	            1.300839	           -0.028369	            1.337798	           20.545853	            4.209290	           -1.068549	            0.000000	           -0.785013	            0.384836	           -1.102006	           -0.098040
            0.656000	         -151.283424	          973.640614	          -20.713871	           -0.557734	            0.000000	           -0.360694	           -0.203585	            1.309912	           -0.028037	            0.910698	           17.162513	            3.708940	           -1.068549	            0.000000	           -0.785013	            0.417575	           -1.011787	           -0.081415
            0.657000	         -149.612190	          971.230473	          -20.315125	           -0.557487	            0.000000	           -0.360653	           -0.203105	            1.318032	           -0.027740	            0.559608	           14.033047	            3.212807	           -1.068549	            0.000000	           -0.785013	            0.439990	           -0.913922	           -0.064865
            0.658000	         -148.011051	          968.652504	          -19.961503	           -0.557239	            0.000000	           -0.360603	           -0.202544	            1.325000	           -0.027474	            0.277302	           11.172999	            2.728510	           -1.190000	            0.000000	           -0.300000	            0.451264	           -0.810689	           -0.048928
            0.659000	         -146.480897	          965.912270	          -19.650338	           -0.556987	            0.000000	           -0.360543	           -0.201881	            1.330617	           -0.027233	            0.000000	            0.000000	            0.000000	           -1.190000	            0.000000	           -0.472067	            0.000000	            0.000000	            0.000000
            0.660000	         -145.020934	          963.015304	          -19.379040	           -0.556731	            0.000000	           -0.360475	           -0.201089	            1.334694	           -0.027013	            0.000000	            0.000000	            0.000000	           -1.190000	            0.000000	           -0.472067	            0.000000	            0.000000	            0.000000
            0.661000	         -143.628769	          959.967104	          -19.145162	           -0.556471	            0.000000	           -0.360402	           -0.200147	            1.337055	           -0.026807	            0.000000	            0.000000	            0.000000	           -1.190000	            0.000000	           -0.472067	            0.000000	            0.000000	            0.000000
            0.662000	         -142.300556	          956.773145	          -18.946455	           -0.556208	            0.000000	           -0.360326	           -0.199029	            1.337548	           -0.026613	            0.000000	            0.000000	            0.000000	           -1.190000	            0.000000	           -0.472067	            0.000000	            0.000000	            0.000000
            0.663000	         -141.031172	          953.438904	          -18.780897	           -0.555942	            0.000000	           -0.360249	           -0.197718	            1.336048	           -0.026426	            0.000000	            0.000000	            0.000000	           -1.190000	            0.000000	           -0.472067	            0.000000	            0.000000	            0.000000
            0.664000	         -139.814428	          949.969904	          -18.646715	           -0.555676	            0.000000	           -0.360170	           -0.196195	            1.332466	           -0.026242	            0.000000	            0.000000	            0.000000	           -1.190000	            0.000000	           -0.472067	            0.000000	            0.000000	            0.000000
            0.665000	         -138.643298	          946.371757	          -18.542378	           -0.555409	            0.000000	           -0.360088	           -0.194447	            1.326751	           -0.026060	            0.000000	            0.000000	            0.000000	           -1.190000	            0.000000	           -0.472067	            0.000000	            0.000000	            0.000000
            0.666000	         -137.510164	          942.650212	          -18.466585	           -0.555137	            0.000000	           -0.360003	           -0.192467	            1.318899	           -0.025877	            0.000000	            0.000000	            0.000000	           -1.190000	            0.000000	           -0.472067	            0.000000	            0.000000	            0.000000
            0.667000	         -136.407068	          938.811208	          -18.418226	           -0.554858	            0.000000	           -0.359913	           -0.190254	            1.308948	           -0.025693	            0.000000	            0.000000	            0.000000	           -1.190000	            0.000000	           -0.472067	            0.000000	            0.000000	            0.000000
            0.668000	         -135.325960	          934.860911	          -18.396351	           -0.554567	            0.000000	           -0.359818	           -0.187810	            1.296989	           -0.025508	            0.000000	            0.000000	            0.000000	           -1.190000	            0.000000	           -0.472067	            0.000000	            0.000000	            0.000000
            0.669000	         -134.258931	          930.805756	          -18.400109	           -0.554261	            0.000000	           -0.359720	           -0.185147	            1.283156	           -0.025323	            0.000000	            0.000000	            0.000000	           -1.190000	            0.000000	           -0.472067	            0.000000	            0.000000	            0.000000
            0.670000	         -133.198440	          926.652463	          -18.428698	           -0.553940	            0.000000	           -0.359621	           -0.182281	            1.267630	           -0.025141	            0.000000	            0.000000	            0.000000	           -1.190000	            0.000000	           -0.472067	            0.000000	            0.000000	            0.000000
            0.671000	         -132.137503	          922.408052	          -18.481307	           -0.553608	            0.000000	           -0.359522	           -0.179234	            1.250633	           -0.024963	            0.000000	            0.000000	            0.000000	           -1.190000	            0.000000	           -0.472067	            0.000000	            0.000000	            0.000000
            0.672000	         -131.069871	          918.079841	          -18.557061	           -0.553271	            0.000000	           -0.359427	           -0.176036	            1.232425	           -0.024794	            0.000000	            0.000000	            0.000000	           -1.190000	            0.000000	           -0.472067	            0.000000	            0.000000	            0.000000
            0.673000	         -129.990163	          913.675419	          -18.654967	           -0.552933	            0.000000	           -0.359339	           -0.172718	            1.213293	           -0.024637	            0.000000	            0.000000	            0.000000	           -1.190000	            0.000000	           -0.472067	            0.000000	            0.000000	            0.000000
            0.674000	         -128.893979	          909.202619	          -18.773869	           -0.552599	            0.000000	           -0.359257	           -0.169317	            1.193547	           -0.024495	            0.000000	            0.000000	            0.000000	           -1.190000	            0.000000	           -0.472067	            0.000000	            0.000000	            0.000000
            0.675000	         -127.777963	          904.669461	          -18.912415	           -0.552268	            0.000000	           -0.359184	           -0.165874	            1.173507	           -0.024374	            0.000000	            0.000000	            0.000000	           -1.190000	            0.000000	           -0.472067	            0.000000	            0.000000	            0.000000
            0.676000	         -126.639847	          900.084098	          -19.069028	           -0.551940	            0.000000	           -0.359119	           -0.162427	            1.153497	           -0.024277	            0.000000	            0.000000	            0.000000	           -1.190000	            0.000000	           -0.472067	            0.000000	            0.000000	            0.000000
            0.677000	         -125.478449	          895.454734	          -19.241891	           -0.551611	            0.000000	           -0.359063	           -0.159017	            1.133831	           -0.024207	            0.000000	            0.000000	            0.000000	           -1.190000	            0.000000	           -0.472067	            0.000000	            0.000000	            0.000000
            0.678000	         -124.293649	          890.789552	          -19.428949	           -0.551277	            0.000000	           -0.359015	           -0.155683	            1.114806	           -0.024169	            0.000000	            0.000000	            0.000000	           -1.190000	            0.000000	           -0.472067	            0.000000	            0.000000	            0.000000
            0.679000	         -123.086324	          886.096620	          -19.627920	           -0.550934	            0.000000	           -0.358973	           -0.152461	            1.096690	           -0.024163	            0.000000	            0.000000	            0.000000	           -1.190000	            0.000000	           -0.472067	            0.000000	            0.000000	            0.000000
            0.680000	         -121.858268	          881.383808	          -19.836319	           -0.550585	            0.000000	           -0.358936	           -0.149382	            1.079713	           -0.024193	            0.000000	            0.000000	            0.000000	           -1.190000	            0.000000	           -0.472067	            0.000000	            0.000000	            0.000000
            0.681000	         -120.612085	          876.658701	          -20.051496	           -0.550235	            0.000000	           -0.358903	           -0.146473	            1.064066	           -0.024258	            0.000000	            0.000000	            0.000000	           -1.190000	            0.000000	           -0.472067	            0.000000	            0.000000	            0.000000
            0.682000	         -119.351061	          871.928518	          -20.270689	           -0.549888	            0.000000	           -0.358873	           -0.143755	            1.049886	           -0.024358	            0.000000	            0.000000	            0.000000	           -1.190000	            0.000000	           -0.472067	            0.000000	            0.000000	            0.000000
            0.683000	         -118.079029	          867.200038	          -20.491077	           -0.549550	            0.000000	           -0.358846	           -0.141243	            1.037263	           -0.024491	            0.000000	            0.000000	            0.000000	           -1.190000	            0.000000	           -0.472067	            0.000000	            0.000000	            0.000000
            0.684000	         -116.800223	          862.479543	          -20.709852	           -0.549220	            0.000000	           -0.358823	           -0.138943	            1.026231	           -0.024655	            0.000000	            0.000000	            0.000000	           -1.190000	            0.000000	           -0.472067	            0.000000	            0.000000	            0.000000
            0.685000	         -115.519123	          857.772768	          -20.924291	           -0.548894	            0.000000	           -0.358804	           -0.136858	            1.016771	           -0.024846	            0.000000	            0.000000	            0.000000	           -1.190000	            0.000000	           -0.472067	            0.000000	            0.000000	            0.000000
            0.686000	         -114.240309	          853.084872	          -21.131829	           -0.548568	            0.000000	           -0.358790	           -0.134981	            1.008814	           -0.025060	            0.000000	            0.000000	            0.000000	           -1.190000	            0.000000	           -0.472067	            0.000000	            0.000000	            0.000000
            0.687000	         -112.968314	          848.420418	          -21.330137	           -0.548239	            0.000000	           -0.358780	           -0.133301	            1.002244	           -0.025291	            0.000000	            0.000000	            0.000000	           -1.190000	            0.000000	           -0.472067	            0.000000	            0.000000	            0.000000
            0.688000	         -111.707490	          843.783376	          -21.517192	           -0.547905	            0.000000	           -0.358773	           -0.131800	            0.996905	           -0.025533	            0.000000	            0.000000	            0.000000	           -1.190000	            0.000000	           -0.472067	            0.000000	            0.000000	            0.000000
            0.689000	         -110.461884	          839.177136	          -21.691339	           -0.547568	            0.000000	           -0.358768	           -0.130457	            0.992601	           -0.025780	            0.000000	            0.000000	            0.000000	           -1.190000	            0.000000	           -0.472067	            0.000000	            0.000000	            0.000000
            0.690000	         -109.235134	          834.604540	          -21.851344	           -0.547230	            0.000000	           -0.358763	           -0.129244	            0.989110	           -0.026026	            0.000000	            0.000000	            0.000000	           -1.190000	            0.000000	           -0.472067	            0.000000	            0.000000	            0.000000
            0.691000	         -108.030378	          830.067922	          -21.996437	           -0.546890	            0.000000	           -0.358757	           -0.128132	            0.986189	           -0.026264	            0.000000	            0.000000	            0.000000	           -1.190000	            0.000000	           -0.472067	            0.000000	            0.000000	            0.000000
            0.692000	         -106.850186	          825.569166	          -22.126336	           -0.546547	            0.000000	           -0.358747	           -0.127090	            0.983577	           -0.026486	            0.000000	            0.000000	            0.000000	           -1.190000	            0.000000	           -0.472067	            0.000000	            0.000000	            0.000000
            0.693000	         -105.696512	          821.109763	          -22.241255	           -0.546198	            0.000000	           -0.358734	           -0.126084	            0.981011	           -0.026689	            0.000000	            0.000000	            0.000000	           -1.190000	            0.000000	           -0.472067	            0.000000	            0.000000	            0.000000
            0.694000	         -104.570671	          816.690884	          -22.341898	           -0.545843	            0.000000	           -0.358719	           -0.125082	            0.978229	           -0.026864	            0.000000	            0.000000	            0.000000	           -1.190000	            0.000000	           -0.472067	            0.000000	            0.000000	            0.000000
            0.695000	         -103.473327	          812.313451	          -22.429431	           -0.545486	            0.000000	           -0.358706	           -0.124051	            0.974976	           -0.027008	            0.000000	            0.000000	            0.000000	           -1.190000	            0.000000	           -0.472067	            0.000000	            0.000000	            0.000000
            0.696000	         -102.404505	          807.978216	          -22.505446	           -0.545130	            0.000000	           -0.358697	           -0.122961	            0.971017	           -0.027116	            0.000000	            0.000000	            0.000000	           -1.190000	            0.000000	           -0.472067	            0.000000	            0.000000	            0.000000
            0.697000	         -101.363626	          803.685833	          -22.571899	           -0.544780	            0.000000	           -0.358692	           -0.121784	            0.966141	           -0.027185	            0.000000	            0.000000	            0.000000	           -1.190000	            0.000000	           -0.472067	            0.000000	            0.000000	            0.000000
            0.698000	         -100.349544	          799.436929	          -22.631047	           -0.544440	            0.000000	           -0.358690	           -0.120495	            0.960165	           -0.027213	            0.000000	            0.000000	            0.000000	           -1.190000	            0.000000	           -0.472067	            0.000000	            0.000000	            0.000000
            0.699000	          -99.360608	          795.232169	          -22.685363	           -0.544112	            0.000000	           -0.358689	           -0.119075	            0.952944	           -0.027198	            0.000000	            0.000000	            0.000000	           -1.190000	            0.000000	           -0.472067	            0.000000	            0.000000	            0.000000
            0.700000	          -98.394723	          791.072319	          -22.737459	           -0.543794	            0.000000	           -0.358685	           -0.117508	            0.944369	           -0.027139	            0.000000	            0.000000	            0.000000	           -1.190000	            0.000000	           -0.472067	            0.000000	            0.000000	            0.000000
            0.701000	          -97.449431	          786.958287	          -22.789987	           -0.543481	            0.000000	           -0.358676	           -0.115783	            0.934374	           -0.027038	            0.000000	            0.000000	            0.000000	           -1.190000	            0.000000	           -0.472067	            0.000000	            0.000000	            0.000000
            0.702000	          -96.521986	          782.891168	          -22.845557	           -0.543168	            0.000000	           -0.358660	           -0.113894	            0.922934	           -0.026897	            0.000000	            0.000000	            0.000000	           -1.190000	            0.000000	           -0.472067	            0.000000	            0.000000	            0.000000
            0.703000	          -95.609436	          778.872270	          -22.906642	           -0.542849	            0.000000	           -0.358637	           -0.111843	            0.910065	           -0.026717	            0.000000	            0.000000	            0.000000	           -1.190000	            0.000000	           -0.472067	            0.000000	            0.000000	            0.000000
            0.704000	          -94.708710	          774.903133	          -22.975503	           -0.542521	            0.000000	           -0.358609	           -0.109632	            0.895821	           -0.026502	            0.000000	            0.000000	            0.000000	           -1.190000	            0.000000	           -0.472067	            0.000000	            0.000000	            0.000000
            0.705000	          -93.816695	          770.985534	          -23.054111	           -0.542181	            0.000000	           -0.358576	           -0.107271	            0.880291	           -0.026256	            0.000000	            0.000000	            0.000000	           -1.190000	            0.000000	           -0.472067	            0.000000	            0.000000	            0.000000
            0.706000	          -92.930312	          767.121487	          -23.144089	           -0.541829	            0.000000	           -0.358541	           -0.104772	            0.863591	           -0.025982	            0.000000	            0.000000	            0.000000	           -1.190000	            0.000000	           -0.472067	            0.000000	            0.000000	            0.000000
            0.707000	          -92.046598	          763.313231	          -23.246666	           -0.541467	            0.000000	           -0.358508	           -0.102152	            0.845862	           -0.025686	            0.000000	            0.000000	            0.000000	           -1.190000	            0.000000	           -0.472067	            0.000000	            0.000000	            0.000000
            0.708000	          -91.162763	          759.563209	          -23.362640	           -0.541096	            0.000000	           -0.358477	           -0.099427	            0.827257	           -0.025370	            0.000000	            0.000000	            0.000000	           -1.190000	            0.000000	           -0.472067	            0.000000	            0.000000	            0.000000
            0.709000	          -90.276255	          755.874041	          -23.492369	           -0.540720	            0.000000	           -0.358451	           -0.096618	            0.807938	           -0.025039	            0.000000	            0.000000	            0.000000	           -1.190000	            0.000000	           -0.472067	            0.000000	            0.000000	            0.000000
            0.710000	          -89.384810	          752.248489	          -23.635765	           -0.540341	            0.000000	           -0.358430	           -0.093743	            0.788066	           -0.024696	            0.000000	            0.000000	            0.000000	           -1.190000	            0.000000	           -0.472067	            0.000000	            0.000000	            0.000000
            0.711000	          -88.486496	          748.689410	          -23.792312	           -0.539956	            0.000000	           -0.358412	           -0.090821	            0.767795	           -0.024344	            0.000000	            0.000000	            0.000000	           -1.190000	            0.000000	           -0.472067	            0.000000	            0.000000	            0.000000
            0.712000	          -87.579746	          745.199715	          -23.961096	           -0.539564	            0.000000	           -0.358396	           -0.087870	            0.747266	           -0.023983	            0.000000	            0.000000	            0.000000	           -1.190000	            0.000000	           -0.472067	            0.000000	            0.000000	            0.000000
            0.713000	          -86.663386	          741.782310	          -24.140844	           -0.539168	            0.000000	           -0.358380	           -0.084907	            0.726599	           -0.023616	            0.000000	            0.000000	            0.000000	           -1.190000	            0.000000	           -0.472067	            0.000000	            0.000000	            0.000000
            0.714000	          -85.736648	          738.440040	          -24.329976	           -0.538772	            0.000000	           -0.358360	           -0.081945	            0.705891	           -0.023241	            0.000000	            0.000000	            0.000000	           -1.190000	            0.000000	           -0.472067	            0.000000	            0.000000	            0.000000
            0.715000	          -84.799181	          735.175629	          -24.526662	           -0.538382	            0.000000	           -0.358334	           -0.078994	            0.685214	           -0.022858	            0.000000	            0.000000	            0.000000	           -1.190000	            0.000000	           -0.472067	            0.000000	            0.000000	            0.000000
            0.716000	          -83.851049	          731.991625	          -24.728882	           -0.538003	            0.000000	           -0.358300	           -0.076063	            0.664615	           -0.022466	            0.000000	            0.000000	            0.000000	           -1.190000	            0.000000	           -0.472067	            0.000000	            0.000000	            0.000000
            0.717000	          -82.892723	          728.890337	          -24.934486	           -0.537635	            0.000000	           -0.358257	           -0.073158	            0.644114	           -0.022060	            0.000000	            0.000000	            0.000000	           -1.190000	            0.000000	           -0.472067	            0.000000	            0.000000	            0.000000
            0.718000	          -81.925061	          725.873783	          -25.141255	           -0.537275	            0.000000	           -0.358209	           -0.070282	            0.623708	           -0.021639	            0.000000	            0.000000	            0.000000	           -1.190000	            0.000000	           -0.472067	            0.000000	            0.000000	            0.000000
            0.719000	          -80.949287	          722.943641	          -25.346953	           -0.536922	            0.000000	           -0.358158	           -0.067435	            0.603374	           -0.021198	            0.000000	            0.000000	            0.000000	           -1.190000	            0.000000	           -0.472067	            0.000000	            0.000000	            0.000000
            0.720000	          -79.966959	          720.101213	          -25.549377	           -0.536573	            0.000000	           -0.358106	           -0.064617	            0.583076	           -0.020735	            0.000000	            0.000000	            0.000000	           -1.190000	            0.000000	           -0.472067	            0.000000	            0.000000	            0.000000
            0.721000	          -78.979930	          717.347383	          -25.746390	           -0.536229	            0.000000	           -0.358056	           -0.061826	            0.562767	           -0.020246	            0.000000	            0.000000	            0.000000	           -1.190000	            0.000000	           -0.472067	            0.000000	            0.000000	            0.000000
            0.722000	          -77.990307	          714.682604	          -25.935957	           -0.535887	            0.000000	           -0.358005	           -0.059059	            0.542394	           -0.019727	            0.000000	            0.000000	            0.000000	           -1.190000	            0.000000	           -0.472067	            0.000000	            0.000000	            0.000000
            0.723000	          -77.000399	          712.106874	          -26.116161	           -0.535547	            0.000000	           -0.357955	           -0.056314	            0.521909	           -0.019176	            0.000000	            0.000000	            0.000000	           -1.190000	            0.000000	           -0.472067	            0.000000	            0.000000	            0.000000
            0.724000	          -76.012672	          709.619740	          -26.285212	           -0.535204	            0.000000	           -0.357904	           -0.053589	            0.501265	           -0.018592	            0.000000	            0.000000	            0.000000	           -1.190000	            0.000000	           -0.472067	            0.000000	            0.000000	            0.000000
            0.725000	          -75.029685	          707.220291	          -26.441453	           -0.534856	            0.000000	           -0.357852	           -0.050884	            0.480430	           -0.017973	            0.000000	            0.000000	            0.000000	           -1.190000	            0.000000	           -0.472067	            0.000000	            0.000000	            0.000000
            0.726000	          -74.054041	          704.907175	          -26.583349	           -0.534504	            0.000000	           -0.357796	           -0.048197	            0.459384	           -0.017319	            0.000000	            0.000000	            0.000000	           -1.190000	            0.000000	           -0.472067	            0.000000	            0.000000	            0.000000
            0.727000	          -73.088323	          702.678610	          -26.709477	           -0.534150	            0.000000	           -0.357738	           -0.045530	            0.438122	           -0.016632	            0.000000	            0.000000	            0.000000	           -1.190000	            0.000000	           -0.472067	            0.000000	            0.000000	            0.000000
            0.728000	          -72.135042	          700.532405	          -26.818507	           -0.533795	            0.000000	           -0.357677	           -0.042888	            0.416659	           -0.015914	            0.000000	            0.000000	            0.000000	           -1.190000	            0.000000	           -0.472067	            0.000000	            0.000000	            0.000000
            0.729000	          -71.196573	          698.465978	          -26.909187	           -0.533441	            0.000000	           -0.357616	           -0.040273	            0.395031	           -0.015168	            0.000000	            0.000000	            0.000000	           -1.190000	            0.000000	           -0.472067	            0.000000	            0.000000	            0.000000
            0.730000	          -70.275109	          696.476382	          -26.980317	           -0.533090	            0.000000	           -0.357559	           -0.037694	            0.373292	           -0.014398	            0.000000	            0.000000	            0.000000	           -1.190000	            0.000000	           -0.472067	            0.000000	            0.000000	            0.000000
            0.731000	          -69.372604	          694.560328	          -27.030736	           -0.532741	            0.000000	           -0.357507	           -0.035156	            0.351516	           -0.013609	            0.000000	            0.000000	            0.000000	           -1.190000	            0.000000	           -0.472067	            0.000000	            0.000000	            0.000000
            0.732000	          -68.490737	          692.714212	          -27.059302	           -0.532390	            0.000000	           -0.357463	           -0.032671	            0.329798	           -0.012807	            0.000000	            0.000000	            0.000000	           -1.190000	            0.000000	           -0.472067	            0.000000	            0.000000	            0.000000
            0.733000	          -67.630867	          690.934140	          -27.064885	           -0.532034	            0.000000	           -0.357425	           -0.030248	            0.308251	           -0.012000	            0.000000	            0.000000	            0.000000	           -1.190000	            0.000000	           -0.472067	            0.000000	            0.000000	            0.000000
            0.734000	          -66.794003	          689.215960	          -27.046354	           -0.531666	            0.000000	           -0.357393	           -0.027899	            0.287006	           -0.011194	            0.000000	            0.000000	            0.000000	           -1.190000	            0.000000	           -0.472067	            0.000000	            0.000000	            0.000000
            0.735000	          -65.980787	          687.555303	          -27.002586	           -0.531282	            0.000000	           -0.357362	           -0.025636	            0.266209	           -0.010397	            0.000000	            0.000000	            0.000000	           -1.190000	            0.000000	           -0.472067	            0.000000	            0.000000	            0.000000
            0.736000	          -65.191474	          685.947618	          -26.932464	           -0.530881	            0.000000	           -0.357330	           -0.023474	            0.246022	           -0.009618	            0.000000	            0.000000	            0.000000	           -1.190000	            0.000000	           -0.472067	            0.000000	            0.000000	            0.000000
            0.737000	          -64.425931	          684.388231	          -26.834895	           -0.530464	            0.000000	           -0.357292	           -0.021426	            0.226620	           -0.008865	            0.000000	            0.000000	            0.000000	           -1.190000	            0.000000	           -0.472067	            0.000000	            0.000000	            0.000000
            0.738000	          -63.683642	          682.872398	          -26.708824	           -0.530036	            0.000000	           -0.357245	           -0.019507	            0.208186	           -0.008146	            0.000000	            0.000000	            0.000000	           -1.190000	            0.000000	           -0.472067	            0.000000	            0.000000	            0.000000
            0.739000	          -62.963717	          681.395380	          -26.553260	           -0.529600	            0.000000	           -0.357191	           -0.017730	            0.190911	           -0.007469	            0.000000	            0.000000	            0.000000	           -1.190000	            0.000000	           -0.472067	            0.000000	            0.000000	            0.000000
            0.740000	          -62.264924	          679.952515	          -26.367305	           -0.529157	            0.000000	           -0.357130	           -0.016109	            0.174988	           -0.006843	            0.000000	            0.000000	            0.000000	           -1.190000	            0.000000	           -0.472067	            0.000000	            0.000000	            0.000000
            0.741000	          -61.585711	          678.539301	          -26.150177	           -0.528704	            0.000000	           -0.357067	           -0.014658	            0.160609	           -0.006274	            0.000000	            0.000000	            0.000000	           -1.190000	            0.000000	           -0.472067	            0.000000	            0.000000	            0.000000
            0.742000	          -60.924252	          677.151484	          -25.901246	           -0.528239	            0.000000	           -0.357005	           -0.013390	            0.147963	           -0.005770	            0.000000	            0.000000	            0.000000	           -1.190000	            0.000000	           -0.472067	            0.000000	            0.000000	            0.000000
            0.743000	          -60.278491	          675.785145	          -25.620063	           -0.527761	            0.000000	           -0.356948	           -0.012314	            0.137226	           -0.005335	            0.000000	            0.000000	            0.000000	           -1.190000	            0.000000	           -0.472067	            0.000000	            0.000000	            0.000000
            0.744000	          -59.646195	          674.436776	          -25.306382	           -0.527273	            0.000000	           -0.356897	           -0.011439	            0.128561	           -0.004974	            0.000000	            0.000000	            0.000000	           -1.190000	            0.000000	           -0.472067	            0.000000	            0.000000	            0.000000
            0.745000	          -59.025012	          673.103359	          -24.960191	           -0.526782	            0.000000	           -0.356853	           -0.010774	            0.122113	           -0.004690	            0.000000	            0.000000	            0.000000	           -1.190000	            0.000000	           -0.472067	            0.000000	            0.000000	            0.000000
            0.746000	          -58.412530	          671.782425	          -24.581723	           -0.526296	            0.000000	           -0.356818	           -0.010323	            0.118005	           -0.004485	            0.000000	            0.000000	            0.000000	           -1.190000	            0.000000	           -0.472067	            0.000000	            0.000000	            0.000000
            0.747000	          -57.806340	          670.472097	          -24.171471	           -0.525823	            0.000000	           -0.356788	           -0.010087	            0.116334	           -0.004359	            0.000000	            0.000000	            0.000000	           -1.190000	            0.000000	           -0.472067	            0.000000	            0.000000	            0.000000
            0.748000	          -57.204099	          669.171121	          -23.730199	           -0.525364	            0.000000	           -0.356763	           -0.010067	            0.117171	           -0.004312	            0.000000	            0.000000	            0.000000	           -1.190000	            0.000000	           -0.472067	            0.000000	            0.000000	            0.000000
            0.749000	          -56.603588	          667.878864	          -23.258932	           -0.524916	            0.000000	           -0.356738	           -0.010260	            0.120557	           -0.004339	            0.000000	            0.000000	            0.000000	           -1.190000	            0.000000	           -0.472067	            0.000000	            0.000000	            0.000000
            0.750000	          -56.002773	          666.595305	          -22.758961	           -0.524478	            0.000000	           -0.356713	           -0.010661	            0.126504	           -0.004437	            0.000000	            0.000000	            0.000000	           -1.190000	            0.000000	           -0.472067	            0.000000	            0.000000	            0.000000
            0.751000	          -55.399854	          665.320992	          -22.231823	           -0.524044	            0.000000	           -0.356687	           -0.011261	            0.134993	           -0.004601	            0.000000	            0.000000	            0.000000	           -1.190000	            0.000000	           -0.472067	            0.000000	            0.000000	            0.000000
            0.752000	          -54.793310	          664.056989	          -21.679288	           -0.523614	            0.000000	           -0.356660	           -0.012050	            0.145978	           -0.004823	            0.000000	            0.000000	            0.000000	           -1.190000	            0.000000	           -0.472067	            0.000000	            0.000000	            0.000000
            0.753000	          -54.181935	          662.804798	          -21.103337	           -0.523188	            0.000000	           -0.356634	           -0.013017	            0.159381	           -0.005097	            0.000000	            0.000000	            0.000000	           -1.190000	            0.000000	           -0.472067	            0.000000	            0.000000	            0.000000
            0.754000	          -53.564866	          661.566273	          -20.506141	           -0.522766	            0.000000	           -0.356609	           -0.014146	            0.175103	           -0.005412	            0.000000	            0.000000	            0.000000	           -1.190000	            0.000000	           -0.472067	            0.000000	            0.000000	            0.000000
            0.755000	          -52.941600	          660.343519	          -19.890031	           -0.522346	            0.000000	           -0.356589	           -0.015422	            0.193017	           -0.005761	            0.000000	            0.000000	            0.000000	           -1.190000	            0.000000	           -0.472067	            0.000000	            0.000000	            0.000000
            0.756000	          -52.311999	          659.138791	          -19.257476	           -0.521928	            0.000000	           -0.356575	           -0.016828	            0.212975	           -0.006134	            0.000000	            0.000000	            0.000000	           -1.190000	            0.000000	           -0.472067	            0.000000	            0.000000	            0.000000
            0.757000	          -51.676282	          657.954379	          -18.611050	           -0.521508	            0.000000	           -0.356568	           -0.018347	            0.234813	           -0.006520	            0.000000	            0.000000	            0.000000	           -1.190000	            0.000000	           -0.472067	            0.000000	            0.000000	            0.000000
            0.758000	          -51.035016	          656.792511	          -17.953410	           -0.521084	            0.000000	           -0.356565	           -0.019959	            0.258348	           -0.006911	            0.000000	            0.000000	            0.000000	           -1.190000	            0.000000	           -0.472067	            0.000000	            0.000000	            0.000000
            0.759000	          -50.389082	          655.655246	          -17.287270	           -0.520656	            0.000000	           -0.356565	           -0.021646	            0.283386	           -0.007297	            0.000000	            0.000000	            0.000000	           -1.190000	            0.000000	           -0.472067	            0.000000	            0.000000	            0.000000
            0.760000	          -49.739645	          654.544387	          -16.615376	           -0.520223	            0.000000	           -0.356563	           -0.023390	            0.309721	           -0.007669	            0.000000	            0.000000	            0.000000	           -1.190000	            0.000000	           -0.472067	            0.000000	            0.000000	            0.000000
            0.761000	          -49.088109	          653.461403	          -15.940482	           -0.519784	            0.000000	           -0.356557	           -0.025170	            0.337140	           -0.008020	            0.000000	            0.000000	            0.000000	           -1.190000	            0.000000	           -0.472067	            0.000000	            0.000000	            0.000000
            0.762000	          -48.436069	          652.407364	          -15.265338	           -0.519337	            0.000000	           -0.356544	           -0.026971	            0.365425	           -0.008341	            0.000000	            0.000000	            0.000000	           -1.190000	            0.000000	           -0.472067	            0.000000	            0.000000	            0.000000
            0.763000	          -47.785256	          651.382893	          -14.592662	           -0.518882	            0.000000	           -0.356523	           -0.028772	            0.394355	           -0.008628	            0.000000	            0.000000	            0.000000	           -1.190000	            0.000000	           -0.472067	            0.000000	            0.000000	            0.000000
            0.764000	          -47.137483	          650.388137	          -13.925131	           -0.518420	            0.000000	           -0.356496	           -0.030559	            0.423708	           -0.008874	            0.000000	            0.000000	            0.000000	           -1.190000	            0.000000	           -0.472067	            0.000000	            0.000000	            0.000000
            0.765000	          -46.494586	          649.422750	          -13.265365	           -0.517952	            0.000000	           -0.356464	           -0.032316	            0.453265	           -0.009075	            0.000000	            0.000000	            0.000000	           -1.190000	            0.000000	           -0.472067	            0.000000	            0.000000	            0.000000
            0.766000	          -45.858372	          648.485904	          -12.615908	           -0.517479	            0.000000	           -0.356431	           -0.034027	            0.482809	           -0.009230	            0.000000	            0.000000	            0.000000	           -1.190000	            0.000000	           -0.472067	            0.000000	            0.000000	            0.000000
            0.767000	          -45.230562	          647.576298	          -11.979220	           -0.516998	            0.000000	           -0.356402	           -0.035679	            0.512130	           -0.009335	            0.000000	            0.000000	            0.000000	           -1.190000	            0.000000	           -0.472067	            0.000000	            0.000000	            0.000000
            0.768000	          -44.612751	          646.692203	          -11.357661	           -0.516512	            0.000000	           -0.356376	           -0.037260	            0.541027	           -0.009392	            0.000000	            0.000000	            0.000000	           -1.190000	            0.000000	           -0.472067	            0.000000	            0.000000	            0.000000
            0.769000	          -44.006357	          645.831501	          -10.753477	           -0.516021	            0.000000	           -0.356353	           -0.038758	            0.569307	           -0.009400	            0.000000	            0.000000	            0.000000	           -1.190000	            0.000000	           -0.472067	            0.000000	            0.000000	            0.000000
            0.770000	          -43.412597	          644.991749	          -10.168786	           -0.515525	            0.000000	           -0.356331	           -0.040165	            0.596789	           -0.009361	            0.000000	            0.000000	            0.000000	           -1.190000	            0.000000	           -0.472067	            0.000000	            0.000000	            0.000000
            0.771000	          -42.832453	          644.170246	           -9.605566	           -0.515028	            0.000000	           -0.356309	           -0.041472	            0.623306	           -0.009278	            0.000000	            0.000000	            0.000000	           -1.190000	            0.000000	           -0.472067	            0.000000	            0.000000	            0.000000
            0.772000	          -42.266655	          643.364110	           -9.065641	           -0.514534	            0.000000	           -0.356285	           -0.042672	            0.648705	           -0.009156	            0.000000	            0.000000	            0.000000	           -1.190000	            0.000000	           -0.472067	            0.000000	            0.000000	            0.000000
            0.773000	          -41.715673	          642.570358	           -8.550669	           -0.514049	            0.000000	           -0.356258	           -0.043760	            0.672847	           -0.008997	            0.000000	            0.000000	            0.000000	           -1.190000	            0.000000	           -0.472067	            0.000000	            0.000000	            0.000000
            0.774000	          -41.179709	          641.785994	           -8.062128	           -0.513576	            0.000000	           -0.356229	           -0.044731	            0.695608	           -0.008807	            0.000000	            0.000000	            0.000000	           -1.190000	            0.000000	           -0.472067	            0.000000	            0.000000	            0.000000
            0.775000	          -40.658705	          641.008091	           -7.601313	           -0.513119	            0.000000	           -0.356200	           -0.045582	            0.716878	           -0.008593	            0.000000	            0.000000	            0.000000	           -1.190000	            0.000000	           -0.472067	            0.000000	            0.000000	            0.000000
            0.776000	          -40.152349	          640.233878	           -7.169320	           -0.512678	            0.000000	           -0.356171	           -0.046312	            0.736561	           -0.008358	            0.000000	            0.000000	            0.000000	           -1.190000	            0.000000	           -0.472067	            0.000000	            0.000000	            0.000000
            0.777000	          -39.660095	          639.460817	           -6.767052	           -0.512251	            0.000000	           -0.356143	           -0.046919	            0.754573	           -0.008110	            0.000000	            0.000000	            0.000000	           -1.190000	            0.000000	           -0.472067	            0.000000	            0.000000	            0.000000
            0.778000	          -39.181178	          638.686677	           -6.395207	           -0.511833	            0.000000	           -0.356112	           -0.047402	            0.770840	           -0.007853	            0.000000	            0.000000	            0.000000	           -1.190000	            0.000000	           -0.472067	            0.000000	            0.000000	            0.000000
            0.779000	          -38.714649	          637.909594	           -6.054291	           -0.511419	            0.000000	           -0.356077	           -0.047762	            0.785295	           -0.007593	            0.000000	            0.000000	            0.000000	           -1.190000	            0.000000	           -0.472067	            0.000000	            0.000000	            0.000000
            0.780000	          -38.259394	          637.128120	           -5.744616	           -0.511009	            0.000000	           -0.356034	           -0.047998	            0.797879	           -0.007336	            0.000000	            0.000000	            0.000000	           -1.190000	            0.000000	           -0.472067	            0.000000	            0.000000	            0.000000
            0.781000	          -37.814172	          636.341263	           -5.466310	           -0.510603	            0.000000	           -0.355983	           -0.048112	            0.808537	           -0.007086	            0.000000	            0.000000	            0.000000	           -1.190000	            0.000000	           -0.472067	            0.000000	            0.000000	            0.000000
            0.782000	          -37.377649	          635.548502	           -5.219331	           -0.510204	            0.000000	           -0.355926	           -0.048105	            0.817218	           -0.006847	            0.000000	            0.000000	            0.000000	           -1.190000	            0.000000	           -0.472067	            0.000000	            0.000000	            0.000000
            0.783000	          -36.948430	          634.749795	           -5.003475	           -0.509811	            0.000000	           -0.355865	           -0.047977	            0.823872	           -0.006623	            0.000000	            0.000000	            0.000000	           -1.190000	            0.000000	           -0.472067	            0.000000	            0.000000	            0.000000
            0.784000	          -36.525099	          633.945566	           -4.818395	           -0.509419	            0.000000	           -0.355804	           -0.047729	            0.828456	           -0.006416	            0.000000	            0.000000	            0.000000	           -1.190000	            0.000000	           -0.472067	            0.000000	            0.000000	            0.000000
            0.785000	          -36.106248	          633.136681	           -4.663612	           -0.509025	            0.000000	           -0.355748	           -0.047362	            0.830927	           -0.006228	            0.000000	            0.000000	            0.000000	           -1.190000	            0.000000	           -0.472067	            0.000000	            0.000000	            0.000000
            0.786000	          -35.690516	          632.324414	           -4.538533	           -0.508624	            0.000000	           -0.355696	           -0.046877	            0.831249	           -0.006061	            0.000000	            0.000000	            0.000000	           -1.190000	            0.000000	           -0.472067	            0.000000	            0.000000	            0.000000
            0.787000	          -35.276613	          631.510395	           -4.442463	           -0.508212	            0.000000	           -0.355649	           -0.046275	            0.829394	           -0.005915	            0.000000	            0.000000	            0.000000	           -1.190000	            0.000000	           -0.472067	            0.000000	            0.000000	            0.000000
            0.788000	          -34.863350	          630.696564	           -4.374619	           -0.507790	            0.000000	           -0.355606	           -0.045559	            0.825343	           -0.005790	            0.000000	            0.000000	            0.000000	           -1.190000	            0.000000	           -0.472067	            0.000000	            0.000000	            0.000000
            0.789000	          -34.449662	          629.885118	           -4.334142	           -0.507360	            0.000000	           -0.355568	           -0.044731	            0.819091	           -0.005685	            0.000000	            0.000000	            0.000000	           -1.190000	            0.000000	           -0.472067	            0.000000	            0.000000	            0.000000
            0.790000	          -34.034622	          629.078454	           -4.320106	           -0.506924	            0.000000	           -0.355535	           -0.043794	            0.810649	           -0.005599	            0.000000	            0.000000	            0.000000	           -1.190000	            0.000000	           -0.472067	            0.000000	            0.000000	            0.000000
            0.791000	          -33.617453	          628.279121	           -4.331524	           -0.506482	            0.000000	           -0.355505	           -0.042752	            0.800045	           -0.005530	            0.000000	            0.000000	            0.000000	           -1.190000	            0.000000	           -0.472067	            0.000000	            0.000000	            0.000000
            0.792000	          -33.197537	          627.489778	           -4.367355	           -0.506035	            0.000000	           -0.355473	           -0.041611	            0.787331	           -0.005476	            0.000000	            0.000000	            0.000000	           -1.190000	            0.000000	           -0.472067	            0.000000	            0.000000	            0.000000
            0.793000	          -32.774411	          626.713155	           -4.426506	           -0.505586	            0.000000	           -0.355435	           -0.040375	            0.772579	           -0.005436	            0.000000	            0.000000	            0.000000	           -1.190000	            0.000000	           -0.472067	            0.000000	            0.000000	            0.000000
            0.794000	          -32.347764	          625.952016	           -4.507833	           -0.505135	            0.000000	           -0.355388	           -0.039054	            0.755887	           -0.005405	            0.000000	            0.000000	            0.000000	           -1.190000	            0.000000	           -0.472067	            0.000000	            0.000000	            0.000000
            0.795000	          -31.917424	          625.209139	           -4.610143	           -0.504684	            0.000000	           -0.355331	           -0.037655	            0.737379	           -0.005382	            0.000000	            0.000000	            0.000000	           -1.190000	            0.000000	           -0.472067	            0.000000	            0.000000	            0.000000
            0.796000	          -31.483345	          624.487283	           -4.732194	           -0.504231	            0.000000	           -0.355265	           -0.036188	            0.717199	           -0.005365	            0.000000	            0.000000	            0.000000	           -1.190000	            0.000000	           -0.472067	            0.000000	            0.000000	            0.000000
            0.797000	          -31.045589	          623.789172	           -4.872691	           -0.503778	            0.000000	           -0.355188	           -0.034663	            0.695516	           -0.005350	            0.000000	            0.000000	            0.000000	           -1.190000	            0.000000	           -0.472067	            0.000000	            0.000000	            0.000000
            0.798000	          -30.604300	          623.117464	           -5.030290	           -0.503330	            0.000000	           -0.355102	           -0.033093	            0.672517	           -0.005335	            0.000000	            0.000000	            0.000000	           -1.190000	            0.000000	           -0.472067	            0.000000	            0.000000	            0.000000
            0.799000	          -30.159687	          622.474731	           -5.203598	           -0.502890	            0.000000	           -0.355011	           -0.031489	            0.648407	           -0.005318	            0.000000	            0.000000	            0.000000	           -1.190000	            0.000000	           -0.472067	            0.000000	            0.000000	            0.000000
            0.800000	          -29.712001	          621.863420	           -5.391170	           -0.502462	            0.000000	           -0.354917	           -0.029865	            0.623398	           -0.005297	            0.000000	            0.000000	            0.000000	           -1.190000	            0.000000	           -0.472067	            0.000000	            0.000000	            0.000000
            0.801000	          -29.261511	          621.285824	           -5.591518	           -0.502044	            0.000000	           -0.354827	           -0.028232	            0.597712	           -0.005270	            0.000000	            0.000000	            0.000000	           -1.190000	            0.000000	           -0.472067	            0.000000	            0.000000	            0.000000
            0.802000	          -28.808488	          620.744037	           -5.803108	           -0.501636	            0.000000	           -0.354740	           -0.026602	            0.571573	           -0.005236	            0.000000	            0.000000	            0.000000	           -1.190000	            0.000000	           -0.472067	            0.000000	            0.000000	            0.000000
            0.803000	          -28.353190	          620.239916	           -6.024372	           -0.501234	            0.000000	           -0.354659	           -0.024990	            0.545199	           -0.005194	            0.000000	            0.000000	            0.000000	           -1.190000	            0.000000	           -0.472067	            0.000000	            0.000000	            0.000000
            0.804000	          -27.895845	          619.775038	           -6.253707	           -0.500835	            0.000000	           -0.354581	           -0.023404	            0.518799	           -0.005142	            0.000000	            0.000000	            0.000000	           -1.190000	            0.000000	           -0.472067	            0.000000	            0.000000	            0.000000
            0.805000	          -27.436644	          619.350659	           -6.489490	           -0.500437	            0.000000	           -0.354507	           -0.021857	            0.492572	           -0.005080	            0.000000	            0.000000	            0.000000	           -1.190000	            0.000000	           -0.472067	            0.000000	            0.000000	            0.000000
            0.806000	          -26.975738	          618.967687	           -6.730083	           -0.500039	            0.000000	           -0.354437	           -0.020357	            0.466696	           -0.005007	            0.000000	            0.000000	            0.000000	           -1.190000	            0.000000	           -0.472067	            0.000000	            0.000000	            0.000000
            0.807000	          -26.513233	          618.626653	           -6.973850	           -0.499642	            0.000000	           -0.354370	           -0.018912	            0.441331	           -0.004923	            0.000000	            0.000000	            0.000000	           -1.190000	            0.000000	           -0.472067	            0.000000	            0.000000	            0.000000
            0.808000	          -26.049190	          618.327703	           -7.219161	           -0.499248	            0.000000	           -0.354306	           -0.017529	            0.416616	           -0.004828	            0.000000	            0.000000	            0.000000	           -1.190000	            0.000000	           -0.472067	            0.000000	            0.000000	            0.000000
            0.809000	          -25.583630	          618.070599	           -7.464416	           -0.498861	            0.000000	           -0.354243	           -0.016213	            0.392666	           -0.004723	            0.000000	            0.000000	            0.000000	           -1.190000	            0.000000	           -0.472067	            0.000000	            0.000000	            0.000000
            0.810000	          -25.116540	          617.854733	           -7.708050	           -0.498486	            0.000000	           -0.354179	           -0.014968	            0.369575	           -0.004608	            0.000000	            0.000000	            0.000000	           -1.190000	            0.000000	           -0.472067	            0.000000	            0.000000	            0.000000
            0.811000	          -24.647875	          617.679155	           -7.948551	           -0.498124	            0.000000	           -0.354115	           -0.013797	            0.347417	           -0.004483	            0.000000	            0.000000	            0.000000	           -1.190000	            0.000000	           -0.472067	            0.000000	            0.000000	            0.000000
            0.812000	          -24.177570	          617.542616	           -8.184475	           -0.497774	            0.000000	           -0.354051	           -0.012700	            0.326249	           -0.004350	            0.000000	            0.000000	            0.000000	           -1.190000	            0.000000	           -0.472067	            0.000000	            0.000000	            0.000000
            0.813000	          -23.705545	          617.443613	           -8.414452	           -0.497433	            0.000000	           -0.353987	           -0.011679	            0.306111	           -0.004209	            0.000000	            0.000000	            0.000000	           -1.190000	            0.000000	           -0.472067	            0.000000	            0.000000	            0.000000
            0.814000	          -23.231713	          617.380447	           -8.637200	           -0.497101	            0.000000	           -0.353926	           -0.010731	            0.287037	           -0.004063	            0.000000	            0.000000	            0.000000	           -1.190000	            0.000000	           -0.472067	            0.000000	            0.000000	            0.000000
            0.815000	          -22.755987	          617.351285	           -8.851532	           -0.496778	            0.000000	           -0.353868	           -0.009856	            0.269051	           -0.003912	            0.000000	            0.000000	            0.000000	           -1.190000	            0.000000	           -0.472067	            0.000000	            0.000000	            0.000000
            0.816000	          -22.278285	          617.354214	           -9.056363	           -0.496460	            0.000000	           -0.353816	           -0.009052	            0.252178	           -0.003759	            0.000000	            0.000000	            0.000000	           -1.190000	            0.000000	           -0.472067	            0.000000	            0.000000	            0.000000
            0.817000	          -21.798537	          617.387300	           -9.250711	           -0.496146	            0.000000	           -0.353773	           -0.008316	            0.236442	           -0.003605	            0.000000	            0.000000	            0.000000	           -1.190000	            0.000000	           -0.472067	            0.000000	            0.000000	            0.000000
            0.818000	          -21.316686	          617.448643	           -9.433701	           -0.495830	            0.000000	           -0.353738	           -0.007647	            0.221872	           -0.003453	            0.000000	            0.000000	            0.000000	           -1.190000	            0.000000	           -0.472067	            0.000000	            0.000000	            0.000000
            0.819000	          -20.832694	          617.536413	           -9.604568	           -0.495509	            0.000000	           -0.353710	           -0.007040	            0.208503	           -0.003306	            0.000000	            0.000000	            0.000000	           -1.190000	            0.000000	           -0.472067	            0.000000	            0.000000	            0.000000
            0.820000	          -20.346540	          617.648893	           -9.762653	           -0.495183	            0.000000	           -0.353682	           -0.006494	            0.196375	           -0.003165	            0.000000	            0.000000	            0.000000	           -1.190000	            0.000000	           -0.472067	            0.000000	            0.000000	            0.000000
            0.821000	          -19.858221	          617.784497	           -9.907407	           -0.494853	            0.000000	           -0.353650	           -0.006007	            0.185537	           -0.003034	            0.000000	            0.000000	            0.000000	           -1.190000	            0.000000	           -0.472067	            0.000000	            0.000000	            0.000000
            0.822000	          -19.367755	          617.941793	          -10.038387	           -0.494518	            0.000000	           -0.353609	           -0.005576	            0.176040	           -0.002914	            0.000000	            0.000000	            0.000000	           -1.190000	            0.000000	           -0.472067	            0.000000	            0.000000	            0.000000
            0.823000	          -18.875173	          618.119510	          -10.155259	           -0.494181	            0.000000	           -0.353560	           -0.005198	            0.167939	           -0.002809	            0.000000	            0.000000	            0.000000	           -1.190000	            0.000000	           -0.472067	            0.000000	            0.000000	            0.000000
            0.824000	          -18.380522	          618.316541	          -10.257793	           -0.493841	            0.000000	           -0.353500	           -0.004871	            0.161288	           -0.002721	            0.000000	            0.000000	            0.000000	           -1.190000	            0.000000	           -0.472067	            0.000000	            0.000000	            0.000000
            0.825000	          -17.883865	          618.531937	          -10.345872	           -0.493499	            0.000000	           -0.353432	           -0.004594	            0.156137	           -0.002652	            0.000000	            0.000000	            0.000000	           -1.190000	            0.000000	           -0.472067	            0.000000	            0.000000	            0.000000
            0.826000	          -17.385274	          618.764908	          -10.419483	           -0.493158	            0.000000	           -0.353356	           -0.004362	            0.152527	           -0.002602	            0.000000	            0.000000	            0.000000	           -1.190000	            0.000000	           -0.472067	            0.000000	            0.000000	            0.000000
            0.827000	          -16.884834	          619.014806	          -10.478725	           -0.492823	            0.000000	           -0.353276	           -0.004174	            0.150489	           -0.002575	            0.000000	            0.000000	            0.000000	           -1.190000	            0.000000	           -0.472067	            0.000000	            0.000000	            0.000000
            0.828000	          -16.382640	          619.281121	          -10.523810	           -0.492496	            0.000000	           -0.353198	           -0.004027	            0.150040	           -0.002570	            0.000000	            0.000000	            0.000000	           -1.190000	            0.000000	           -0.472067	            0.000000	            0.000000	            0.000000
            0.829000	          -15.878795	          619.563471	          -10.555062	           -0.492174	            0.000000	           -0.353125	           -0.003918	            0.151179	           -0.002588	            0.000000	            0.000000	            0.000000	           -1.190000	            0.000000	           -0.472067	            0.000000	            0.000000	            0.000000
            0.830000	          -15.373411	          619.861586	          -10.572919	           -0.491854	            0.000000	           -0.353060	           -0.003842	            0.153891	           -0.002629	            0.000000	            0.000000	            0.000000	           -1.190000	            0.000000	           -0.472067	            0.000000	            0.000000	            0.000000
            0.831000	          -14.866611	          620.175302	          -10.577938	           -0.491536	            0.000000	           -0.353006	           -0.003797	            0.158141	           -0.002693	            0.000000	            0.000000	            0.000000	           -1.190000	            0.000000	           -0.472067	            0.000000	            0.000000	            0.000000
            0.832000	          -14.358522	          620.504549	          -10.570791	           -0.491221	            0.000000	           -0.352961	           -0.003778	            0.163876	           -0.002779	            0.000000	            0.000000	            0.000000	           -1.190000	            0.000000	           -0.472067	            0.000000	            0.000000	            0.000000
            0.833000	          -13.849278	          620.849340	          -10.552266	           -0.490910	            0.000000	           -0.352925	           -0.003781	            0.171029	           -0.002885	            0.000000	            0.000000	            0.000000	           -1.190000	            0.000000	           -0.472067	            0.000000	            0.000000	            0.000000
            0.834000	          -13.339018	          621.209759	          -10.523265	           -0.490602	            0.000000	           -0.352896	           -0.003801	            0.179514	           -0.003011	            0.000000	            0.000000	            0.000000	           -1.190000	            0.000000	           -0.472067	            0.000000	            0.000000	            0.000000
            0.835000	          -12.827881	          621.585950	          -10.484798	           -0.490291	            0.000000	           -0.352873	           -0.003836	            0.189233	           -0.003154	            0.000000	            0.000000	            0.000000	           -1.190000	            0.000000	           -0.472067	            0.000000	            0.000000	            0.000000
            0.836000	          -12.316007	          621.978106	          -10.437978	           -0.489976	            0.000000	           -0.352853	           -0.003879	            0.200077	           -0.003313	            0.000000	            0.000000	            0.000000	           -1.190000	            0.000000	           -0.472067	            0.000000	            0.000000	            0.000000
            0.837000	          -11.803528	          622.386452	          -10.384012	           -0.489658	            0.000000	           -0.352834	           -0.003927	            0.211926	           -0.003485	            0.000000	            0.000000	            0.000000	           -1.190000	            0.000000	           -0.472067	            0.000000	            0.000000	            0.000000
            0.838000	          -11.290566	          622.811240	          -10.324184	           -0.489339	            0.000000	           -0.352813	           -0.003975	            0.224651	           -0.003669	            0.000000	            0.000000	            0.000000	           -1.190000	            0.000000	           -0.472067	            0.000000	            0.000000	            0.000000
            0.839000	          -10.777229	          623.252735	          -10.259844	           -0.489029	            0.000000	           -0.352790	           -0.004019	            0.238121	           -0.003862	            0.000000	            0.000000	            0.000000	           -1.190000	            0.000000	           -0.472067	            0.000000	            0.000000	            0.000000
            0.840000	          -10.263602	          623.711207	          -10.192387	           -0.488732	            0.000000	           -0.352761	           -0.004055	            0.252200	           -0.004063	            0.000000	            0.000000	            0.000000	           -1.190000	            0.000000	           -0.472067	            0.000000	            0.000000	            0.000000
            0.841000	           -9.749746	          624.186921	          -10.123228	           -0.488450	            0.000000	           -0.352729	           -0.004080	            0.266755	           -0.004270	            0.000000	            0.000000	            0.000000	           -1.190000	            0.000000	           -0.472067	            0.000000	            0.000000	            0.000000
            0.842000	           -9.235696	          624.680141	          -10.053783	           -0.488181	            0.000000	           -0.352695	           -0.004089	            0.281657	           -0.004480	            0.000000	            0.000000	            0.000000	           -1.190000	            0.000000	           -0.472067	            0.000000	            0.000000	            0.000000
            0.843000	           -8.721456	          625.191121	           -9.985438	           -0.487925	            0.000000	           -0.352664	           -0.004080	            0.296781	           -0.004692	            0.000000	            0.000000	            0.000000	           -1.190000	            0.000000	           -0.472067	            0.000000	            0.000000	            0.000000
            0.844000	           -8.207001	          625.720109	           -9.919520	           -0.487678	            0.000000	           -0.352638	           -0.004050	            0.312017	           -0.004905	            0.000000	            0.000000	            0.000000	           -1.190000	            0.000000	           -0.472067	            0.000000	            0.000000	            0.000000
            0.845000	           -7.692283	          626.267356	           -9.857272	           -0.487434	            0.000000	           -0.352619	           -0.003997	            0.327264	           -0.005118	            0.000000	            0.000000	            0.000000	           -1.190000	            0.000000	           -0.472067	            0.000000	            0.000000	            0.000000
            0.846000	           -7.177234	          626.833117	           -9.799826	           -0.487187	            0.000000	           -0.352608	           -0.003918	            0.342440	           -0.005330	            0.000000	            0.000000	            0.000000	           -1.190000	            0.000000	           -0.472067	            0.000000	            0.000000	            0.000000
            0.847000	           -6.661773	          627.417666	           -9.748175	           -0.486934	            0.000000	           -0.352601	           -0.003812	            0.357478	           -0.005541	            0.000000	            0.000000	            0.000000	           -1.190000	            0.000000	           -0.472067	            0.000000	            0.000000	            0.000000
            0.848000	           -6.145819	          628.021306	           -9.703150	           -0.486674	            0.000000	           -0.352598	           -0.003678	            0.372329	           -0.005749	            0.000000	            0.000000	            0.000000	           -1.190000	            0.000000	           -0.472067	            0.000000	            0.000000	            0.000000
            0.849000	           -5.629294	          628.644382	           -9.665408	           -0.486407	            0.000000	           -0.352596	           -0.003516	            0.386964	           -0.005956	            0.000000	            0.000000	            0.000000	           -1.190000	            0.000000	           -0.472067	            0.000000	            0.000000	            0.000000
            0.850000	           -5.112138	          629.287296	           -9.635413	           -0.486136	            0.000000	           -0.352595	           -0.003324	            0.401368	           -0.006162	            0.000000	            0.000000	            0.000000	           -1.190000	            0.000000	           -0.472067	            0.000000	            0.000000	            0.000000
            0.851000	           -4.594315	          629.950521	           -9.613432	           -0.485863	            0.000000	           -0.352593	           -0.003104	            0.415545	           -0.006366	            0.000000	            0.000000	            0.000000	           -1.190000	            0.000000	           -0.472067	            0.000000	            0.000000	            0.000000
            0.852000	           -4.075819	          630.634611	           -9.599536	           -0.485594	            0.000000	           -0.352587	           -0.002855	            0.429510	           -0.006570	            0.000000	            0.000000	            0.000000	           -1.190000	            0.000000	           -0.472067	            0.000000	            0.000000	            0.000000
            0.853000	           -3.556674	          631.340214	           -9.593605	           -0.485333	            0.000000	           -0.352574	           -0.002577	            0.443288	           -0.006774	            0.000000	            0.000000	            0.000000	           -1.190000	            0.000000	           -0.472067	            0.000000	            0.000000	            0.000000
            0.854000	           -3.036939	          632.068076	           -9.595339	           -0.485081	            0.000000	           -0.352553	           -0.002273	            0.456911	           -0.006978	            0.000000	            0.000000	            0.000000	           -1.190000	            0.000000	           -0.472067	            0.000000	            0.000000	            0.000000
            0.855000	           -2.516700	          632.819041	           -9.604277	           -0.484837	            0.000000	           -0.352522	           -0.001943	            0.470414	           -0.007184	            0.000000	            0.000000	            0.000000	           -1.190000	            0.000000	           -0.472067	            0.000000	            0.000000	            0.000000
            0.856000	           -1.996062	          633.594046	           -9.619826	           -0.484597	            0.000000	           -0.352483	           -0.001588	            0.483832	           -0.007391	            0.000000	            0.000000	            0.000000	           -1.190000	            0.000000	           -0.472067	            0.000000	            0.000000	            0.000000
            0.857000	           -1.475144	          634.394104	           -9.641280	           -0.484356	            0.000000	           -0.352439	           -0.001208	            0.497198	           -0.007601	            0.000000	            0.000000	            0.000000	           -1.190000	            0.000000	           -0.472067	            0.000000	            0.000000	            0.000000
            0.858000	           -0.954057	          635.220286	           -9.667859	           -0.484114	            0.000000	           -0.352393	           -0.000807	            0.510536	           -0.007812	            0.000000	            0.000000	            0.000000	           -1.190000	            0.000000	           -0.472067	            0.000000	            0.000000	            0.000000
            0.859000	           -0.432900	          636.073690	           -9.698737	           -0.483871	            0.000000	           -0.352348	           -0.000384	            0.523865	           -0.008026	            0.000000	            0.000000	            0.000000	           -1.190000	            0.000000	           -0.472067	            0.000000	            0.000000	            0.000000
            0.860000	            0.088263	          636.955404	           -9.733081	           -0.483631	            0.000000	           -0.352306	            0.000060	            0.537195	           -0.008241	            0.000000	            0.000000	            0.000000	           -1.190000	            0.000000	           -0.472067	            0.000000	            0.000000	            0.000000
            0.861000	            0.609417	          637.866463	           -9.770082	           -0.483399	            0.000000	           -0.352269	            0.000523	            0.550522	           -0.008458	            0.000000	            0.000000	            0.000000	           -1.190000	            0.000000	           -0.472067	            0.000000	            0.000000	            0.000000
            0.862000	            1.130606	          638.807807	           -9.808987	           -0.483178	            0.000000	           -0.352238	            0.001005	            0.563835	           -0.008676	            0.000000	            0.000000	            0.000000	           -1.190000	            0.000000	           -0.472067	            0.000000	            0.000000	            0.000000
            0.863000	            1.651947	          639.780231	           -9.849130	           -0.482973	            0.000000	           -0.352210	            0.001505	            0.577112	           -0.008895	            0.000000	            0.000000	            0.000000	           -1.190000	            0.000000	           -0.472067	            0.000000	            0.000000	            0.000000
            0.864000	            2.173638	          640.784339	           -9.889957	           -0.482782	            0.000000	           -0.352185	            0.002022	            0.590321	           -0.009113	            0.000000	            0.000000	            0.000000	           -1.190000	            0.000000	           -0.472067	            0.000000	            0.000000	            0.000000
            0.865000	            2.695963	          641.820497	           -9.931049	           -0.482603	            0.000000	           -0.352163	            0.002556	            0.603421	           -0.009330	            0.000000	            0.000000	            0.000000	           -1.190000	            0.000000	           -0.472067	            0.000000	            0.000000	            0.000000
            0.866000	            3.219294	          642.888802	           -9.972137	           -0.482429	            0.000000	           -0.352142	            0.003108	            0.616366	           -0.009546	            0.000000	            0.000000	            0.000000	           -1.190000	            0.000000	           -0.472067	            0.000000	            0.000000	            0.000000
            0.867000	            3.744085	          643.989043	          -10.013117	           -0.482257	            0.000000	           -0.352121	            0.003676	            0.629105	           -0.009760	            0.000000	            0.000000	            0.000000	           -1.190000	            0.000000	           -0.472067	            0.000000	            0.000000	            0.000000
            0.868000	            4.270867	          645.120686	          -10.054050	           -0.482088	            0.000000	           -0.352100	            0.004261	            0.641584	           -0.009970	            0.000000	            0.000000	            0.000000	           -1.190000	            0.000000	           -0.472067	            0.000000	            0.000000	            0.000000
            0.869000	            4.800236	          646.282862	          -10.095167	           -0.481922	            0.000000	           -0.352078	            0.004863	            0.653748	           -0.010178	            0.000000	            0.000000	            0.000000	           -1.190000	            0.000000	           -0.472067	            0.000000	            0.000000	            0.000000
            0.870000	            5.332836	          647.474366	          -10.136865	           -0.481761	            0.000000	           -0.352053	            0.005483	            0.665542	           -0.010383	            0.000000	            0.000000	            0.000000	           -1.190000	            0.000000	           -0.472067	            0.000000	            0.000000	            0.000000
            0.871000	            5.869345	          648.693677	          -10.179693	           -0.481605	            0.000000	           -0.352026	            0.006119	            0.676916	           -0.010584	            0.000000	            0.000000	            0.000000	           -1.190000	            0.000000	           -0.472067	            0.000000	            0.000000	            0.000000
            0.872000	            6.410450	          649.938979	          -10.224340	           -0.481452	            0.000000	           -0.351996	            0.006773	            0.687821	           -0.010781	            0.000000	            0.000000	            0.000000	           -1.190000	            0.000000	           -0.472067	            0.000000	            0.000000	            0.000000
            0.873000	            6.956833	          651.208205	          -10.271615	           -0.481298	            0.000000	           -0.351963	            0.007443	            0.698216	           -0.010976	            0.000000	            0.000000	            0.000000	           -1.190000	            0.000000	           -0.472067	            0.000000	            0.000000	            0.000000
            0.874000	            7.509144	          652.499082	          -10.322426	           -0.481143	            0.000000	           -0.351929	            0.008131	            0.708063	           -0.011168	            0.000000	            0.000000	            0.000000	           -1.190000	            0.000000	           -0.472067	            0.000000	            0.000000	            0.000000
            0.875000	            8.067985	          653.809193	          -10.377748	           -0.480985	            0.000000	           -0.351895	            0.008835	            0.717330	           -0.011359	            0.000000	            0.000000	            0.000000	           -1.190000	            0.000000	           -0.472067	            0.000000	            0.000000	            0.000000
            0.876000	            8.633892	          655.136043	          -10.438603	           -0.480827	            0.000000	           -0.351865	            0.009555	            0.725992	           -0.011547	            0.000000	            0.000000	            0.000000	           -1.190000	            0.000000	           -0.472067	            0.000000	            0.000000	            0.000000
            0.877000	            9.207317	          656.477126	          -10.506022	           -0.480670	            0.000000	           -0.351841	            0.010290	            0.734027	           -0.011736	            0.000000	            0.000000	            0.000000	           -1.190000	            0.000000	           -0.472067	            0.000000	            0.000000	            0.000000
            0.878000	            9.788621	          657.830000	          -10.581018	           -0.480514	            0.000000	           -0.351825	            0.011037	            0.741417	           -0.011923	            0.000000	            0.000000	            0.000000	           -1.190000	            0.000000	           -0.472067	            0.000000	            0.000000	            0.000000
            0.879000	           10.378060	          659.192360	          -10.664555	           -0.480359	            0.000000	           -0.351817	            0.011796	            0.748146	           -0.012112	            0.000000	            0.000000	            0.000000	           -1.190000	            0.000000	           -0.472067	            0.000000	            0.000000	            0.000000
            0.880000	           10.975785	          660.562102	          -10.757519	           -0.480201	            0.000000	           -0.351815	            0.012564	            0.754200	           -0.012301	            0.000000	            0.000000	            0.000000	           -1.190000	            0.000000	           -0.472067	            0.000000	            0.000000	            0.000000
            0.881000	           11.581836	          661.937384	          -10.860696	           -0.480039	            0.000000	           -0.351816	            0.013338	            0.759562	           -0.012491	            0.000000	            0.000000	            0.000000	           -1.190000	            0.000000	           -0.472067	            0.000000	            0.000000	            0.000000
            0.882000	           12.196150	          663.316682	          -10.974747	           -0.479871	            0.000000	           -0.351818	            0.014115	            0.764214	           -0.012682	            0.000000	            0.000000	            0.000000	           -1.190000	            0.000000	           -0.472067	            0.000000	            0.000000	            0.000000
            0.883000	           12.818560	          664.698825	          -11.100194	           -0.479699	            0.000000	           -0.351818	            0.014891	            0.768137	           -0.012873	            0.000000	            0.000000	            0.000000	           -1.190000	            0.000000	           -0.472067	            0.000000	            0.000000	            0.000000
            0.884000	           13.448807	          666.083029	          -11.237407	           -0.479529	            0.000000	           -0.351815	            0.015664	            0.771304	           -0.013064	            0.000000	            0.000000	            0.000000	           -1.190000	            0.000000	           -0.472067	            0.000000	            0.000000	            0.000000
            0.885000	           14.086546	          667.468905	          -11.386600	           -0.479362	            0.000000	           -0.351809	            0.016428	            0.773688	           -0.013254	            0.000000	            0.000000	            0.000000	           -1.190000	            0.000000	           -0.472067	            0.000000	            0.000000	            0.000000
            0.886000	           14.731365	          668.856469	          -11.547831	           -0.479200	            0.000000	           -0.351804	            0.017179	            0.775256	           -0.013442	            0.000000	            0.000000	            0.000000	           -1.190000	            0.000000	           -0.472067	            0.000000	            0.000000	            0.000000
            0.887000	           15.382788	          670.246125	          -11.721005	           -0.479043	            0.000000	           -0.351801	            0.017912	            0.775974	           -0.013626	            0.000000	            0.000000	            0.000000	           -1.190000	            0.000000	           -0.472067	            0.000000	            0.000000	            0.000000
            0.888000	           16.040297	          671.638640	          -11.905881	           -0.478889	            0.000000	           -0.351803	            0.018624	            0.775811	           -0.013804	            0.000000	            0.000000	            0.000000	           -1.190000	            0.000000	           -0.472067	            0.000000	            0.000000	            0.000000
            0.889000	           16.703342	          673.035111	          -12.102089	           -0.478737	            0.000000	           -0.351810	            0.019311	            0.774737	           -0.013975	            0.000000	            0.000000	            0.000000	           -1.190000	            0.000000	           -0.472067	            0.000000	            0.000000	            0.000000
            0.890000	           17.371355	          674.436922	          -12.309138	           -0.478587	            0.000000	           -0.351819	            0.019968	            0.772734	           -0.014138	            0.000000	            0.000000	            0.000000	           -1.190000	            0.000000	           -0.472067	            0.000000	            0.000000	            0.000000
            0.891000	           18.043766	          675.845687	          -12.526440	           -0.478437	            0.000000	           -0.351826	            0.020593	            0.769792	           -0.014290	            0.000000	            0.000000	            0.000000	           -1.190000	            0.000000	           -0.472067	            0.000000	            0.000000	            0.000000
            0.892000	           18.720012	          677.263196	          -12.753323	           -0.478289	            0.000000	           -0.351827	            0.021184	            0.765921	           -0.014432	            0.000000	            0.000000	            0.000000	           -1.190000	            0.000000	           -0.472067	            0.000000	            0.000000	            0.000000
            0.893000	           19.399552	          678.691355	          -12.989053	           -0.478142	            0.000000	           -0.351820	            0.021739	            0.761150	           -0.014561	            0.000000	            0.000000	            0.000000	           -1.190000	            0.000000	           -0.472067	            0.000000	            0.000000	            0.000000
            0.894000	           20.081878	          680.132126	          -13.232850	           -0.477996	            0.000000	           -0.351801	            0.022259	            0.755531	           -0.014678	            0.000000	            0.000000	            0.000000	           -1.190000	            0.000000	           -0.472067	            0.000000	            0.000000	            0.000000
            0.895000	           20.766521	          681.587464	          -13.483909	           -0.477850	            0.000000	           -0.351771	            0.022744	            0.749142	           -0.014784	            0.000000	            0.000000	            0.000000	           -1.190000	            0.000000	           -0.472067	            0.000000	            0.000000	            0.000000
            0.896000	           21.453059	          683.059267	          -13.741415	           -0.477703	            0.000000	           -0.351734	            0.023197	            0.742085	           -0.014879	            0.000000	            0.000000	            0.000000	           -1.190000	            0.000000	           -0.472067	            0.000000	            0.000000	            0.000000
            0.897000	           22.141125	          684.549319	          -14.004560	           -0.477556	            0.000000	           -0.351693	            0.023622	            0.734490	           -0.014965	            0.000000	            0.000000	            0.000000	           -1.190000	            0.000000	           -0.472067	            0.000000	            0.000000	            0.000000
            0.898000	           22.830413	          686.059246	          -14.272559	           -0.477410	            0.000000	           -0.351652	            0.024023	            0.726506	           -0.015043	            0.000000	            0.000000	            0.000000	           -1.190000	            0.000000	           -0.472067	            0.000000	            0.000000	            0.000000
            0.899000	           23.520677	          687.590476	          -14.544659	           -0.477270	            0.000000	           -0.351611	            0.024406	            0.718302	           -0.015118	            0.000000	            0.000000	            0.000000	           -1.190000	            0.000000	           -0.472067	            0.000000	            0.000000	            0.000000
            0.900000	           24.211740	          689.144203	          -14.820150	           -0.477138	            0.000000	           -0.351571	            0.024776	            0.710059	           -0.015192	            0.000000	            0.000000	            0.000000	           -1.190000	            0.000000	           -0.472067	            0.000000	            0.000000	            0.000000
            0.901000	           24.903497	          690.721361	          -15.098376	           -0.477013	            0.000000	           -0.351532	            0.025142	            0.701966	           -0.015267	            0.000000	            0.000000	            0.000000	           -1.190000	            0.000000	           -0.472067	            0.000000	            0.000000	            0.000000
            0.902000	           25.595918	          692.322604	          -15.378737	           -0.476894	            0.000000	           -0.351493	            0.025510	            0.694209	           -0.015349	            0.000000	            0.000000	            0.000000	           -1.190000	            0.000000	           -0.472067	            0.000000	            0.000000	            0.000000
            0.903000	           26.289057	          693.948288	          -15.660695	           -0.476775	            0.000000	           -0.351453	            0.025888	            0.686968	           -0.015440	            0.000000	            0.000000	            0.000000	           -1.190000	            0.000000	           -0.472067	            0.000000	            0.000000	            0.000000
            0.904000	           26.983054	          695.598469	          -15.943775	           -0.476655	            0.000000	           -0.351412	            0.026282	            0.680408	           -0.015544	            0.000000	            0.000000	            0.000000	           -1.190000	            0.000000	           -0.472067	            0.000000	            0.000000	            0.000000
            0.905000	           27.678143	          697.272897	          -16.227566	           -0.476532	            0.000000	           -0.351371	            0.026699	            0.674671	           -0.015663	            0.000000	            0.000000	            0.000000	           -1.190000	            0.000000	           -0.472067	            0.000000	            0.000000	            0.000000
            0.906000	           28.374661	          698.971025	          -16.511717	           -0.476405	            0.000000	           -0.351333	            0.027145	            0.669875	           -0.015801	            0.000000	            0.000000	            0.000000	           -1.190000	            0.000000	           -0.472067	            0.000000	            0.000000	            0.000000
            0.907000	           29.073047	          700.692015	          -16.795937	           -0.476275	            0.000000	           -0.351298	            0.027624	            0.666107	           -0.015959	            0.000000	            0.000000	            0.000000	           -1.190000	            0.000000	           -0.472067	            0.000000	            0.000000	            0.000000
            0.908000	           29.773850	          702.434760	          -17.079986	           -0.476141	            0.000000	           -0.351266	            0.028140	            0.663423	           -0.016138	            0.000000	            0.000000	            0.000000	           -1.190000	            0.000000	           -0.472067	            0.000000	            0.000000	            0.000000
            0.909000	           30.477726	          704.197902	          -17.363673	           -0.476000	            0.000000	           -0.351236	            0.028697	            0.661847	           -0.016341	            0.000000	            0.000000	            0.000000	           -1.190000	            0.000000	           -0.472067	            0.000000	            0.000000	            0.000000
            0.910000	           31.185433	          705.979863	          -17.646844	           -0.475850	            0.000000	           -0.351207	            0.029296	            0.661372	           -0.016566	            0.000000	            0.000000	            0.000000	           -1.190000	            0.000000	           -0.472067	            0.000000	            0.000000	            0.000000
            0.911000	           31.897824	          707.778871	          -17.929377	           -0.475686	            0.000000	           -0.351179	            0.029937	            0.661963	           -0.016813	            0.000000	            0.000000	            0.000000	           -1.190000	            0.000000	           -0.472067	            0.000000	            0.000000	            0.000000
            0.912000	           32.615834	          709.592999	          -18.211170	           -0.475510	            0.000000	           -0.351152	            0.030622	            0.663562	           -0.017082	            0.000000	            0.000000	            0.000000	           -1.190000	            0.000000	           -0.472067	            0.000000	            0.000000	            0.000000
            0.913000	           33.340458	          711.420201	          -18.492135	           -0.475323	            0.000000	           -0.351127	            0.031350	            0.666091	           -0.017372	            0.000000	            0.000000	            0.000000	           -1.190000	            0.000000	           -0.472067	            0.000000	            0.000000	            0.000000
            0.914000	           34.072730	          713.258349	          -18.772185	           -0.475130	            0.000000	           -0.351104	            0.032119	            0.669459	           -0.017680	            0.000000	            0.000000	            0.000000	           -1.190000	            0.000000	           -0.472067	            0.000000	            0.000000	            0.000000
            0.915000	           34.813694	          715.105277	          -19.051228	           -0.474935	            0.000000	           -0.351082	            0.032929	            0.673564	           -0.018004	            0.000000	            0.000000	            0.000000	           -1.190000	            0.000000	           -0.472067	            0.000000	            0.000000	            0.000000
            0.916000	           35.564377	          716.958821	          -19.329159	           -0.474743	            0.000000	           -0.351062	            0.033777	            0.678302	           -0.018344	            0.000000	            0.000000	            0.000000	           -1.190000	            0.000000	           -0.472067	            0.000000	            0.000000	            0.000000
            0.917000	           36.325757	          718.816860	          -19.605854	           -0.474558	            0.000000	           -0.351041	            0.034663	            0.683568	           -0.018697	            0.000000	            0.000000	            0.000000	           -1.190000	            0.000000	           -0.472067	            0.000000	            0.000000	            0.000000
            0.918000	           37.098731	          720.677357	          -19.881169	           -0.474385	            0.000000	           -0.351018	            0.035584	            0.689260	           -0.019060	            0.000000	            0.000000	            0.000000	           -1.190000	            0.000000	           -0.472067	            0.000000	            0.000000	            0.000000
            0.919000	           37.884089	          722.538400	          -20.154936	           -0.474230	            0.000000	           -0.350990	            0.036538	            0.695286	           -0.019432	            0.000000	            0.000000	            0.000000	           -1.190000	            0.000000	           -0.472067	            0.000000	            0.000000	            0.000000
            0.920000	           38.682489	          724.398237	          -20.426968	           -0.474092	            0.000000	           -0.350956	            0.037524	            0.701559	           -0.019811	            0.000000	            0.000000	            0.000000	           -1.190000	            0.000000	           -0.472067	            0.000000	            0.000000	            0.000000
            0.921000	           39.494437	          726.255319	          -20.697058	           -0.473966	            0.000000	           -0.350914	            0.038541	            0.708003	           -0.020196	            0.000000	            0.000000	            0.000000	           -1.190000	            0.000000	           -0.472067	            0.000000	            0.000000	            0.000000
            0.922000	           40.320275	          728.108323	          -20.964992	           -0.473848	            0.000000	           -0.350862	            0.039586	            0.714552	           -0.020585	            0.000000	            0.000000	            0.000000	           -1.190000	            0.000000	           -0.472067	            0.000000	            0.000000	            0.000000
            0.923000	           41.160175	          729.956188	          -21.230551	           -0.473732	            0.000000	           -0.350801	            0.040659	            0.721150	           -0.020976	            0.000000	            0.000000	            0.000000	           -1.190000	            0.000000	           -0.472067	            0.000000	            0.000000	            0.000000
            0.924000	           42.014137	          731.798130	          -21.493523	           -0.473616	            0.000000	           -0.350736	            0.041757	            0.727749	           -0.021368	            0.000000	            0.000000	            0.000000	           -1.190000	            0.000000	           -0.472067	            0.000000	            0.000000	            0.000000
            0.925000	           42.881999	          733.633658	          -21.753709	           -0.473497	            0.000000	           -0.350671	            0.042879	            0.734306	           -0.021760	            0.000000	            0.000000	            0.000000	           -1.190000	            0.000000	           -0.472067	            0.000000	            0.000000	            0.000000
            0.926000	           43.763451	          735.462578	          -22.010938	           -0.473375	            0.000000	           -0.350611	            0.044023	            0.740787	           -0.022151	            0.000000	            0.000000	            0.000000	           -1.190000	            0.000000	           -0.472067	            0.000000	            0.000000	            0.000000
            0.927000	           44.658054	          737.284987	          -22.265070	           -0.473249	            0.000000	           -0.350560	            0.045187	            0.747160	           -0.022539	            0.000000	            0.000000	            0.000000	           -1.190000	            0.000000	           -0.472067	            0.000000	            0.000000	            0.000000
            0.928000	           45.565261	          739.101257	          -22.516001	           -0.473121	            0.000000	           -0.350517	            0.046368	            0.753394	           -0.022924	            0.000000	            0.000000	            0.000000	           -1.190000	            0.000000	           -0.472067	            0.000000	            0.000000	            0.000000
            0.929000	           46.484445	          740.912004	          -22.763673	           -0.472993	            0.000000	           -0.350482	            0.047564	            0.759461	           -0.023304	            0.000000	            0.000000	            0.000000	           -1.190000	            0.000000	           -0.472067	            0.000000	            0.000000	            0.000000
            0.930000	           47.414927	          742.718052	          -23.008074	           -0.472864	            0.000000	           -0.350455	            0.048771	            0.765333	           -0.023678	            0.000000	            0.000000	            0.000000	           -1.190000	            0.000000	           -0.472067	            0.000000	            0.000000	            0.000000
            0.931000	           48.355997	          744.520379	          -23.249232	           -0.472737	            0.000000	           -0.350434	            0.049987	            0.770984	           -0.024045	            0.000000	            0.000000	            0.000000	           -1.190000	            0.000000	           -0.472067	            0.000000	            0.000000	            0.000000
            0.932000	           49.306946	          746.320065	          -23.487222	           -0.472614	            0.000000	           -0.350416	            0.051208	            0.776388	           -0.024404	            0.000000	            0.000000	            0.000000	           -1.190000	            0.000000	           -0.472067	            0.000000	            0.000000	            0.000000
            0.933000	           50.267085	          748.118223	          -23.722153	           -0.472495	            0.000000	           -0.350398	            0.052432	            0.781520	           -0.024753	            0.000000	            0.000000	            0.000000	           -1.190000	            0.000000	           -0.472067	            0.000000	            0.000000	            0.000000
            0.934000	           51.235763	          749.915934	          -23.954165	           -0.472378	            0.000000	           -0.350377	            0.053654	            0.786358	           -0.025093	            0.000000	            0.000000	            0.000000	           -1.190000	            0.000000	           -0.472067	            0.000000	            0.000000	            0.000000
            0.935000	           52.212380	          751.714182	          -24.183424	           -0.472260	            0.000000	           -0.350352	            0.054872	            0.790885	           -0.025422	            0.000000	            0.000000	            0.000000	           -1.190000	            0.000000	           -0.472067	            0.000000	            0.000000	            0.000000
            0.936000	           53.196403	          753.513789	          -24.410108	           -0.472134	            0.000000	           -0.350321	            0.056084	            0.795085	           -0.025739	            0.000000	            0.000000	            0.000000	           -1.190000	            0.000000	           -0.472067	            0.000000	            0.000000	            0.000000
            0.937000	           54.187363	          755.315361	          -24.634406	           -0.471999	            0.000000	           -0.350286	            0.057287	            0.798948	           -0.026045	            0.000000	            0.000000	            0.000000	           -1.190000	            0.000000	           -0.472067	            0.000000	            0.000000	            0.000000
            0.938000	           55.184860	          757.119245	          -24.856505	           -0.471860	            0.000000	           -0.350247	            0.058478	            0.802466	           -0.026337	            0.000000	            0.000000	            0.000000	           -1.190000	            0.000000	           -0.472067	            0.000000	            0.000000	            0.000000
            0.939000	           56.188560	          758.925501	          -25.076587	           -0.471720	            0.000000	           -0.350208	            0.059655	            0.805635	           -0.026617	            0.000000	            0.000000	            0.000000	           -1.190000	            0.000000	           -0.472067	            0.000000	            0.000000	            0.000000
            0.940000	           57.198182	          760.733887	          -25.294820	           -0.471585	            0.000000	           -0.350167	            0.060815	            0.808452	           -0.026884	            0.000000	            0.000000	            0.000000	           -1.190000	            0.000000	           -0.472067	            0.000000	            0.000000	            0.000000
            0.941000	           58.213491	          762.543870	          -25.511359	           -0.471457	            0.000000	           -0.350126	            0.061958	            0.810915	           -0.027137	            0.000000	            0.000000	            0.000000	           -1.190000	            0.000000	           -0.472067	            0.000000	            0.000000	            0.000000
            0.942000	           59.234283	          764.354648	          -25.726342	           -0.471337	            0.000000	           -0.350083	            0.063079	            0.813019	           -0.027377	            0.000000	            0.000000	            0.000000	           -1.190000	            0.000000	           -0.472067	            0.000000	            0.000000	            0.000000
            0.943000	           60.260371	          766.165195	          -25.939885	           -0.471222	            0.000000	           -0.350039	            0.064176	            0.814757	           -0.027602	            0.000000	            0.000000	            0.000000	           -1.190000	            0.000000	           -0.472067	            0.000000	            0.000000	            0.000000
            0.944000	           61.291566	          767.974319	          -26.152090	           -0.471112	            0.000000	           -0.349992	            0.065246	            0.816118	           -0.027813	            0.000000	            0.000000	            0.000000	           -1.190000	            0.000000	           -0.472067	            0.000000	            0.000000	            0.000000
            0.945000	           62.327668	          769.780730	          -26.363043	           -0.471006	            0.000000	           -0.349945	            0.066285	            0.817086	           -0.028008	            0.000000	            0.000000	            0.000000	           -1.190000	            0.000000	           -0.472067	            0.000000	            0.000000	            0.000000
            0.946000	           63.368444	          771.583122	          -26.572822	           -0.470900	            0.000000	           -0.349897	            0.067287	            0.817637	           -0.028186	            0.000000	            0.000000	            0.000000	           -1.190000	            0.000000	           -0.472067	            0.000000	            0.000000	            0.000000
            0.947000	           64.413623	          773.380254	          -26.781496	           -0.470792	            0.000000	           -0.349852	            0.068249	            0.817745	           -0.028347	            0.000000	            0.000000	            0.000000	           -1.190000	            0.000000	           -0.472067	            0.000000	            0.000000	            0.000000
            0.948000	           65.462883	          775.171032	          -26.989134	           -0.470679	            0.000000	           -0.349809	            0.069164	            0.817378	           -0.028488	            0.000000	            0.000000	            0.000000	           -1.190000	            0.000000	           -0.472067	            0.000000	            0.000000	            0.000000
            0.949000	           66.515846	          776.954588	          -27.195808	           -0.470557	            0.000000	           -0.349771	            0.070029	            0.816505	           -0.028608	            0.000000	            0.000000	            0.000000	           -1.190000	            0.000000	           -0.472067	            0.000000	            0.000000	            0.000000
            0.950000	           67.572077	          778.730347	          -27.401598	           -0.470427	            0.000000	           -0.349737	            0.070837	            0.815093	           -0.028706	            0.000000	            0.000000	            0.000000	           -1.190000	            0.000000	           -0.472067	            0.000000	            0.000000	            0.000000
            0.951000	           68.631082	          780.498086	          -27.606594	           -0.470290	            0.000000	           -0.349706	            0.071585	            0.813117	           -0.028782	            0.000000	            0.000000	            0.000000	           -1.190000	            0.000000	           -0.472067	            0.000000	            0.000000	            0.000000
            0.952000	           69.692316	          782.257976	          -27.810895	           -0.470145	            0.000000	           -0.349677	            0.072270	            0.810559	           -0.028834	            0.000000	            0.000000	            0.000000	           -1.190000	            0.000000	           -0.472067	            0.000000	            0.000000	            0.000000
            0.953000	           70.755191	          784.010613	          -28.014612	           -0.469994	            0.000000	           -0.349650	            0.072888	            0.807414	           -0.028862	            0.000000	            0.000000	            0.000000	           -1.190000	            0.000000	           -0.472067	            0.000000	            0.000000	            0.000000
            0.954000	           71.819087	          785.757031	          -28.217859	           -0.469835	            0.000000	           -0.349626	            0.073441	            0.803692	           -0.028867	            0.000000	            0.000000	            0.000000	           -1.190000	            0.000000	           -0.472067	            0.000000	            0.000000	            0.000000
            0.955000	           72.883367	          787.498697	          -28.420753	           -0.469672	            0.000000	           -0.349605	            0.073929	            0.799421	           -0.028849	            0.000000	            0.000000	            0.000000	           -1.190000	            0.000000	           -0.472067	            0.000000	            0.000000	            0.000000
            0.956000	           73.947393	          789.237496	          -28.623403	           -0.469507	            0.000000	           -0.349585	            0.074358	            0.794648	           -0.028810	            0.000000	            0.000000	            0.000000	           -1.190000	            0.000000	           -0.472067	            0.000000	            0.000000	            0.000000
            0.957000	           75.010545	          790.975700	          -28.825905	           -0.469343	            0.000000	           -0.349566	            0.074731	            0.789440	           -0.028754	            0.000000	            0.000000	            0.000000	           -1.190000	            0.000000	           -0.472067	            0.000000	            0.000000	            0.000000
            0.958000	           76.072235	          792.715917	          -29.028331	           -0.469180	            0.000000	           -0.349546	            0.075058	            0.783882	           -0.028682	            0.000000	            0.000000	            0.000000	           -1.190000	            0.000000	           -0.472067	            0.000000	            0.000000	            0.000000
            0.959000	           77.131931	          794.461039	          -29.230724	           -0.469020	            0.000000	           -0.349524	            0.075349	            0.778074	           -0.028599	            0.000000	            0.000000	            0.000000	           -1.190000	            0.000000	           -0.472067	            0.000000	            0.000000	            0.000000
            0.960000	           78.189170	          796.214173	          -29.433090	           -0.468863	            0.000000	           -0.349502	            0.075613	            0.772128	           -0.028510	            0.000000	            0.000000	            0.000000	           -1.190000	            0.000000	           -0.472067	            0.000000	            0.000000	            0.000000
            0.961000	           79.243576	          797.978562	          -29.635396	           -0.468713	            0.000000	           -0.349478	            0.075864	            0.766164	           -0.028418	            0.000000	            0.000000	            0.000000	           -1.190000	            0.000000	           -0.472067	            0.000000	            0.000000	            0.000000
            0.962000	           80.294874	          799.757502	          -29.837567	           -0.468572	            0.000000	           -0.349454	            0.076113	            0.760301	           -0.028327	            0.000000	            0.000000	            0.000000	           -1.190000	            0.000000	           -0.472067	            0.000000	            0.000000	            0.000000
            0.963000	           81.342905	          801.554259	          -30.039487	           -0.468439	            0.000000	           -0.349430	            0.076372	            0.754658	           -0.028243	            0.000000	            0.000000	            0.000000	           -1.190000	            0.000000	           -0.472067	            0.000000	            0.000000	            0.000000
            0.964000	           82.387633	          803.371973	          -30.241012	           -0.468312	            0.000000	           -0.349406	            0.076653	            0.749341	           -0.028170	            0.000000	            0.000000	            0.000000	           -1.190000	            0.000000	           -0.472067	            0.000000	            0.000000	            0.000000
            0.965000	           83.429157	          805.213576	          -30.441973	           -0.468188	            0.000000	           -0.349383	            0.076966	            0.744443	           -0.028110	            0.000000	            0.000000	            0.000000	           -1.190000	            0.000000	           -0.472067	            0.000000	            0.000000	            0.000000
            0.966000	           84.467718	          807.081703	          -30.642193	           -0.468065	            0.000000	           -0.349358	            0.077318	            0.740035	           -0.028066	            0.000000	            0.000000	            0.000000	           -1.190000	            0.000000	           -0.472067	            0.000000	            0.000000	            0.000000
            0.967000	           85.503697	          808.978617	          -30.841501	           -0.467942	            0.000000	           -0.349330	            0.077715	            0.736166	           -0.028040	            0.000000	            0.000000	            0.000000	           -1.190000	            0.000000	           -0.472067	            0.000000	            0.000000	            0.000000
            0.968000	           86.537621	          810.906141	          -31.039753	           -0.467816	            0.000000	           -0.349299	            0.078160	            0.732856	           -0.028032	            0.000000	            0.000000	            0.000000	           -1.190000	            0.000000	           -0.472067	            0.000000	            0.000000	            0.000000
            0.969000	           87.570160	          812.865598	          -31.236848	           -0.467686	            0.000000	           -0.349266	            0.078651	            0.730097	           -0.028043	            0.000000	            0.000000	            0.000000	           -1.190000	            0.000000	           -0.472067	            0.000000	            0.000000	            0.000000
            0.970000	           88.602116	          814.857773	          -31.432750	           -0.467550	            0.000000	           -0.349231	            0.079186	            0.727848	           -0.028070	            0.000000	            0.000000	            0.000000	           -1.190000	            0.000000	           -0.472067	            0.000000	            0.000000	            0.000000
            0.971000	           89.634417	          816.882881	          -31.627499	           -0.467408	            0.000000	           -0.349195	            0.079756	            0.726038	           -0.028111	            0.000000	            0.000000	            0.000000	           -1.190000	            0.000000	           -0.472067	            0.000000	            0.000000	            0.000000
            0.972000	           90.668103	          818.940564	          -31.821229	           -0.467261	            0.000000	           -0.349161	            0.080350	            0.724566	           -0.028163	            0.000000	            0.000000	            0.000000	           -1.190000	            0.000000	           -0.472067	            0.000000	            0.000000	            0.000000
            0.973000	           91.704301	          821.029894	          -32.014176	           -0.467111	            0.000000	           -0.349129	            0.080956	            0.723305	           -0.028219	            0.000000	            0.000000	            0.000000	           -1.190000	            0.000000	           -0.472067	            0.000000	            0.000000	            0.000000
            0.974000	           92.744212	          823.149407	          -32.206683	           -0.466962	            0.000000	           -0.349099	            0.081556	            0.722103	           -0.028276	            0.000000	            0.000000	            0.000000	           -1.190000	            0.000000	           -0.472067	            0.000000	            0.000000	            0.000000
            0.975000	           93.789075	          825.297143	          -32.399196	           -0.466814	            0.000000	           -0.349071	            0.082132	            0.720787	           -0.028325	            0.000000	            0.000000	            0.000000	           -1.190000	            0.000000	           -0.472067	            0.000000	            0.000000	            0.000000
            0.976000	           94.840148	          827.470708	          -32.592261	           -0.466668	            0.000000	           -0.349046	            0.082661	            0.719171	           -0.028361	            0.000000	            0.000000	            0.000000	           -1.190000	            0.000000	           -0.472067	            0.000000	            0.000000	            0.000000
            0.977000	           95.898665	          829.667353	          -32.786509	           -0.466520	            0.000000	           -0.349023	            0.083122	            0.717061	           -0.028376	            0.000000	            0.000000	            0.000000	           -1.190000	            0.000000	           -0.472067	            0.000000	            0.000000	            0.000000
            0.978000	           96.965816	          831.884057	          -32.982642	           -0.466367	            0.000000	           -0.349004	            0.083490	            0.714259	           -0.028362	            0.000000	            0.000000	            0.000000	           -1.190000	            0.000000	           -0.472067	            0.000000	            0.000000	            0.000000
            0.979000	           98.042705	          834.117623	          -33.181409	           -0.466208	            0.000000	           -0.348986	            0.083743	            0.710570	           -0.028312	            0.000000	            0.000000	            0.000000	           -1.190000	            0.000000	           -0.472067	            0.000000	            0.000000	            0.000000
            0.980000	           99.130328	          836.364778	          -33.383583	           -0.466041	            0.000000	           -0.348970	            0.083858	            0.705808	           -0.028218	            0.000000	            0.000000	            0.000000	           -1.190000	            0.000000	           -0.472067	            0.000000	            0.000000	            0.000000
            0.981000	          100.229541	          838.622270	          -33.589936	           -0.465869	            0.000000	           -0.348952	            0.083813	            0.699803	           -0.028075	            0.000000	            0.000000	            0.000000	           -1.190000	            0.000000	           -0.472067	            0.000000	            0.000000	            0.000000
            0.982000	          101.341041	          840.886965	          -33.801212	           -0.465693	            0.000000	           -0.348933	            0.083587	            0.692402	           -0.027876	            0.000000	            0.000000	            0.000000	           -1.190000	            0.000000	           -0.472067	            0.000000	            0.000000	            0.000000
            0.983000	          102.465344	          843.155937	          -34.018101	           -0.465519	            0.000000	           -0.348910	            0.083163	            0.683475	           -0.027616	            0.000000	            0.000000	            0.000000	           -1.190000	            0.000000	           -0.472067	            0.000000	            0.000000	            0.000000
            0.984000	          103.602779	          845.426544	          -34.241215	           -0.465348	            0.000000	           -0.348885	            0.082525	            0.672917	           -0.027290	            0.000000	            0.000000	            0.000000	           -1.190000	            0.000000	           -0.472067	            0.000000	            0.000000	            0.000000
            0.985000	          104.753476	          847.696488	          -34.471070	           -0.465180	            0.000000	           -0.348859	            0.081659	            0.660652	           -0.026895	            0.000000	            0.000000	            0.000000	           -1.190000	            0.000000	           -0.472067	            0.000000	            0.000000	            0.000000
            0.986000	          105.917374	          849.963867	          -34.708060	           -0.465014	            0.000000	           -0.348833	            0.080556	            0.646628	           -0.026427	            0.000000	            0.000000	            0.000000	           -1.190000	            0.000000	           -0.472067	            0.000000	            0.000000	            0.000000
            0.987000	          107.094219	          852.227198	          -34.952451	           -0.464848	            0.000000	           -0.348810	            0.079209	            0.630825	           -0.025886	            0.000000	            0.000000	            0.000000	           -1.190000	            0.000000	           -0.472067	            0.000000	            0.000000	            0.000000
            0.988000	          108.283584	          854.485427	          -35.204369	           -0.464682	            0.000000	           -0.348788	            0.077613	            0.613247	           -0.025270	            0.000000	            0.000000	            0.000000	           -1.190000	            0.000000	           -0.472067	            0.000000	            0.000000	            0.000000
            0.989000	          109.484884	          856.737917	          -35.463791	           -0.464513	            0.000000	           -0.348767	            0.075768	            0.593927	           -0.024580	            0.000000	            0.000000	            0.000000	           -1.190000	            0.000000	           -0.472067	            0.000000	            0.000000	            0.000000
            0.990000	          110.697396	          858.984418	          -35.730547	           -0.464344	            0.000000	           -0.348744	            0.073675	            0.572918	           -0.023816	            0.000000	            0.000000	            0.000000	           -1.190000	            0.000000	           -0.472067	            0.000000	            0.000000	            0.000000
            0.991000	          111.920284	          861.225020	          -36.004319	           -0.464176	            0.000000	           -0.348718	            0.071337	            0.550295	           -0.022981	            0.000000	            0.000000	            0.000000	           -1.190000	            0.000000	           -0.472067	            0.000000	            0.000000	            0.000000
            0.992000	          113.152632	          863.460100	          -36.284650	           -0.464016	            0.000000	           -0.348690	            0.068761	            0.526152	           -0.022077	            0.000000	            0.000000	            0.000000	           -1.190000	            0.000000	           -0.472067	            0.000000	            0.000000	            0.000000
            0.993000	          114.393469	          865.690248	          -36.570949	           -0.463865	            0.000000	           -0.348661	            0.065956	            0.500595	           -0.021106	            0.000000	            0.000000	            0.000000	           -1.190000	            0.000000	           -0.472067	            0.000000	            0.000000	            0.000000
            0.994000	          115.641798	          867.916199	          -36.862504	           -0.463724	            0.000000	           -0.348633	            0.062931	            0.473743	           -0.020073	            0.000000	            0.000000	            0.000000	           -1.190000	            0.000000	           -0.472067	            0.000000	            0.000000	            0.000000
            0.995000	          116.896633	          870.138754	          -37.158491	           -0.463593	            0.000000	           -0.348605	            0.059698	            0.445721	           -0.018981	            0.000000	            0.000000	            0.000000	           -1.190000	            0.000000	           -0.472067	            0.000000	            0.000000	            0.000000
            0.996000	          118.157020	          872.358708	          -37.457988	           -0.463467	            0.000000	           -0.348577	            0.056268	            0.416658	           -0.017835	            0.000000	            0.000000	            0.000000	           -1.190000	            0.000000	           -0.472067	            0.000000	            0.000000	            0.000000
            0.997000	          119.422070	          874.576778	          -37.759991	           -0.463342	            0.000000	           -0.348548	            0.052654	            0.386686	           -0.016638	            0.000000	            0.000000	            0.000000	           -1.190000	            0.000000	           -0.472067	            0.000000	            0.000000	            0.000000
            0.998000	          120.690979	          876.793542	          -38.063426	           -0.463211	            0.000000	           -0.348518	            0.048871	            0.355933	           -0.015395	            0.000000	            0.000000	            0.000000	           -1.190000	            0.000000	           -0.472067	            0.000000	            0.000000	            0.000000
            0.999000	          121.963051	          879.009377	          -38.367164	           -0.463073	            0.000000	           -0.348488	            0.044930	            0.324525	           -0.014110	            0.000000	            0.000000	            0.000000	           -1.190000	            0.000000	           -0.472067	            0.000000	            0.000000	            0.000000
            1.000000	          123.237709	          881.224416	          -38.670038	           -0.462929	            0.000000	           -0.348460	            0.040846	            0.292583	           -0.012788	            0.000000	            0.000000	            0.000000	           -1.190000	            0.000000	           -0.472067	            0.000000	            0.000000	            0.000000
            1.001000	          124.514510	          883.438504	          -38.970853	           -0.462783	            0.000000	           -0.348437	            0.036631	            0.260218	           -0.011434	            0.000000	            0.000000	            0.000000	           -1.190000	            0.000000	           -0.472067	            0.000000	            0.000000	            0.000000
            1.002000	          125.793146	          885.651170	          -39.268409	           -0.462636	            0.000000	           -0.348417	            0.032297	            0.227537	           -0.010051	            0.000000	            0.000000	            0.000000	           -1.190000	            0.000000	           -0.472067	            0.000000	            0.000000	            0.000000
            1.003000	          127.073446	          887.861604	          -39.561513	           -0.462488	            0.000000	           -0.348402	            0.027858	            0.194636	           -0.008643	            0.000000	            0.000000	            0.000000	           -1.190000	            0.000000	           -0.472067	            0.000000	            0.000000	            0.000000
            1.004000	          128.355367	          890.068650	          -39.848995	           -0.462337	            0.000000	           -0.348390	            0.023325	            0.161604	           -0.007215	            0.000000	            0.000000	            0.000000	           -1.190000	            0.000000	           -0.472067	            0.000000	            0.000000	            0.000000
            1.005000	          129.638983	          892.270802	          -40.129730	           -0.462182	            0.000000	           -0.348379	            0.018709	            0.128521	           -0.005770	            0.000000	            0.000000	            0.000000	           -1.190000	            0.000000	           -0.472067	            0.000000	            0.000000	            0.000000
            1.006000	          130.924471	          894.466214	          -40.402650	           -0.462025	            0.000000	           -0.348369	            0.014020	            0.095462	           -0.004312	            0.000000	            0.000000	            0.000000	           -1.190000	            0.000000	           -0.472067	            0.000000	            0.000000	            0.000000
            1.007000	          132.212088	          896.652724	          -40.666762	           -0.461868	            0.000000	           -0.348357	            0.009270	            0.062496	           -0.002844	            0.000000	            0.000000	            0.000000	           -1.190000	            0.000000	           -0.472067	            0.000000	            0.000000	            0.000000
            1.008000	          133.502148	          898.827884	          -40.921168	           -0.461714	            0.000000	           -0.348342	            0.004469	            0.029684	           -0.001371	            0.000000	            0.000000	            0.000000	           -1.190000	            0.000000	           -0.472067	            0.000000	            0.000000	            0.000000
            1.009000	          134.795002	          900.989006	          -41.165073	           -0.461561	            0.000000	           -0.348322	           -0.000374	           -0.002913	            0.000105	            0.000000	            0.000000	            0.000000	           -1.190000	            0.000000	           -0.472067	            0.000000	            0.000000	            0.000000
            1.010000	          136.091008	          903.133209	          -41.397797	           -0.461409	            0.000000	           -0.348300	           -0.005248	           -0.035241	            0.001580	            0.000000	            0.000000	            0.000000	           -1.190000	            0.000000	           -0.472067	            0.000000	            0.000000	            0.000000
            1.011000	          137.390506	          905.257486	          -41.618787	           -0.461253	            0.000000	           -0.348275	           -0.010144	           -0.067246	            0.003049	            0.000000	            0.000000	            0.000000	           -1.190000	            0.000000	           -0.472067	            0.000000	            0.000000	            0.000000
            1.012000	          138.693800	          907.358766	          -41.827613	           -0.461089	            0.000000	           -0.348251	           -0.015054	           -0.098880	            0.004511	            0.000000	            0.000000	            0.000000	           -1.190000	            0.000000	           -0.472067	            0.000000	            0.000000	            0.000000
            1.013000	          140.001127	          909.433989	          -42.023972	           -0.460917	            0.000000	           -0.348230	           -0.019968	           -0.130098	            0.005961	            0.000000	            0.000000	            0.000000	           -1.190000	            0.000000	           -0.472067	            0.000000	            0.000000	            0.000000
            1.014000	          141.312648	          911.480173	          -42.207678	           -0.460737	            0.000000	           -0.348213	           -0.024880	           -0.160863	            0.007398	            0.000000	            0.000000	            0.000000	           -1.190000	            0.000000	           -0.472067	            0.000000	            0.000000	            0.000000
            1.015000	          142.628421	          913.494483	          -42.378652	           -0.460551	            0.000000	           -0.348202	           -0.029783	           -0.191143	            0.008817	            0.000000	            0.000000	            0.000000	           -1.190000	            0.000000	           -0.472067	            0.000000	            0.000000	            0.000000
            1.016000	          143.948397	          915.474290	          -42.536906	           -0.460359	            0.000000	           -0.348195	           -0.034673	           -0.220914	            0.010217	            0.000000	            0.000000	            0.000000	           -1.190000	            0.000000	           -0.472067	            0.000000	            0.000000	            0.000000
            1.017000	          145.272403	          917.417216	          -42.682520	           -0.460165	            0.000000	           -0.348192	           -0.039546	           -0.250163	            0.011596	            0.000000	            0.000000	            0.000000	           -1.190000	            0.000000	           -0.472067	            0.000000	            0.000000	            0.000000
            1.018000	          146.600143	          919.321174	          -42.815623	           -0.459971	            0.000000	           -0.348192	           -0.044401	           -0.278887	            0.012952	            0.000000	            0.000000	            0.000000	           -1.190000	            0.000000	           -0.472067	            0.000000	            0.000000	            0.000000
            1.019000	          147.931192	          921.184381	          -42.936366	           -0.459777	            0.000000	           -0.348195	           -0.049239	           -0.307095	            0.014285	            0.000000	            0.000000	            0.000000	           -1.190000	            0.000000	           -0.472067	            0.000000	            0.000000	            0.000000
            1.020000	          149.265001	          923.005357	          -43.044898	           -0.459585	            0.000000	           -0.348201	           -0.054062	           -0.334805	            0.015594	            0.000000	            0.000000	            0.000000	           -1.190000	            0.000000	           -0.472067	            0.000000	            0.000000	            0.000000
            1.021000	          150.600904	          924.782909	          -43.141340	           -0.459392	            0.000000	           -0.348208	           -0.058875	           -0.362045	            0.016880	            0.000000	            0.000000	            0.000000	           -1.190000	            0.000000	           -0.472067	            0.000000	            0.000000	            0.000000
            1.022000	          151.938131	          926.516095	          -43.225762	           -0.459196	            0.000000	           -0.348217	           -0.063681	           -0.388850	            0.018143	            0.000000	            0.000000	            0.000000	           -1.190000	            0.000000	           -0.472067	            0.000000	            0.000000	            0.000000
            1.023000	          153.275827	          928.204172	          -43.298165	           -0.458996	            0.000000	           -0.348229	           -0.068488	           -0.415260	            0.019382	            0.000000	            0.000000	            0.000000	           -1.190000	            0.000000	           -0.472067	            0.000000	            0.000000	            0.000000
            1.024000	          154.613071	          929.846539	          -43.358459	           -0.458793	            0.000000	           -0.348245	           -0.073300	           -0.441316	            0.020600	            0.000000	            0.000000	            0.000000	           -1.190000	            0.000000	           -0.472067	            0.000000	            0.000000	            0.000000
            1.025000	          155.948906	          931.442668	          -43.406457	           -0.458588	            0.000000	           -0.348265	           -0.078125	           -0.467056	            0.021796	            0.000000	            0.000000	            0.000000	           -1.190000	            0.000000	           -0.472067	            0.000000	            0.000000	            0.000000
            1.026000	          157.282367	          932.992034	          -43.441860	           -0.458380	            0.000000	           -0.348290	           -0.082964	           -0.492511	            0.022971	            0.000000	            0.000000	            0.000000	           -1.190000	            0.000000	           -0.472067	            0.000000	            0.000000	            0.000000
            1.027000	          158.612515	          934.494055	          -43.464258	           -0.458171	            0.000000	           -0.348319	           -0.087821	           -0.517700	            0.024123	            0.000000	            0.000000	            0.000000	           -1.190000	            0.000000	           -0.472067	            0.000000	            0.000000	            0.000000
            1.028000	          159.938471	          935.948028	          -43.473126	           -0.457961	            0.000000	           -0.348351	           -0.092695	           -0.542628	            0.025252	            0.000000	            0.000000	            0.000000	           -1.190000	            0.000000	           -0.472067	            0.000000	            0.000000	            0.000000
            1.029000	          161.259449	          937.353092	          -43.467833	           -0.457748	            0.000000	           -0.348384	           -0.097580	           -0.567280	            0.026356	            0.000000	            0.000000	            0.000000	           -1.190000	            0.000000	           -0.472067	            0.000000	            0.000000	            0.000000
            1.030000	          162.574791	          938.708190	          -43.447647	           -0.457529	            0.000000	           -0.348416	           -0.102470	           -0.591620	            0.027432	            0.000000	            0.000000	            0.000000	           -1.190000	            0.000000	           -0.472067	            0.000000	            0.000000	            0.000000
            1.031000	          163.883996	          940.012062	          -43.411751	           -0.457302	            0.000000	           -0.348448	           -0.107351	           -0.615588	            0.028475	            0.000000	            0.000000	            0.000000	           -1.190000	            0.000000	           -0.472067	            0.000000	            0.000000	            0.000000
            1.032000	          165.186744	          941.263244	          -43.359258	           -0.457068	            0.000000	           -0.348480	           -0.112207	           -0.639102	            0.029481	            0.000000	            0.000000	            0.000000	           -1.190000	            0.000000	           -0.472067	            0.000000	            0.000000	            0.000000
            1.033000	          166.482913	          942.460089	          -43.289226	           -0.456829	            0.000000	           -0.348514	           -0.117018	           -0.662056	            0.030443	            0.000000	            0.000000	            0.000000	           -1.190000	            0.000000	           -0.472067	            0.000000	            0.000000	            0.000000
            1.034000	          167.772593	          943.600799	          -43.200686	           -0.456588	            0.000000	           -0.348550	           -0.121757	           -0.684324	            0.031355	            0.000000	            0.000000	            0.000000	           -1.190000	            0.000000	           -0.472067	            0.000000	            0.000000	            0.000000
            1.035000	          169.056087	          944.683470	          -43.092658	           -0.456347	            0.000000	           -0.348590	           -0.126398	           -0.705763	            0.032208	            0.000000	            0.000000	            0.000000	           -1.190000	            0.000000	           -0.472067	            0.000000	            0.000000	            0.000000
            1.036000	          170.333903	          945.706137	          -42.964176	           -0.456105	            0.000000	           -0.348635	           -0.130910	           -0.726215	            0.032996	            0.000000	            0.000000	            0.000000	           -1.190000	            0.000000	           -0.472067	            0.000000	            0.000000	            0.000000
            1.037000	          171.606737	          946.666838	          -42.814318	           -0.455863	            0.000000	           -0.348686	           -0.135260	           -0.745517	            0.033709	            0.000000	            0.000000	            0.000000	           -1.190000	            0.000000	           -0.472067	            0.000000	            0.000000	            0.000000
            1.038000	          172.875455	          947.563663	          -42.642221	           -0.455618	            0.000000	           -0.348745	           -0.139415	           -0.763499	            0.034339	            0.000000	            0.000000	            0.000000	           -1.190000	            0.000000	           -0.472067	            0.000000	            0.000000	            0.000000
            1.039000	          174.141053	          948.394813	          -42.447112	           -0.455369	            0.000000	           -0.348810	           -0.143342	           -0.779999	            0.034879	            0.000000	            0.000000	            0.000000	           -1.190000	            0.000000	           -0.472067	            0.000000	            0.000000	            0.000000
            1.040000	          175.404619	          949.158647	          -42.228329	           -0.455114	            0.000000	           -0.348880	           -0.147009	           -0.794861	            0.035323	            0.000000	            0.000000	            0.000000	           -1.190000	            0.000000	           -0.472067	            0.000000	            0.000000	            0.000000
            1.041000	          176.667293	          949.853734	          -41.985341	           -0.454856	            0.000000	           -0.348954	           -0.150386	           -0.807940	            0.035663	            0.000000	            0.000000	            0.000000	           -1.190000	            0.000000	           -0.472067	            0.000000	            0.000000	            0.000000
            1.042000	          177.930214	          950.478887	          -41.717770	           -0.454596	            0.000000	           -0.349030	           -0.153446	           -0.819114	            0.035895	            0.000000	            0.000000	            0.000000	           -1.190000	            0.000000	           -0.472067	            0.000000	            0.000000	            0.000000
            1.043000	          179.194474	          951.033201	          -41.425406	           -0.454336	            0.000000	           -0.349107	           -0.156165	           -0.828277	            0.036017	            0.000000	            0.000000	            0.000000	           -1.190000	            0.000000	           -0.472067	            0.000000	            0.000000	            0.000000
            1.044000	          180.461068	          951.516078	          -41.108221	           -0.454073	            0.000000	           -0.349187	           -0.158521	           -0.835349	            0.036025	            0.000000	            0.000000	            0.000000	           -1.190000	            0.000000	           -0.472067	            0.000000	            0.000000	            0.000000
            1.045000	          181.730854	          951.927245	          -40.766379	           -0.453808	            0.000000	           -0.349268	           -0.160498	           -0.840272	            0.035919	            0.000000	            0.000000	            0.000000	           -1.190000	            0.000000	           -0.472067	            0.000000	            0.000000	            0.000000
            1.046000	          183.004510	          952.266772	          -40.400240	           -0.453540	            0.000000	           -0.349350	           -0.162083	           -0.843013	            0.035700	            0.000000	            0.000000	            0.000000	           -1.190000	            0.000000	           -0.472067	            0.000000	            0.000000	            0.000000
            1.047000	          184.282504	          952.535076	          -40.010362	           -0.453268	            0.000000	           -0.349433	           -0.163266	           -0.843559	            0.035370	            0.000000	            0.000000	            0.000000	           -1.190000	            0.000000	           -0.472067	            0.000000	            0.000000	            0.000000
            1.048000	          185.565077	          952.732920	          -39.597493	           -0.452993	            0.000000	           -0.349515	           -0.164040	           -0.841919	            0.034934	            0.000000	            0.000000	            0.000000	           -1.190000	            0.000000	           -0.472067	            0.000000	            0.000000	            0.000000
            1.049000	          186.852229	          952.861408	          -39.162559	           -0.452717	            0.000000	           -0.349597	           -0.164402	           -0.838121	            0.034395	            0.000000	            0.000000	            0.000000	           -1.190000	            0.000000	           -0.472067	            0.000000	            0.000000	            0.000000
            1.050000	          188.143724	          952.921970	          -38.706649	           -0.452438	            0.000000	           -0.349680	           -0.164350	           -0.832207	            0.033760	            0.000000	            0.000000	            0.000000	           -1.190000	            0.000000	           -0.472067	            0.000000	            0.000000	            0.000000
            1.051000	          189.439105	          952.916340	          -38.230991	           -0.452159	            0.000000	           -0.349763	           -0.163887	           -0.824234	            0.033035	            0.000000	            0.000000	            0.000000	           -1.190000	            0.000000	           -0.472067	            0.000000	            0.000000	            0.000000
            1.052000	          190.737720	          952.846529	          -37.736922	           -0.451879	            0.000000	           -0.349849	           -0.163015	           -0.814270	            0.032226	            0.000000	            0.000000	            0.000000	           -1.190000	            0.000000	           -0.472067	            0.000000	            0.000000	            0.000000
            1.053000	          192.038760	          952.714789	          -37.225857	           -0.451600	            0.000000	           -0.349939	           -0.161741	           -0.802393	            0.031342	            0.000000	            0.000000	            0.000000	           -1.190000	            0.000000	           -0.472067	            0.000000	            0.000000	            0.000000
            1.054000	          193.341306	          952.523568	          -36.699258	           -0.451324	            0.000000	           -0.350032	           -0.160072	           -0.788691	            0.030391	            0.000000	            0.000000	            0.000000	           -1.190000	            0.000000	           -0.472067	            0.000000	            0.000000	            0.000000
            1.055000	          194.644382	          952.275466	          -36.158595	           -0.451053	            0.000000	           -0.350131	           -0.158018	           -0.773262	            0.029380	            0.000000	            0.000000	            0.000000	           -1.190000	            0.000000	           -0.472067	            0.000000	            0.000000	            0.000000
            1.056000	          195.947007	          951.973178	          -35.605312	           -0.450786	            0.000000	           -0.350236	           -0.155593	           -0.756212	            0.028317	            0.000000	            0.000000	            0.000000	           -1.190000	            0.000000	           -0.472067	            0.000000	            0.000000	            0.000000
            1.057000	          197.248255	          951.619434	          -35.040796	           -0.450521	            0.000000	           -0.350345	           -0.152813	           -0.737658	            0.027211	            0.000000	            0.000000	            0.000000	           -1.190000	            0.000000	           -0.472067	            0.000000	            0.000000	            0.000000
            1.058000	          198.547298	          951.216936	          -34.466342	           -0.450255	            0.000000	           -0.350457	           -0.149697	           -0.717729	            0.026071	            0.000000	            0.000000	            0.000000	           -1.190000	            0.000000	           -0.472067	            0.000000	            0.000000	            0.000000
            1.059000	          199.843457	          950.768295	          -33.883131	           -0.449988	            0.000000	           -0.350568	           -0.146267	           -0.696565	            0.024903	            0.000000	            0.000000	            0.000000	           -1.190000	            0.000000	           -0.472067	            0.000000	            0.000000	            0.000000
            1.060000	          201.136230	          950.275958	          -33.292204	           -0.449719	            0.000000	           -0.350679	           -0.142551	           -0.674318	            0.023717	            0.000000	            0.000000	            0.000000	           -1.190000	            0.000000	           -0.472067	            0.000000	            0.000000	            0.000000
            1.061000	          202.425314	          949.742147	          -32.694449	           -0.449448	            0.000000	           -0.350788	           -0.138580	           -0.651149	            0.022520	            0.000000	            0.000000	            0.000000	           -1.190000	            0.000000	           -0.472067	            0.000000	            0.000000	            0.000000
            1.062000	          203.710616	          949.168790	          -32.090589	           -0.449173	            0.000000	           -0.350897	           -0.134386	           -0.627233	            0.021321	            0.000000	            0.000000	            0.000000	           -1.190000	            0.000000	           -0.472067	            0.000000	            0.000000	            0.000000
            1.063000	          204.992247	          948.557459	          -31.481173	           -0.448894	            0.000000	           -0.351005	           -0.130006	           -0.602751	            0.020125	            0.000000	            0.000000	            0.000000	           -1.190000	            0.000000	           -0.472067	            0.000000	            0.000000	            0.000000
            1.064000	          206.270505	          947.909317	          -30.866579	           -0.448610	            0.000000	           -0.351115	           -0.125481	           -0.577888	            0.018942	            0.000000	            0.000000	            0.000000	           -1.190000	            0.000000	           -0.472067	            0.000000	            0.000000	            0.000000
            1.065000	          207.545848	          947.225069	          -30.247017	           -0.448325	            0.000000	           -0.351226	           -0.120851	           -0.552832	            0.017777	            0.000000	            0.000000	            0.000000	           -1.190000	            0.000000	           -0.472067	            0.000000	            0.000000	            0.000000
            1.066000	          208.818859	          946.504920	          -29.622534	           -0.448041	            0.000000	           -0.351340	           -0.116156	           -0.527770	            0.016636	            0.000000	            0.000000	            0.000000	           -1.190000	            0.000000	           -0.472067	            0.000000	            0.000000	            0.000000
            1.067000	          210.090208	          945.748550	          -28.993031	           -0.447758	            0.000000	           -0.351457	           -0.111439	           -0.502879	            0.015526	            0.000000	            0.000000	            0.000000	           -1.190000	            0.000000	           -0.472067	            0.000000	            0.000000	            0.000000
            1.068000	          211.360604	          944.955095	          -28.358275	           -0.447473	            0.000000	           -0.351573	           -0.106737	           -0.478329	            0.014451	            0.000000	            0.000000	            0.000000	           -1.190000	            0.000000	           -0.472067	            0.000000	            0.000000	            0.000000
            1.069000	          212.630753	          944.123146	          -27.717919	           -0.447183	            0.000000	           -0.351690	           -0.102086	           -0.454270	            0.013415	            0.000000	            0.000000	            0.000000	           -1.190000	            0.000000	           -0.472067	            0.000000	            0.000000	            0.000000
            1.070000	          213.901315	          943.250758	          -27.071520	           -0.446888	            0.000000	           -0.351807	           -0.097520	           -0.430836	            0.012421	            0.000000	            0.000000	            0.000000	           -1.190000	            0.000000	           -0.472067	            0.000000	            0.000000	            0.000000
            1.071000	          215.172871	          942.335472	          -26.418567	           -0.446585	            0.000000	           -0.351927	           -0.093064	           -0.408134	            0.011473	            0.000000	            0.000000	            0.000000	           -1.190000	            0.000000	           -0.472067	            0.000000	            0.000000	            0.000000
            1.072000	          216.445882	          941.374349	          -25.758504	           -0.446274	            0.000000	           -0.352049	           -0.088739	           -0.386246	            0.010572	            0.000000	            0.000000	            0.000000	           -1.190000	            0.000000	           -0.472067	            0.000000	            0.000000	            0.000000
            1.073000	          217.720671	          940.364014	          -25.090758	           -0.445957	            0.000000	           -0.352173	           -0.084559	           -0.365225	            0.009719	            0.000000	            0.000000	            0.000000	           -1.190000	            0.000000	           -0.472067	            0.000000	            0.000000	            0.000000
            1.074000	          218.997396	          939.300710	          -24.414765	           -0.445636	            0.000000	           -0.352298	           -0.080530	           -0.345091	            0.008914	            0.000000	            0.000000	            0.000000	           -1.190000	            0.000000	           -0.472067	            0.000000	            0.000000	            0.000000
            1.075000	          220.276043	          938.180349	          -23.730000	           -0.445312	            0.000000	           -0.352425	           -0.076652	           -0.325833	            0.008155	            0.000000	            0.000000	            0.000000	           -1.190000	            0.000000	           -0.472067	            0.000000	            0.000000	            0.000000
            1.076000	          221.556411	          936.998579	          -23.036000	           -0.444986	            0.000000	           -0.352556	           -0.072915	           -0.307410	            0.007443	            0.000000	            0.000000	            0.000000	           -1.190000	            0.000000	           -0.472067	            0.000000	            0.000000	            0.000000
            1.077000	          222.838116	          935.750838	          -22.332394	           -0.444659	            0.000000	           -0.352691	           -0.069303	           -0.289749	            0.006775	            0.000000	            0.000000	            0.000000	           -1.190000	            0.000000	           -0.472067	            0.000000	            0.000000	            0.000000
            1.078000	          224.120589	          934.432417	          -21.618920	           -0.444334	            0.000000	           -0.352831	           -0.065790	           -0.272751	            0.006148	            0.000000	            0.000000	            0.000000	           -1.190000	            0.000000	           -0.472067	            0.000000	            0.000000	            0.000000
            1.079000	          225.403084	          933.038517	          -20.895443	           -0.444011	            0.000000	           -0.352977	           -0.062348	           -0.256291	            0.005560	            0.000000	            0.000000	            0.000000	           -1.190000	            0.000000	           -0.472067	            0.000000	            0.000000	            0.000000
            1.080000	          226.684686	          931.564298	          -20.161972	           -0.443695	            0.000000	           -0.353126	           -0.058940	           -0.240227	            0.005008	            0.000000	            0.000000	            0.000000	           -1.190000	            0.000000	           -0.472067	            0.000000	            0.000000	            0.000000
            1.081000	          227.964325	          930.004929	          -19.418658	           -0.443388	            0.000000	           -0.353279	           -0.055526	           -0.224401	            0.004490	            0.000000	            0.000000	            0.000000	           -1.190000	            0.000000	           -0.472067	            0.000000	            0.000000	            0.000000
            1.082000	          229.240788	          928.355630	          -18.665802	           -0.443089	            0.000000	           -0.353434	           -0.052062	           -0.208648	            0.004002	            0.000000	            0.000000	            0.000000	           -1.190000	            0.000000	           -0.472067	            0.000000	            0.000000	            0.000000
            1.083000	          230.512736	          926.611705	          -17.903845	           -0.442797	            0.000000	           -0.353590	           -0.048506	           -0.192798	            0.003541	            0.000000	            0.000000	            0.000000	           -1.190000	            0.000000	           -0.472067	            0.000000	            0.000000	            0.000000
            1.084000	          231.778719	          924.768576	          -17.133356	           -0.442509	            0.000000	           -0.353747	           -0.044812	           -0.176688	            0.003105	            0.000000	            0.000000	            0.000000	           -1.190000	            0.000000	           -0.472067	            0.000000	            0.000000	            0.000000
            1.085000	          233.037192	          922.821806	          -16.355012	           -0.442222	            0.000000	           -0.353903	           -0.040939	           -0.160162	            0.002693	            0.000000	            0.000000	            0.000000	           -1.190000	            0.000000	           -0.472067	            0.000000	            0.000000	            0.000000
            1.086000	          234.286530	          920.767111	          -15.569582	           -0.441932	            0.000000	           -0.354058	           -0.036848	           -0.143082	            0.002303	            0.000000	            0.000000	            0.000000	           -1.190000	            0.000000	           -0.472067	            0.000000	            0.000000	            0.000000
            1.087000	          235.525044	          918.600377	          -14.777900	           -0.441638	            0.000000	           -0.354210	           -0.032504	           -0.125328	            0.001933	            0.000000	            0.000000	            0.000000	           -1.190000	            0.000000	           -0.472067	            0.000000	            0.000000	            0.000000
            1.088000	          236.750994	          916.317656	          -13.980839	           -0.441339	            0.000000	           -0.354361	           -0.027879	           -0.106806	            0.001583	            0.000000	            0.000000	            0.000000	           -1.190000	            0.000000	           -0.472067	            0.000000	            0.000000	            0.000000
            1.089000	          237.962595	          913.915170	          -13.179284	           -0.441036	            0.000000	           -0.354508	           -0.022952	           -0.087448	            0.001254	            0.000000	            0.000000	            0.000000	           -1.190000	            0.000000	           -0.472067	            0.000000	            0.000000	            0.000000
            1.090000	          239.158030	          911.389299	          -12.374116	           -0.440727	            0.000000	           -0.354653	           -0.017709	           -0.067214	            0.000946	            0.000000	            0.000000	            0.000000	           -1.190000	            0.000000	           -0.472067	            0.000000	            0.000000	            0.000000
            1.091000	          240.335453	          908.736570	          -11.566184	           -0.440412	            0.000000	           -0.354797	           -0.012142	           -0.046095	            0.000659	            0.000000	            0.000000	            0.000000	           -1.190000	            0.000000	           -0.472067	            0.000000	            0.000000	            0.000000
            1.092000	          241.492993	          905.953637	          -10.756293	           -0.440091	            0.000000	           -0.354941	           -0.006253	           -0.024110	            0.000396	            0.000000	            0.000000	            0.000000	           -1.190000	            0.000000	           -0.472067	            0.000000	            0.000000	            0.000000
            1.093000	          242.628758	          903.037271	           -9.945189	           -0.439763	            0.000000	           -0.355085	           -0.000051	           -0.001305	            0.000158	            0.000000	            0.000000	            0.000000	           -1.190000	            0.000000	           -0.472067	            0.000000	            0.000000	            0.000000
            1.094000	          243.740833	          899.984331	           -9.133554	           -0.439429	            0.000000	           -0.355230	            0.006448	            0.022249	           -0.000054	            0.000000	            0.000000	            0.000000	           -1.190000	            0.000000	           -0.472067	            0.000000	            0.000000	            0.000000
            1.095000	          244.827285	          896.791746	           -8.322001	           -0.439090	            0.000000	           -0.355376	            0.013222	            0.046460	           -0.000236	            0.000000	            0.000000	            0.000000	           -1.190000	            0.000000	           -0.472067	            0.000000	            0.000000	            0.000000
            1.096000	          245.886162	          893.456493	           -7.511077	           -0.438750	            0.000000	           -0.355521	            0.020243	            0.071217	           -0.000387	            0.000000	            0.000000	            0.000000	           -1.190000	            0.000000	           -0.472067	            0.000000	            0.000000	            0.000000
            1.097000	          246.915497	          889.975567	           -6.701266	           -0.438415	            0.000000	           -0.355667	            0.027479	            0.096396	           -0.000506	            0.000000	            0.000000	            0.000000	           -1.190000	            0.000000	           -0.472067	            0.000000	            0.000000	            0.000000
            1.098000	          247.913315	          886.345955	           -5.893002	           -0.438090	            0.000000	           -0.355810	            0.034894	            0.121866	           -0.000589	            0.000000	            0.000000	            0.000000	           -1.190000	            0.000000	           -0.472067	            0.000000	            0.000000	            0.000000
            1.099000	          248.877636	          882.564603	           -5.086673	           -0.437776	            0.000000	           -0.355953	            0.042451	            0.147490	           -0.000636	            0.000000	            0.000000	            0.000000	           -1.190000	            0.000000	           -0.472067	            0.000000	            0.000000	            0.000000
            1.100000	          249.806490	          878.628373	           -4.282642	           -0.437473	            0.000000	           -0.356094	            0.050112	            0.173132	           -0.000644	            0.000000	            0.000000	            0.000000	           -1.190000	            0.000000	           -0.472067	            0.000000	            0.000000	            0.000000
            1.101000	          250.697920	          874.534000	           -3.481256	           -0.437180	            0.000000	           -0.356236	            0.057839	            0.198663	           -0.000613	            0.000000	            0.000000	            0.000000	           -1.190000	            0.000000	           -0.472067	            0.000000	            0.000000	            0.000000
            1.102000	          251.550000	          870.278033	           -2.682858	           -0.436893	            0.000000	           -0.356380	            0.065600	            0.223964	           -0.000540	            0.000000	            0.000000	            0.000000	           -1.190000	            0.000000	           -0.472067	            0.000000	            0.000000	            0.000000
            1.103000	          252.360841	          865.856779	           -1.887808	           -0.436607	            0.000000	           -0.356524	            0.073363	            0.248932	           -0.000426	            0.000000	            0.000000	            0.000000	           -1.190000	            0.000000	           -0.472067	            0.000000	            0.000000	            0.000000
            1.104000	          253.128603	          861.266234	           -1.096488	           -0.436319	            0.000000	           -0.356667	            0.081104	            0.273485	           -0.000268	            0.000000	            0.000000	            0.000000	           -1.190000	            0.000000	           -0.472067	            0.000000	            0.000000	            0.000000
            1.105000	          253.851502	          856.502010	           -0.309319	           -0.436025	            0.000000	           -0.356810	            0.088807	            0.297564	           -0.000067	            0.000000	            0.000000	            0.000000	           -1.190000	            0.000000	           -0.472067	            0.000000	            0.000000	            0.000000
            1.106000	          254.527810	          851.559262	            0.473229	           -0.435726	            0.000000	           -0.356950	            0.096463	            0.321137	            0.000178	            0.000000	            0.000000	            0.000000	           -1.190000	            0.000000	           -0.472067	            0.000000	            0.000000	            0.000000
            1.107000	          255.155856	          846.432626	            1.250635	           -0.435423	            0.000000	           -0.357086	            0.104074	            0.344202	            0.000467	            0.000000	            0.000000	            0.000000	           -1.190000	            0.000000	           -0.472067	            0.000000	            0.000000	            0.000000
            1.108000	          255.734015	          841.116153	            2.022308	           -0.435119	            0.000000	           -0.357219	            0.111649	            0.366785	            0.000802	            0.000000	            0.000000	            0.000000	           -1.190000	            0.000000	           -0.472067	            0.000000	            0.000000	            0.000000
            1.109000	          256.260695	          835.603263	            2.787593	           -0.434818	            0.000000	           -0.357347	            0.119210	            0.388942	            0.001183	            0.000000	            0.000000	            0.000000	           -1.190000	            0.000000	           -0.472067	            0.000000	            0.000000	            0.000000
            1.110000	          256.734312	          829.886722	            3.545756	           -0.434522	            0.000000	           -0.357473	            0.126789	            0.410757	            0.001611	            0.000000	            0.000000	            0.000000	           -1.190000	            0.000000	           -0.472067	            0.000000	            0.000000	            0.000000
            1.111000	          257.153255	          823.958639	            4.295985	           -0.434235	            0.000000	           -0.357597	            0.134428	            0.432338	            0.002086	            0.000000	            0.000000	            0.000000	           -1.190000	            0.000000	           -0.472067	            0.000000	            0.000000	            0.000000
            1.112000	          257.515849	          817.810491	            5.037385	           -0.433959	            0.000000	           -0.357722	            0.142176	            0.453816	            0.002611	            0.000000	            0.000000	            0.000000	           -1.190000	            0.000000	           -0.472067	            0.000000	            0.000000	            0.000000
            1.113000	          257.820303	          811.433191	            5.768973	           -0.433695	            0.000000	           -0.357852	            0.150092	            0.475336	            0.003185	            0.000000	            0.000000	            0.000000	           -1.190000	            0.000000	           -0.472067	            0.000000	            0.000000	            0.000000
            1.114000	          258.064651	          804.817182	            6.489676	           -0.433439	            0.000000	           -0.357988	            0.158238	            0.497054	            0.003812	            0.000000	            0.000000	            0.000000	           -1.190000	            0.000000	           -0.472067	            0.000000	            0.000000	            0.000000
            1.115000	          258.246690	          797.952578	            7.198330	           -0.433186	            0.000000	           -0.358132	            0.166685	            0.519132	            0.004492	            0.000000	            0.000000	            0.000000	           -1.190000	            0.000000	           -0.472067	            0.000000	            0.000000	            0.000000
            1.116000	          258.363906	          790.829344	            7.893680	           -0.432931	            0.000000	           -0.358284	            0.175503	            0.541733	            0.005228	            0.000000	            0.000000	            0.000000	           -1.190000	            0.000000	           -0.472067	            0.000000	            0.000000	            0.000000
            1.117000	          258.413403	          783.437506	            8.574378	           -0.432671	            0.000000	           -0.358442	            0.184765	            0.565012	            0.006022	            0.000000	            0.000000	            0.000000	           -1.190000	            0.000000	           -0.472067	            0.000000	            0.000000	            0.000000
            1.118000	          258.391827	          775.767409	            9.238996	           -0.432407	            0.000000	           -0.358605	            0.194542	            0.589117	            0.006877	            0.000000	            0.000000	            0.000000	           -1.190000	            0.000000	           -0.472067	            0.000000	            0.000000	            0.000000
            1.119000	          258.295298	          767.809989	            9.886027	           -0.432140	            0.000000	           -0.358770	            0.204902	            0.614180	            0.007795	            0.000000	            0.000000	            0.000000	           -1.190000	            0.000000	           -0.472067	            0.000000	            0.000000	            0.000000
            1.120000	          258.119342	          759.557083	           10.513905	           -0.431872	            0.000000	           -0.358933	            0.215910	            0.640318	            0.008779	            0.000000	            0.000000	            0.000000	           -1.190000	            0.000000	           -0.472067	            0.000000	            0.000000	            0.000000
            1.121000	          257.858843	          751.001743	           11.121020	           -0.431605	            0.000000	           -0.359089	            0.227624	            0.667627	            0.009830	            0.000000	            0.000000	            0.000000	           -1.190000	            0.000000	           -0.472067	            0.000000	            0.000000	            0.000000
            1.122000	          257.508000	          742.138555	           11.705739	           -0.431339	            0.000000	           -0.359236	            0.240096	            0.696181	            0.010953	            0.000000	            0.000000	            0.000000	           -1.190000	            0.000000	           -0.472067	            0.000000	            0.000000	            0.000000
            1.123000	          257.060313	          732.963953	           12.266438	           -0.431071	            0.000000	           -0.359372	            0.253368	            0.726031	            0.012149	            0.000000	            0.000000	            0.000000	           -1.190000	            0.000000	           -0.472067	            0.000000	            0.000000	            0.000000
            1.124000	          256.508581	          723.476511	           12.801523	           -0.430796	            0.000000	           -0.359494	            0.267471	            0.757206	            0.013420	            0.000000	            0.000000	            0.000000	           -1.190000	            0.000000	           -0.472067	            0.000000	            0.000000	            0.000000
            1.125000	          255.844933	          713.677198	           13.309468	           -0.430509	            0.000000	           -0.359602	            0.282427	            0.789709	            0.014768	            0.000000	            0.000000	            0.000000	           -1.190000	            0.000000	           -0.472067	            0.000000	            0.000000	            0.000000
            1.126000	          255.060884	          703.569589	           13.788842	           -0.430202	            0.000000	           -0.359699	            0.298243	            0.823519	            0.016196	            0.000000	            0.000000	            0.000000	           -1.190000	            0.000000	           -0.472067	            0.000000	            0.000000	            0.000000
            1.127000	          254.147420	          693.160018	           14.238339	           -0.429869	            0.000000	           -0.359784	            0.314912	            0.858591	            0.017703	            0.000000	            0.000000	            0.000000	           -1.190000	            0.000000	           -0.472067	            0.000000	            0.000000	            0.000000
            1.128000	          253.095111	          682.457661	           14.656803	           -0.429504	            0.000000	           -0.359857	            0.332416	            0.894854	            0.019290	            0.000000	            0.000000	            0.000000	           -1.190000	            0.000000	           -0.472067	            0.000000	            0.000000	            0.000000
            1.129000	          251.894259	          671.474547	           15.043252	           -0.429109	            0.000000	           -0.359920	            0.350716	            0.932216	            0.020957	            0.000000	            0.000000	            0.000000	           -1.190000	            0.000000	           -0.472067	            0.000000	            0.000000	            0.000000
            1.130000	          250.535063	          660.225489	           15.396893	           -0.428687	            0.000000	           -0.359974	            0.369762	            0.970564	            0.022703	            0.000000	            0.000000	            0.000000	           -1.190000	            0.000000	           -0.472067	            0.000000	            0.000000	            0.000000
            1.131000	          249.007820	          648.727943	           15.717132	           -0.428246	            0.000000	           -0.360020	            0.389487	            1.009761	            0.024526	            0.000000	            0.000000	            0.000000	           -1.190000	            0.000000	           -0.472067	            0.000000	            0.000000	            0.000000
            1.132000	          247.303138	          637.001787	           16.003582	           -0.427789	            0.000000	           -0.360057	            0.409807	            1.049655	            0.026424	            0.000000	            0.000000	            0.000000	           -1.190000	            0.000000	           -0.472067	            0.000000	            0.000000	            0.000000
            1.133000	          245.412170	          625.069041	           16.256058	           -0.427320	            0.000000	           -0.360085	            0.430626	            1.090076	            0.028393	            0.000000	            0.000000	            0.000000	           -1.190000	            0.000000	           -0.472067	            0.000000	            0.000000	            0.000000
            1.134000	          243.326849	          612.953530	           16.474572	           -0.426839	            0.000000	           -0.360102	            0.451835	            1.130843	            0.030429	            0.000000	            0.000000	            0.000000	           -1.190000	            0.000000	           -0.472067	            0.000000	            0.000000	            0.000000
            1.135000	          241.040132	          600.680499	           16.659323	           -0.426351	            0.000000	           -0.360110	            0.473311	            1.171764	            0.032525	            0.000000	            0.000000	            0.000000	           -1.190000	            0.000000	           -0.472067	            0.000000	            0.000000	            0.000000
            1.136000	          238.546236	          588.276211	           16.810679	           -0.425854	            0.000000	           -0.360111	            0.494925	            1.212642	            0.034675	            0.000000	            0.000000	            0.000000	           -1.190000	            0.000000	           -0.472067	            0.000000	            0.000000	            0.000000
            1.137000	          235.840856	          575.767516	           16.929157	           -0.425340	            0.000000	           -0.360105	            0.516538	            1.253277	            0.036872	            0.000000	            0.000000	            0.000000	           -1.190000	            0.000000	           -0.472067	            0.000000	            0.000000	            0.000000
            1.138000	          232.921369	          563.181434	           17.015399	           -0.424805	            0.000000	           -0.360094	            0.538008	            1.293468	            0.039106	            0.000000	            0.000000	            0.000000	           -1.190000	            0.000000	           -0.472067	            0.000000	            0.000000	            0.000000
            1.139000	          229.787007	          550.544740	           17.070147	           -0.424244	            0.000000	           -0.360080	            0.559189	            1.333018	            0.041367	            0.000000	            0.000000	            0.000000	           -1.190000	            0.000000	           -0.472067	            0.000000	            0.000000	            0.000000
            1.140000	          226.438995	          537.883583	           17.094214	           -0.423658	            0.000000	           -0.360065	            0.579938	            1.371734	            0.043645	            0.000000	            0.000000	            0.000000	           -1.190000	            0.000000	           -0.472067	            0.000000	            0.000000	            0.000000
            1.141000	          222.880661	          525.223136	           17.088455	           -0.423051	            0.000000	           -0.360051	            0.600111	            1.409430	            0.045927	            0.000000	            0.000000	            0.000000	           -1.190000	            0.000000	           -0.472067	            0.000000	            0.000000	            0.000000
            1.142000	          219.117494	          512.587286	           17.053736	           -0.422425	            0.000000	           -0.360042	            0.619570	            1.445926	            0.048200	            0.000000	            0.000000	            0.000000	           -1.190000	            0.000000	           -0.472067	            0.000000	            0.000000	            0.000000
            1.143000	          215.157167	          499.998380	           16.990904	           -0.421781	            0.000000	           -0.360040	            0.638181	            1.481046	            0.050448	            0.000000	            0.000000	            0.000000	           -1.190000	            0.000000	           -0.472067	            0.000000	            0.000000	            0.000000
            1.144000	          211.009515	          487.477007	           16.900762	           -0.421120	            0.000000	           -0.360043	            0.655821	            1.514623	            0.052656	            0.000000	            0.000000	            0.000000	           -1.190000	            0.000000	           -0.472067	            0.000000	            0.000000	            0.000000
            1.145000	          206.686464	          475.041846	           16.784038	           -0.420438	            0.000000	           -0.360047	            0.672370	            1.546488	            0.054807	            0.000000	            0.000000	            0.000000	           -1.190000	            0.000000	           -0.472067	            0.000000	            0.000000	            0.000000
            1.146000	          202.201925	          462.709547	           16.641365	           -0.419732	            0.000000	           -0.360047	            0.687721	            1.576476	            0.056882	            0.000000	            0.000000	            0.000000	           -1.190000	            0.000000	           -0.472067	            0.000000	            0.000000	            0.000000
            1.147000	          197.571635	          450.494664	           16.473260	           -0.419005	            0.000000	           -0.360037	            0.701772	            1.604418	            0.058861	            0.000000	            0.000000	            0.000000	           -1.190000	            0.000000	           -0.472067	            0.000000	            0.000000	            0.000000
            1.148000	          192.812966	          438.409635	           16.280103	           -0.418260	            0.000000	           -0.360016	            0.714431	            1.630138	            0.060722	            0.000000	            0.000000	            0.000000	           -1.190000	            0.000000	           -0.472067	            0.000000	            0.000000	            0.000000
            1.149000	          187.944690	          426.464784	           16.062129	           -0.417500	            0.000000	           -0.359985	            0.725616	            1.653453	            0.062444	            0.000000	            0.000000	            0.000000	           -1.190000	            0.000000	           -0.472067	            0.000000	            0.000000	            0.000000
            1.150000	          182.986711	          414.668372	           15.819415	           -0.416727	            0.000000	           -0.359949	            0.735250	            1.674170	            0.064002	            0.000000	            0.000000	            0.000000	           -1.190000	            0.000000	           -0.472067	            0.000000	            0.000000	            0.000000
            1.151000	          177.959772	          403.026666	           15.551878	           -0.415938	            0.000000	           -0.359913	            0.743266	            1.692080	            0.065374	            0.000000	            0.000000	            0.000000	           -1.190000	            0.000000	           -0.472067	            0.000000	            0.000000	            0.000000
            1.152000	          172.885132	          391.544036	           15.259280	           -0.415130	            0.000000	           -0.359883	            0.749600	            1.706966	            0.066533	            0.000000	            0.000000	            0.000000	           -1.190000	            0.000000	           -0.472067	            0.000000	            0.000000	            0.000000
            1.153000	          167.784232	          380.223071	           14.941234	           -0.414301	            0.000000	           -0.359863	            0.754197	            1.718595	            0.067455	            0.000000	            0.000000	            0.000000	           -1.190000	            0.000000	           -0.472067	            0.000000	            0.000000	            0.000000
            1.154000	          162.678352	          369.064723	           14.597224	           -0.413455	            0.000000	           -0.359858	            0.757008	            1.726724	            0.068116	            0.000000	            0.000000	            0.000000	           -1.190000	            0.000000	           -0.472067	            0.000000	            0.000000	            0.000000
            1.155000	          157.588268	          358.068459	           14.226638	           -0.412599	            0.000000	           -0.359870	            0.757990	            1.731108	            0.068490	            0.000000	            0.000000	            0.000000	           -1.190000	            0.000000	           -0.472067	            0.000000	            0.000000	            0.000000
            1.156000	          152.533923	          347.232442	           13.828799	           -0.411745	            0.000000	           -0.359900	            0.757105	            1.731497	            0.068557	            0.000000	            0.000000	            0.000000	           -1.190000	            0.000000	           -0.472067	            0.000000	            0.000000	            0.000000
            1.157000	          147.534113	          336.553724	           13.403020	           -0.410903	            0.000000	           -0.359947	            0.754325	            1.727650	            0.068295	            0.000000	            0.000000	            0.000000	           -1.190000	            0.000000	           -0.472067	            0.000000	            0.000000	            0.000000
            1.158000	          142.606207	          326.028467	           12.948660	           -0.410074	            0.000000	           -0.360010	            0.749629	            1.719339	            0.067686	            0.000000	            0.000000	            0.000000	           -1.190000	            0.000000	           -0.472067	            0.000000	            0.000000	            0.000000
            1.159000	          137.765902	          315.652175	           12.465195	           -0.409252	            0.000000	           -0.360087	            0.743005	            1.706358	            0.066717	            0.000000	            0.000000	            0.000000	           -1.190000	            0.000000	           -0.472067	            0.000000	            0.000000	            0.000000
            1.160000	          133.027021	          305.419952	           11.952288	           -0.408429	            0.000000	           -0.360176	            0.734455	            1.688538	            0.065377	            0.000000	            0.000000	            0.000000	           -1.190000	            0.000000	           -0.472067	            0.000000	            0.000000	            0.000000
            1.161000	          128.401367	          295.326775	           11.409866	           -0.407601	            0.000000	           -0.360268	            0.723990	            1.665747	            0.063662	            0.000000	            0.000000	            0.000000	           -1.190000	            0.000000	           -0.472067	            0.000000	            0.000000	            0.000000
            1.162000	          123.898625	          285.367774	           10.838200	           -0.406770	            0.000000	           -0.360354	            0.711635	            1.637907	            0.061572	            0.000000	            0.000000	            0.000000	           -1.190000	            0.000000	           -0.472067	            0.000000	            0.000000	            0.000000
            1.163000	          119.526323	          275.538522	           10.237974	           -0.405941	            0.000000	           -0.360424	            0.697432	            1.604997	            0.059113	            0.000000	            0.000000	            0.000000	           -1.190000	            0.000000	           -0.472067	            0.000000	            0.000000	            0.000000
            1.164000	          115.289857	          265.835317	            9.610343	           -0.405124	            0.000000	           -0.360472	            0.681436	            1.567060	            0.056301	            0.000000	            0.000000	            0.000000	           -1.190000	            0.000000	           -0.472067	            0.000000	            0.000000	            0.000000
            1.165000	          111.192563	          256.255444	            8.956983	           -0.404326	            0.000000	           -0.360500	            0.663715	            1.524211	            0.053153	            0.000000	            0.000000	            0.000000	           -1.190000	            0.000000	           -0.472067	            0.000000	            0.000000	            0.000000
            1.166000	          107.235850	          246.797416	            8.280115	           -0.403548	            0.000000	           -0.360513	            0.644356	            1.476632	            0.049696	            0.000000	            0.000000	            0.000000	           -1.190000	            0.000000	           -0.472067	            0.000000	            0.000000	            0.000000
            1.167000	          103.419378	          237.461174	            7.582514	           -0.402779	            0.000000	           -0.360516	            0.623457	            1.424577	            0.045962	            0.000000	            0.000000	            0.000000	           -1.190000	            0.000000	           -0.472067	            0.000000	            0.000000	            0.000000
            1.168000	           99.741278	          228.248227	            6.867483	           -0.401999	            0.000000	           -0.360512	            0.601129	            1.368367	            0.041991	            0.000000	            0.000000	            0.000000	           -1.190000	            0.000000	           -0.472067	            0.000000	            0.000000	            0.000000
            1.169000	           96.198409	          219.161747	            6.138811	           -0.401186	            0.000000	           -0.360500	            0.577494	            1.308387	            0.037825	            0.000000	            0.000000	            0.000000	           -1.190000	            0.000000	           -0.472067	            0.000000	            0.000000	            0.000000
            1.170000	           92.786632	          210.206589	            5.400705	           -0.400323	            0.000000	           -0.360475	            0.552682	            1.245075	            0.033512	            0.000000	            0.000000	            0.000000	           -1.190000	            0.000000	           -0.472067	            0.000000	            0.000000	            0.000000
            1.171000	           89.501094	          201.389248	            4.657696	           -0.399403	            0.000000	           -0.360428	            0.526829	            1.178915	            0.029102	            0.000000	            0.000000	            0.000000	           -1.190000	            0.000000	           -0.472067	            0.000000	            0.000000	            0.000000
            1.172000	           86.336514	          192.717744	            3.914531	           -0.398439	            0.000000	           -0.360352	            0.500077	            1.110429	            0.024650	            0.000000	            0.000000	            0.000000	           -1.190000	            0.000000	           -0.472067	            0.000000	            0.000000	            0.000000
            1.173000	           83.287447	          184.201455	            3.176046	           -0.397460	            0.000000	           -0.360243	            0.472570	            1.040162	            0.020209	            0.000000	            0.000000	            0.000000	           -1.190000	            0.000000	           -0.472067	            0.000000	            0.000000	            0.000000
            1.174000	           80.348524	          175.850879	            2.447044	           -0.396509	            0.000000	           -0.360101	            0.444449	            0.968673	            0.015834	            0.000000	            0.000000	            0.000000	           -1.190000	            0.000000	           -0.472067	            0.000000	            0.000000	            0.000000
            1.175000	           77.514648	          167.677362	            1.732152	           -0.395619	            0.000000	           -0.359925	            0.415858	            0.896523	            0.011580	            0.000000	            0.000000	            0.000000	           -1.190000	            0.000000	           -0.472067	            0.000000	            0.000000	            0.000000
            1.176000	           74.781143	          159.692781	            1.035704	           -0.394804	            0.000000	           -0.359718	            0.386933	            0.824264	            0.007498	            0.000000	            0.000000	            0.000000	           -1.190000	            0.000000	           -0.472067	            0.000000	            0.000000	            0.000000
            1.177000	           72.143850	          151.909208	            0.361619	           -0.394056	            0.000000	           -0.359483	            0.357811	            0.752431	            0.003640	            0.000000	            0.000000	            0.000000	           -1.190000	            0.000000	           -0.472067	            0.000000	            0.000000	            0.000000
            1.178000	           69.599157	          144.338555	           -0.286697	           -0.393349	            0.000000	           -0.359220	            0.328620	            0.681530	            0.000053	            0.000000	            0.000000	            0.000000	           -1.190000	            0.000000	           -0.472067	            0.000000	            0.000000	            0.000000
            1.179000	           67.143981	          136.992224	           -0.906424	           -0.392653	            0.000000	           -0.358931	            0.299487	            0.612035	           -0.003218	            0.000000	            0.000000	            0.000000	           -1.190000	            0.000000	           -0.472067	            0.000000	            0.000000	            0.000000
            1.180000	           64.775692	          129.880762	           -1.495380	           -0.391937	            0.000000	           -0.358620	            0.270530	            0.544378	           -0.006132	            0.000000	            0.000000	            0.000000	           -1.190000	            0.000000	           -0.472067	            0.000000	            0.000000	            0.000000
            1.181000	           62.491985	          123.013536	           -2.052044	           -0.391186	            0.000000	           -0.358295	            0.241867	            0.478947	           -0.008651	            0.000000	            0.000000	            0.000000	           -1.190000	            0.000000	           -0.472067	            0.000000	            0.000000	            0.000000
            1.182000	           60.290725	          116.398439	           -2.575543	           -0.390403	            0.000000	           -0.357961	            0.213608	            0.416083	           -0.010739	            0.000000	            0.000000	            0.000000	           -1.190000	            0.000000	           -0.472067	            0.000000	            0.000000	            0.000000
            1.183000	           58.169764	          110.041630	           -3.065611	           -0.389600	            0.000000	           -0.357618	            0.185865	            0.356076	           -0.012365	            0.000000	            0.000000	            0.000000	           -1.190000	            0.000000	           -0.472067	            0.000000	            0.000000	            0.000000
            1.184000	           56.126738	          103.947320	           -3.522522	           -0.388783	            0.000000	           -0.357272	            0.158742	            0.299169	           -0.013500	            0.000000	            0.000000	            0.000000	           -1.190000	            0.000000	           -0.472067	            0.000000	            0.000000	            0.000000
            1.185000	           54.158876	           98.117602	           -3.946985	           -0.387958	            0.000000	           -0.356925	            0.132344	            0.245553	           -0.014121	            0.000000	            0.000000	            0.000000	           -1.190000	            0.000000	           -0.472067	            0.000000	            0.000000	            0.000000
            1.186000	           52.262824	           92.552333	           -4.340033	           -0.387130	            0.000000	           -0.356562	            0.106777	            0.195372	           -0.014203	            0.000000	            0.000000	            0.000000	           -1.190000	            0.000000	           -0.472067	            0.000000	            0.000000	            0.000000
            1.187000	           50.434485	           87.249077	           -4.702880	           -0.386307	            0.000000	           -0.356159	            0.082141	            0.148724	           -0.013731	            0.000000	            0.000000	            0.000000	           -1.190000	            0.000000	           -0.472067	            0.000000	            0.000000	            0.000000
            1.188000	           48.668915	           82.203102	           -5.036781	           -0.385492	            0.000000	           -0.355691	            0.058539	            0.105664	           -0.012689	            0.000000	            0.000000	            0.000000	           -1.190000	            0.000000	           -0.472067	            0.000000	            0.000000	            0.000000
            1.189000	           46.960249	           77.407431	           -5.342885	           -0.384691	            0.000000	           -0.355143	            0.036072	            0.066209	           -0.011069	            0.000000	            0.000000	            0.000000	           -1.190000	            0.000000	           -0.472067	            0.000000	            0.000000	            0.000000
            1.190000	           45.301697	           72.852965	           -5.622100	           -0.383924	            0.000000	           -0.354508	            0.014840	            0.030339	           -0.008868	            0.000000	            0.000000	            0.000000	           -1.190000	            0.000000	           -0.472067	            0.000000	            0.000000	            0.000000
            1.191000	           43.685590	           68.528657	           -5.874969	           -0.383222	            0.000000	           -0.353792	           -0.005059	           -0.001994	           -0.006091	            0.000000	            0.000000	            0.000000	           -1.190000	            0.000000	           -0.472067	            0.000000	            0.000000	            0.000000
            1.192000	           42.103484	           64.421749	           -6.101576	           -0.382618	            0.000000	           -0.353002	           -0.023529	           -0.030865	           -0.002749	            0.000000	            0.000000	            0.000000	           -1.190000	            0.000000	           -0.472067	            0.000000	            0.000000	            0.000000
            1.193000	           40.546330	           60.518067	           -6.301484	           -0.382150	            0.000000	           -0.352144	           -0.040478	           -0.056369	            0.001133	            0.000000	            0.000000	            0.000000	           -1.190000	            0.000000	           -0.472067	            0.000000	            0.000000	            0.000000
            1.194000	           39.004699	           56.802371	           -6.473706	           -0.381864	            0.000000	           -0.351220	           -0.055819	           -0.078615	            0.005521	            0.000000	            0.000000	            0.000000	           -1.190000	            0.000000	           -0.472067	            0.000000	            0.000000	            0.000000
            1.195000	           37.469051	           53.258752	           -6.616724	           -0.381800	            0.000000	           -0.350227	           -0.069471	           -0.097724	            0.010367	            0.000000	            0.000000	            0.000000	           -1.190000	            0.000000	           -0.472067	            0.000000	            0.000000	            0.000000
            1.196000	           35.930055	           49.871071	           -6.728551	           -0.381964	            0.000000	           -0.349162	           -0.081364	           -0.113822	            0.015609	            0.000000	            0.000000	            0.000000	           -1.190000	            0.000000	           -0.472067	            0.000000	            0.000000	            0.000000
            1.197000	           34.378941	           46.623428	           -6.806836	           -0.382324	            0.000000	           -0.348024	           -0.091439	           -0.127041	            0.021168	            0.000000	            0.000000	            0.000000	           -1.190000	            0.000000	           -0.472067	            0.000000	            0.000000	            0.000000
            1.198000	           32.807864	           43.500644	           -6.849009	           -0.382842	            0.000000	           -0.346814	           -0.099653	           -0.137514	            0.026953	            0.000000	            0.000000	            0.000000	           -1.190000	            0.000000	           -0.472067	            0.000000	            0.000000	            0.000000
            1.199000	           31.210289	           40.488741	           -6.852463	           -0.383506	            0.000000	           -0.345527	           -0.105981	           -0.145374	            0.032853	            0.000000	            0.000000	            0.000000	           -1.190000	            0.000000	           -0.472067	            0.000000	            0.000000	            0.000000
            1.200000	           29.581350	           37.575407	           -6.814765	           -0.384343	            0.000000	           -0.344146	           -0.110423	           -0.150755	            0.038748	            0.000000	            0.000000	            0.000000	           -1.190000	            0.000000	           -0.472067	            0.000000	            0.000000	            0.000000
            1.201000	           27.918191	           34.750406	           -6.733870	           -0.385408	            0.000000	           -0.342650	           -0.113002	           -0.153796	            0.044503	            0.000000	            0.000000	            0.000000	           -1.190000	            0.000000	           -0.472067	            0.000000	            0.000000	            0.000000
            1.202000	           26.220253	           32.005935	           -6.608351	           -0.386752	            0.000000	           -0.341024	           -0.113774	           -0.154639	            0.049974	            0.000000	            0.000000	            0.000000	           -1.190000	            0.000000	           -0.472067	            0.000000	            0.000000	            0.000000
            1.203000	           24.489492	           29.336883	           -6.437608	           -0.388375	            0.000000	           -0.339282	           -0.112824	           -0.153432	            0.055015	            0.000000	            0.000000	            0.000000	           -1.190000	            0.000000	           -0.472067	            0.000000	            0.000000	            0.000000
            1.204000	           22.730506	           26.740988	           -6.222048	           -0.390187	            0.000000	           -0.337472	           -0.110270	           -0.150333	            0.059477	            0.000000	            0.000000	            0.000000	           -1.190000	            0.000000	           -0.472067	            0.000000	            0.000000	            0.000000
            1.205000	           20.950561	           24.218864	           -5.963231	           -0.392041	            0.000000	           -0.335665	           -0.106266	           -0.145515	            0.063218	            0.000000	            0.000000	            0.000000	           -1.190000	            0.000000	           -0.472067	            0.000000	            0.000000	            0.000000
            1.206000	           19.159484	           21.773889	           -5.663947	           -0.393823	            0.000000	           -0.333932	           -0.100992	           -0.139162	            0.066110	            0.000000	            0.000000	            0.000000	           -1.190000	            0.000000	           -0.472067	            0.000000	            0.000000	            0.000000
            1.207000	           17.369445	           19.411963	           -5.328241	           -0.395494	            0.000000	           -0.332337	           -0.094660	           -0.131472	            0.068041	            0.000000	            0.000000	            0.000000	           -1.190000	            0.000000	           -0.472067	            0.000000	            0.000000	            0.000000
            1.208000	           15.594590	           17.141108	           -4.961360	           -0.397063	            0.000000	           -0.330926	           -0.087501	           -0.122659	            0.068926	            0.000000	            0.000000	            0.000000	           -1.190000	            0.000000	           -0.472067	            0.000000	            0.000000	            0.000000
            1.209000	           13.850562	           14.970961	           -4.569627	           -0.398557	            0.000000	           -0.329712	           -0.079760	           -0.112950	            0.068712	            0.000000	            0.000000	            0.000000	           -1.190000	            0.000000	           -0.472067	            0.000000	            0.000000	            0.000000
            1.210000	           12.153914	           12.912153	           -4.160242	           -0.398557	            0.000000	           -0.329712	           -0.071687	           -0.102581	            0.067383	            0.000000	            0.000000	            0.000000	           -1.190000	            0.000000	           -0.472067	            0.000000	            0.000000	            0.000000
            1.211000	           10.521437	           10.975620	           -3.741033	           -0.398557	            0.000000	           -0.329712	           -0.063528	           -0.091794	            0.064964	            0.000000	            0.000000	            0.000000	           -1.190000	            0.000000	           -0.472067	            0.000000	            0.000000	            0.000000
            1.212000	            0.000000	            0.000000	            0.000000	           -0.450000	            0.000000	           -0.349809	            0.000000	            0.000000	            0.000000	            0.000000	            0.000000	            0.000000	           -1.190000	            0.000000	           -0.472067	            0.000000	            0.000000	            0.000000
            1.213000	            0.000000	            0.000000	            0.000000	           -0.450000	            0.000000	           -0.349809	            0.000000	            0.000000	            0.000000	            0.000000	            0.000000	            0.000000	           -1.190000	            0.000000	           -0.472067	            0.000000	            0.000000	            0.000000
            1.214000	            0.000000	            0.000000	            0.000000	           -0.450000	            0.000000	           -0.349809	            0.000000	            0.000000	            0.000000	            0.000000	            0.000000	            0.000000	           -1.190000	            0.000000	           -0.472067	            0.000000	            0.000000	            0.000000
            1.215000	            0.000000	            0.000000	            0.000000	           -0.450000	            0.000000	           -0.349809	            0.000000	            0.000000	            0.000000	            0.000000	            0.000000	            0.000000	           -1.190000	            0.000000	           -0.472067	            0.000000	            0.000000	            0.000000
            1.216000	            0.000000	            0.000000	            0.000000	           -0.450000	            0.000000	           -0.349809	            0.000000	            0.000000	            0.000000	            0.000000	            0.000000	            0.000000	           -1.190000	            0.000000	           -0.472067	            0.000000	            0.000000	            0.000000
            1.217000	            0.000000	            0.000000	            0.000000	           -0.450000	            0.000000	           -0.349809	            0.000000	            0.000000	            0.000000	            0.000000	            0.000000	            0.000000	           -1.190000	            0.000000	           -0.472067	            0.000000	            0.000000	            0.000000
            1.218000	            0.000000	            0.000000	            0.000000	           -0.450000	            0.000000	           -0.349809	            0.000000	            0.000000	            0.000000	            0.000000	            0.000000	            0.000000	           -1.190000	            0.000000	           -0.472067	            0.000000	            0.000000	            0.000000
            1.219000	            0.000000	            0.000000	            0.000000	           -0.450000	            0.000000	           -0.349809	            0.000000	            0.000000	            0.000000	            0.000000	            0.000000	            0.000000	           -1.190000	            0.000000	           -0.472067	            0.000000	            0.000000	            0.000000
            1.220000	            0.000000	            0.000000	            0.000000	           -0.450000	            0.000000	           -0.349809	            0.000000	            0.000000	            0.000000	            0.000000	            0.000000	            0.000000	           -1.190000	            0.000000	           -0.472067	            0.000000	            0.000000	            0.000000
