name=P6 250w 03_force.mot
nRows=1066
nColumns=19
range=0.000000 1.065000
endheader
time	1_force_vx	1_force_vy	1_force_vz	1_force_px	1_force_py	1_force_pz	1_torque_x	1_torque_y	1_torque_z	2_force_vx	2_force_vy	2_force_vz	2_force_px	2_force_py	2_force_pz	2_torque_x	2_torque_y	2_torque_z
            0.000000	            0.000000	            0.000000	            0.000000	           -0.450000	            0.000000	           -0.135003	            0.000000	            0.000000	            0.000000	          -17.345671	           17.085775	            6.166911	           -1.459394	            0.000000	           -0.389831	            1.052616	           -0.475970	           -1.131656
            0.001000	            0.000000	            0.000000	            0.000000	           -0.450000	            0.000000	           -0.135003	            0.000000	            0.000000	            0.000000	          -20.525909	           20.753099	            6.807717	           -1.453746	            0.000000	           -0.395225	            1.083876	           -0.727739	           -0.959612
            0.002000	            0.000000	            0.000000	            0.000000	           -0.450000	            0.000000	           -0.135003	            0.000000	            0.000000	            0.000000	          -23.617994	           24.601220	            7.366116	           -1.447579	            0.000000	           -0.400799	            1.106136	           -0.955919	           -0.799501
            0.003000	            0.000000	            0.000000	            0.000000	           -0.450000	            0.000000	           -0.135003	            0.000000	            0.000000	            0.000000	          -26.591975	           28.695680	            7.830946	           -1.440780	            0.000000	           -0.406469	            1.118508	           -1.157500	           -0.652842
            0.004000	            0.000000	            0.000000	            0.000000	           -0.450000	            0.000000	           -0.135003	            0.000000	            0.000000	            0.000000	          -29.418711	           33.109185	            8.193442	           -1.433289	            0.000000	           -0.412113	            1.120404	           -1.330274	           -0.520715
            0.005000	            0.000000	            0.000000	            0.000000	           -0.450000	            0.000000	           -0.135003	            0.000000	            0.000000	            0.000000	          -32.070306	           37.919947	            8.447411	           -1.425153	            0.000000	           -0.417582	            1.111552	           -1.472861	           -0.403757
            0.006000	            0.000000	            0.000000	            0.000000	           -0.450000	            0.000000	           -0.135003	            0.000000	            0.000000	            0.000000	          -34.520590	           43.209761	            8.589310	           -1.416538	            0.000000	           -0.422714	            1.092001	           -1.584688	           -0.302176
            0.007000	            0.000000	            0.000000	            0.000000	           -0.450000	            0.000000	           -0.135003	            0.000000	            0.000000	            0.000000	          -36.745645	           49.061892	            8.618213	           -1.407707	            0.000000	           -0.427393	            1.062119	           -1.665953	           -0.215787
            0.008000	            0.000000	            0.000000	            0.000000	           -0.450000	            0.000000	           -0.135003	            0.000000	            0.000000	            0.000000	          -38.724373	           55.558803	            8.535698	           -1.398963	            0.000000	           -0.431580	            1.022562	           -1.717541	           -0.144051
            0.009000	            0.000000	            0.000000	            0.000000	           -0.450000	            0.000000	           -0.135003	            0.000000	            0.000000	            0.000000	          -40.439104	           62.779826	            8.345640	           -1.390573	            0.000000	           -0.435279	            0.974246	           -1.740937	           -0.086131
            0.010000	            0.000000	            0.000000	            0.000000	           -0.450000	            0.000000	           -0.135003	            0.000000	            0.000000	            0.000000	          -41.876247	           70.798814	            8.053956	           -1.382722	            0.000000	           -0.438507	            0.918307	           -1.738118	           -0.040949
            0.011000	            0.000000	            0.000000	            0.000000	           -0.450000	            0.000000	           -0.135003	            0.000000	            0.000000	            0.000000	          -43.026940	           79.681872	            7.668299	           -1.375518	            0.000000	           -0.441282	            0.856045	           -1.711433	           -0.007249
            0.012000	            0.000000	            0.000000	            0.000000	           -0.450000	            0.000000	           -0.135003	            0.000000	            0.000000	            0.000000	          -43.887707	           89.485204	            7.197723	           -1.369006	            0.000000	           -0.443618	            0.788876	           -1.663493	            0.016348
            0.013000	            0.000000	            0.000000	            0.000000	           -0.450000	            0.000000	           -0.135003	            0.000000	            0.000000	            0.000000	          -44.461069	          100.253169	            6.652344	           -1.363187	            0.000000	           -0.445526	            0.718277	           -1.597053	            0.031279
            0.014000	            0.000000	            0.000000	            0.000000	           -0.450000	            0.000000	           -0.135003	            0.000000	            0.000000	            0.000000	          -44.756094	          112.016570	            6.042999	           -1.358023	            0.000000	           -0.447038	            0.645729	           -1.514913	            0.038992
            0.015000	            0.000000	            0.000000	            0.000000	           -0.450000	            0.000000	           -0.135003	            0.000000	            0.000000	            0.000000	          -44.788830	          124.791240	            5.380920	           -1.353456	            0.000000	           -0.448209	            0.572670	           -1.419822	            0.040898
            0.016000	            0.000000	            0.000000	            0.000000	           -0.450000	            0.000000	           -0.135003	            0.000000	            0.000000	            0.000000	          -44.582602	          138.576953	            4.677439	           -1.349418	            0.000000	           -0.449105	            0.500443	           -1.314399	            0.038334
            0.017000	            0.000000	            0.000000	            0.000000	           -0.450000	            0.000000	           -0.135003	            0.000000	            0.000000	            0.000000	          -44.168125	          153.356690	            3.943725	           -1.345843	            0.000000	           -0.449792	            0.430264	           -1.201068	            0.032526
            0.018000	            0.000000	            0.000000	            0.000000	           -0.450000	            0.000000	           -0.135003	            0.000000	            0.000000	            0.000000	          -43.583400	          169.096285	            3.190558	           -1.342662	            0.000000	           -0.450322	            0.363186	           -1.082015	            0.024574
            0.019000	            0.000000	            0.000000	            0.000000	           -0.450000	            0.000000	           -0.135003	            0.000000	            0.000000	            0.000000	          -42.873357	          185.744454	            2.428150	           -1.339809	            0.000000	           -0.450735	            0.300073	           -0.959149	            0.015431
            0.020000	            0.000000	            0.000000	            0.000000	           -0.450000	            0.000000	           -0.135003	            0.000000	            0.000000	            0.000000	          -42.089233	          203.233230	            1.666009	           -1.337214	            0.000000	           -0.451056	            0.241592	           -0.834093	            0.005895
            0.021000	            0.000000	            0.000000	            0.000000	           -0.450000	            0.000000	           -0.135003	            0.000000	            0.000000	            0.000000	          -41.287670	          221.478783	            0.912856	           -1.334813	            0.000000	           -0.451301	            0.188199	           -0.708174	           -0.003388
            0.022000	            0.000000	            0.000000	            0.000000	           -0.450000	            0.000000	           -0.135003	            0.000000	            0.000000	            0.000000	          -40.529526	          240.382638	            0.176579	           -1.332551	            0.000000	           -0.451482	            0.140148	           -0.582437	           -0.011921
            0.023000	            0.000000	            0.000000	            0.000000	           -0.450000	            0.000000	           -0.135003	            0.000000	            0.000000	            0.000000	          -39.878430	          259.833256	           -0.535759	           -1.330397	            0.000000	           -0.451614	            0.097494	           -0.457665	           -0.019351
            0.024000	            0.000000	            0.000000	            0.000000	           -0.450000	            0.000000	           -0.135003	            0.000000	            0.000000	            0.000000	          -39.399102	          279.707961	           -1.217876	           -1.328339	            0.000000	           -0.451713	            0.060115	           -0.334410	           -0.025450
            0.025000	            0.000000	            0.000000	            0.000000	           -0.450000	            0.000000	           -0.135003	            0.000000	            0.000000	            0.000000	          -39.155502	          299.875175	           -1.864184	           -1.326379	            0.000000	           -0.451796	            0.027730	           -0.213028	           -0.030103
            0.026000	            0.000000	            0.000000	            0.000000	           -0.450000	            0.000000	           -0.135003	            0.000000	            0.000000	            0.000000	          -39.208854	          320.196896	           -2.469681	           -1.324520	            0.000000	           -0.451875	           -0.000075	           -0.093717	           -0.033290
            0.027000	            0.000000	            0.000000	            0.000000	           -0.450000	            0.000000	           -0.135003	            0.000000	            0.000000	            0.000000	          -39.615637	          340.531381	           -3.029803	           -1.322764	            0.000000	           -0.451959	           -0.023815	            0.023433	           -0.035065
            0.028000	            0.000000	            0.000000	            0.000000	           -0.450000	            0.000000	           -0.135003	            0.000000	            0.000000	            0.000000	          -40.425618	          360.735934	           -3.540276	           -1.321103	            0.000000	           -0.452050	           -0.044077	            0.138403	           -0.035545
            0.029000	            0.000000	            0.000000	            0.000000	           -0.450000	            0.000000	           -0.135003	            0.000000	            0.000000	            0.000000	          -41.680012	          380.669751	           -3.996952	           -1.319530	            0.000000	           -0.452143	           -0.061490	            0.251200	           -0.034884
            0.030000	            0.000000	            0.000000	            0.000000	           -0.450000	            0.000000	           -0.135003	            0.000000	            0.000000	            0.000000	          -43.409859	          400.196704	           -4.395658	           -1.318035	            0.000000	           -0.452235	           -0.076691	            0.361820	           -0.033262
            0.031000	            0.000000	            0.000000	            0.000000	           -0.450000	            0.000000	           -0.135003	            0.000000	            0.000000	            0.000000	          -45.634685	          419.188014	           -4.732055	           -1.316608	            0.000000	           -0.452320	           -0.090301	            0.470213	           -0.030874
            0.032000	            0.000000	            0.000000	            0.000000	           -0.450000	            0.000000	           -0.135003	            0.000000	            0.000000	            0.000000	          -48.361524	          437.524714	           -5.001532	           -1.315241	            0.000000	           -0.452395	           -0.102895	            0.576259	           -0.027909
            0.033000	            0.000000	            0.000000	            0.000000	           -0.450000	            0.000000	           -0.135003	            0.000000	            0.000000	            0.000000	          -51.584340	          455.099823	           -5.199128	           -1.313929	            0.000000	           -0.452458	           -0.114982	            0.679743	           -0.024548
            0.034000	            0.000000	            0.000000	            0.000000	           -0.450000	            0.000000	           -0.135003	            0.000000	            0.000000	            0.000000	          -55.283898	          471.820189	           -5.319506	           -1.312669	            0.000000	           -0.452509	           -0.126990	            0.780350	           -0.020954
            0.035000	            0.000000	            0.000000	            0.000000	           -0.450000	            0.000000	           -0.135003	            0.000000	            0.000000	            0.000000	          -59.428076	          487.607927	           -5.356972	           -1.311459	            0.000000	           -0.452552	           -0.139250	            0.877654	           -0.017267
            0.036000	            0.000000	            0.000000	            0.000000	           -0.450000	            0.000000	           -0.135003	            0.000000	            0.000000	            0.000000	          -63.972641	          502.401432	           -5.305550	           -1.310297	            0.000000	           -0.452589	           -0.151988	            0.971123	           -0.013601
            0.037000	            0.000000	            0.000000	            0.000000	           -0.450000	            0.000000	           -0.135003	            0.000000	            0.000000	            0.000000	          -68.862436	          516.155928	           -5.159103	           -1.309178	            0.000000	           -0.452620	           -0.165327	            1.060134	           -0.010043
            0.038000	            0.000000	            0.000000	            0.000000	           -0.450000	            0.000000	           -0.135003	            0.000000	            0.000000	            0.000000	          -74.032957	          528.843575	           -4.911504	           -1.308097	            0.000000	           -0.452649	           -0.179285	            1.143989	           -0.006653
            0.039000	            0.000000	            0.000000	            0.000000	           -0.450000	            0.000000	           -0.135003	            0.000000	            0.000000	            0.000000	          -79.412248	          540.453116	           -4.556845	           -1.307050	            0.000000	           -0.452679	           -0.193784	            1.221936	           -0.003467
            0.040000	            0.000000	            0.000000	            0.000000	           -0.450000	            0.000000	           -0.135003	            0.000000	            0.000000	            0.000000	          -84.923050	          550.989119	           -4.089672	           -1.306031	            0.000000	           -0.452715	           -0.208660	            1.293202	           -0.000502
            0.041000	            0.000000	            0.000000	            0.000000	           -0.450000	            0.000000	           -0.135003	            0.000000	            0.000000	            0.000000	          -90.485112	          560.470834	           -3.505237	           -1.305037	            0.000000	           -0.452762	           -0.223676	            1.357019	            0.002245
            0.042000	            0.000000	            0.000000	            0.000000	           -0.450000	            0.000000	           -0.135003	            0.000000	            0.000000	            0.000000	          -96.017593	          568.930745	           -2.799753	           -1.304062	            0.000000	           -0.452820	           -0.238543	            1.412659	            0.004789
            0.043000	            0.000000	            0.000000	            0.000000	           -0.450000	            0.000000	           -0.135003	            0.000000	            0.000000	            0.000000	         -101.441451	          576.412851	           -1.970635	           -1.303102	            0.000000	           -0.452890	           -0.252930	            1.459462	            0.007152
            0.044000	            0.000000	            0.000000	            0.000000	           -0.450000	            0.000000	           -0.135003	            0.000000	            0.000000	            0.000000	         -106.681730	          582.970771	           -1.016714	           -1.302154	            0.000000	           -0.452969	           -0.266491	            1.496869	            0.009364
            0.045000	            0.000000	            0.000000	            0.000000	           -0.450000	            0.000000	           -0.135003	            0.000000	            0.000000	            0.000000	         -111.669679	          588.665736	            0.061585	           -1.301215	            0.000000	           -0.453058	           -0.278876	            1.524446	            0.011452
            0.046000	            0.000000	            0.000000	            0.000000	           -0.450000	            0.000000	           -0.135003	            0.000000	            0.000000	            0.000000	         -116.344609	          593.564543	            1.262112	           -1.300288	            0.000000	           -0.453154	           -0.289753	            1.541904	            0.013445
            0.047000	            0.000000	            0.000000	            0.000000	           -0.450000	            0.000000	           -0.135003	            0.000000	            0.000000	            0.000000	         -120.655441	          597.737534	            2.580918	           -1.299376	            0.000000	           -0.453256	           -0.298822	            1.549115	            0.015364
            0.048000	            0.000000	            0.000000	            0.000000	           -0.450000	            0.000000	           -0.135003	            0.000000	            0.000000	            0.000000	         -124.561882	          601.256684	            4.012240	           -1.298489	            0.000000	           -0.453365	           -0.305829	            1.546123	            0.017224
            0.049000	            0.000000	            0.000000	            0.000000	           -0.450000	            0.000000	           -0.135003	            0.000000	            0.000000	            0.000000	         -128.035214	          604.193826	            5.548542	           -1.297638	            0.000000	           -0.453485	           -0.310573	            1.533147	            0.019035
            0.050000	            0.000000	            0.000000	            0.000000	           -0.450000	            0.000000	           -0.135003	            0.000000	            0.000000	            0.000000	         -131.058665	          606.619094	            7.180615	           -1.296831	            0.000000	           -0.453614	           -0.312921	            1.510576	            0.020797
            0.051000	            0.000000	            0.000000	            0.000000	           -0.450000	            0.000000	           -0.135003	            0.000000	            0.000000	            0.000000	         -133.627364	          608.599592	            8.897736	           -1.296072	            0.000000	           -0.453749	           -0.312803	            1.478965	            0.022504
            0.052000	            0.000000	            0.000000	            0.000000	           -0.450000	            0.000000	           -0.135003	            0.000000	            0.000000	            0.000000	         -135.747914	          610.198329	           10.687863	           -1.295357	            0.000000	           -0.453886	           -0.310223	            1.439020	            0.024145
            0.053000	            0.000000	            0.000000	            0.000000	           -0.450000	            0.000000	           -0.135003	            0.000000	            0.000000	            0.000000	         -137.437594	          611.473439	           12.537881	           -1.294683	            0.000000	           -0.454018	           -0.305250	            1.391579	            0.025704
            0.054000	            0.000000	            0.000000	            0.000000	           -0.450000	            0.000000	           -0.135003	            0.000000	            0.000000	            0.000000	         -138.723246	          612.477678	           14.433872	           -1.294042	            0.000000	           -0.454143	           -0.298018	            1.337596	            0.027160
            0.055000	            0.000000	            0.000000	            0.000000	           -0.450000	            0.000000	           -0.135003	            0.000000	            0.000000	            0.000000	         -139.639917	          613.258199	           16.361411	           -1.293429	            0.000000	           -0.454260	           -0.288719	            1.278116	            0.028495
            0.056000	            0.000000	            0.000000	            0.000000	           -0.450000	            0.000000	           -0.135003	            0.000000	            0.000000	            0.000000	         -140.229292	          613.856588	           18.305876	           -1.292842	            0.000000	           -0.454368	           -0.277596	            1.214250	            0.029689
            0.057000	            0.000000	            0.000000	            0.000000	           -0.450000	            0.000000	           -0.135003	            0.000000	            0.000000	            0.000000	         -140.538021	          614.309137	           20.252769	           -1.292277	            0.000000	           -0.454469	           -0.264930	            1.147154	            0.030728
            0.058000	            0.000000	            0.000000	            0.000000	           -0.450000	            0.000000	           -0.135003	            0.000000	            0.000000	            0.000000	         -140.615982	          614.647316	           22.188026	           -1.291734	            0.000000	           -0.454563	           -0.251035	            1.078000	            0.031598
            0.059000	            0.000000	            0.000000	            0.000000	           -0.450000	            0.000000	           -0.135003	            0.000000	            0.000000	            0.000000	         -140.514576	          614.898410	           24.098338	           -1.291208	            0.000000	           -0.454650	           -0.236245	            1.007954	            0.032295
            0.060000	            0.000000	            0.000000	            0.000000	           -0.450000	            0.000000	           -0.135003	            0.000000	            0.000000	            0.000000	         -140.285096	          615.086278	           25.971438	           -1.290697	            0.000000	           -0.454732	           -0.220902	            0.938155	            0.032818
            0.061000	            0.000000	            0.000000	            0.000000	           -0.450000	            0.000000	           -0.135003	            0.000000	            0.000000	            0.000000	         -139.977235	          615.232184	           27.796388	           -1.290198	            0.000000	           -0.454812	           -0.205348	            0.869686	            0.033176
            0.062000	            0.000000	            0.000000	            0.000000	           -0.450000	            0.000000	           -0.135003	            0.000000	            0.000000	            0.000000	         -139.637784	          615.355662	           29.563826	           -1.289708	            0.000000	           -0.454894	           -0.189911	            0.803559	            0.033383
            0.063000	            0.000000	            0.000000	            0.000000	           -0.450000	            0.000000	           -0.135003	            0.000000	            0.000000	            0.000000	         -139.309544	          615.475355	           31.266193	           -1.289225	            0.000000	           -0.454983	           -0.174903	            0.740693	            0.033459
            0.064000	            0.000000	            0.000000	            0.000000	           -0.450000	            0.000000	           -0.135003	            0.000000	            0.000000	            0.000000	         -139.030478	          615.609797	           32.897912	           -1.288743	            0.000000	           -0.455078	           -0.160602	            0.681892	            0.033429
            0.065000	            0.000000	            0.000000	            0.000000	           -0.450000	            0.000000	           -0.135003	            0.000000	            0.000000	            0.000000	         -138.833112	          615.778096	           34.455534	           -1.288260	            0.000000	           -0.455177	           -0.147253	            0.627835	            0.033322
            0.066000	            0.000000	            0.000000	            0.000000	           -0.450000	            0.000000	           -0.135003	            0.000000	            0.000000	            0.000000	         -138.744181	          616.000483	           35.937827	           -1.287774	            0.000000	           -0.455276	           -0.135058	            0.579055	            0.033168
            0.067000	            0.000000	            0.000000	            0.000000	           -0.450000	            0.000000	           -0.135003	            0.000000	            0.000000	            0.000000	         -138.784507	          616.298696	           37.345812	           -1.287285	            0.000000	           -0.455374	           -0.124171	            0.535930	            0.032998
            0.068000	            0.000000	            0.000000	            0.000000	           -0.450000	            0.000000	           -0.135003	            0.000000	            0.000000	            0.000000	         -138.969072	          616.696201	           38.682737	           -1.286792	            0.000000	           -0.455468	           -0.114695	            0.498670	            0.032840
            0.069000	            0.000000	            0.000000	            0.000000	           -0.450000	            0.000000	           -0.135003	            0.000000	            0.000000	            0.000000	         -139.307282	          617.218208	           39.953989	           -1.286297	            0.000000	           -0.455557	           -0.106684	            0.467316	            0.032716
            0.070000	            0.000000	            0.000000	            0.000000	           -0.450000	            0.000000	           -0.135003	            0.000000	            0.000000	            0.000000	         -139.803353	          617.891518	           41.166933	           -1.285801	            0.000000	           -0.455640	           -0.100135	            0.441730	            0.032645
            0.071000	            0.000000	            0.000000	            0.000000	           -0.450000	            0.000000	           -0.135003	            0.000000	            0.000000	            0.000000	         -140.456810	          618.744179	           42.330689	           -1.285303	            0.000000	           -0.455717	           -0.094996	            0.421603	            0.032634
            0.072000	            0.000000	            0.000000	            0.000000	           -0.450000	            0.000000	           -0.135003	            0.000000	            0.000000	            0.000000	         -141.263035	          619.804990	           43.455841	           -1.284802	            0.000000	           -0.455789	           -0.091165	            0.406459	            0.032683
            0.073000	            0.000000	            0.000000	            0.000000	           -0.450000	            0.000000	           -0.135003	            0.000000	            0.000000	            0.000000	         -142.213847	          621.102862	           44.554079	           -1.284296	            0.000000	           -0.455857	           -0.088497	            0.395666	            0.032780
            0.074000	            0.000000	            0.000000	            0.000000	           -0.450000	            0.000000	           -0.135003	            0.000000	            0.000000	            0.000000	         -143.298077	          622.666086	           45.637795	           -1.283780	            0.000000	           -0.455924	           -0.086804	            0.388455	            0.032903
            0.075000	            0.000000	            0.000000	            0.000000	           -0.450000	            0.000000	           -0.135003	            0.000000	            0.000000	            0.000000	         -144.502099	          624.521522	           46.719630	           -1.283253	            0.000000	           -0.455989	           -0.085870	            0.383941	            0.033020
            0.076000	            0.000000	            0.000000	            0.000000	           -0.450000	            0.000000	           -0.135003	            0.000000	            0.000000	            0.000000	         -145.810324	          626.693773	           47.811997	           -1.282709	            0.000000	           -0.456053	           -0.085453	            0.381154	            0.033088
            0.077000	            0.000000	            0.000000	            0.000000	           -0.450000	            0.000000	           -0.135003	            0.000000	            0.000000	            0.000000	         -147.205619	          629.204373	           48.926584	           -1.282147	            0.000000	           -0.456118	           -0.085296	            0.379069	            0.033059
            0.078000	            0.000000	            0.000000	            0.000000	           -0.450000	            0.000000	           -0.135003	            0.000000	            0.000000	            0.000000	         -148.669664	          632.071036	           50.073868	           -1.281559	            0.000000	           -0.456184	           -0.085140	            0.376644	            0.032878
            0.079000	            0.000000	            0.000000	            0.000000	           -0.450000	            0.000000	           -0.135003	            0.000000	            0.000000	            0.000000	         -150.183246	          635.307005	           51.262652	           -1.280941	            0.000000	           -0.456253	           -0.084727	            0.372857	            0.032487
            0.080000	            0.000000	            0.000000	            0.000000	           -0.450000	            0.000000	           -0.135003	            0.000000	            0.000000	            0.000000	         -151.726502	          638.920540	           52.499649	           -1.280284	            0.000000	           -0.456325	           -0.083819	            0.366750	            0.031829
            0.081000	            0.000000	            0.000000	            0.000000	           -0.450000	            0.000000	           -0.135003	            0.000000	            0.000000	            0.000000	         -153.279123	          642.914565	           53.789132	           -1.279583	            0.000000	           -0.456403	           -0.082201	            0.357465	            0.030853
            0.082000	            0.000000	            0.000000	            0.000000	           -0.450000	            0.000000	           -0.135003	            0.000000	            0.000000	            0.000000	         -154.820537	          647.286509	           55.132671	           -1.278831	            0.000000	           -0.456490	           -0.079694	            0.344286	            0.029513
            0.083000	            0.000000	            0.000000	            0.000000	           -0.450000	            0.000000	           -0.135003	            0.000000	            0.000000	            0.000000	         -156.330105	          652.028334	           56.528963	           -1.278020	            0.000000	           -0.456588	           -0.076162	            0.326670	            0.027773
            0.084000	            0.000000	            0.000000	            0.000000	           -0.450000	            0.000000	           -0.135003	            0.000000	            0.000000	            0.000000	         -157.787321	          657.126756	           57.973787	           -1.277143	            0.000000	           -0.456698	           -0.071518	            0.304275	            0.025614
            0.085000	            0.000000	            0.000000	            0.000000	           -0.450000	            0.000000	           -0.135003	            0.000000	            0.000000	            0.000000	         -159.172062	          662.563644	           59.460068	           -1.276197	            0.000000	           -0.456818	           -0.065730	            0.276984	            0.023032
            0.086000	            0.000000	            0.000000	            0.000000	           -0.450000	            0.000000	           -0.135003	            0.000000	            0.000000	            0.000000	         -160.464879	          668.316578	           60.978065	           -1.275188	            0.000000	           -0.456944	           -0.058819	            0.244918	            0.020039
            0.087000	            0.000000	            0.000000	            0.000000	           -0.450000	            0.000000	           -0.135003	            0.000000	            0.000000	            0.000000	         -161.647340	          674.359515	           62.515681	           -1.274132	            0.000000	           -0.457070	           -0.050867	            0.208434	            0.016669
            0.088000	            0.000000	            0.000000	            0.000000	           -0.450000	            0.000000	           -0.135003	            0.000000	            0.000000	            0.000000	         -162.702427	          680.663530	           64.058864	           -1.273054	            0.000000	           -0.457190	           -0.042006	            0.168127	            0.012974
            0.089000	            0.000000	            0.000000	            0.000000	           -0.450000	            0.000000	           -0.135003	            0.000000	            0.000000	            0.000000	         -163.614961	          687.197589	           65.592106	           -1.271980	            0.000000	           -0.457299	           -0.032422	            0.124807	            0.009026
            0.090000	            0.000000	            0.000000	            0.000000	           -0.450000	            0.000000	           -0.135003	            0.000000	            0.000000	            0.000000	         -164.372054	          693.929284	           67.098995	           -1.270933	            0.000000	           -0.457388	           -0.022340	            0.079474	            0.004911
            0.091000	            0.000000	            0.000000	            0.000000	           -0.450000	            0.000000	           -0.135003	            0.000000	            0.000000	            0.000000	         -164.963546	          700.825507	           68.562810	           -1.269930	            0.000000	           -0.457452	           -0.012021	            0.033287	            0.000733
            0.092000	            0.000000	            0.000000	            0.000000	           -0.450000	            0.000000	           -0.135003	            0.000000	            0.000000	            0.000000	         -165.382409	          707.853005	           69.967117	           -1.268983	            0.000000	           -0.457487	           -0.001750	           -0.012484	           -0.003397
            0.093000	            0.000000	            0.000000	            0.000000	           -0.450000	            0.000000	           -0.135003	            0.000000	            0.000000	            0.000000	         -165.625079	          714.978798	           71.296342	           -1.268096	            0.000000	           -0.457493	            0.008175	           -0.056502	           -0.007358
            0.094000	            0.000000	            0.000000	            0.000000	           -0.450000	            0.000000	           -0.135003	            0.000000	            0.000000	            0.000000	         -165.691685	          722.170438	           72.536301	           -1.267271	            0.000000	           -0.457472	            0.017456	           -0.097417	           -0.011030
            0.095000	            0.000000	            0.000000	            0.000000	           -0.450000	            0.000000	           -0.135003	            0.000000	            0.000000	            0.000000	         -165.586163	          729.396114	           73.674651	           -1.266505	            0.000000	           -0.457425	            0.025804	           -0.133918	           -0.014294
            0.096000	            0.000000	            0.000000	            0.000000	           -0.450000	            0.000000	           -0.135003	            0.000000	            0.000000	            0.000000	         -165.316206	          736.624604	           74.701260	           -1.265792	            0.000000	           -0.457357	            0.032957	           -0.164788	           -0.017039
            0.097000	            0.000000	            0.000000	            0.000000	           -0.450000	            0.000000	           -0.135003	            0.000000	            0.000000	            0.000000	         -164.893078	          743.825114	           75.608472	           -1.265124	            0.000000	           -0.457272	            0.038684	           -0.188954	           -0.019168
            0.098000	            0.000000	            0.000000	            0.000000	           -0.450000	            0.000000	           -0.135003	            0.000000	            0.000000	            0.000000	         -164.331258	          750.967024	           76.391270	           -1.264486	            0.000000	           -0.457173	            0.042797	           -0.205530	           -0.020599
            0.099000	            0.000000	            0.000000	            0.000000	           -0.450000	            0.000000	           -0.135003	            0.000000	            0.000000	            0.000000	         -163.647949	          758.019598	           77.047335	           -1.263859	            0.000000	           -0.457063	            0.045161	           -0.213856	           -0.021271
            0.100000	            0.000000	            0.000000	            0.000000	           -0.450000	            0.000000	           -0.135003	            0.000000	            0.000000	            0.000000	         -162.862453	          764.951694	           77.577017	           -1.263225	            0.000000	           -0.456945	            0.045695	           -0.213527	           -0.021147
            0.101000	            0.000000	            0.000000	            0.000000	           -0.450000	            0.000000	           -0.135003	            0.000000	            0.000000	            0.000000	         -161.995461	          771.731525	           77.983204	           -1.262569	            0.000000	           -0.456820	            0.044378	           -0.204409	           -0.020216
            0.102000	            0.000000	            0.000000	            0.000000	           -0.450000	            0.000000	           -0.135003	            0.000000	            0.000000	            0.000000	         -161.068270	          778.326515	           78.271135	           -1.261877	            0.000000	           -0.456690	            0.041249	           -0.186652	           -0.018490
            0.103000	            0.000000	            0.000000	            0.000000	           -0.450000	            0.000000	           -0.135003	            0.000000	            0.000000	            0.000000	         -160.101991	          784.703277	           78.448143	           -1.261144	            0.000000	           -0.456558	            0.036406	           -0.160676	           -0.016011
            0.104000	            0.000000	            0.000000	            0.000000	           -0.450000	            0.000000	           -0.135003	            0.000000	            0.000000	            0.000000	         -159.116766	          790.827744	           78.523360	           -1.260372	            0.000000	           -0.456429	            0.029999	           -0.127166	           -0.012840
            0.105000	            0.000000	            0.000000	            0.000000	           -0.450000	            0.000000	           -0.135003	            0.000000	            0.000000	            0.000000	         -158.131058	          796.665460	           78.507390	           -1.259564	            0.000000	           -0.456307	            0.022226	           -0.087034	           -0.009065
            0.106000	            0.000000	            0.000000	            0.000000	           -0.450000	            0.000000	           -0.135003	            0.000000	            0.000000	            0.000000	         -157.161024	          802.182031	           78.411962	           -1.258727	            0.000000	           -0.456192	            0.013323	           -0.041388	           -0.004787
            0.107000	            0.000000	            0.000000	            0.000000	           -0.450000	            0.000000	           -0.135003	            0.000000	            0.000000	            0.000000	         -156.220029	          807.343721	           78.249585	           -1.257867	            0.000000	           -0.456082	            0.003557	            0.008512	           -0.000124
            0.108000	            0.000000	            0.000000	            0.000000	           -0.450000	            0.000000	           -0.135003	            0.000000	            0.000000	            0.000000	         -155.318304	          812.118163	           78.033197	           -1.256995	            0.000000	           -0.455975	           -0.006790	            0.061310	            0.004799
            0.109000	            0.000000	            0.000000	            0.000000	           -0.450000	            0.000000	           -0.135003	            0.000000	            0.000000	            0.000000	         -154.462767	          816.475157	           77.775835	           -1.256122	            0.000000	           -0.455869	           -0.017428	            0.115606	            0.009851
            0.110000	            0.000000	            0.000000	            0.000000	           -0.450000	            0.000000	           -0.135003	            0.000000	            0.000000	            0.000000	         -153.657015	          820.387505	           77.490314	           -1.255259	            0.000000	           -0.455762	           -0.028072	            0.170007	            0.014905
            0.111000	            0.000000	            0.000000	            0.000000	           -0.450000	            0.000000	           -0.135003	            0.000000	            0.000000	            0.000000	         -152.901479	          823.831842	           77.188941	           -1.254416	            0.000000	           -0.455656	           -0.038452	            0.223187	            0.019838
            0.112000	            0.000000	            0.000000	            0.000000	           -0.450000	            0.000000	           -0.135003	            0.000000	            0.000000	            0.000000	         -152.193716	          826.789406	           76.883250	           -1.253600	            0.000000	           -0.455548	           -0.048323	            0.273932	            0.024541
            0.113000	            0.000000	            0.000000	            0.000000	           -0.450000	            0.000000	           -0.135003	            0.000000	            0.000000	            0.000000	         -151.528831	          829.246716	           76.583775	           -1.252812	            0.000000	           -0.455436	           -0.057472	            0.321179	            0.028916
            0.114000	            0.000000	            0.000000	            0.000000	           -0.450000	            0.000000	           -0.135003	            0.000000	            0.000000	            0.000000	         -150.899983	          831.196104	           76.299859	           -1.252051	            0.000000	           -0.455322	           -0.065727	            0.364054	            0.032884
            0.115000	            0.000000	            0.000000	            0.000000	           -0.450000	            0.000000	           -0.135003	            0.000000	            0.000000	            0.000000	         -150.298955	          832.636078	           76.039509	           -1.251313	            0.000000	           -0.455204	           -0.072958	            0.401893	            0.036388
            0.116000	            0.000000	            0.000000	            0.000000	           -0.450000	            0.000000	           -0.135003	            0.000000	            0.000000	            0.000000	         -149.716735	          833.571488	           75.809293	           -1.250593	            0.000000	           -0.455086	           -0.079081	            0.434253	            0.039389
            0.117000	            0.000000	            0.000000	            0.000000	           -0.450000	            0.000000	           -0.135003	            0.000000	            0.000000	            0.000000	         -149.144093	          834.013490	           75.614285	           -1.249886	            0.000000	           -0.454968	           -0.084055	            0.460915	            0.041871
            0.118000	            0.000000	            0.000000	            0.000000	           -0.450000	            0.000000	           -0.135003	            0.000000	            0.000000	            0.000000	         -148.572107	          833.979298	           75.458056	           -1.249191	            0.000000	           -0.454856	           -0.087885	            0.481877	            0.043834
            0.119000	            0.000000	            0.000000	            0.000000	           -0.450000	            0.000000	           -0.135003	            0.000000	            0.000000	            0.000000	         -147.992617	          833.491742	           75.342712	           -1.248503	            0.000000	           -0.454750	           -0.090614	            0.497332	            0.045301
            0.120000	            0.000000	            0.000000	            0.000000	           -0.450000	            0.000000	           -0.135003	            0.000000	            0.000000	            0.000000	         -147.398586	          832.578652	           75.268980	           -1.247821	            0.000000	           -0.454656	           -0.092318	            0.507643	            0.046307
            0.121000	            0.000000	            0.000000	            0.000000	           -0.450000	            0.000000	           -0.135003	            0.000000	            0.000000	            0.000000	         -146.784362	          831.272084	           75.236327	           -1.247143	            0.000000	           -0.454575	           -0.093101	            0.513318	            0.046902
            0.122000	            0.000000	            0.000000	            0.000000	           -0.450000	            0.000000	           -0.135003	            0.000000	            0.000000	            0.000000	         -146.145822	          829.607436	           75.243113	           -1.246466	            0.000000	           -0.454509	           -0.093087	            0.514965	            0.047143
            0.123000	            0.000000	            0.000000	            0.000000	           -0.450000	            0.000000	           -0.135003	            0.000000	            0.000000	            0.000000	         -145.480415	          827.622491	           75.286774	           -1.245789	            0.000000	           -0.454458	           -0.092414	            0.513264	            0.047095
            0.124000	            0.000000	            0.000000	            0.000000	           -0.450000	            0.000000	           -0.135003	            0.000000	            0.000000	            0.000000	         -144.787099	          825.356408	           75.364013	           -1.245109	            0.000000	           -0.454418	           -0.091224	            0.508926	            0.046823
            0.125000	            0.000000	            0.000000	            0.000000	           -0.450000	            0.000000	           -0.135003	            0.000000	            0.000000	            0.000000	         -144.066205	          822.848736	           75.471008	           -1.244426	            0.000000	           -0.454386	           -0.089661	            0.502661	            0.046395
            0.126000	            0.000000	            0.000000	            0.000000	           -0.450000	            0.000000	           -0.135003	            0.000000	            0.000000	            0.000000	         -143.319225	          820.138451	           75.603613	           -1.243737	            0.000000	           -0.454356	           -0.087860	            0.495149	            0.045871
            0.127000	            0.000000	            0.000000	            0.000000	           -0.450000	            0.000000	           -0.135003	            0.000000	            0.000000	            0.000000	         -142.548557	          817.263080	           75.757552	           -1.243041	            0.000000	           -0.454326	           -0.085946	            0.487013	            0.045311
            0.128000	            0.000000	            0.000000	            0.000000	           -0.450000	            0.000000	           -0.135003	            0.000000	            0.000000	            0.000000	         -141.757228	          814.257921	           75.928590	           -1.242339	            0.000000	           -0.454292	           -0.084026	            0.478799	            0.044762
            0.129000	            0.000000	            0.000000	            0.000000	           -0.450000	            0.000000	           -0.135003	            0.000000	            0.000000	            0.000000	         -140.948610	          811.155400	           76.112692	           -1.241633	            0.000000	           -0.454256	           -0.082193	            0.470965	            0.044266
            0.130000	            0.000000	            0.000000	            0.000000	           -0.450000	            0.000000	           -0.135003	            0.000000	            0.000000	            0.000000	         -140.126140	          807.984554	           76.306142	           -1.240922	            0.000000	           -0.454217	           -0.080517	            0.463870	            0.043855
            0.131000	            0.000000	            0.000000	            0.000000	           -0.450000	            0.000000	           -0.135003	            0.000000	            0.000000	            0.000000	         -139.293080	          804.770681	           76.505638	           -1.240206	            0.000000	           -0.454177	           -0.079049	            0.457773	            0.043551
            0.132000	            0.000000	            0.000000	            0.000000	           -0.450000	            0.000000	           -0.135003	            0.000000	            0.000000	            0.000000	         -138.452301	          801.535126	           76.708347	           -1.239487	            0.000000	           -0.454137	           -0.077821	            0.452835	            0.043366
            0.133000	            0.000000	            0.000000	            0.000000	           -0.450000	            0.000000	           -0.135003	            0.000000	            0.000000	            0.000000	         -137.606125	          798.295220	           76.911941	           -1.238764	            0.000000	           -0.454100	           -0.076846	            0.449123	            0.043305
            0.134000	            0.000000	            0.000000	            0.000000	           -0.450000	            0.000000	           -0.135003	            0.000000	            0.000000	            0.000000	         -136.756197	          795.064348	           77.114583	           -1.238039	            0.000000	           -0.454066	           -0.076121	            0.446620	            0.043364
            0.135000	            0.000000	            0.000000	            0.000000	           -0.450000	            0.000000	           -0.135003	            0.000000	            0.000000	            0.000000	         -135.903429	          791.852137	           77.314901	           -1.237313	            0.000000	           -0.454036	           -0.075626	            0.445240	            0.043533
            0.136000	            0.000000	            0.000000	            0.000000	           -0.450000	            0.000000	           -0.135003	            0.000000	            0.000000	            0.000000	         -135.047975	          788.664740	           77.511933	           -1.236591	            0.000000	           -0.454012	           -0.075335	            0.444834	            0.043797
            0.137000	            0.000000	            0.000000	            0.000000	           -0.450000	            0.000000	           -0.135003	            0.000000	            0.000000	            0.000000	         -134.189253	          785.505197	           77.705048	           -1.235875	            0.000000	           -0.453992	           -0.075207	            0.445210	            0.044134
            0.138000	            0.000000	            0.000000	            0.000000	           -0.450000	            0.000000	           -0.135003	            0.000000	            0.000000	            0.000000	         -133.326015	          782.373847	           77.893865	           -1.235164	            0.000000	           -0.453979	           -0.075199	            0.446143	            0.044522
            0.139000	            0.000000	            0.000000	            0.000000	           -0.450000	            0.000000	           -0.135003	            0.000000	            0.000000	            0.000000	         -132.456434	          779.268779	           78.078157	           -1.234460	            0.000000	           -0.453971	           -0.075262	            0.447391	            0.044936
            0.140000	            0.000000	            0.000000	            0.000000	           -0.450000	            0.000000	           -0.135003	            0.000000	            0.000000	            0.000000	         -131.578228	          776.186283	           78.257754	           -1.233761	            0.000000	           -0.453966	           -0.075348	            0.448705	            0.045351
            0.141000	            0.000000	            0.000000	            0.000000	           -0.450000	            0.000000	           -0.135003	            0.000000	            0.000000	            0.000000	         -130.688791	          773.121305	           78.432456	           -1.233068	            0.000000	           -0.453961	           -0.075409	            0.449840	            0.045742
            0.142000	            0.000000	            0.000000	            0.000000	           -0.450000	            0.000000	           -0.135003	            0.000000	            0.000000	            0.000000	         -129.785337	          770.067870	           78.601948	           -1.232379	            0.000000	           -0.453954	           -0.075401	            0.450565	            0.046086
            0.143000	            0.000000	            0.000000	            0.000000	           -0.450000	            0.000000	           -0.135003	            0.000000	            0.000000	            0.000000	         -128.865041	          767.019470	           78.765733	           -1.231696	            0.000000	           -0.453942	           -0.075282	            0.450673	            0.046360
            0.144000	            0.000000	            0.000000	            0.000000	           -0.450000	            0.000000	           -0.135003	            0.000000	            0.000000	            0.000000	         -127.925178	          763.969408	           78.923085	           -1.231017	            0.000000	           -0.453923	           -0.075020	            0.449984	            0.046546
            0.145000	            0.000000	            0.000000	            0.000000	           -0.450000	            0.000000	           -0.135003	            0.000000	            0.000000	            0.000000	         -126.963242	          760.911087	           79.073010	           -1.230342	            0.000000	           -0.453896	           -0.074586	            0.448351	            0.046628
            0.146000	            0.000000	            0.000000	            0.000000	           -0.450000	            0.000000	           -0.135003	            0.000000	            0.000000	            0.000000	         -125.977056	          757.838244	           79.214242	           -1.229669	            0.000000	           -0.453859	           -0.073959	            0.445663	            0.046594
            0.147000	            0.000000	            0.000000	            0.000000	           -0.450000	            0.000000	           -0.135003	            0.000000	            0.000000	            0.000000	         -124.964851	          754.745126	           79.345251	           -1.228996	            0.000000	           -0.453813	           -0.073127	            0.441846	            0.046434
            0.148000	            0.000000	            0.000000	            0.000000	           -0.450000	            0.000000	           -0.135003	            0.000000	            0.000000	            0.000000	         -123.925330	          751.626619	           79.464278	           -1.228321	            0.000000	           -0.453760	           -0.072084	            0.436861	            0.046144
            0.149000	            0.000000	            0.000000	            0.000000	           -0.450000	            0.000000	           -0.135003	            0.000000	            0.000000	            0.000000	         -122.857697	          748.478317	           79.569381	           -1.227643	            0.000000	           -0.453705	           -0.070830	            0.430709	            0.045722
            0.150000	            0.000000	            0.000000	            0.000000	           -0.450000	            0.000000	           -0.135003	            0.000000	            0.000000	            0.000000	         -121.761677	          745.296555	           79.658510	           -1.226962	            0.000000	           -0.453654	           -0.069374	            0.423421	            0.045169
            0.151000	            0.000000	            0.000000	            0.000000	           -0.450000	            0.000000	           -0.135003	            0.000000	            0.000000	            0.000000	         -120.637501	          742.078405	           79.729585	           -1.226281	            0.000000	           -0.453607	           -0.067729	            0.415062	            0.044490
            0.152000	            0.000000	            0.000000	            0.000000	           -0.450000	            0.000000	           -0.135003	            0.000000	            0.000000	            0.000000	         -119.485881	          738.821643	           79.780585	           -1.225602	            0.000000	           -0.453564	           -0.065913	            0.405722	            0.043694
            0.153000	            0.000000	            0.000000	            0.000000	           -0.450000	            0.000000	           -0.135003	            0.000000	            0.000000	            0.000000	         -118.307964	          735.524696	           79.809647	           -1.224928	            0.000000	           -0.453520	           -0.063948	            0.395516	            0.042791
            0.154000	            0.000000	            0.000000	            0.000000	           -0.450000	            0.000000	           -0.135003	            0.000000	            0.000000	            0.000000	         -117.105288	          732.186574	           79.815155	           -1.224260	            0.000000	           -0.453475	           -0.061861	            0.384579	            0.041794
            0.155000	            0.000000	            0.000000	            0.000000	           -0.450000	            0.000000	           -0.135003	            0.000000	            0.000000	            0.000000	         -115.879718	          728.806801	           79.795833	           -1.223596	            0.000000	           -0.453425	           -0.059680	            0.373061	            0.040717
            0.156000	            0.000000	            0.000000	            0.000000	           -0.450000	            0.000000	           -0.135003	            0.000000	            0.000000	            0.000000	         -114.633393	          725.385339	           79.750819	           -1.222936	            0.000000	           -0.453370	           -0.057434	            0.361124	            0.039579
            0.157000	            0.000000	            0.000000	            0.000000	           -0.450000	            0.000000	           -0.135003	            0.000000	            0.000000	            0.000000	         -113.368672	          721.922520	           79.679728	           -1.222276	            0.000000	           -0.453312	           -0.055155	            0.348940	            0.038396
            0.158000	            0.000000	            0.000000	            0.000000	           -0.450000	            0.000000	           -0.135003	            0.000000	            0.000000	            0.000000	         -112.088085	          718.418979	           79.582694	           -1.221615	            0.000000	           -0.453254	           -0.052872	            0.336684	            0.037189
            0.159000	            0.000000	            0.000000	            0.000000	           -0.450000	            0.000000	           -0.135003	            0.000000	            0.000000	            0.000000	         -110.794294	          714.875603	           79.460393	           -1.220954	            0.000000	           -0.453194	           -0.050616	            0.324533	            0.035976
            0.160000	            0.000000	            0.000000	            0.000000	           -0.450000	            0.000000	           -0.135003	            0.000000	            0.000000	            0.000000	         -109.490061	          711.293473	           79.314043	           -1.220293	            0.000000	           -0.453130	           -0.048417	            0.312666	            0.034780
            0.161000	            0.000000	            0.000000	            0.000000	           -0.450000	            0.000000	           -0.135003	            0.000000	            0.000000	            0.000000	         -108.178231	          707.673827	           79.145378	           -1.219629	            0.000000	           -0.453062	           -0.046303	            0.301254	            0.033619
            0.162000	            0.000000	            0.000000	            0.000000	           -0.450000	            0.000000	           -0.135003	            0.000000	            0.000000	            0.000000	         -106.861712	          704.018017	           78.956604	           -1.218963	            0.000000	           -0.452988	           -0.044300	            0.290462	            0.032514
            0.163000	            0.000000	            0.000000	            0.000000	           -0.450000	            0.000000	           -0.135003	            0.000000	            0.000000	            0.000000	         -105.543473	          700.327474	           78.750337	           -1.218293	            0.000000	           -0.452911	           -0.042431	            0.280447	            0.031485
            0.164000	            0.000000	            0.000000	            0.000000	           -0.450000	            0.000000	           -0.135003	            0.000000	            0.000000	            0.000000	         -104.226540	          696.603671	           78.529514	           -1.217621	            0.000000	           -0.452834	           -0.040717	            0.271348	            0.030550
            0.165000	            0.000000	            0.000000	            0.000000	           -0.450000	            0.000000	           -0.135003	            0.000000	            0.000000	            0.000000	         -102.913988	          692.848090	           78.297307	           -1.216946	            0.000000	           -0.452765	           -0.039177	            0.263287	            0.029725
            0.166000	            0.000000	            0.000000	            0.000000	           -0.450000	            0.000000	           -0.135003	            0.000000	            0.000000	            0.000000	         -101.608944	          689.062180	           78.057015	           -1.216269	            0.000000	           -0.452707	           -0.037823	            0.256367	            0.029024
            0.167000	            0.000000	            0.000000	            0.000000	           -0.450000	            0.000000	           -0.135003	            0.000000	            0.000000	            0.000000	         -100.314566	          685.247319	           77.811957	           -1.215589	            0.000000	           -0.452659	           -0.036666	            0.250660	            0.028458
            0.168000	            0.000000	            0.000000	            0.000000	           -0.450000	            0.000000	           -0.135003	            0.000000	            0.000000	            0.000000	          -99.034029	          681.404773	           77.565368	           -1.214902	            0.000000	           -0.452616	           -0.035710	            0.246213	            0.028036
            0.169000	            0.000000	            0.000000	            0.000000	           -0.450000	            0.000000	           -0.135003	            0.000000	            0.000000	            0.000000	          -97.770495	          677.535655	           77.320293	           -1.214209	            0.000000	           -0.452574	           -0.034957	            0.243038	            0.027761
            0.170000	            0.000000	            0.000000	            0.000000	           -0.450000	            0.000000	           -0.135003	            0.000000	            0.000000	            0.000000	          -96.527069	          673.640882	           77.079494	           -1.213510	            0.000000	           -0.452528	           -0.034399	            0.241113	            0.027632
            0.171000	            0.000000	            0.000000	            0.000000	           -0.450000	            0.000000	           -0.135003	            0.000000	            0.000000	            0.000000	          -95.306745	          669.721145	           76.845364	           -1.212804	            0.000000	           -0.452478	           -0.034029	            0.240376	            0.027644
            0.172000	            0.000000	            0.000000	            0.000000	           -0.450000	            0.000000	           -0.135003	            0.000000	            0.000000	            0.000000	          -94.112346	          665.776880	           76.619860	           -1.212092	            0.000000	           -0.452427	           -0.033829	            0.240731	            0.027789
            0.173000	            0.000000	            0.000000	            0.000000	           -0.450000	            0.000000	           -0.135003	            0.000000	            0.000000	            0.000000	          -92.946446	          661.808254	           76.404445	           -1.211374	            0.000000	           -0.452375	           -0.033780	            0.242043	            0.028050
            0.174000	            0.000000	            0.000000	            0.000000	           -0.450000	            0.000000	           -0.135003	            0.000000	            0.000000	            0.000000	          -91.811297	          657.815157	           76.200053	           -1.210650	            0.000000	           -0.452321	           -0.033856	            0.244140	            0.028409
            0.175000	            0.000000	            0.000000	            0.000000	           -0.450000	            0.000000	           -0.135003	            0.000000	            0.000000	            0.000000	          -90.708745	          653.797216	           76.007064	           -1.209919	            0.000000	           -0.452266	           -0.034027	            0.246822	            0.028843
            0.176000	            0.000000	            0.000000	            0.000000	           -0.450000	            0.000000	           -0.135003	            0.000000	            0.000000	            0.000000	          -89.640157	          649.753821	           75.825303	           -1.209180	            0.000000	           -0.452210	           -0.034262	            0.249857	            0.029323
            0.177000	            0.000000	            0.000000	            0.000000	           -0.450000	            0.000000	           -0.135003	            0.000000	            0.000000	            0.000000	          -88.606350	          645.684164	           75.654053	           -1.208432	            0.000000	           -0.452156	           -0.034523	            0.252993	            0.029820
            0.178000	            0.000000	            0.000000	            0.000000	           -0.450000	            0.000000	           -0.135003	            0.000000	            0.000000	            0.000000	          -87.607542	          641.587296	           75.492080	           -1.207673	            0.000000	           -0.452107	           -0.034773	            0.255960	            0.030301
            0.179000	            0.000000	            0.000000	            0.000000	           -0.450000	            0.000000	           -0.135003	            0.000000	            0.000000	            0.000000	          -86.643312	          637.462200	           75.337677	           -1.206900	            0.000000	           -0.452064	           -0.034974	            0.258479	            0.030730
            0.180000	            0.000000	            0.000000	            0.000000	           -0.450000	            0.000000	           -0.135003	            0.000000	            0.000000	            0.000000	          -85.712586	          633.307864	           75.188717	           -1.206110	            0.000000	           -0.452026	           -0.035087	            0.260266	            0.031072
            0.181000	            0.000000	            0.000000	            0.000000	           -0.450000	            0.000000	           -0.135003	            0.000000	            0.000000	            0.000000	          -84.813656	          629.123372	           75.042718	           -1.205302	            0.000000	           -0.451990	           -0.035072	            0.261042	            0.031292
            0.182000	            0.000000	            0.000000	            0.000000	           -0.450000	            0.000000	           -0.135003	            0.000000	            0.000000	            0.000000	          -83.944210	          624.908000	           74.896913	           -1.204475	            0.000000	           -0.451954	           -0.034895	            0.260535	            0.031354
            0.183000	            0.000000	            0.000000	            0.000000	           -0.450000	            0.000000	           -0.135003	            0.000000	            0.000000	            0.000000	          -83.101409	          620.661301	           74.748328	           -1.203634	            0.000000	           -0.451918	           -0.034521	            0.258490	            0.031225
            0.184000	            0.000000	            0.000000	            0.000000	           -0.450000	            0.000000	           -0.135003	            0.000000	            0.000000	            0.000000	          -82.281967	          616.383203	           74.593866	           -1.202783	            0.000000	           -0.451882	           -0.033919	            0.254671	            0.030873
            0.185000	            0.000000	            0.000000	            0.000000	           -0.450000	            0.000000	           -0.135003	            0.000000	            0.000000	            0.000000	          -81.482278	          612.074085	           74.430382	           -1.201926	            0.000000	           -0.451846	           -0.033062	            0.248865	            0.030271
            0.186000	            0.000000	            0.000000	            0.000000	           -0.450000	            0.000000	           -0.135003	            0.000000	            0.000000	            0.000000	          -80.698536	          607.734853	           74.254771	           -1.201066	            0.000000	           -0.451809	           -0.031925	            0.240886	            0.029392
            0.187000	            0.000000	            0.000000	            0.000000	           -0.450000	            0.000000	           -0.135003	            0.000000	            0.000000	            0.000000	          -79.926886	          603.366996	           74.064044	           -1.200204	            0.000000	           -0.451772	           -0.030490	            0.230578	            0.028215
            0.188000	            0.000000	            0.000000	            0.000000	           -0.450000	            0.000000	           -0.135003	            0.000000	            0.000000	            0.000000	          -79.163570	          598.972633	           73.855400	           -1.199337	            0.000000	           -0.451733	           -0.028741	            0.217813	            0.026723
            0.189000	            0.000000	            0.000000	            0.000000	           -0.450000	            0.000000	           -0.135003	            0.000000	            0.000000	            0.000000	          -78.405067	          594.554531	           73.626295	           -1.198463	            0.000000	           -0.451689	           -0.026668	            0.202497	            0.024901
            0.190000	            0.000000	            0.000000	            0.000000	           -0.450000	            0.000000	           -0.135003	            0.000000	            0.000000	            0.000000	          -77.648237	          590.116113	           73.374503	           -1.197583	            0.000000	           -0.451638	           -0.024264	            0.184567	            0.022741
            0.191000	            0.000000	            0.000000	            0.000000	           -0.450000	            0.000000	           -0.135003	            0.000000	            0.000000	            0.000000	          -76.890431	          585.661447	           73.098169	           -1.196695	            0.000000	           -0.451581	           -0.021528	            0.163992	            0.020236
            0.192000	            0.000000	            0.000000	            0.000000	           -0.450000	            0.000000	           -0.135003	            0.000000	            0.000000	            0.000000	          -76.129588	          581.195205	           72.795847	           -1.195800	            0.000000	           -0.451521	           -0.018462	            0.140773	            0.017386
            0.193000	            0.000000	            0.000000	            0.000000	           -0.450000	            0.000000	           -0.135003	            0.000000	            0.000000	            0.000000	          -75.364304	          576.722620	           72.466537	           -1.194900	            0.000000	           -0.451462	           -0.015072	            0.114943	            0.014196
            0.194000	            0.000000	            0.000000	            0.000000	           -0.450000	            0.000000	           -0.135003	            0.000000	            0.000000	            0.000000	          -74.593869	          572.249411	           72.109705	           -1.193998	            0.000000	           -0.451407	           -0.011369	            0.086565	            0.010673
            0.195000	            0.000000	            0.000000	            0.000000	           -0.450000	            0.000000	           -0.135003	            0.000000	            0.000000	            0.000000	          -73.818267	          567.781708	           71.725296	           -1.193097	            0.000000	           -0.451359	           -0.007368	            0.055732	            0.006828
            0.196000	            0.000000	            0.000000	            0.000000	           -0.450000	            0.000000	           -0.135003	            0.000000	            0.000000	            0.000000	          -73.038158	          563.325950	           71.313732	           -1.192195	            0.000000	           -0.451320	           -0.003085	            0.022566	            0.002679
            0.197000	            0.000000	            0.000000	            0.000000	           -0.450000	            0.000000	           -0.135003	            0.000000	            0.000000	            0.000000	          -72.254814	          558.888786	           70.875905	           -1.191290	            0.000000	           -0.451289	            0.001458	           -0.012786	           -0.001755
            0.198000	            0.000000	            0.000000	            0.000000	           -0.450000	            0.000000	           -0.135003	            0.000000	            0.000000	            0.000000	          -71.470044	          554.476964	           70.413158	           -1.190379	            0.000000	           -0.451263	            0.006237	           -0.050150	           -0.006450
            0.199000	            0.000000	            0.000000	            0.000000	           -0.450000	            0.000000	           -0.135003	            0.000000	            0.000000	            0.000000	          -70.686092	          550.097213	           69.927254	           -1.189461	            0.000000	           -0.451240	            0.011226	           -0.089331	           -0.011381
            0.200000	            0.000000	            0.000000	            0.000000	           -0.450000	            0.000000	           -0.135003	            0.000000	            0.000000	            0.000000	          -69.905519	          545.756133	           69.420335	           -1.188535	            0.000000	           -0.451216	            0.016396	           -0.130116	           -0.016517
            0.201000	            0.000000	            0.000000	            0.000000	           -0.450000	            0.000000	           -0.135003	            0.000000	            0.000000	            0.000000	          -69.131083	          541.460085	           68.894879	           -1.187598	            0.000000	           -0.451186	            0.021717	           -0.172274	           -0.021829
            0.202000	            0.000000	            0.000000	            0.000000	           -0.450000	            0.000000	           -0.135003	            0.000000	            0.000000	            0.000000	          -68.365614	          537.215089	           68.353641	           -1.186652	            0.000000	           -0.451147	            0.027158	           -0.215563	           -0.027283
            0.203000	            0.000000	            0.000000	            0.000000	           -0.450000	            0.000000	           -0.135003	            0.000000	            0.000000	            0.000000	          -67.611890	          533.026729	           67.799594	           -1.185696	            0.000000	           -0.451096	            0.032687	           -0.259731	           -0.032845
            0.204000	            0.000000	            0.000000	            0.000000	           -0.450000	            0.000000	           -0.135003	            0.000000	            0.000000	            0.000000	          -66.872527	          528.900085	           67.235862	           -1.184737	            0.000000	           -0.451032	            0.038271	           -0.304522	           -0.038482
            0.205000	            0.000000	            0.000000	            0.000000	           -0.450000	            0.000000	           -0.135003	            0.000000	            0.000000	            0.000000	          -66.149883	          524.839666	           66.665648	           -1.183780	            0.000000	           -0.450955	            0.043878	           -0.349679	           -0.044159
            0.206000	            0.000000	            0.000000	            0.000000	           -0.450000	            0.000000	           -0.135003	            0.000000	            0.000000	            0.000000	          -65.445979	          520.849373	           66.092171	           -1.182829	            0.000000	           -0.450865	            0.049477	           -0.394945	           -0.049843
            0.207000	            0.000000	            0.000000	            0.000000	           -0.450000	            0.000000	           -0.135003	            0.000000	            0.000000	            0.000000	          -64.762437	          516.932472	           65.518591	           -1.181883	            0.000000	           -0.450765	            0.055037	           -0.440073	           -0.055501
            0.208000	            0.000000	            0.000000	            0.000000	           -0.450000	            0.000000	           -0.135003	            0.000000	            0.000000	            0.000000	          -64.100442	          513.091589	           64.947946	           -1.180942	            0.000000	           -0.450659	            0.060528	           -0.484821	           -0.061103
            0.209000	            0.000000	            0.000000	            0.000000	           -0.450000	            0.000000	           -0.135003	            0.000000	            0.000000	            0.000000	          -63.460730	          509.328726	           64.383093	           -1.180003	            0.000000	           -0.450550	            0.065923	           -0.528962	           -0.066619
            0.210000	            0.000000	            0.000000	            0.000000	           -0.450000	            0.000000	           -0.135003	            0.000000	            0.000000	            0.000000	          -62.843586	          505.645282	           63.826654	           -1.179063	            0.000000	           -0.450446	            0.071197	           -0.572281	           -0.072023
            0.211000	            0.000000	            0.000000	            0.000000	           -0.450000	            0.000000	           -0.135003	            0.000000	            0.000000	            0.000000	          -62.248870	          502.042096	           63.280974	           -1.178123	            0.000000	           -0.450348	            0.076325	           -0.614580	           -0.077290
            0.212000	            0.000000	            0.000000	            0.000000	           -0.450000	            0.000000	           -0.135003	            0.000000	            0.000000	            0.000000	          -61.676058	          498.519501	           62.748088	           -1.177181	            0.000000	           -0.450260	            0.081286	           -0.655678	           -0.082397
            0.213000	            0.000000	            0.000000	            0.000000	           -0.450000	            0.000000	           -0.135003	            0.000000	            0.000000	            0.000000	          -61.124292	          495.077378	           62.229699	           -1.176237	            0.000000	           -0.450181	            0.086061	           -0.695410	           -0.087327
            0.214000	            0.000000	            0.000000	            0.000000	           -0.450000	            0.000000	           -0.135003	            0.000000	            0.000000	            0.000000	          -60.592443	          491.715228	           61.727172	           -1.175292	            0.000000	           -0.450109	            0.090632	           -0.733632	           -0.092061
            0.215000	            0.000000	            0.000000	            0.000000	           -0.450000	            0.000000	           -0.135003	            0.000000	            0.000000	            0.000000	          -60.079182	          488.432240	           61.241536	           -1.174345	            0.000000	           -0.450042	            0.094985	           -0.770215	           -0.096585
            0.216000	            0.000000	            0.000000	            0.000000	           -0.450000	            0.000000	           -0.135003	            0.000000	            0.000000	            0.000000	          -59.583050	          485.227370	           60.773503	           -1.173396	            0.000000	           -0.449976	            0.099107	           -0.805050	           -0.100886
            0.217000	            0.000000	            0.000000	            0.000000	           -0.450000	            0.000000	           -0.135003	            0.000000	            0.000000	            0.000000	          -59.102528	          482.099414	           60.323493	           -1.172445	            0.000000	           -0.449909	            0.102988	           -0.838045	           -0.104956
            0.218000	            0.000000	            0.000000	            0.000000	           -0.450000	            0.000000	           -0.135003	            0.000000	            0.000000	            0.000000	          -58.636103	          479.047084	           59.891679	           -1.171496	            0.000000	           -0.449837	            0.106619	           -0.869125	           -0.108786
            0.219000	            0.000000	            0.000000	            0.000000	           -0.450000	            0.000000	           -0.135003	            0.000000	            0.000000	            0.000000	          -58.182326	          476.069083	           59.478025	           -1.170554	            0.000000	           -0.449761	            0.109993	           -0.898230	           -0.112372
            0.220000	            0.000000	            0.000000	            0.000000	           -0.450000	            0.000000	           -0.135003	            0.000000	            0.000000	            0.000000	          -57.739860	          473.164178	           59.082349	           -1.169623	            0.000000	           -0.449686	            0.113108	           -0.925319	           -0.115709
            0.221000	            0.000000	            0.000000	            0.000000	           -0.450000	            0.000000	           -0.135003	            0.000000	            0.000000	            0.000000	          -57.307518	          470.331258	           58.704371	           -1.168705	            0.000000	           -0.449614	            0.115959	           -0.950364	           -0.118797
            0.222000	            0.000000	            0.000000	            0.000000	           -0.450000	            0.000000	           -0.135003	            0.000000	            0.000000	            0.000000	          -56.884283	          467.569397	           58.343774	           -1.167801	            0.000000	           -0.449549	            0.118547	           -0.973354	           -0.121636
            0.223000	            0.000000	            0.000000	            0.000000	           -0.450000	            0.000000	           -0.135003	            0.000000	            0.000000	            0.000000	          -56.469324	          464.877898	           58.000255	           -1.166908	            0.000000	           -0.449488	            0.120872	           -0.994291	           -0.124228
            0.224000	            0.000000	            0.000000	            0.000000	           -0.450000	            0.000000	           -0.135003	            0.000000	            0.000000	            0.000000	          -56.061991	          462.256331	           57.673575	           -1.166024	            0.000000	           -0.449430	            0.122938	           -1.013192	           -0.126579
            0.225000	            0.000000	            0.000000	            0.000000	           -0.450000	            0.000000	           -0.135003	            0.000000	            0.000000	            0.000000	          -55.661807	          459.704553	           57.363601	           -1.165147	            0.000000	           -0.449377	            0.124749	           -1.030089	           -0.128693
            0.226000	            0.000000	            0.000000	            0.000000	           -0.450000	            0.000000	           -0.135003	            0.000000	            0.000000	            0.000000	          -55.268444	          457.222726	           57.070331	           -1.164275	            0.000000	           -0.449330	            0.126311	           -1.045023	           -0.130578
            0.227000	            0.000000	            0.000000	            0.000000	           -0.450000	            0.000000	           -0.135003	            0.000000	            0.000000	            0.000000	          -54.881695	          454.811308	           56.793921	           -1.163408	            0.000000	           -0.449291	            0.127632	           -1.058048	           -0.132243
            0.228000	            0.000000	            0.000000	            0.000000	           -0.450000	            0.000000	           -0.135003	            0.000000	            0.000000	            0.000000	          -54.501447	          452.471050	           56.534688	           -1.162545	            0.000000	           -0.449262	            0.128719	           -1.069224	           -0.133698
            0.229000	            0.000000	            0.000000	            0.000000	           -0.450000	            0.000000	           -0.135003	            0.000000	            0.000000	            0.000000	          -54.127639	          450.202967	           56.293110	           -1.161684	            0.000000	           -0.449242	            0.129583	           -1.078624	           -0.134954
            0.230000	            0.000000	            0.000000	            0.000000	           -0.450000	            0.000000	           -0.135003	            0.000000	            0.000000	            0.000000	          -53.760235	          448.008312	           56.069809	           -1.160825	            0.000000	           -0.449233	            0.130231	           -1.086321	           -0.136022
            0.231000	            0.000000	            0.000000	            0.000000	           -0.450000	            0.000000	           -0.135003	            0.000000	            0.000000	            0.000000	          -53.399192	          445.888539	           55.865527	           -1.159968	            0.000000	           -0.449230	            0.130676	           -1.092397	           -0.136914
            0.232000	            0.000000	            0.000000	            0.000000	           -0.450000	            0.000000	           -0.135003	            0.000000	            0.000000	            0.000000	          -53.044432	          443.845266	           55.681092	           -1.159111	            0.000000	           -0.449232	            0.130928	           -1.096935	           -0.137643
            0.233000	            0.000000	            0.000000	            0.000000	           -0.450000	            0.000000	           -0.135003	            0.000000	            0.000000	            0.000000	          -52.695820	          441.880236	           55.517375	           -1.158256	            0.000000	           -0.449238	            0.130996	           -1.100018	           -0.138219
            0.234000	            0.000000	            0.000000	            0.000000	           -0.450000	            0.000000	           -0.135003	            0.000000	            0.000000	            0.000000	          -52.353151	          439.995277	           55.375245	           -1.157407	            0.000000	           -0.449244	            0.130892	           -1.101733	           -0.138656
            0.235000	            0.000000	            0.000000	            0.000000	           -0.450000	            0.000000	           -0.135003	            0.000000	            0.000000	            0.000000	          -52.016139	          438.192265	           55.255517	           -1.156569	            0.000000	           -0.449250	            0.130625	           -1.102164	           -0.138964
            0.236000	            0.000000	            0.000000	            0.000000	           -0.450000	            0.000000	           -0.135003	            0.000000	            0.000000	            0.000000	          -51.684412	          436.473097	           55.158901	           -1.155747	            0.000000	           -0.449251	            0.130208	           -1.101397	           -0.139156
            0.237000	            0.000000	            0.000000	            0.000000	           -0.450000	            0.000000	           -0.135003	            0.000000	            0.000000	            0.000000	          -51.357516	          434.839659	           55.085946	           -1.154943	            0.000000	           -0.449245	            0.129649	           -1.099520	           -0.139240
            0.238000	            0.000000	            0.000000	            0.000000	           -0.450000	            0.000000	           -0.135003	            0.000000	            0.000000	            0.000000	          -51.034919	          433.293808	           55.036994	           -1.154160	            0.000000	           -0.449231	            0.128959	           -1.096621	           -0.139230
            0.239000	            0.000000	            0.000000	            0.000000	           -0.450000	            0.000000	           -0.135003	            0.000000	            0.000000	            0.000000	          -50.716017	          431.837349	           55.012133	           -1.153396	            0.000000	           -0.449209	            0.128149	           -1.092793	           -0.139134
            0.240000	            0.000000	            0.000000	            0.000000	           -0.450000	            0.000000	           -0.135003	            0.000000	            0.000000	            0.000000	          -50.400150	          430.472025	           55.011155	           -1.152650	            0.000000	           -0.449181	            0.127230	           -1.088133	           -0.138963
            0.241000	            0.000000	            0.000000	            0.000000	           -0.450000	            0.000000	           -0.135003	            0.000000	            0.000000	            0.000000	          -50.086613	          429.199497	           55.033522	           -1.151923	            0.000000	           -0.449148	            0.126213	           -1.082749	           -0.138729
            0.242000	            0.000000	            0.000000	            0.000000	           -0.450000	            0.000000	           -0.135003	            0.000000	            0.000000	            0.000000	          -49.774668	          428.021336	           55.078347	           -1.151212	            0.000000	           -0.449112	            0.125113	           -1.076760	           -0.138444
            0.243000	            0.000000	            0.000000	            0.000000	           -0.450000	            0.000000	           -0.135003	            0.000000	            0.000000	            0.000000	          -49.463558	          426.939000	           55.144371	           -1.150517	            0.000000	           -0.449080	            0.123941	           -1.070299	           -0.138122
            0.244000	            0.000000	            0.000000	            0.000000	           -0.450000	            0.000000	           -0.135003	            0.000000	            0.000000	            0.000000	          -49.152526	          425.953813	           55.229965	           -1.149837	            0.000000	           -0.449055	            0.122715	           -1.063516	           -0.137776
            0.245000	            0.000000	            0.000000	            0.000000	           -0.450000	            0.000000	           -0.135003	            0.000000	            0.000000	            0.000000	          -48.840819	          425.066933	           55.333135	           -1.149169	            0.000000	           -0.449042	            0.121450	           -1.056582	           -0.137423
            0.246000	            0.000000	            0.000000	            0.000000	           -0.450000	            0.000000	           -0.135003	            0.000000	            0.000000	            0.000000	          -48.527706	          424.279315	           55.451540	           -1.148513	            0.000000	           -0.449044	            0.120167	           -1.049689	           -0.137084
            0.247000	            0.000000	            0.000000	            0.000000	           -0.450000	            0.000000	           -0.135003	            0.000000	            0.000000	            0.000000	          -48.212488	          423.591656	           55.582521	           -1.147868	            0.000000	           -0.449062	            0.118887	           -1.043049	           -0.136778
            0.248000	            0.000000	            0.000000	            0.000000	           -0.450000	            0.000000	           -0.135003	            0.000000	            0.000000	            0.000000	          -47.894505	          423.004344	           55.723144	           -1.147239	            0.000000	           -0.449096	            0.117631	           -1.036898	           -0.136530
            0.249000	            0.000000	            0.000000	            0.000000	           -0.450000	            0.000000	           -0.135003	            0.000000	            0.000000	            0.000000	          -47.573144	          422.517388	           55.870251	           -1.146627	            0.000000	           -0.449143	            0.116425	           -1.031491	           -0.136365
            0.250000	            0.000000	            0.000000	            0.000000	           -0.450000	            0.000000	           -0.135003	            0.000000	            0.000000	            0.000000	          -47.247845	          422.130348	           56.020520	           -1.146035	            0.000000	           -0.449202	            0.115294	           -1.027096	           -0.136310
            0.251000	            0.000000	            0.000000	            0.000000	           -0.450000	            0.000000	           -0.135003	            0.000000	            0.000000	            0.000000	          -46.918105	          421.842269	           56.170531	           -1.145466	            0.000000	           -0.449266	            0.114264	           -1.023996	           -0.136395
            0.252000	            0.000000	            0.000000	            0.000000	           -0.450000	            0.000000	           -0.135003	            0.000000	            0.000000	            0.000000	          -46.583482	          421.651618	           56.316840	           -1.144923	            0.000000	           -0.449328	            0.113361	           -1.022475	           -0.136649
            0.253000	            0.000000	            0.000000	            0.000000	           -0.450000	            0.000000	           -0.135003	            0.000000	            0.000000	            0.000000	          -46.243593	          421.556219	           56.456059	           -1.144408	            0.000000	           -0.449381	            0.112612	           -1.022816	           -0.137100
            0.254000	            0.000000	            0.000000	            0.000000	           -0.450000	            0.000000	           -0.135003	            0.000000	            0.000000	            0.000000	          -45.898115	          421.553220	           56.584925	           -1.143919	            0.000000	           -0.449424	            0.112039	           -1.025292	           -0.137777
            0.255000	            0.000000	            0.000000	            0.000000	           -0.450000	            0.000000	           -0.135003	            0.000000	            0.000000	            0.000000	          -45.546783	          421.639064	           56.700382	           -1.143455	            0.000000	           -0.449457	            0.111665	           -1.030155	           -0.138706
            0.256000	            0.000000	            0.000000	            0.000000	           -0.450000	            0.000000	           -0.135003	            0.000000	            0.000000	            0.000000	          -45.189385	          421.809482	           56.799648	           -1.143014	            0.000000	           -0.449484	            0.111509	           -1.037629	           -0.139910
            0.257000	            0.000000	            0.000000	            0.000000	           -0.450000	            0.000000	           -0.135003	            0.000000	            0.000000	            0.000000	          -44.825764	          422.059515	           56.880278	           -1.142596	            0.000000	           -0.449508	            0.111584	           -1.047902	           -0.141407
            0.258000	            0.000000	            0.000000	            0.000000	           -0.450000	            0.000000	           -0.135003	            0.000000	            0.000000	            0.000000	          -44.455809	          422.383549	           56.940220	           -1.142200	            0.000000	           -0.449530	            0.111900	           -1.061116	           -0.143211
            0.259000	            0.000000	            0.000000	            0.000000	           -0.450000	            0.000000	           -0.135003	            0.000000	            0.000000	            0.000000	          -44.079458	          422.775380	           56.977856	           -1.141827	            0.000000	           -0.449550	            0.112462	           -1.077363	           -0.145330
            0.260000	            0.000000	            0.000000	            0.000000	           -0.450000	            0.000000	           -0.135003	            0.000000	            0.000000	            0.000000	          -43.696696	          423.228297	           56.992031	           -1.141478	            0.000000	           -0.449569	            0.113270	           -1.096677	           -0.147765
            0.261000	            0.000000	            0.000000	            0.000000	           -0.450000	            0.000000	           -0.135003	            0.000000	            0.000000	            0.000000	          -43.307560	          423.735182	           56.982069	           -1.141152	            0.000000	           -0.449586	            0.114315	           -1.119034	           -0.150511
            0.262000	            0.000000	            0.000000	            0.000000	           -0.450000	            0.000000	           -0.135003	            0.000000	            0.000000	            0.000000	          -42.912142	          424.288628	           56.947769	           -1.140850	            0.000000	           -0.449600	            0.115585	           -1.144349	           -0.153555
            0.263000	            0.000000	            0.000000	            0.000000	           -0.450000	            0.000000	           -0.135003	            0.000000	            0.000000	            0.000000	          -42.510599	          424.881064	           56.889391	           -1.140567	            0.000000	           -0.449613	            0.117063	           -1.172480	           -0.156879
            0.264000	            0.000000	            0.000000	            0.000000	           -0.450000	            0.000000	           -0.135003	            0.000000	            0.000000	            0.000000	          -42.103166	          425.504893	           56.807626	           -1.140301	            0.000000	           -0.449626	            0.118725	           -1.203227	           -0.160458
            0.265000	            0.000000	            0.000000	            0.000000	           -0.450000	            0.000000	           -0.135003	            0.000000	            0.000000	            0.000000	          -41.690162	          426.152628	           56.703553	           -1.140046	            0.000000	           -0.449643	            0.120545	           -1.236343	           -0.164261
            0.266000	            0.000000	            0.000000	            0.000000	           -0.450000	            0.000000	           -0.135003	            0.000000	            0.000000	            0.000000	          -41.272010	          426.817023	           56.578582	           -1.139799	            0.000000	           -0.449663	            0.122492	           -1.271543	           -0.168253
            0.267000	            0.000000	            0.000000	            0.000000	           -0.450000	            0.000000	           -0.135003	            0.000000	            0.000000	            0.000000	          -40.849246	          427.491204	           56.434398	           -1.139558	            0.000000	           -0.449685	            0.124534	           -1.308508	           -0.172396
            0.268000	            0.000000	            0.000000	            0.000000	           -0.450000	            0.000000	           -0.135003	            0.000000	            0.000000	            0.000000	          -40.422526	          428.168782	           56.272890	           -1.139321	            0.000000	           -0.449710	            0.126638	           -1.346899	           -0.176649
            0.269000	            0.000000	            0.000000	            0.000000	           -0.450000	            0.000000	           -0.135003	            0.000000	            0.000000	            0.000000	          -39.992638	          428.843954	           56.096082	           -1.139092	            0.000000	           -0.449734	            0.128772	           -1.386372	           -0.180970
            0.270000	            0.000000	            0.000000	            0.000000	           -0.450000	            0.000000	           -0.135003	            0.000000	            0.000000	            0.000000	          -39.560496	          429.511582	           55.906071	           -1.138871	            0.000000	           -0.449758	            0.130903	           -1.426583	           -0.185320
            0.271000	            0.000000	            0.000000	            0.000000	           -0.450000	            0.000000	           -0.135003	            0.000000	            0.000000	            0.000000	          -39.127136	          430.167255	           55.704956	           -1.138661	            0.000000	           -0.449779	            0.133003	           -1.467202	           -0.189660
            0.272000	            0.000000	            0.000000	            0.000000	           -0.450000	            0.000000	           -0.135003	            0.000000	            0.000000	            0.000000	          -38.693704	          430.807325	           55.494787	           -1.138461	            0.000000	           -0.449798	            0.135047	           -1.507924	           -0.193954
            0.273000	            0.000000	            0.000000	            0.000000	           -0.450000	            0.000000	           -0.135003	            0.000000	            0.000000	            0.000000	          -38.261426	          431.428913	           55.277515	           -1.138268	            0.000000	           -0.449813	            0.137012	           -1.548472	           -0.198170
            0.274000	            0.000000	            0.000000	            0.000000	           -0.450000	            0.000000	           -0.135003	            0.000000	            0.000000	            0.000000	          -37.831586	          432.029901	           55.054949	           -1.138080	            0.000000	           -0.449825	            0.138881	           -1.588611	           -0.202281
            0.275000	            0.000000	            0.000000	            0.000000	           -0.450000	            0.000000	           -0.135003	            0.000000	            0.000000	            0.000000	          -37.405481	          432.608891	           54.828733	           -1.137896	            0.000000	           -0.449834	            0.140641	           -1.628143	           -0.206265
            0.276000	            0.000000	            0.000000	            0.000000	           -0.450000	            0.000000	           -0.135003	            0.000000	            0.000000	            0.000000	          -36.984384	          433.165146	           54.600323	           -1.137716	            0.000000	           -0.449841	            0.142283	           -1.666918	           -0.210106
            0.277000	            0.000000	            0.000000	            0.000000	           -0.450000	            0.000000	           -0.135003	            0.000000	            0.000000	            0.000000	          -36.569489	          433.698510	           54.370983	           -1.137537	            0.000000	           -0.449843	            0.143803	           -1.704826	           -0.213794
            0.278000	            0.000000	            0.000000	            0.000000	           -0.450000	            0.000000	           -0.135003	            0.000000	            0.000000	            0.000000	          -36.161870	          434.209315	           54.141787	           -1.137360	            0.000000	           -0.449841	            0.145201	           -1.741804	           -0.217321
            0.279000	            0.000000	            0.000000	            0.000000	           -0.450000	            0.000000	           -0.135003	            0.000000	            0.000000	            0.000000	          -35.762425	          434.698272	           53.913624	           -1.137185	            0.000000	           -0.449837	            0.146479	           -1.777822	           -0.220689
            0.280000	            0.000000	            0.000000	            0.000000	           -0.450000	            0.000000	           -0.135003	            0.000000	            0.000000	            0.000000	          -35.371835	          435.166362	           53.687226	           -1.137012	            0.000000	           -0.449834	            0.147643	           -1.812889	           -0.223900
            0.281000	            0.000000	            0.000000	            0.000000	           -0.450000	            0.000000	           -0.135003	            0.000000	            0.000000	            0.000000	          -34.990523	          435.614719	           53.463179	           -1.136843	            0.000000	           -0.449836	            0.148700	           -1.847039	           -0.226961
            0.282000	            0.000000	            0.000000	            0.000000	           -0.450000	            0.000000	           -0.135003	            0.000000	            0.000000	            0.000000	          -34.618617	          436.044525	           53.241960	           -1.136677	            0.000000	           -0.449843	            0.149658	           -1.880329	           -0.229883
            0.283000	            0.000000	            0.000000	            0.000000	           -0.450000	            0.000000	           -0.135003	            0.000000	            0.000000	            0.000000	          -34.255934	          436.456909	           53.023957	           -1.136516	            0.000000	           -0.449855	            0.150525	           -1.912827	           -0.232678
            0.284000	            0.000000	            0.000000	            0.000000	           -0.450000	            0.000000	           -0.135003	            0.000000	            0.000000	            0.000000	          -33.901960	          436.852859	           52.809506	           -1.136357	            0.000000	           -0.449867	            0.151309	           -1.944611	           -0.235360
            0.285000	            0.000000	            0.000000	            0.000000	           -0.450000	            0.000000	           -0.135003	            0.000000	            0.000000	            0.000000	          -33.555856	          437.233153	           52.598911	           -1.136199	            0.000000	           -0.449879	            0.152016	           -1.975756	           -0.237943
            0.286000	            0.000000	            0.000000	            0.000000	           -0.450000	            0.000000	           -0.135003	            0.000000	            0.000000	            0.000000	          -33.216464	          437.598305	           52.392477	           -1.136039	            0.000000	           -0.449889	            0.152649	           -2.006331	           -0.240440
            0.287000	            0.000000	            0.000000	            0.000000	           -0.450000	            0.000000	           -0.135003	            0.000000	            0.000000	            0.000000	          -32.882338	          437.948542	           52.190527	           -1.135877	            0.000000	           -0.449900	            0.153213	           -2.036392	           -0.242863
            0.288000	            0.000000	            0.000000	            0.000000	           -0.450000	            0.000000	           -0.135003	            0.000000	            0.000000	            0.000000	          -32.551773	          438.283787	           51.993424	           -1.135712	            0.000000	           -0.449913	            0.153705	           -2.065976	           -0.245225
            0.289000	            0.000000	            0.000000	            0.000000	           -0.450000	            0.000000	           -0.135003	            0.000000	            0.000000	            0.000000	          -32.222858	          438.603676	           51.801582	           -1.135545	            0.000000	           -0.449930	            0.154123	           -2.095102	           -0.247534
            0.290000	            0.000000	            0.000000	            0.000000	           -0.450000	            0.000000	           -0.135003	            0.000000	            0.000000	            0.000000	          -31.893525	          438.907585	           51.615479	           -1.135378	            0.000000	           -0.449952	            0.154462	           -2.123763	           -0.249796
            0.291000	            0.000000	            0.000000	            0.000000	           -0.450000	            0.000000	           -0.135003	            0.000000	            0.000000	            0.000000	          -31.561619	          439.194683	           51.435658	           -1.135211	            0.000000	           -0.449979	            0.154712	           -2.151930	           -0.252016
            0.292000	            0.000000	            0.000000	            0.000000	           -0.450000	            0.000000	           -0.135003	            0.000000	            0.000000	            0.000000	          -31.224957	          439.463989	           51.262730	           -1.135044	            0.000000	           -0.450008	            0.154863	           -2.179550	           -0.254196
            0.293000	            0.000000	            0.000000	            0.000000	           -0.450000	            0.000000	           -0.135003	            0.000000	            0.000000	            0.000000	          -30.881396	          439.714450	           51.097369	           -1.134877	            0.000000	           -0.450040	            0.154905	           -2.206553	           -0.256335
            0.294000	            0.000000	            0.000000	            0.000000	           -0.450000	            0.000000	           -0.135003	            0.000000	            0.000000	            0.000000	          -30.528903	          439.945023	           50.940299	           -1.134710	            0.000000	           -0.450073	            0.154823	           -2.232849	           -0.258430
            0.295000	            0.000000	            0.000000	            0.000000	           -0.450000	            0.000000	           -0.135003	            0.000000	            0.000000	            0.000000	          -30.165609	          440.154760	           50.792290	           -1.134545	            0.000000	           -0.450105	            0.154604	           -2.258338	           -0.260479
            0.296000	            0.000000	            0.000000	            0.000000	           -0.450000	            0.000000	           -0.135003	            0.000000	            0.000000	            0.000000	          -29.789869	          440.342897	           50.654137	           -1.134381	            0.000000	           -0.450137	            0.154235	           -2.282910	           -0.262475
            0.297000	            0.000000	            0.000000	            0.000000	           -0.450000	            0.000000	           -0.135003	            0.000000	            0.000000	            0.000000	          -29.400304	          440.508937	           50.526646	           -1.134215	            0.000000	           -0.450168	            0.153704	           -2.306458	           -0.264413
            0.298000	            0.000000	            0.000000	            0.000000	           -0.450000	            0.000000	           -0.135003	            0.000000	            0.000000	            0.000000	          -28.995835	          440.652725	           50.410611	           -1.134049	            0.000000	           -0.450199	            0.152999	           -2.328876	           -0.266288
            0.299000	            0.000000	            0.000000	            0.000000	           -0.450000	            0.000000	           -0.135003	            0.000000	            0.000000	            0.000000	          -28.575707	          440.774514	           50.306800	           -1.133886	            0.000000	           -0.450232	            0.152112	           -2.350069	           -0.268094
            0.300000	            0.000000	            0.000000	            0.000000	           -0.450000	            0.000000	           -0.135003	            0.000000	            0.000000	            0.000000	          -28.139500	          440.875019	           50.215931	           -1.133727	            0.000000	           -0.450269	            0.151035	           -2.369959	           -0.269828
            0.301000	            0.000000	            0.000000	            0.000000	           -0.450000	            0.000000	           -0.135003	            0.000000	            0.000000	            0.000000	          -27.687129	          440.955448	           50.138652	           -1.133573	            0.000000	           -0.450314	            0.149765	           -2.388484	           -0.271487
            0.302000	            0.000000	            0.000000	            0.000000	           -0.450000	            0.000000	           -0.135003	            0.000000	            0.000000	            0.000000	          -27.218827	          441.017520	           50.075527	           -1.133423	            0.000000	           -0.450368	            0.148300	           -2.405607	           -0.273070
            0.303000	            0.000000	            0.000000	            0.000000	           -0.450000	            0.000000	           -0.135003	            0.000000	            0.000000	            0.000000	          -26.735126	          441.063462	           50.027016	           -1.133275	            0.000000	           -0.450430	            0.146643	           -2.421317	           -0.274577
            0.304000	            0.000000	            0.000000	            0.000000	           -0.450000	            0.000000	           -0.135003	            0.000000	            0.000000	            0.000000	          -26.236823	          441.095979	           49.993468	           -1.133129	            0.000000	           -0.450495	            0.144797	           -2.435625	           -0.276013
            0.305000	            0.000000	            0.000000	            0.000000	           -0.450000	            0.000000	           -0.135003	            0.000000	            0.000000	            0.000000	          -25.724938	          441.118215	           49.975108	           -1.132988	            0.000000	           -0.450560	            0.142770	           -2.448572	           -0.277380
            0.306000	            0.000000	            0.000000	            0.000000	           -0.450000	            0.000000	           -0.135003	            0.000000	            0.000000	            0.000000	          -25.200673	          441.133687	           49.972036	           -1.132854	            0.000000	           -0.450624	            0.140573	           -2.460219	           -0.278686
            0.307000	            0.000000	            0.000000	            0.000000	           -0.450000	            0.000000	           -0.135003	            0.000000	            0.000000	            0.000000	          -24.665357	          441.146204	           49.984225	           -1.132727	            0.000000	           -0.450684	            0.138216	           -2.470652	           -0.279940
            0.308000	            0.000000	            0.000000	            0.000000	           -0.450000	            0.000000	           -0.135003	            0.000000	            0.000000	            0.000000	          -24.120401	          441.159772	           50.011528	           -1.132608	            0.000000	           -0.450740	            0.135712	           -2.479975	           -0.281149
            0.309000	            0.000000	            0.000000	            0.000000	           -0.450000	            0.000000	           -0.135003	            0.000000	            0.000000	            0.000000	          -23.567247	          441.178494	           50.053685	           -1.132493	            0.000000	           -0.450791	            0.133078	           -2.488306	           -0.282325
            0.310000	            0.000000	            0.000000	            0.000000	           -0.450000	            0.000000	           -0.135003	            0.000000	            0.000000	            0.000000	          -23.007314	          441.206455	           50.110338	           -1.132380	            0.000000	           -0.450837	            0.130327	           -2.495772	           -0.283479
            0.311000	            0.000000	            0.000000	            0.000000	           -0.450000	            0.000000	           -0.135003	            0.000000	            0.000000	            0.000000	          -22.441965	          441.247612	           50.181042	           -1.132266	            0.000000	           -0.450879	            0.127474	           -2.502507	           -0.284620
            0.312000	            0.000000	            0.000000	            0.000000	           -0.450000	            0.000000	           -0.135003	            0.000000	            0.000000	            0.000000	          -21.872457	          441.305684	           50.265286	           -1.132149	            0.000000	           -0.450918	            0.124536	           -2.508642	           -0.285760
            0.313000	            0.000000	            0.000000	            0.000000	           -0.450000	            0.000000	           -0.135003	            0.000000	            0.000000	            0.000000	          -21.299919	          441.384048	           50.362511	           -1.132028	            0.000000	           -0.450954	            0.121526	           -2.514306	           -0.286908
            0.314000	            0.000000	            0.000000	            0.000000	           -0.450000	            0.000000	           -0.135003	            0.000000	            0.000000	            0.000000	          -20.725321	          441.485650	           50.472124	           -1.131904	            0.000000	           -0.450987	            0.118458	           -2.519615	           -0.288073
            0.315000	            0.000000	            0.000000	            0.000000	           -0.450000	            0.000000	           -0.135003	            0.000000	            0.000000	            0.000000	          -20.149459	          441.612926	           50.593518	           -1.131777	            0.000000	           -0.451017	            0.115342	           -2.524673	           -0.289262
            0.316000	            0.000000	            0.000000	            0.000000	           -0.450000	            0.000000	           -0.135003	            0.000000	            0.000000	            0.000000	          -19.572947	          441.767749	           50.726082	           -1.131650	            0.000000	           -0.451045	            0.112189	           -2.529565	           -0.290480
            0.317000	            0.000000	            0.000000	            0.000000	           -0.450000	            0.000000	           -0.135003	            0.000000	            0.000000	            0.000000	          -18.996216	          441.951389	           50.869219	           -1.131525	            0.000000	           -0.451072	            0.109008	           -2.534354	           -0.291730
            0.318000	            0.000000	            0.000000	            0.000000	           -0.450000	            0.000000	           -0.135003	            0.000000	            0.000000	            0.000000	          -18.419517	          442.164505	           51.022345	           -1.131403	            0.000000	           -0.451103	            0.105804	           -2.539084	           -0.293014
            0.319000	            0.000000	            0.000000	            0.000000	           -0.450000	            0.000000	           -0.135003	            0.000000	            0.000000	            0.000000	          -17.842939	          442.407156	           51.184898	           -1.131284	            0.000000	           -0.451139	            0.102583	           -2.543775	           -0.294331
            0.320000	            0.000000	            0.000000	            0.000000	           -0.450000	            0.000000	           -0.135003	            0.000000	            0.000000	            0.000000	          -17.266424	          442.678841	           51.356336	           -1.131165	            0.000000	           -0.451180	            0.099346	           -2.548426	           -0.295677
            0.321000	            0.000000	            0.000000	            0.000000	           -0.450000	            0.000000	           -0.135003	            0.000000	            0.000000	            0.000000	          -16.689790	          442.978557	           51.536132	           -1.131046	            0.000000	           -0.451225	            0.096096	           -2.553016	           -0.297046
            0.322000	            0.000000	            0.000000	            0.000000	           -0.450000	            0.000000	           -0.135003	            0.000000	            0.000000	            0.000000	          -16.112762	          443.304888	           51.723771	           -1.130928	            0.000000	           -0.451269	            0.092832	           -2.557507	           -0.298433
            0.323000	            0.000000	            0.000000	            0.000000	           -0.450000	            0.000000	           -0.135003	            0.000000	            0.000000	            0.000000	          -15.534998	          443.656105	           51.918737	           -1.130815	            0.000000	           -0.451310	            0.089554	           -2.561849	           -0.299829
            0.324000	            0.000000	            0.000000	            0.000000	           -0.450000	            0.000000	           -0.135003	            0.000000	            0.000000	            0.000000	          -14.956122	          444.030280	           52.120506	           -1.130706	            0.000000	           -0.451343	            0.086260	           -2.565980	           -0.301225
            0.325000	            0.000000	            0.000000	            0.000000	           -0.450000	            0.000000	           -0.135003	            0.000000	            0.000000	            0.000000	          -14.375754	          444.425419	           52.328535	           -1.130600	            0.000000	           -0.451368	            0.082947	           -2.569838	           -0.302611
            0.326000	            0.000000	            0.000000	            0.000000	           -0.450000	            0.000000	           -0.135003	            0.000000	            0.000000	            0.000000	          -13.793547	          444.839588	           52.542255	           -1.130496	            0.000000	           -0.451384	            0.079614	           -2.573356	           -0.303977
            0.327000	            0.000000	            0.000000	            0.000000	           -0.450000	            0.000000	           -0.135003	            0.000000	            0.000000	            0.000000	          -13.209210	          445.271046	           52.761059	           -1.130389	            0.000000	           -0.451394	            0.076260	           -2.576474	           -0.305312
            0.328000	            0.000000	            0.000000	            0.000000	           -0.450000	            0.000000	           -0.135003	            0.000000	            0.000000	            0.000000	          -12.622539	          445.718361	           52.984304	           -1.130278	            0.000000	           -0.451400	            0.072882	           -2.579139	           -0.306607
            0.329000	            0.000000	            0.000000	            0.000000	           -0.450000	            0.000000	           -0.135003	            0.000000	            0.000000	            0.000000	          -12.033440	          446.180517	           53.211305	           -1.130159	            0.000000	           -0.451405	            0.069482	           -2.581307	           -0.307854
            0.330000	            0.000000	            0.000000	            0.000000	           -0.450000	            0.000000	           -0.135003	            0.000000	            0.000000	            0.000000	          -11.441951	          446.656996	           53.441334	           -1.130032	            0.000000	           -0.451413	            0.066059	           -2.582950	           -0.309044
            0.331000	            0.000000	            0.000000	            0.000000	           -0.450000	            0.000000	           -0.135003	            0.000000	            0.000000	            0.000000	          -10.848252	          447.147838	           53.673629	           -1.129896	            0.000000	           -0.451426	            0.062615	           -2.584052	           -0.310171
            0.332000	            0.000000	            0.000000	            0.000000	           -0.450000	            0.000000	           -0.135003	            0.000000	            0.000000	            0.000000	          -10.252677	          447.653666	           53.907398	           -1.129750	            0.000000	           -0.451444	            0.059153	           -2.584615	           -0.311230
            0.333000	            0.000000	            0.000000	            0.000000	           -0.450000	            0.000000	           -0.135003	            0.000000	            0.000000	            0.000000	           -9.655719	          448.175684	           54.141825	           -1.129595	            0.000000	           -0.451471	            0.055677	           -2.584654	           -0.312216
            0.334000	            0.000000	            0.000000	            0.000000	           -0.450000	            0.000000	           -0.135003	            0.000000	            0.000000	            0.000000	           -9.058021	          448.715638	           54.376083	           -1.129431	            0.000000	           -0.451506	            0.052192	           -2.584204	           -0.313129
            0.335000	            0.000000	            0.000000	            0.000000	           -0.450000	            0.000000	           -0.135003	            0.000000	            0.000000	            0.000000	           -8.460373	          449.275753	           54.609344	           -1.129262	            0.000000	           -0.451549	            0.048705	           -2.583310	           -0.313966
            0.336000	            0.000000	            0.000000	            0.000000	           -0.450000	            0.000000	           -0.135003	            0.000000	            0.000000	            0.000000	           -7.863691	          449.858636	           54.840792	           -1.129091	            0.000000	           -0.451596	            0.045222	           -2.582035	           -0.314728
            0.337000	            0.000000	            0.000000	            0.000000	           -0.450000	            0.000000	           -0.135003	            0.000000	            0.000000	            0.000000	           -7.268998	          450.467163	           55.069634	           -1.128922	            0.000000	           -0.451643	            0.041750	           -2.580451	           -0.315418
            0.338000	            0.000000	            0.000000	            0.000000	           -0.450000	            0.000000	           -0.135003	            0.000000	            0.000000	            0.000000	           -6.677391	          451.104349	           55.295111	           -1.128757	            0.000000	           -0.451683	            0.038299	           -2.578643	           -0.316040
            0.339000	            0.000000	            0.000000	            0.000000	           -0.450000	            0.000000	           -0.135003	            0.000000	            0.000000	            0.000000	           -6.090015	          451.773207	           55.516516	           -1.128598	            0.000000	           -0.451714	            0.034876	           -2.576702	           -0.316598
            0.340000	            0.000000	            0.000000	            0.000000	           -0.450000	            0.000000	           -0.135003	            0.000000	            0.000000	            0.000000	           -5.508019	          452.476617	           55.733198	           -1.128446	            0.000000	           -0.451737	            0.031489	           -2.574727	           -0.317099
            0.341000	            0.000000	            0.000000	            0.000000	           -0.450000	            0.000000	           -0.135003	            0.000000	            0.000000	            0.000000	           -4.932520	          453.217190	           55.944578	           -1.128299	            0.000000	           -0.451754	            0.028147	           -2.572819	           -0.317550
            0.342000	            0.000000	            0.000000	            0.000000	           -0.450000	            0.000000	           -0.135003	            0.000000	            0.000000	            0.000000	           -4.364558	          453.997162	           56.150156	           -1.128157	            0.000000	           -0.451764	            0.024856	           -2.571080	           -0.317960
            0.343000	            0.000000	            0.000000	            0.000000	           -0.450000	            0.000000	           -0.135003	            0.000000	            0.000000	            0.000000	           -3.805059	          454.818292	           56.349518	           -1.128020	            0.000000	           -0.451764	            0.021624	           -2.569612	           -0.318338
            0.344000	            0.000000	            0.000000	            0.000000	           -0.450000	            0.000000	           -0.135003	            0.000000	            0.000000	            0.000000	           -3.254789	          455.681805	           56.542344	           -1.127886	            0.000000	           -0.451752	            0.018455	           -2.568511	           -0.318692
            0.345000	            0.000000	            0.000000	            0.000000	           -0.450000	            0.000000	           -0.135003	            0.000000	            0.000000	            0.000000	           -2.714324	          456.588343	           56.728410	           -1.127756	            0.000000	           -0.451726	            0.015353	           -2.567869	           -0.319034
            0.346000	            0.000000	            0.000000	            0.000000	           -0.450000	            0.000000	           -0.135003	            0.000000	            0.000000	            0.000000	           -2.184012	          457.537962	           56.907587	           -1.127629	            0.000000	           -0.451689	            0.012321	           -2.567767	           -0.319372
            0.347000	            0.000000	            0.000000	            0.000000	           -0.450000	            0.000000	           -0.135003	            0.000000	            0.000000	            0.000000	           -1.663954	          458.530143	           57.079839	           -1.127504	            0.000000	           -0.451646	            0.009359	           -2.568279	           -0.319716
            0.348000	            0.000000	            0.000000	            0.000000	           -0.450000	            0.000000	           -0.135003	            0.000000	            0.000000	            0.000000	           -1.153982	          459.563838	           57.245216	           -1.127380	            0.000000	           -0.451601	            0.006466	           -2.569463	           -0.320074
            0.349000	            0.000000	            0.000000	            0.000000	           -0.450000	            0.000000	           -0.135003	            0.000000	            0.000000	            0.000000	           -0.653655	          460.637533	           57.403846	           -1.127255	            0.000000	           -0.451559	            0.003638	           -2.571368	           -0.320456
            0.350000	            0.000000	            0.000000	            0.000000	           -0.450000	            0.000000	           -0.135003	            0.000000	            0.000000	            0.000000	           -0.162253	          461.749326	           57.555922	           -1.127126	            0.000000	           -0.451519	            0.000872	           -2.574029	           -0.320867
            0.351000	            0.000000	            0.000000	            0.000000	           -0.450000	            0.000000	           -0.135003	            0.000000	            0.000000	            0.000000	            0.321213	          462.897024	           57.701685	           -1.126993	            0.000000	           -0.451484	           -0.001840	           -2.577469	           -0.321313
            0.352000	            0.000000	            0.000000	            0.000000	           -0.450000	            0.000000	           -0.135003	            0.000000	            0.000000	            0.000000	            0.797978	          464.078236	           57.841410	           -1.126854	            0.000000	           -0.451454	           -0.004505	           -2.581695	           -0.321800
            0.353000	            0.000000	            0.000000	            0.000000	           -0.450000	            0.000000	           -0.135003	            0.000000	            0.000000	            0.000000	            1.269506	          465.290481	           57.975387	           -1.126709	            0.000000	           -0.451428	           -0.007134	           -2.586707	           -0.322330
            0.354000	            0.000000	            0.000000	            0.000000	           -0.450000	            0.000000	           -0.135003	            0.000000	            0.000000	            0.000000	            1.737453	          466.531282	           58.103900	           -1.126557	            0.000000	           -0.451400	           -0.009737	           -2.592491	           -0.322906
            0.355000	            0.000000	            0.000000	            0.000000	           -0.450000	            0.000000	           -0.135003	            0.000000	            0.000000	            0.000000	            2.203633	          467.798260	           58.227217	           -1.126402	            0.000000	           -0.451363	           -0.012327	           -2.599025	           -0.323527
            0.356000	            0.000000	            0.000000	            0.000000	           -0.450000	            0.000000	           -0.135003	            0.000000	            0.000000	            0.000000	            2.669976	          469.089220	           58.345566	           -1.126246	            0.000000	           -0.451313	           -0.014916	           -2.606280	           -0.324193
            0.357000	            0.000000	            0.000000	            0.000000	           -0.450000	            0.000000	           -0.135003	            0.000000	            0.000000	            0.000000	            3.138487	          470.402220	           58.459131	           -1.126091	            0.000000	           -0.451249	           -0.017517	           -2.614222	           -0.324903
            0.358000	            0.000000	            0.000000	            0.000000	           -0.450000	            0.000000	           -0.135003	            0.000000	            0.000000	            0.000000	            3.611205	          471.735629	           58.568038	           -1.125940	            0.000000	           -0.451175	           -0.020143	           -2.622814	           -0.325653
            0.359000	            0.000000	            0.000000	            0.000000	           -0.450000	            0.000000	           -0.135003	            0.000000	            0.000000	            0.000000	            4.090166	          473.088168	           58.672358	           -1.125793	            0.000000	           -0.451094	           -0.022808	           -2.632014	           -0.326439
            0.360000	            0.000000	            0.000000	            0.000000	           -0.450000	            0.000000	           -0.135003	            0.000000	            0.000000	            0.000000	            4.577361	          474.458933	           58.772105	           -1.125652	            0.000000	           -0.451010	           -0.025525	           -2.641784	           -0.327257
            0.361000	            0.000000	            0.000000	            0.000000	           -0.450000	            0.000000	           -0.135003	            0.000000	            0.000000	            0.000000	            5.074715	          475.847407	           58.867246	           -1.125515	            0.000000	           -0.450929	           -0.028307	           -2.652082	           -0.328102
            0.362000	            0.000000	            0.000000	            0.000000	           -0.450000	            0.000000	           -0.135003	            0.000000	            0.000000	            0.000000	            5.584054	          477.253445	           58.957715	           -1.125381	            0.000000	           -0.450856	           -0.031165	           -2.662871	           -0.328968
            0.363000	            0.000000	            0.000000	            0.000000	           -0.450000	            0.000000	           -0.135003	            0.000000	            0.000000	            0.000000	            6.107090	          478.677253	           59.043432	           -1.125248	            0.000000	           -0.450796	           -0.034110	           -2.674116	           -0.329851
            0.364000	            0.000000	            0.000000	            0.000000	           -0.450000	            0.000000	           -0.135003	            0.000000	            0.000000	            0.000000	            6.645408	          480.119344	           59.124325	           -1.125113	            0.000000	           -0.450753	           -0.037154	           -2.685782	           -0.330745
            0.365000	            0.000000	            0.000000	            0.000000	           -0.450000	            0.000000	           -0.135003	            0.000000	            0.000000	            0.000000	            7.200459	          481.580492	           59.200362	           -1.124974	            0.000000	           -0.450728	           -0.040305	           -2.697840	           -0.331645
            0.366000	            0.000000	            0.000000	            0.000000	           -0.450000	            0.000000	           -0.135003	            0.000000	            0.000000	            0.000000	            7.773556	          483.061662	           59.271572	           -1.124829	            0.000000	           -0.450718	           -0.043573	           -2.710258	           -0.332546
            0.367000	            0.000000	            0.000000	            0.000000	           -0.450000	            0.000000	           -0.135003	            0.000000	            0.000000	            0.000000	            8.365875	          484.563954	           59.338080	           -1.124678	            0.000000	           -0.450718	           -0.046964	           -2.723009	           -0.333445
            0.368000	            0.000000	            0.000000	            0.000000	           -0.450000	            0.000000	           -0.135003	            0.000000	            0.000000	            0.000000	            8.978461	          486.088526	           59.400131	           -1.124521	            0.000000	           -0.450724	           -0.050486	           -2.736064	           -0.334339
            0.369000	            0.000000	            0.000000	            0.000000	           -0.450000	            0.000000	           -0.135003	            0.000000	            0.000000	            0.000000	            9.612234	          487.636530	           59.458116	           -1.124360	            0.000000	           -0.450725	           -0.054144	           -2.749395	           -0.335226
            0.370000	            0.000000	            0.000000	            0.000000	           -0.450000	            0.000000	           -0.135003	            0.000000	            0.000000	            0.000000	           10.267993	          489.209053	           59.512588	           -1.124197	            0.000000	           -0.450714	           -0.057942	           -2.762971	           -0.336103
            0.371000	            0.000000	            0.000000	            0.000000	           -0.450000	            0.000000	           -0.135003	            0.000000	            0.000000	            0.000000	           10.946427	          490.807067	           59.564273	           -1.124036	            0.000000	           -0.450686	           -0.061884	           -2.776757	           -0.336970
            0.372000	            0.000000	            0.000000	            0.000000	           -0.450000	            0.000000	           -0.135003	            0.000000	            0.000000	            0.000000	           11.648120	          492.431384	           59.614071	           -1.123878	            0.000000	           -0.450640	           -0.065973	           -2.790716	           -0.337827
            0.373000	            0.000000	            0.000000	            0.000000	           -0.450000	            0.000000	           -0.135003	            0.000000	            0.000000	            0.000000	           12.373559	          494.082638	           59.663054	           -1.123721	            0.000000	           -0.450582	           -0.070211	           -2.804806	           -0.338675
            0.374000	            0.000000	            0.000000	            0.000000	           -0.450000	            0.000000	           -0.135003	            0.000000	            0.000000	            0.000000	           13.123138	          495.761270	           59.712444	           -1.123563	            0.000000	           -0.450515	           -0.074599	           -2.818979	           -0.339514
            0.375000	            0.000000	            0.000000	            0.000000	           -0.450000	            0.000000	           -0.135003	            0.000000	            0.000000	            0.000000	           13.897164	          497.467530	           59.763589	           -1.123400	            0.000000	           -0.450444	           -0.079136	           -2.833185	           -0.340347
            0.376000	            0.000000	            0.000000	            0.000000	           -0.450000	            0.000000	           -0.135003	            0.000000	            0.000000	            0.000000	           14.695866	          499.201495	           59.817933	           -1.123232	            0.000000	           -0.450369	           -0.083822	           -2.847366	           -0.341173
            0.377000	            0.000000	            0.000000	            0.000000	           -0.450000	            0.000000	           -0.135003	            0.000000	            0.000000	            0.000000	           15.519393	          500.963091	           59.876974	           -1.123060	            0.000000	           -0.450290	           -0.088655	           -2.861462	           -0.341996
            0.378000	            0.000000	            0.000000	            0.000000	           -0.450000	            0.000000	           -0.135003	            0.000000	            0.000000	            0.000000	           16.367825	          502.752125	           59.942221	           -1.122888	            0.000000	           -0.450210	           -0.093631	           -2.875411	           -0.342816
            0.379000	            0.000000	            0.000000	            0.000000	           -0.450000	            0.000000	           -0.135003	            0.000000	            0.000000	            0.000000	           17.241171	          504.568325	           60.015148	           -1.122717	            0.000000	           -0.450133	           -0.098749	           -2.889148	           -0.343635
            0.380000	            0.000000	            0.000000	            0.000000	           -0.450000	            0.000000	           -0.135003	            0.000000	            0.000000	            0.000000	           18.139380	          506.411374	           60.097149	           -1.122548	            0.000000	           -0.450065	           -0.104004	           -2.902608	           -0.344453
            0.381000	            0.000000	            0.000000	            0.000000	           -0.450000	            0.000000	           -0.135003	            0.000000	            0.000000	            0.000000	           19.062339	          508.280952	           60.189495	           -1.122382	            0.000000	           -0.450009	           -0.109390	           -2.915728	           -0.345271
            0.382000	            0.000000	            0.000000	            0.000000	           -0.450000	            0.000000	           -0.135003	            0.000000	            0.000000	            0.000000	           20.009879	          510.176769	           60.293296	           -1.122221	            0.000000	           -0.449965	           -0.114903	           -2.928449	           -0.346088
            0.383000	            0.000000	            0.000000	            0.000000	           -0.450000	            0.000000	           -0.135003	            0.000000	            0.000000	            0.000000	           20.981778	          512.098595	           60.409465	           -1.122063	            0.000000	           -0.449931	           -0.120536	           -2.940714	           -0.346903
            0.384000	            0.000000	            0.000000	            0.000000	           -0.450000	            0.000000	           -0.135003	            0.000000	            0.000000	            0.000000	           21.977756	          514.046291	           60.538698	           -1.121909	            0.000000	           -0.449906	           -0.126283	           -2.952472	           -0.347715
            0.385000	            0.000000	            0.000000	            0.000000	           -0.450000	            0.000000	           -0.135003	            0.000000	            0.000000	            0.000000	           22.997481	          516.019825	           60.681458	           -1.121759	            0.000000	           -0.449885	           -0.132137	           -2.963678	           -0.348521
            0.386000	            0.000000	            0.000000	            0.000000	           -0.450000	            0.000000	           -0.135003	            0.000000	            0.000000	            0.000000	           24.040557	          518.019291	           60.837967	           -1.121612	            0.000000	           -0.449867	           -0.138090	           -2.974294	           -0.349318
            0.387000	            0.000000	            0.000000	            0.000000	           -0.450000	            0.000000	           -0.135003	            0.000000	            0.000000	            0.000000	           25.106522	          520.044921	           61.008213	           -1.121468	            0.000000	           -0.449849	           -0.144132	           -2.984286	           -0.350103
            0.388000	            0.000000	            0.000000	            0.000000	           -0.450000	            0.000000	           -0.135003	            0.000000	            0.000000	            0.000000	           26.194835	          522.097088	           61.191961	           -1.121328	            0.000000	           -0.449828	           -0.150257	           -2.993627	           -0.350870
            0.389000	            0.000000	            0.000000	            0.000000	           -0.450000	            0.000000	           -0.135003	            0.000000	            0.000000	            0.000000	           27.304866	          524.176315	           61.388778	           -1.121189	            0.000000	           -0.449807	           -0.156452	           -3.002295	           -0.351615
            0.390000	            0.000000	            0.000000	            0.000000	           -0.450000	            0.000000	           -0.135003	            0.000000	            0.000000	            0.000000	           28.435876	          526.283268	           61.598062	           -1.121050	            0.000000	           -0.449788	           -0.162707	           -3.010269	           -0.352331
            0.391000	            0.000000	            0.000000	            0.000000	           -0.450000	            0.000000	           -0.135003	            0.000000	            0.000000	            0.000000	           29.587004	          528.418758	           61.819074	           -1.120910	            0.000000	           -0.449775	           -0.169011	           -3.017531	           -0.353012
            0.392000	            0.000000	            0.000000	            0.000000	           -0.450000	            0.000000	           -0.135003	            0.000000	            0.000000	            0.000000	           30.757247	          530.583731	           62.050982	           -1.120769	            0.000000	           -0.449767	           -0.175351	           -3.024066	           -0.353651
            0.393000	            0.000000	            0.000000	            0.000000	           -0.450000	            0.000000	           -0.135003	            0.000000	            0.000000	            0.000000	           31.945439	          532.779259	           62.292897	           -1.120625	            0.000000	           -0.449761	           -0.181711	           -3.029853	           -0.354240
            0.394000	            0.000000	            0.000000	            0.000000	           -0.450000	            0.000000	           -0.135003	            0.000000	            0.000000	            0.000000	           33.150241	          535.006531	           62.543917	           -1.120477	            0.000000	           -0.449752	           -0.188077	           -3.034874	           -0.354771
            0.395000	            0.000000	            0.000000	            0.000000	           -0.450000	            0.000000	           -0.135003	            0.000000	            0.000000	            0.000000	           34.370120	          537.266829	           62.803160	           -1.120324	            0.000000	           -0.449736	           -0.194432	           -3.039107	           -0.355236
            0.396000	            0.000000	            0.000000	            0.000000	           -0.450000	            0.000000	           -0.135003	            0.000000	            0.000000	            0.000000	           35.603345	          539.561522	           63.069800	           -1.120167	            0.000000	           -0.449707	           -0.200757	           -3.042528	           -0.355626
            0.397000	            0.000000	            0.000000	            0.000000	           -0.450000	            0.000000	           -0.135003	            0.000000	            0.000000	            0.000000	           36.847980	          541.892033	           63.343097	           -1.120009	            0.000000	           -0.449664	           -0.207035	           -3.045110	           -0.355933
            0.398000	            0.000000	            0.000000	            0.000000	           -0.450000	            0.000000	           -0.135003	            0.000000	            0.000000	            0.000000	           38.101895	          544.259826	           63.622415	           -1.119853	            0.000000	           -0.449606	           -0.213245	           -3.046828	           -0.356149
            0.399000	            0.000000	            0.000000	            0.000000	           -0.450000	            0.000000	           -0.135003	            0.000000	            0.000000	            0.000000	           39.362771	          546.666373	           63.907240	           -1.119700	            0.000000	           -0.449536	           -0.219366	           -3.047657	           -0.356269
            0.400000	            0.000000	            0.000000	            0.000000	           -0.450000	            0.000000	           -0.135003	            0.000000	            0.000000	            0.000000	           40.628133	          549.113126	           64.197188	           -1.119546	            0.000000	           -0.449462	           -0.225377	           -3.047575	           -0.356285
            0.401000	            0.000000	            0.000000	            0.000000	           -0.450000	            0.000000	           -0.135003	            0.000000	            0.000000	            0.000000	           41.895380	          551.601486	           64.492012	           -1.119390	            0.000000	           -0.449392	           -0.231259	           -3.046563	           -0.356193
            0.402000	            0.000000	            0.000000	            0.000000	           -0.450000	            0.000000	           -0.135003	            0.000000	            0.000000	            0.000000	           43.161828	          554.132766	           64.791593	           -1.119227	            0.000000	           -0.449330	           -0.236990	           -3.044610	           -0.355991
            0.403000	            0.000000	            0.000000	            0.000000	           -0.450000	            0.000000	           -0.135003	            0.000000	            0.000000	            0.000000	           44.424772	          556.708151	           65.095937	           -1.119058	            0.000000	           -0.449278	           -0.242552	           -3.041709	           -0.355676
            0.404000	            0.000000	            0.000000	            0.000000	           -0.450000	            0.000000	           -0.135003	            0.000000	            0.000000	            0.000000	           45.681542	          559.328652	           65.405162	           -1.118883	            0.000000	           -0.449234	           -0.247925	           -3.037866	           -0.355248
            0.405000	            0.000000	            0.000000	            0.000000	           -0.450000	            0.000000	           -0.135003	            0.000000	            0.000000	            0.000000	           46.929580	          561.995064	           65.719478	           -1.118700	            0.000000	           -0.449199	           -0.253094	           -3.033089	           -0.354710
            0.406000	            0.000000	            0.000000	            0.000000	           -0.450000	            0.000000	           -0.135003	            0.000000	            0.000000	            0.000000	           48.166510	          564.707916	           66.039173	           -1.118508	            0.000000	           -0.449172	           -0.258044	           -3.027398	           -0.354063
            0.407000	            0.000000	            0.000000	            0.000000	           -0.450000	            0.000000	           -0.135003	            0.000000	            0.000000	            0.000000	           49.390215	          567.467424	           66.364592	           -1.118309	            0.000000	           -0.449149	           -0.262763	           -3.020817	           -0.353313
            0.408000	            0.000000	            0.000000	            0.000000	           -0.450000	            0.000000	           -0.135003	            0.000000	            0.000000	            0.000000	           50.598914	          570.273449	           66.696107	           -1.118103	            0.000000	           -0.449129	           -0.267240	           -3.013378	           -0.352465
            0.409000	            0.000000	            0.000000	            0.000000	           -0.450000	            0.000000	           -0.135003	            0.000000	            0.000000	            0.000000	           51.791226	          573.125460	           67.034100	           -1.117893	            0.000000	           -0.449108	           -0.271470	           -3.005112	           -0.351523
            0.410000	            0.000000	            0.000000	            0.000000	           -0.450000	            0.000000	           -0.135003	            0.000000	            0.000000	            0.000000	           52.966231	          576.022508	           67.378935	           -1.117683	            0.000000	           -0.449084	           -0.275447	           -2.996054	           -0.350496
            0.411000	            0.000000	            0.000000	            0.000000	           -0.450000	            0.000000	           -0.135003	            0.000000	            0.000000	            0.000000	           54.123516	          578.963203	           67.730934	           -1.117476	            0.000000	           -0.449053	           -0.279170	           -2.986238	           -0.349388
            0.412000	            0.000000	            0.000000	            0.000000	           -0.450000	            0.000000	           -0.135003	            0.000000	            0.000000	            0.000000	           55.263206	          581.945719	           68.090357	           -1.117276	            0.000000	           -0.449012	           -0.282640	           -2.975694	           -0.348205
            0.413000	            0.000000	            0.000000	            0.000000	           -0.450000	            0.000000	           -0.135003	            0.000000	            0.000000	            0.000000	           56.385975	          584.967802	           68.457377	           -1.117085	            0.000000	           -0.448961	           -0.285862	           -2.964450	           -0.346953
            0.414000	            0.000000	            0.000000	            0.000000	           -0.450000	            0.000000	           -0.135003	            0.000000	            0.000000	            0.000000	           57.493041	          588.026795	           68.832065	           -1.116902	            0.000000	           -0.448903	           -0.288841	           -2.952528	           -0.345635
            0.415000	            0.000000	            0.000000	            0.000000	           -0.450000	            0.000000	           -0.135003	            0.000000	            0.000000	            0.000000	           58.586138	          591.119677	           69.214380	           -1.116724	            0.000000	           -0.448840	           -0.291588	           -2.939944	           -0.344255
            0.416000	            0.000000	            0.000000	            0.000000	           -0.450000	            0.000000	           -0.135003	            0.000000	            0.000000	            0.000000	           59.667469	          594.243119	           69.604156	           -1.116546	            0.000000	           -0.448778	           -0.294113	           -2.926712	           -0.342816
            0.417000	            0.000000	            0.000000	            0.000000	           -0.450000	            0.000000	           -0.135003	            0.000000	            0.000000	            0.000000	           60.739637	          597.393540	           70.001100	           -1.116364	            0.000000	           -0.448721	           -0.296430	           -2.912841	           -0.341318
            0.418000	            0.000000	            0.000000	            0.000000	           -0.450000	            0.000000	           -0.135003	            0.000000	            0.000000	            0.000000	           61.805572	          600.567170	           70.404797	           -1.116176	            0.000000	           -0.448671	           -0.298553	           -2.898342	           -0.339763
            0.419000	            0.000000	            0.000000	            0.000000	           -0.450000	            0.000000	           -0.135003	            0.000000	            0.000000	            0.000000	           62.868429	          603.760120	           70.814715	           -1.115981	            0.000000	           -0.448628	           -0.300501	           -2.883226	           -0.338152
            0.420000	            0.000000	            0.000000	            0.000000	           -0.450000	            0.000000	           -0.135003	            0.000000	            0.000000	            0.000000	           63.931488	          606.968439	           71.230220	           -1.115779	            0.000000	           -0.448592	           -0.302290	           -2.867509	           -0.336485
            0.421000	            0.000000	            0.000000	            0.000000	           -0.450000	            0.000000	           -0.135003	            0.000000	            0.000000	            0.000000	           64.998052	          610.188173	           71.650596	           -1.115570	            0.000000	           -0.448560	           -0.303941	           -2.851216	           -0.334765
            0.422000	            0.000000	            0.000000	            0.000000	           -0.450000	            0.000000	           -0.135003	            0.000000	            0.000000	            0.000000	           66.071336	          613.415411	           72.075060	           -1.115356	            0.000000	           -0.448529	           -0.305475	           -2.834382	           -0.332993
            0.423000	            0.000000	            0.000000	            0.000000	           -0.450000	            0.000000	           -0.135003	            0.000000	            0.000000	            0.000000	           67.154372	          616.646314	           72.502794	           -1.115139	            0.000000	           -0.448499	           -0.306911	           -2.817055	           -0.331172
            0.424000	            0.000000	            0.000000	            0.000000	           -0.450000	            0.000000	           -0.135003	            0.000000	            0.000000	            0.000000	           68.249924	          619.877141	           72.932966	           -1.114921	            0.000000	           -0.448468	           -0.308274	           -2.799298	           -0.329310
            0.425000	            0.000000	            0.000000	            0.000000	           -0.450000	            0.000000	           -0.135003	            0.000000	            0.000000	            0.000000	           69.360409	          623.104253	           73.364757	           -1.114702	            0.000000	           -0.448434	           -0.309583	           -2.781186	           -0.327411
            0.426000	            0.000000	            0.000000	            0.000000	           -0.450000	            0.000000	           -0.135003	            0.000000	            0.000000	            0.000000	           70.487846	          626.324111	           73.797385	           -1.114486	            0.000000	           -0.448396	           -0.310863	           -2.762813	           -0.325486
            0.427000	            0.000000	            0.000000	            0.000000	           -0.450000	            0.000000	           -0.135003	            0.000000	            0.000000	            0.000000	           71.633822	          629.533260	           74.230133	           -1.114273	            0.000000	           -0.448355	           -0.312134	           -2.744283	           -0.323545
            0.428000	            0.000000	            0.000000	            0.000000	           -0.450000	            0.000000	           -0.135003	            0.000000	            0.000000	            0.000000	           72.799475	          632.728307	           74.662360	           -1.114064	            0.000000	           -0.448314	           -0.313417	           -2.725712	           -0.321600
            0.429000	            0.000000	            0.000000	            0.000000	           -0.450000	            0.000000	           -0.135003	            0.000000	            0.000000	            0.000000	           73.985506	          635.905894	           75.093526	           -1.113860	            0.000000	           -0.448273	           -0.314733	           -2.707225	           -0.319664
            0.430000	            0.000000	            0.000000	            0.000000	           -0.450000	            0.000000	           -0.135003	            0.000000	            0.000000	            0.000000	           75.192201	          639.062667	           75.523199	           -1.113659	            0.000000	           -0.448235	           -0.316101	           -2.688951	           -0.317754
            0.431000	            0.000000	            0.000000	            0.000000	           -0.450000	            0.000000	           -0.135003	            0.000000	            0.000000	            0.000000	           76.419472	          642.195245	           75.951059	           -1.113464	            0.000000	           -0.448197	           -0.317539	           -2.671020	           -0.315883
            0.432000	            0.000000	            0.000000	            0.000000	           -0.450000	            0.000000	           -0.135003	            0.000000	            0.000000	            0.000000	           77.666916	          645.300193	           76.376908	           -1.113277	            0.000000	           -0.448156	           -0.319062	           -2.653559	           -0.314068
            0.433000	            0.000000	            0.000000	            0.000000	           -0.450000	            0.000000	           -0.135003	            0.000000	            0.000000	            0.000000	           78.933872	          648.373997	           76.800659	           -1.113099	            0.000000	           -0.448109	           -0.320685	           -2.636687	           -0.312323
            0.434000	            0.000000	            0.000000	            0.000000	           -0.450000	            0.000000	           -0.135003	            0.000000	            0.000000	            0.000000	           80.219493	          651.413048	           77.222332	           -1.112927	            0.000000	           -0.448058	           -0.322420	           -2.620514	           -0.310663
            0.435000	            0.000000	            0.000000	            0.000000	           -0.450000	            0.000000	           -0.135003	            0.000000	            0.000000	            0.000000	           81.522809	          654.413627	           77.642043	           -1.112759	            0.000000	           -0.448006	           -0.324277	           -2.605134	           -0.309102
            0.436000	            0.000000	            0.000000	            0.000000	           -0.450000	            0.000000	           -0.135003	            0.000000	            0.000000	            0.000000	           82.842789	          657.371903	           78.059985	           -1.112588	            0.000000	           -0.447957	           -0.326264	           -2.590624	           -0.307651
            0.437000	            0.000000	            0.000000	            0.000000	           -0.450000	            0.000000	           -0.135003	            0.000000	            0.000000	            0.000000	           84.178399	          660.283927	           78.476412	           -1.112413	            0.000000	           -0.447914	           -0.328388	           -2.577042	           -0.306319
            0.438000	            0.000000	            0.000000	            0.000000	           -0.450000	            0.000000	           -0.135003	            0.000000	            0.000000	            0.000000	           85.528642	          663.145647	           78.891616	           -1.112230	            0.000000	           -0.447877	           -0.330651	           -2.564426	           -0.305113
            0.439000	            0.000000	            0.000000	            0.000000	           -0.450000	            0.000000	           -0.135003	            0.000000	            0.000000	            0.000000	           86.892598	          665.952916	           79.305903	           -1.112041	            0.000000	           -0.447845	           -0.333054	           -2.552789	           -0.304039
            0.440000	            0.000000	            0.000000	            0.000000	           -0.450000	            0.000000	           -0.135003	            0.000000	            0.000000	            0.000000	           88.269437	          668.701510	           79.719572	           -1.111847	            0.000000	           -0.447817	           -0.335597	           -2.542123	           -0.303098
            0.441000	            0.000000	            0.000000	            0.000000	           -0.450000	            0.000000	           -0.135003	            0.000000	            0.000000	            0.000000	           89.658431	          671.387152	           80.132892	           -1.111652	            0.000000	           -0.447788	           -0.338276	           -2.532397	           -0.302289
            0.442000	            0.000000	            0.000000	            0.000000	           -0.450000	            0.000000	           -0.135003	            0.000000	            0.000000	            0.000000	           91.058953	          674.005542	           80.546076	           -1.111458	            0.000000	           -0.447754	           -0.341085	           -2.523558	           -0.301610
            0.443000	           -0.755110	           11.807994	            2.150270	           -0.605310	            0.000000	           -0.024299	           -0.176131	           -1.262604	           -0.252569	           92.470455	          676.552386	           80.959265	           -1.111269	            0.000000	           -0.447712	           -0.344015	           -2.515533	           -0.301053
            0.444000	           -0.346793	           17.479403	            2.680358	           -0.605310	            0.000000	           -0.024299	           -0.186464	           -1.471038	           -0.271735	           93.892455	          679.023430	           81.372513	           -1.111087	            0.000000	           -0.447660	           -0.347057	           -2.508232	           -0.300610
            0.445000	            0.133485	           24.200896	            3.229669	           -0.605310	            0.000000	           -0.024299	           -0.192286	           -1.681183	           -0.286679	           95.324501	          681.414503	           81.785772	           -1.110914	            0.000000	           -0.447598	           -0.350199	           -2.501551	           -0.300269
            0.446000	            0.671112	           32.030443	            3.785443	           -0.593984	            0.000000	           -0.041166	           -0.193505	           -1.889397	           -0.297050	           96.766139	          683.721547	           82.198885	           -1.110749	            0.000000	           -0.447527	           -0.353428	           -2.495371	           -0.300020
            0.447000	            1.245281	           41.016106	            4.333568	           -0.584429	            0.000000	           -0.055302	           -0.190211	           -2.092088	           -0.302667	           98.216880	          685.940661	           82.611586	           -1.110591	            0.000000	           -0.447452	           -0.356729	           -2.489571	           -0.299846
            0.448000	            1.828713	           51.195285	            4.858961	           -0.576068	            0.000000	           -0.067539	           -0.182649	           -2.285859	           -0.303514	           99.676164	          688.068125	           83.023501	           -1.110438	            0.000000	           -0.447377	           -0.360088	           -2.484024	           -0.299734
            0.449000	            2.387589	           62.594201	            5.346005	           -0.568667	            0.000000	           -0.078166	           -0.171179	           -2.467632	           -0.299726	          101.143327	          690.100434	           83.434157	           -1.110289	            0.000000	           -0.447306	           -0.363487	           -2.478605	           -0.299667
            0.450000	            2.881740	           75.227611	            5.779022	           -0.562085	            0.000000	           -0.087348	           -0.156240	           -2.634756	           -0.291574	          102.617576	          692.034310	           83.842992	           -1.110140	            0.000000	           -0.447242	           -0.366912	           -2.473194	           -0.299632
            0.451000	            3.265095	           89.098714	            6.142763	           -0.556223	            0.000000	           -0.095243	           -0.138312	           -2.785094	           -0.279445	          104.097965	          693.866715	           84.249369	           -1.109991	            0.000000	           -0.447187	           -0.370348	           -2.467680	           -0.299614
            0.452000	            3.486415	          104.199238	            6.422887	           -0.551009	            0.000000	           -0.102001	           -0.117881	           -2.917088	           -0.263818	          105.583381	          695.594846	           84.652597	           -1.109839	            0.000000	           -0.447142	           -0.373781	           -2.461966	           -0.299599
            0.453000	            3.490324	          120.509654	            6.606416	           -0.546395	            0.000000	           -0.107749	           -0.095409	           -3.029791	           -0.245236	          107.072538	          697.216127	           85.051947	           -1.109684	            0.000000	           -0.447108	           -0.377198	           -2.455966	           -0.299575
            0.454000	            3.218611	          137.999495	            6.682135	           -0.542339	            0.000000	           -0.112599	           -0.071310	           -3.122875	           -0.224289	          108.563976	          698.728189	           85.446671	           -1.109526	            0.000000	           -0.447086	           -0.380586	           -2.449614	           -0.299534
            0.455000	            2.611796	          156.627740	            6.640941	           -0.538804	            0.000000	           -0.116663	           -0.045935	           -3.196614	           -0.201581	          110.056070	          700.128839	           85.836019	           -1.109363	            0.000000	           -0.447071	           -0.383936	           -2.442856	           -0.299466
            0.456000	            1.610916	          176.343238	            6.476099	           -0.535743	            0.000000	           -0.120052	           -0.019559	           -3.251844	           -0.177714	          111.547043	          701.416032	           86.219255	           -1.109197	            0.000000	           -0.447060	           -0.387237	           -2.435657	           -0.299365
            0.457000	            0.159483	          197.085139	            6.183429	           -0.533101	            0.000000	           -0.122877	            0.007619	           -3.289905	           -0.153266	          113.034987	          702.587838	           86.595672	           -1.109028	            0.000000	           -0.447049	           -0.390483	           -2.427995	           -0.299226
            0.458000	           -1.794469	          218.783320	            5.761388	           -0.530808	            0.000000	           -0.125232	            0.035474	           -3.312567	           -0.128776	          114.517885	          703.642407	           86.964596	           -1.108860	            0.000000	           -0.447034	           -0.393667	           -2.419858	           -0.299047
            0.459000	           -4.296306	          241.358800	            5.211076	           -0.528793	            0.000000	           -0.127200	            0.063950	           -3.321951	           -0.104725	          115.993635	          704.577947	           87.325397	           -1.108695	            0.000000	           -0.447013	           -0.396781	           -2.411246	           -0.298825
            0.460000	           -7.382798	          264.724129	            4.536148	           -0.526983	            0.000000	           -0.128852	            0.093049	           -3.320440	           -0.081532	          117.460079	          705.392702	           87.677486	           -1.108533	            0.000000	           -0.446985	           -0.399821	           -2.402164	           -0.298560
            0.461000	          -11.080276	          288.783790	            3.742650	           -0.525317	            0.000000	           -0.130250	            0.122815	           -3.310592	           -0.059543	          118.915025	          706.084947	           88.020320	           -1.108375	            0.000000	           -0.446950	           -0.402779	           -2.392622	           -0.298250
            0.462000	          -15.403050	          313.434600	            2.838790	           -0.523747	            0.000000	           -0.131447	            0.153325	           -3.295051	           -0.039028	          120.356269	          706.652984	           88.353392	           -1.108219	            0.000000	           -0.446911	           -0.405651	           -2.382630	           -0.297896
            0.463000	          -20.352166	          338.566179	            1.834655	           -0.522236	            0.000000	           -0.132482	            0.184670	           -3.276467	           -0.020180	          121.781617	          707.095158	           88.676225	           -1.108064	            0.000000	           -0.446870	           -0.408428	           -2.372198	           -0.297497
            0.464000	          -25.914564	          364.061483	            0.741881	           -0.520764	            0.000000	           -0.133384	            0.216943	           -3.257419	           -0.003121	          123.188901	          707.409875	           88.988364	           -1.107906	            0.000000	           -0.446830	           -0.411106	           -2.361332	           -0.297052
            0.465000	          -32.062709	          389.797478	           -0.426700	           -0.519322	            0.000000	           -0.134175	            0.250228	           -3.240351	            0.012100	          124.575990	          707.595634	           89.289363	           -1.107746	            0.000000	           -0.446791	           -0.413674	           -2.350036	           -0.296560
            0.466000	          -38.754712	          415.645954	           -1.657427	           -0.517908	            0.000000	           -0.134871	            0.284588	           -3.227512	            0.025496	          125.940802	          707.651064	           89.578775	           -1.107585	            0.000000	           -0.446751	           -0.416126	           -2.338309	           -0.296021
            0.467000	          -45.934971	          441.474537	           -2.936192	           -0.516523	            0.000000	           -0.135489	            0.320059	           -3.220912	            0.037134	          127.281311	          707.574959	           89.856143	           -1.107422	            0.000000	           -0.446710	           -0.418452	           -2.326148	           -0.295431
            0.468000	          -53.535293	          467.147893	           -4.248798	           -0.515170	            0.000000	           -0.136045	            0.356641	           -3.222287	            0.047128	          128.595556	          707.366322	           90.120986	           -1.107260	            0.000000	           -0.446666	           -0.420643	           -2.313544	           -0.294787
            0.469000	          -61.476492	          492.529150	           -5.581317	           -0.513850	            0.000000	           -0.136549	            0.394300	           -3.233071	            0.055631	          129.881645	          707.024400	           90.372790	           -1.107098	            0.000000	           -0.446622	           -0.422689	           -2.300488	           -0.294088
            0.470000	          -69.670384	          517.481500	           -6.920416	           -0.512571	            0.000000	           -0.137005	            0.432961	           -3.254379	            0.062820	          131.137762	          706.548724	           90.611005	           -1.106936	            0.000000	           -0.446579	           -0.424581	           -2.286967	           -0.293328
            0.471000	          -78.022107	          541.869973	           -8.253660	           -0.511337	            0.000000	           -0.137413	            0.472513	           -3.287006	            0.068891	          132.362177	          705.939136	           90.835034	           -1.106774	            0.000000	           -0.446538	           -0.426310	           -2.272970	           -0.292505
            0.472000	          -86.432682	          565.563319	           -9.569775	           -0.510152	            0.000000	           -0.137773	            0.512812	           -3.331422	            0.074053	          133.553256	          705.195815	           91.044236	           -1.106614	            0.000000	           -0.446501	           -0.427868	           -2.258486	           -0.291615
            0.473000	          -94.801705	          588.435955	          -10.858873	           -0.509015	            0.000000	           -0.138084	            0.553680	           -3.387783	            0.078511	          134.709473	          704.319284	           91.237920	           -1.106455	            0.000000	           -0.446465	           -0.429246	           -2.243506	           -0.290653
            0.474000	         -103.030062	          610.369890	          -12.112642	           -0.507929	            0.000000	           -0.138348	            0.594918	           -3.455947	            0.082471	          135.829420	          703.310424	           91.415350	           -1.106300	            0.000000	           -0.446430	           -0.430440	           -2.228025	           -0.289617
            0.475000	         -111.022567	          631.256567	          -13.324482	           -0.506893	            0.000000	           -0.138569	            0.636303	           -3.535494	            0.086124	          136.911827	          702.170463	           91.575747	           -1.106148	            0.000000	           -0.446393	           -0.431443	           -2.212043	           -0.288503
            0.476000	         -118.690418	          650.998546	          -14.489593	           -0.505905	            0.000000	           -0.138750	            0.677602	           -3.625750	            0.089648	          137.955573	          700.900965	           91.718292	           -1.106002	            0.000000	           -0.446354	           -0.432255	           -2.195568	           -0.287311
            0.477000	         -125.953372	          669.510954	          -15.605020	           -0.504957	            0.000000	           -0.138894	            0.718571	           -3.725813	            0.093204	          138.959701	          699.503803	           91.842137	           -1.105858	            0.000000	           -0.446313	           -0.432873	           -2.178614	           -0.286037
            0.478000	         -132.741582	          686.722651	          -16.669640	           -0.504042	            0.000000	           -0.139005	            0.758968	           -3.834588	            0.096928	          139.923429	          697.981128	           91.946406	           -1.105716	            0.000000	           -0.446271	           -0.433302	           -2.161204	           -0.284683
            0.479000	         -138.997018	          702.577069	          -17.684103	           -0.503155	            0.000000	           -0.139084	            0.798551	           -3.950815	            0.100941	          140.846159	          696.335325	           92.030211	           -1.105572	            0.000000	           -0.446233	           -0.433545	           -2.143370	           -0.283249
            0.480000	         -144.674448	          717.032692	          -18.650728	           -0.502291	            0.000000	           -0.139134	            0.837091	           -4.073105	            0.105336	          141.727484	          694.568963	           92.092653	           -1.105423	            0.000000	           -0.446201	           -0.433610	           -2.125155	           -0.281737
            0.481000	         -149.741963	          730.063184	          -19.573349	           -0.501452	            0.000000	           -0.139157	            0.874367	           -4.199972	            0.110188	          142.567185	          692.684735	           92.132840	           -1.105268	            0.000000	           -0.446177	           -0.433509	           -2.106612	           -0.280153
            0.482000	         -154.181037	          741.657153	          -20.457134	           -0.500640	            0.000000	           -0.139152	            0.910178	           -4.329865	            0.115552	          143.365226	          690.685396	           92.149891	           -1.105108	            0.000000	           -0.446160	           -0.433256	           -2.087802	           -0.278500
            0.483000	         -157.986179	          751.817610	          -21.308363	           -0.499856	            0.000000	           -0.139120	            0.944341	           -4.461201	            0.121462	          144.121741	          688.573692	           92.142951	           -1.104941	            0.000000	           -0.446150	           -0.432866	           -2.068798	           -0.276786
            0.484000	         -161.164177	          760.561128	          -22.134200	           -0.499104	            0.000000	           -0.139063	            0.976694	           -4.592395	            0.127937	          144.837019	          686.352292	           92.111201	           -1.104771	            0.000000	           -0.446142	           -0.432359	           -2.049676	           -0.275019
            0.485000	         -163.733038	          767.916789	          -22.942444	           -0.498383	            0.000000	           -0.138985	            1.007098	           -4.721889	            0.134981	          145.511470	          684.023717	           92.053867	           -1.104601	            0.000000	           -0.446132	           -0.431755	           -2.030523	           -0.273207
            0.486000	         -165.720648	          773.924951	          -23.741284	           -0.497689	            0.000000	           -0.138891	            1.035436	           -4.848178	            0.142585	          146.145602	          681.590273	           91.970237	           -1.104434	            0.000000	           -0.446114	           -0.431077	           -2.011425	           -0.271360
            0.487000	         -167.163256	          778.635914	          -24.539067	           -0.497021	            0.000000	           -0.138785	            1.061614	           -4.969837	            0.150729	          146.739982	          679.053995	           91.859665	           -1.104275	            0.000000	           -0.446085	           -0.430347	           -1.992472	           -0.269488
            0.488000	         -168.103838	          782.108527	          -25.344078	           -0.496376	            0.000000	           -0.138669	            1.085564	           -5.085540	            0.159388	          147.295191	          676.416589	           91.721584	           -1.104126	            0.000000	           -0.446045	           -0.429589	           -1.973749	           -0.267602
            0.489000	         -168.590422	          784.408810	          -26.164353	           -0.495752	            0.000000	           -0.138546	            1.107236	           -5.194082	            0.168526	          147.811788	          673.679401	           91.555515	           -1.103986	            0.000000	           -0.445999	           -0.428824	           -1.955340	           -0.265712
            0.490000	         -168.674431	          785.608622	          -27.007514	           -0.495151	            0.000000	           -0.138419	            1.126607	           -5.294395	            0.178107	          148.290264	          670.843378	           91.361075	           -1.103853	            0.000000	           -0.445953	           -0.428072	           -1.937318	           -0.263826
            0.491000	         -168.409110	          785.784414	          -27.880644	           -0.494572	            0.000000	           -0.138289	            1.143672	           -5.385561	            0.188090	          148.731000	          667.909055	           91.137981	           -1.103725	            0.000000	           -0.445909	           -0.427351	           -1.919744	           -0.261953
            0.492000	         -167.848077	          785.016098	          -28.790185	           -0.494014	            0.000000	           -0.138155	            1.158447	           -5.466821	            0.198434	          149.134231	          664.876544	           90.886053	           -1.103599	            0.000000	           -0.445871	           -0.426675	           -1.902666	           -0.260100
            0.493000	         -167.044038	          783.386044	          -29.741870	           -0.493476	            0.000000	           -0.138018	            1.170967	           -5.537586	            0.209098	          149.500011	          661.745532	           90.605217	           -1.103475	            0.000000	           -0.445838	           -0.426053	           -1.886114	           -0.258270
            0.494000	         -166.047685	          780.978213	          -30.740683	           -0.492958	            0.000000	           -0.137875	            1.181285	           -5.597438	            0.220042	          149.828193	          658.515290	           90.295503	           -1.103350	            0.000000	           -0.445808	           -0.425489	           -1.870096	           -0.256467
            0.495000	         -164.906789	          777.877414	          -31.790828	           -0.492460	            0.000000	           -0.137727	            1.189468	           -5.646128	            0.231227	          150.118404	          655.184680	           89.957036	           -1.103223	            0.000000	           -0.445783	           -0.424982	           -1.854600	           -0.254689
            0.496000	         -163.665496	          774.168692	          -32.895722	           -0.491985	            0.000000	           -0.137573	            1.195602	           -5.683578	            0.242616	          150.370038	          651.752170	           89.590036	           -1.103092	            0.000000	           -0.445762	           -0.424524	           -1.839590	           -0.252933
            0.497000	         -162.363810	          769.936806	          -34.057992	           -0.491537	            0.000000	           -0.137411	            1.199782	           -5.709868	            0.254174	          150.582258	          648.215851	           89.194797	           -1.102959	            0.000000	           -0.445745	           -0.424102	           -1.825005	           -0.251192
            0.498000	         -161.037262	          765.265807	          -35.279476	           -0.491117	            0.000000	           -0.137241	            1.202117	           -5.725233	            0.265870	          150.753997	          644.573457	           88.771680	           -1.102826	            0.000000	           -0.445731	           -0.423696	           -1.810765	           -0.249457
            0.499000	         -159.716725	          760.238664	          -36.561221	           -0.490722	            0.000000	           -0.137063	            1.202721	           -5.730046	            0.277671	          150.883971	          640.822391	           88.321093	           -1.102697	            0.000000	           -0.445716	           -0.423282	           -1.796765	           -0.247717
            0.500000	         -158.428383	          754.936944	          -37.903487	           -0.490349	            0.000000	           -0.136876	            1.201719	           -5.724808	            0.289548	          150.970699	          636.959748	           87.843472	           -1.102576	            0.000000	           -0.445697	           -0.422828	           -1.782883	           -0.245957
            0.501000	         -157.193803	          749.440511	          -39.305747	           -0.489990	            0.000000	           -0.136680	            1.199237	           -5.710131	            0.301471	          151.012523	          632.982359	           87.339258	           -1.102464	            0.000000	           -0.445671	           -0.422301	           -1.768985	           -0.244160
            0.502000	         -156.030105	          743.827223	          -40.766681	           -0.489639	            0.000000	           -0.136476	            1.195405	           -5.686719	            0.313409	          151.007627	          628.886828	           86.808881	           -1.102362	            0.000000	           -0.445637	           -0.421664	           -1.754923	           -0.242309
            0.503000	         -154.950201	          738.172633	          -42.284189	           -0.489293	            0.000000	           -0.136265	            1.190353	           -5.655355	            0.325333	          150.954066	          624.669590	           86.252738	           -1.102265	            0.000000	           -0.445599	           -0.420879	           -1.740550	           -0.240387
            0.504000	         -153.963090	          732.549662	          -43.855396	           -0.488945	            0.000000	           -0.136049	            1.184208	           -5.616883	            0.337211	          150.849780	          620.326976	           85.671173	           -1.102168	            0.000000	           -0.445558	           -0.419907	           -1.725719	           -0.238375
            0.505000	         -153.074184	          727.028252	          -45.476675	           -0.488593	            0.000000	           -0.135831	            1.177093	           -5.572186	            0.349008	          150.692621	          615.855284	           85.064467	           -1.102069	            0.000000	           -0.445519	           -0.418712	           -1.710289	           -0.236256
            0.506000	         -152.285666	          721.674996	          -47.143694	           -0.488230	            0.000000	           -0.135609	            1.169125	           -5.522176	            0.360692	          150.480366	          611.250866	           84.432821	           -1.101964	            0.000000	           -0.445485	           -0.417260	           -1.694137	           -0.234017
            0.507000	         -151.596852	          716.552748	          -48.851469	           -0.487854	            0.000000	           -0.135384	            1.160414	           -5.467775	            0.372225	          150.210731	          606.510215	           83.776355	           -1.101852	            0.000000	           -0.445460	           -0.415521	           -1.677156	           -0.231644
            0.508000	         -151.004569	          711.720216	          -50.594448	           -0.487464	            0.000000	           -0.135155	            1.151061	           -5.409899	            0.383570	          149.881387	          601.630061	           83.095104	           -1.101731	            0.000000	           -0.445445	           -0.413471	           -1.659264	           -0.229127
            0.509000	         -150.503530	          707.231557	          -52.366617	           -0.487058	            0.000000	           -0.134923	            1.141161	           -5.349449	            0.394689	          149.489968	          596.607460	           82.389018	           -1.101599	            0.000000	           -0.445443	           -0.411093	           -1.640406	           -0.226462
            0.510000	         -150.086702	          703.135975	          -54.161626	           -0.486638	            0.000000	           -0.134692	            1.130796	           -5.287289	            0.405545	          149.034082	          591.439891	           81.657975	           -1.101456	            0.000000	           -0.445452	           -0.408375	           -1.620554	           -0.223646
            0.511000	         -149.745676	          699.477346	          -55.972932	           -0.486205	            0.000000	           -0.134464	            1.120039	           -5.224246	            0.416100	          148.511325	          586.125336	           80.901786	           -1.101304	            0.000000	           -0.445467	           -0.405311	           -1.599713	           -0.220681
            0.512000	         -149.471022	          696.293877	          -57.793973	           -0.485765	            0.000000	           -0.134244	            1.108954	           -5.161087	            0.426318	          147.919293	          580.662356	           80.120209	           -1.101147	            0.000000	           -0.445482	           -0.401906	           -1.577911	           -0.217572
            0.513000	         -149.252637	          693.617818	          -59.618329	           -0.485319	            0.000000	           -0.134031	            1.097598	           -5.098520	            0.436168	          147.255599	          575.050155	           79.312967	           -1.100989	            0.000000	           -0.445493	           -0.398166	           -1.555209	           -0.214329
            0.514000	         -149.080070	          691.475234	          -61.439913	           -0.484870	            0.000000	           -0.133825	            1.086015	           -5.037176	            0.445618	          146.517896	          569.288630	           78.479760	           -1.100833	            0.000000	           -0.445497	           -0.394105	           -1.531686	           -0.210963
            0.515000	         -148.942842	          689.885850	          -63.253141	           -0.484416	            0.000000	           -0.133626	            1.074243	           -4.977607	            0.454645	          145.703901	          563.378403	           77.620285	           -1.100681	            0.000000	           -0.445498	           -0.389743	           -1.507444	           -0.207490
            0.516000	         -148.830736	          688.862984	          -65.053098	           -0.483953	            0.000000	           -0.133432	            1.062314	           -4.920278	            0.463225	          144.811431	          557.320840	           76.734252	           -1.100531	            0.000000	           -0.445501	           -0.385102	           -1.482597	           -0.203926
            0.517000	         -148.734056	          688.413557	          -66.835689	           -0.483479	            0.000000	           -0.133245	            1.050250	           -4.865559	            0.471344	          143.838441	          551.118056	           75.821395	           -1.100379	            0.000000	           -0.445509	           -0.380205	           -1.457269	           -0.200287
            0.518000	         -148.643868	          688.538196	          -68.597755	           -0.482990	            0.000000	           -0.133066	            1.038069	           -4.813726	            0.478989	          142.783061	          544.772898	           74.881495	           -1.100224	            0.000000	           -0.445523	           -0.375080	           -1.431590	           -0.196593
            0.519000	         -148.552195	          689.231420	          -70.337164	           -0.482488	            0.000000	           -0.132897	            1.025781	           -4.764951	            0.486153	          141.643654	          538.288914	           73.914388	           -1.100065	            0.000000	           -0.445539	           -0.369753	           -1.405687	           -0.192859
            0.520000	         -148.452177	          690.481910	          -72.052857	           -0.481969	            0.000000	           -0.132737	            1.013393	           -4.719310	            0.492835	          140.418860	          531.670318	           72.919978	           -1.099901	            0.000000	           -0.445550	           -0.364250	           -1.379683	           -0.189102
            0.521000	         -148.338185	          692.272849	          -73.744852	           -0.481433	            0.000000	           -0.132586	            1.000906	           -4.676776	            0.499034	          139.107652	          524.921923	           71.898256	           -1.099733	            0.000000	           -0.445551	           -0.358595	           -1.353693	           -0.185337
            0.522000	         -148.205896	          694.582323	          -75.414201	           -0.480877	            0.000000	           -0.132443	            0.988317	           -4.637228	            0.504756	          137.709391	          518.049085	           70.849303	           -1.099562	            0.000000	           -0.445539	           -0.352812	           -1.327817	           -0.181576
            0.523000	         -148.052312	          697.383779	          -77.062895	           -0.480300	            0.000000	           -0.132305	            0.975619	           -4.600454	            0.510007	          136.223877	          511.057622	           69.773310	           -1.099389	            0.000000	           -0.445513	           -0.346920	           -1.302141	           -0.177829
            0.524000	         -147.875738	          700.646520	          -78.693724	           -0.479705	            0.000000	           -0.132173	            0.962804	           -4.566160	            0.514794	          134.651400	          503.953738	           68.670581	           -1.099217	            0.000000	           -0.445475	           -0.340939	           -1.276739	           -0.174103
            0.525000	         -147.675713	          704.336223	          -80.310089	           -0.479093	            0.000000	           -0.132046	            0.949860	           -4.533982	            0.519127	          132.992783	          496.743934	           67.541551	           -1.099046	            0.000000	           -0.445426	           -0.334884	           -1.251665	           -0.170402
            0.526000	         -147.452897	          708.415481	          -81.915779	           -0.478464	            0.000000	           -0.131924	            0.936774	           -4.503494	            0.523014	          131.249419	          489.434927	           66.386786	           -1.098880	            0.000000	           -0.445370	           -0.328769	           -1.226962	           -0.166729
            0.527000	         -147.208926	          712.844341	          -83.514704	           -0.477815	            0.000000	           -0.131807	            0.923531	           -4.474231	            0.526462	          129.423304	          482.033559	           65.206998	           -1.098717	            0.000000	           -0.445310	           -0.322607	           -1.202657	           -0.163083
            0.528000	         -146.946228	          717.580843	          -85.110620	           -0.477145	            0.000000	           -0.131696	            0.910120	           -4.445695	            0.529477	          127.517049	          474.546711	           64.003045	           -1.098555	            0.000000	           -0.445248	           -0.316411	           -1.178768	           -0.159462
            0.529000	         -146.667825	          722.581550	          -86.706823	           -0.476453	            0.000000	           -0.131588	            0.896529	           -4.417386	            0.532065	          125.533892	          466.981223	           62.775934	           -1.098388	            0.000000	           -0.445184	           -0.310191	           -1.155304	           -0.155863
            0.530000	         -146.377117	          727.802060	          -88.305857	           -0.475736	            0.000000	           -0.131482	            0.882752	           -4.388810	            0.534228	          123.477690	          459.343811	           61.526824	           -1.098211	            0.000000	           -0.445118	           -0.303962	           -1.132268	           -0.152281
            0.531000	         -146.077667	          733.197502	          -89.909225	           -0.474993	            0.000000	           -0.131374	            0.868785	           -4.359506	            0.535970	          121.352904	          451.640994	           60.257015	           -1.098020	            0.000000	           -0.445051	           -0.297735	           -1.109662	           -0.148713
            0.532000	         -145.772996	          738.723015	          -91.517131	           -0.474220	            0.000000	           -0.131259	            0.854633	           -4.329063	            0.537290	          119.164566	          443.879027	           58.967950	           -1.097814	            0.000000	           -0.444982	           -0.291524	           -1.087483	           -0.145153
            0.533000	         -145.466392	          744.334210	          -93.128260	           -0.473417	            0.000000	           -0.131137	            0.840308	           -4.297138	            0.538191	          116.918235	          436.063838	           57.661200	           -1.097597	            0.000000	           -0.444912	           -0.285344	           -1.065731	           -0.141597
            0.534000	         -145.160755	          749.987614	          -94.739604	           -0.472582	            0.000000	           -0.131011	            0.825830	           -4.263474	            0.538674	          114.619941	          428.200983	           56.338454	           -1.097372	            0.000000	           -0.444845	           -0.279211	           -1.044403	           -0.138042
            0.535000	         -144.858480	          755.641100	          -96.346364	           -0.471720	            0.000000	           -0.130885	            0.811231	           -4.227913	            0.538742	          112.276117	          420.295598	           55.001509	           -1.097144	            0.000000	           -0.444781	           -0.273140	           -1.023500	           -0.134488
            0.536000	         -144.561381	          761.254303	          -97.941907	           -0.470834	            0.000000	           -0.130765	            0.796555	           -4.190409	            0.538403	          109.893521	          412.352378	           53.652256	           -1.096917	            0.000000	           -0.444721	           -0.267147	           -1.003018	           -0.130932
            0.537000	         -144.270669	          766.789009	          -99.517815	           -0.469929	            0.000000	           -0.130653	            0.781859	           -4.151033	            0.537667	          107.479144	          404.375557	           52.292666	           -1.096700	            0.000000	           -0.444662	           -0.261244	           -0.982950	           -0.127377
            0.538000	         -143.986977	          772.209532	         -101.064001	           -0.469007	            0.000000	           -0.130550	            0.767209	           -4.109978	            0.536547	          105.040121	          396.368911	           50.924781	           -1.096498	            0.000000	           -0.444601	           -0.255442	           -0.963286	           -0.123825
            0.539000	         -143.710429	          777.483051	         -102.568909	           -0.468074	            0.000000	           -0.130458	            0.752688	           -4.067555	            0.535063	          102.583622	          388.335770	           49.550702	           -1.096311	            0.000000	           -0.444532	           -0.249748	           -0.944003	           -0.120278
            0.540000	         -143.440757	          782.579914	         -104.019790	           -0.467135	            0.000000	           -0.130373	            0.738388	           -4.024184	            0.533242	          100.116752	          380.279052	           48.172580	           -1.096136	            0.000000	           -0.444455	           -0.244162	           -0.925066	           -0.116743
            0.541000	         -143.177439	          787.473890	         -105.403029	           -0.466194	            0.000000	           -0.130295	            0.724412	           -3.980389	            0.531113	           97.646444	          372.201302	           46.792605	           -1.095970	            0.000000	           -0.444371	           -0.238678	           -0.906427	           -0.113223
            0.542000	         -142.919862	          792.142363	         -106.704536	           -0.465256	            0.000000	           -0.130219	            0.710870	           -3.936772	            0.528714	           95.179352	          364.104759	           45.413006	           -1.095809	            0.000000	           -0.444282	           -0.233282	           -0.888018	           -0.109726
            0.543000	         -142.667486	          796.566454	         -107.910163	           -0.464326	            0.000000	           -0.130143	            0.697878	           -3.894000	            0.526087	           92.721753	          355.991420	           44.036036	           -1.095655	            0.000000	           -0.444186	           -0.227954	           -0.869748	           -0.106256
            0.544000	         -142.420001	          800.731074	         -109.006147	           -0.463401	            0.000000	           -0.130066	            0.685556	           -3.852774	            0.523275	           90.279455	          347.863127	           42.663968	           -1.095514	            0.000000	           -0.444085	           -0.222663	           -0.851509	           -0.102821
            0.545000	         -142.177456	          804.624884	         -109.979547	           -0.462479	            0.000000	           -0.129984	            0.674021	           -3.813809	            0.520326	           87.857711	          339.721653	           41.299085	           -1.095390	            0.000000	           -0.443977	           -0.217369	           -0.833167	           -0.099424
            0.546000	         -141.940358	          808.240185	         -110.818665	           -0.461549	            0.000000	           -0.129899	            0.663385	           -3.777800	            0.517290	           85.461152	          331.568794	           39.943669	           -1.095285	            0.000000	           -0.443866	           -0.212027	           -0.814568	           -0.096070
            0.547000	         -141.709717	          811.572720	         -111.513440	           -0.460602	            0.000000	           -0.129810	            0.653752	           -3.745399	            0.514213	           83.093727	          323.406473	           38.599990	           -1.095198	            0.000000	           -0.443753	           -0.206580	           -0.795537	           -0.092762
            0.548000	         -141.487046	          814.621415	         -112.055780	           -0.459632	            0.000000	           -0.129722	            0.645213	           -3.717189	            0.511142	           80.758668	          315.236825	           37.270286	           -1.095125	            0.000000	           -0.443636	           -0.200970	           -0.775885	           -0.089499
            0.549000	         -141.274308	          817.388050	         -112.439846	           -0.458638	            0.000000	           -0.129641	            0.637843	           -3.693658	            0.508117	           78.458469	          307.062302	           35.956753	           -1.095066	            0.000000	           -0.443516	           -0.195133	           -0.755408	           -0.086282
            0.550000	         -141.073804	          819.876891	         -112.662249	           -0.457627	            0.000000	           -0.129570	            0.631698	           -3.675183	            0.505174	           76.194874	          298.885757	           34.661520	           -1.095024	            0.000000	           -0.443394	           -0.189003	           -0.733897	           -0.083105
            0.551000	         -140.888028	          822.094286	         -112.722179	           -0.456607	            0.000000	           -0.129513	            0.626812	           -3.662013	            0.502343	           73.968904	          290.710535	           33.386634	           -1.095001	            0.000000	           -0.443271	           -0.182517	           -0.711142	           -0.079962
            0.552000	         -140.719473	          824.048260	         -112.621447	           -0.455583	            0.000000	           -0.129470	            0.623195	           -3.654261	            0.499645	           71.780877	          282.540547	           32.134045	           -1.095003	            0.000000	           -0.443148	           -0.175614	           -0.686940	           -0.076841
            0.553000	         -140.570429	          825.748100	         -112.364439	           -0.454558	            0.000000	           -0.129441	            0.620834	           -3.651902	            0.497094	           69.630462	          274.380343	           30.905587	           -1.095037	            0.000000	           -0.443028	           -0.168242	           -0.661102	           -0.073730
            0.554000	         -140.442757	          827.203968	         -111.957991	           -0.453532	            0.000000	           -0.129426	            0.619688	           -3.654773	            0.494696	           67.516742	          266.235175	           29.702971	           -1.095109	            0.000000	           -0.442912	           -0.160358	           -0.633457	           -0.070611
            0.555000	         -140.337681	          828.426544	         -111.411187	           -0.452503	            0.000000	           -0.129425	            0.619697	           -3.662586	            0.492447	           65.438285	          258.111041	           28.527776	           -1.095221	            0.000000	           -0.442800	           -0.151933	           -0.603867	           -0.067461
            0.556000	         -140.255590	          829.426712	         -110.735090	           -0.451469	            0.000000	           -0.129438	            0.620776	           -3.674939	            0.490341	           63.393235	          250.014720	           27.381454	           -1.095371	            0.000000	           -0.442693	           -0.142952	           -0.572228	           -0.064255
            0.557000	         -140.195880	          830.215296	         -109.942402	           -0.450426	            0.000000	           -0.129464	            0.622821	           -3.691334	            0.488361	           61.379402	          241.953792	           26.265336	           -1.095551	            0.000000	           -0.442590	           -0.133421	           -0.538475	           -0.060965
            0.558000	         -140.156828	          830.802842	         -109.047091	           -0.449372	            0.000000	           -0.129503	            0.625715	           -3.711207	            0.486489	           59.394363	          233.936630	           25.180649	           -1.095755	            0.000000	           -0.442493	           -0.123362	           -0.502595	           -0.057557
            0.559000	         -140.135527	          831.199467	         -108.063972	           -0.448306	            0.000000	           -0.129549	            0.629326	           -3.733945	            0.484702	           57.435565	          225.972385	           24.128536	           -1.095985	            0.000000	           -0.442398	           -0.112820	           -0.464626	           -0.053998
            0.560000	         -140.127874	          831.414745	         -107.008276	           -0.447232	            0.000000	           -0.129600	            0.633518	           -3.758921	            0.482978	           55.500426	          218.070930	           23.110087	           -1.096247	            0.000000	           -0.442297	           -0.101861	           -0.424661	           -0.050251
            0.561000	         -140.128606	          831.457644	         -105.895210	           -0.446157	            0.000000	           -0.129652	            0.638150	           -3.785517	            0.481295	           53.586431	          210.242797	           22.126369	           -1.096552	            0.000000	           -0.442184	           -0.090571	           -0.382854	           -0.046279
            0.562000	         -140.131401	          831.336505	         -104.739540	           -0.445088	            0.000000	           -0.129704	            0.643085	           -3.813153	            0.479632	           51.691225	          202.499073	           21.178461	           -1.096911	            0.000000	           -0.442051	           -0.079059	           -0.339418	           -0.042048
            0.563000	         -140.129027	          831.059047	         -103.555195	           -0.444030	            0.000000	           -0.129757	            0.648193	           -3.841310	            0.477973	           49.812692	          194.851282	           20.267486	           -1.097330	            0.000000	           -0.441896	           -0.067448	           -0.294630	           -0.037526
            0.564000	         -140.113531	          830.632397	         -102.354922	           -0.442985	            0.000000	           -0.129813	            0.653354	           -3.869548	            0.476305	           47.949025	          187.311238	           19.394637	           -1.097811	            0.000000	           -0.441715	           -0.055878	           -0.248825	           -0.032688
            0.565000	         -140.076463	          830.063137	         -101.149997	           -0.441954	            0.000000	           -0.129876	            0.658461	           -3.897526	            0.474623	           46.098781	          179.890870	           18.561191	           -1.098351	            0.000000	           -0.441512	           -0.044502	           -0.202400	           -0.027518
            0.566000	         -140.009126	          829.357354	          -99.950012	           -0.440936	            0.000000	           -0.129947	            0.663427	           -3.925007	            0.472924	           44.260919	          172.602039	           17.768517	           -1.098949	            0.000000	           -0.441286	           -0.033481	           -0.155806	           -0.022010
            0.567000	         -139.902834	          828.520694	          -98.762730	           -0.439930	            0.000000	           -0.130024	            0.668182	           -3.951863	            0.471213	           42.434818	          165.456328	           17.018066	           -1.099613	            0.000000	           -0.441045	           -0.022977	           -0.109547	           -0.016174
            0.568000	         -139.749175	          827.558413	          -97.594037	           -0.438935	            0.000000	           -0.130103	            0.672672	           -3.978074	            0.469501	           40.620289	          158.464823	           16.311339	           -1.100350	            0.000000	           -0.440806	           -0.013151	           -0.064173	           -0.010036
            0.569000	         -139.540264	          826.475415	          -96.447961	           -0.437950	            0.000000	           -0.130180	            0.676867	           -4.003717	            0.467802	           38.817560	          151.637886	           15.649847	           -1.101166	            0.000000	           -0.440587	           -0.004158	           -0.020272	           -0.003643
            0.570000	         -139.268974	          825.276284	          -95.326784	           -0.436974	            0.000000	           -0.130252	            0.680750	           -4.028955	            0.466133	           37.027253	          144.984930	           15.035043	           -1.102064	            0.000000	           -0.440406	            0.003864	            0.021537	            0.002935
            0.571000	         -138.929146	          823.965301	          -94.231217	           -0.436009	            0.000000	           -0.130318	            0.684323	           -4.054016	            0.464515	           35.250351	          138.514193	           14.468246	           -1.103050	            0.000000	           -0.440268	            0.010794	            0.060618	            0.009605
            0.572000	         -138.515763	          822.546447	          -93.160635	           -0.435056	            0.000000	           -0.130378	            0.687598	           -4.079175	            0.462968	           33.488156	          132.232528	           13.950550	           -1.104128	            0.000000	           -0.440160	            0.016538	            0.096330	            0.016247
            0.573000	         -138.025090	          821.023403	          -92.113361	           -0.434117	            0.000000	           -0.130434	            0.690599	           -4.104732	            0.461514	           31.742235	          126.145210	           13.482718	           -1.105312	            0.000000	           -0.440063	            0.021032	            0.128039	            0.022715
            0.574000	         -137.454768	          819.399533	          -91.086976	           -0.433190	            0.000000	           -0.130482	            0.693355	           -4.130982	            0.460171	           30.014380	          120.255771	           13.065076	           -1.106621	            0.000000	           -0.439956	            0.024248	            0.155140	            0.028840
            0.575000	         -136.803879	          817.677863	          -90.078643	           -0.432274	            0.000000	           -0.130523	            0.695901	           -4.158201	            0.458958	           28.306554	          114.565869	           12.697409	           -1.108076	            0.000000	           -0.439830	            0.026198	            0.177067	            0.034427
            0.576000	         -136.072955	          815.861056	          -89.085417	           -0.431365	            0.000000	           -0.130555	            0.698270	           -4.186620	            0.457887	           26.620851	          109.075199	           12.378848	           -1.109696	            0.000000	           -0.439686	            0.026936	            0.193320	            0.039264
            0.577000	         -135.263957	          813.951390	          -88.104543	           -0.430460	            0.000000	           -0.130581	            0.700493	           -4.216411	            0.456968	           24.959464	          103.781453	           12.107788	           -1.111498	            0.000000	           -0.439528	            0.026560	            0.203479	            0.043124
            0.578000	         -134.380211	          811.950730	          -87.133708	           -0.429558	            0.000000	           -0.130603	            0.702598	           -4.247671	            0.456207	           23.324663	           98.680333	           11.881798	           -1.113507	            0.000000	           -0.439365	            0.025212	            0.207226	            0.045771
            0.579000	         -133.426310	          809.860513	          -86.171243	           -0.428660	            0.000000	           -0.130621	            0.704605	           -4.280417	            0.455604	           21.718779	           93.765629	           11.697571	           -1.115747	            0.000000	           -0.439207	            0.023074	            0.204360	            0.046969
            0.580000	         -132.407981	          807.681731	          -85.216271	           -0.427767	            0.000000	           -0.130635	            0.706529	           -4.314584	            0.455156	           20.144208	           89.029346	           11.550885	           -1.118244	            0.000000	           -0.439054	            0.020368	            0.194818	            0.046492
            0.581000	         -131.331923	          805.414931	          -84.268786	           -0.426881	            0.000000	           -0.130644	            0.708375	           -4.350023	            0.454858	           18.603422	           84.461906	           11.436604	           -1.121010	            0.000000	           -0.438900	            0.017346	            0.178689	            0.044129
            0.582000	         -130.205621	          803.060215	          -83.329669	           -0.426004	            0.000000	           -0.130647	            0.710145	           -4.386515	            0.454699	           17.098990	           80.052404	           11.348703	           -1.124050	            0.000000	           -0.438735	            0.014284	            0.156220	            0.039701
            0.583000	         -129.037140	          800.617266	          -82.400643	           -0.425141	            0.000000	           -0.130647	            0.711832	           -4.423778	            0.454669	           15.633600	           75.788919	           11.280340	           -1.127367	            0.000000	           -0.438563	            0.011474	            0.127827	            0.033067
            0.584000	         -127.834910	          798.085368	          -81.484170	           -0.424294	            0.000000	           -0.130643	            0.713427	           -4.461483	            0.454755	           14.210093	           71.658879	           11.223954	           -1.130980	            0.000000	           -0.438402	            0.009208	            0.094094	            0.024138
            0.585000	         -126.607493	          795.463460	          -80.583307	           -0.423464	            0.000000	           -0.130640	            0.714918	           -4.499274	            0.454946	           12.831480	           67.649464	           11.171415	           -1.134923	            0.000000	           -0.438289	            0.007771	            0.055771	            0.012883
            0.586000	         -125.363365	          792.750187	          -79.701523	           -0.422647	            0.000000	           -0.130638	            0.716291	           -4.536787	            0.455230	           11.500965	           63.748041	           11.114203	           -1.139257	            0.000000	           -0.438262	            0.007422	            0.013758	           -0.000657
            0.587000	         -124.110692	          789.943978	          -78.842494	           -0.421837	            0.000000	           -0.130638	            0.717535	           -4.573666	            0.455599	           10.221942	           59.942614	           11.043627	           -1.144061	            0.000000	           -0.438350	            0.008388	           -0.030911	           -0.016366
            0.588000	         -122.857130	          787.043132	          -78.009894	           -0.421030	            0.000000	           -0.130636	            0.718640	           -4.609584	            0.456044	            8.997980	           56.222277	           10.951073	           -1.149423	            0.000000	           -0.438567	            0.010840	           -0.077090	           -0.034049
            0.589000	         -121.609642	          784.045918	          -77.207188	           -0.420220	            0.000000	           -0.130627	            0.719602	           -4.644258	            0.456563	            7.832785	           52.577653	           10.828282	           -1.155430	            0.000000	           -0.438910	            0.014891	           -0.123557	           -0.053425
            0.590000	         -120.374339	          780.950690	          -76.437446	           -0.419407	            0.000000	           -0.130608	            0.720420	           -4.677461	            0.457154	            6.730133	           49.001298	           10.667631	           -1.162165	            0.000000	           -0.439360	            0.020579	           -0.169048	           -0.074136
            0.591000	         -119.156363	          777.756004	          -75.703176	           -0.418589	            0.000000	           -0.130578	            0.721100	           -4.709029	            0.457818	            5.693783	           45.488057	           10.462432	           -1.169669	            0.000000	           -0.439877	            0.027861	           -0.212301	           -0.095748
            0.592000	         -117.959796	          774.460744	          -75.006205	           -0.417766	            0.000000	           -0.130538	            0.721651	           -4.738871	            0.458561	            4.727358	           42.035355	           10.207216	           -1.177917	            0.000000	           -0.440406	            0.036610	           -0.252100	           -0.117762
            0.593000	         -116.787603	          771.064256	          -74.347586	           -0.416938	            0.000000	           -0.130492	            0.722091	           -4.766963	            0.459389	            3.834211	           38.643402	            9.897989	           -1.186803	            0.000000	           -0.440884	            0.046610	           -0.287323	           -0.139626
            0.594000	         -115.641626	          767.566467	          -73.727563	           -0.416105	            0.000000	           -0.130444	            0.722437	           -4.793350	            0.460312	            3.017270	           35.315293	            9.532459	           -1.196155	            0.000000	           -0.441233	            0.057565	           -0.316984	           -0.160754
            0.595000	         -114.522596	          763.968004	          -73.145566	           -0.415268	            0.000000	           -0.130396	            0.722712	           -4.818137	            0.461337	            2.278881	           32.056998	            9.110206	           -1.205760	            0.000000	           -0.441375	            0.069102	           -0.340279	           -0.180545
            0.596000	         -113.430194	          760.270305	          -72.600257	           -0.414427	            0.000000	           -0.130348	            0.722940	           -4.841476	            0.462474	            1.620654	           28.877228	            8.632778	           -1.215378	            0.000000	           -0.441250	            0.080790	           -0.356616	           -0.198406
            0.597000	         -112.363124	          756.475701	          -72.089600	           -0.413579	            0.000000	           -0.130300	            0.723141	           -4.863559	            0.463732	            1.043314	           25.787166	            8.103723	           -1.224760	            0.000000	           -0.440825	            0.092154	           -0.365649	           -0.213775
            0.598000	         -111.319223	          752.587487	          -71.610972	           -0.412724	            0.000000	           -0.130252	            0.723335	           -4.884601	            0.465118	            0.546590	           22.800072	            7.528518	           -1.233681	            0.000000	           -0.440096	            0.102698	           -0.367288	           -0.226148
            0.599000	         -110.295586	          748.609956	          -71.161288	           -0.411861	            0.000000	           -0.130206	            0.723539	           -4.904827	            0.466637	            0.129126	           19.930759	            6.914423	           -1.241989	            0.000000	           -0.439086	            0.111935	           -0.361707	           -0.235099
            0.600000	         -109.288694	          744.548407	          -70.737134	           -0.410992	            0.000000	           -0.130166	            0.723761	           -4.924460	            0.468290	           -0.211559	           17.194976	            6.270239	           -1.249646	            0.000000	           -0.437841	            0.119407	           -0.349328	           -0.240307
            0.601000	         -108.294564	          740.409122	          -70.334913	           -0.410118	            0.000000	           -0.130131	            0.724005	           -4.943705	            0.470075	           -0.479057	           14.608699	            5.605991	           -1.249646	            0.000000	           -0.437841	            0.124723	           -0.330806	           -0.241566
            0.602000	         -107.308887	          736.199293	          -69.950980	           -0.409239	            0.000000	           -0.130097	            0.724265	           -4.962744	            0.471988	           -0.678021	           12.187381	            4.932550	           -1.249646	            0.000000	           -0.437841	            0.127574	           -0.306987	           -0.238807
            0.603000	         -106.327175	          731.926927	          -69.581767	           -0.408358	            0.000000	           -0.130060	            0.724530	           -4.981721	            0.474021	            0.000000	            0.000000	            0.000000	           -1.190000	            0.000000	           -0.443694	            0.000000	            0.000000	            0.000000
            0.604000	         -105.344886	          727.600705	          -69.223886	           -0.407475	            0.000000	           -0.130016	            0.724779	           -5.000743	            0.476160	            0.000000	            0.000000	            0.000000	           -1.190000	            0.000000	           -0.443694	            0.000000	            0.000000	            0.000000
            0.605000	         -104.357557	          723.229812	          -68.874222	           -0.406588	            0.000000	           -0.129963	            0.724983	           -5.019871	            0.478392	            0.000000	            0.000000	            0.000000	           -1.190000	            0.000000	           -0.443694	            0.000000	            0.000000	            0.000000
            0.606000	         -103.360912	          718.823738	          -68.529985	           -0.405695	            0.000000	           -0.129899	            0.725109	           -5.039119	            0.480696	            0.000000	            0.000000	            0.000000	           -1.190000	            0.000000	           -0.443694	            0.000000	            0.000000	            0.000000
            0.607000	         -102.350963	          714.392054	          -68.188753	           -0.404797	            0.000000	           -0.129822	            0.725115	           -5.058457	            0.483053	            0.000000	            0.000000	            0.000000	           -1.190000	            0.000000	           -0.443694	            0.000000	            0.000000	            0.000000
            0.608000	         -101.324094	          709.944180	          -67.848480	           -0.403896	            0.000000	           -0.129732	            0.724956	           -5.077814	            0.485438	            0.000000	            0.000000	            0.000000	           -1.190000	            0.000000	           -0.443694	            0.000000	            0.000000	            0.000000
            0.609000	         -100.277136	          705.489141	          -67.507490	           -0.402995	            0.000000	           -0.129629	            0.724586	           -5.097076	            0.487826	            0.000000	            0.000000	            0.000000	           -1.190000	            0.000000	           -0.443694	            0.000000	            0.000000	            0.000000
            0.610000	          -99.207426	          701.035341	          -67.164449	           -0.402095	            0.000000	           -0.129516	            0.723953	           -5.116093	            0.490190	            0.000000	            0.000000	            0.000000	           -1.190000	            0.000000	           -0.443694	            0.000000	            0.000000	            0.000000
            0.611000	          -98.112850	          696.590340	          -66.818324	           -0.401197	            0.000000	           -0.129395	            0.723008	           -5.134687	            0.492501	            0.000000	            0.000000	            0.000000	           -1.190000	            0.000000	           -0.443694	            0.000000	            0.000000	            0.000000
            0.612000	          -96.991880	          692.160671	          -66.468334	           -0.400302	            0.000000	           -0.129270	            0.721703	           -5.152650	            0.494731	            0.000000	            0.000000	            0.000000	           -1.190000	            0.000000	           -0.443694	            0.000000	            0.000000	            0.000000
            0.613000	          -95.843596	          687.751690	          -66.113899	           -0.399409	            0.000000	           -0.129149	            0.719992	           -5.169756	            0.496848	            0.000000	            0.000000	            0.000000	           -1.190000	            0.000000	           -0.443694	            0.000000	            0.000000	            0.000000
            0.614000	          -94.667689	          683.367466	          -65.754582	           -0.398520	            0.000000	           -0.129036	            0.717833	           -5.185763	            0.498824	            0.000000	            0.000000	            0.000000	           -1.190000	            0.000000	           -0.443694	            0.000000	            0.000000	            0.000000
            0.615000	          -93.464470	          679.010731	          -65.390043	           -0.397634	            0.000000	           -0.128934	            0.715189	           -5.200418	            0.500627	            0.000000	            0.000000	            0.000000	           -1.190000	            0.000000	           -0.443694	            0.000000	            0.000000	            0.000000
            0.616000	          -92.234843	          674.682871	          -65.019992	           -0.396752	            0.000000	           -0.128841	            0.712031	           -5.213468	            0.502229	            0.000000	            0.000000	            0.000000	           -1.190000	            0.000000	           -0.443694	            0.000000	            0.000000	            0.000000
            0.617000	          -90.980289	          670.383982	          -64.644162	           -0.395872	            0.000000	           -0.128755	            0.708334	           -5.224658	            0.503599	            0.000000	            0.000000	            0.000000	           -1.190000	            0.000000	           -0.443694	            0.000000	            0.000000	            0.000000
            0.618000	          -89.702823	          666.112964	          -64.262282	           -0.394994	            0.000000	           -0.128671	            0.704082	           -5.233742	            0.504711	            0.000000	            0.000000	            0.000000	           -1.190000	            0.000000	           -0.443694	            0.000000	            0.000000	            0.000000
            0.619000	          -88.404942	          661.867668	          -63.874067	           -0.394120	            0.000000	           -0.128588	            0.699266	           -5.240490	            0.505539	            0.000000	            0.000000	            0.000000	           -1.190000	            0.000000	           -0.443694	            0.000000	            0.000000	            0.000000
            0.620000	          -87.089569	          657.645066	          -63.479225	           -0.393252	            0.000000	           -0.128505	            0.693885	           -5.244688	            0.506060	            0.000000	            0.000000	            0.000000	           -1.190000	            0.000000	           -0.443694	            0.000000	            0.000000	            0.000000
            0.621000	          -85.759976	          653.441458	          -63.077461	           -0.392390	            0.000000	           -0.128419	            0.687947	           -5.246150	            0.506253	            0.000000	            0.000000	            0.000000	           -1.190000	            0.000000	           -0.443694	            0.000000	            0.000000	            0.000000
            0.622000	          -84.419707	          649.252683	          -62.668506	           -0.391533	            0.000000	           -0.128330	            0.681467	           -5.244716	            0.506101	            0.000000	            0.000000	            0.000000	           -1.190000	            0.000000	           -0.443694	            0.000000	            0.000000	            0.000000
            0.623000	          -83.072488	          645.074345	          -62.252139	           -0.390677	            0.000000	           -0.128238	            0.674466	           -5.240265	            0.505592	            0.000000	            0.000000	            0.000000	           -1.190000	            0.000000	           -0.443694	            0.000000	            0.000000	            0.000000
            0.624000	          -81.722137	          640.902019	          -61.828222	           -0.389823	            0.000000	           -0.128144	            0.666974	           -5.232710	            0.504717	            0.000000	            0.000000	            0.000000	           -1.190000	            0.000000	           -0.443694	            0.000000	            0.000000	            0.000000
            0.625000	          -80.372468	          636.731452	          -61.396727	           -0.388971	            0.000000	           -0.128050	            0.659026	           -5.222008	            0.503475	            0.000000	            0.000000	            0.000000	           -1.190000	            0.000000	           -0.443694	            0.000000	            0.000000	            0.000000
            0.626000	          -79.027196	          632.558742	          -60.957774	           -0.388123	            0.000000	           -0.127954	            0.650663	           -5.208160	            0.501866	            0.000000	            0.000000	            0.000000	           -1.190000	            0.000000	           -0.443694	            0.000000	            0.000000	            0.000000
            0.627000	          -77.689852	          628.380479	          -60.511651	           -0.387281	            0.000000	           -0.127857	            0.641927	           -5.191208	            0.499901	            0.000000	            0.000000	            0.000000	           -1.190000	            0.000000	           -0.443694	            0.000000	            0.000000	            0.000000
            0.628000	          -76.363694	          624.193871	          -60.058833	           -0.386447	            0.000000	           -0.127760	            0.632869	           -5.171244	            0.497592	            0.000000	            0.000000	            0.000000	           -1.190000	            0.000000	           -0.443694	            0.000000	            0.000000	            0.000000
            0.629000	          -75.051639	          619.996829	          -59.599991	           -0.385618	            0.000000	           -0.127663	            0.623536	           -5.148398	            0.494959	            0.000000	            0.000000	            0.000000	           -1.190000	            0.000000	           -0.443694	            0.000000	            0.000000	            0.000000
            0.630000	          -73.756197	          615.788025	          -59.135994	           -0.384794	            0.000000	           -0.127568	            0.613981	           -5.122844	            0.492027	            0.000000	            0.000000	            0.000000	           -1.190000	            0.000000	           -0.443694	            0.000000	            0.000000	            0.000000
            0.631000	          -72.479428	          611.566926	          -58.667898	           -0.383970	            0.000000	           -0.127473	            0.604253	           -5.094791	            0.488825	            0.000000	            0.000000	            0.000000	           -1.190000	            0.000000	           -0.443694	            0.000000	            0.000000	            0.000000
            0.632000	          -71.222906	          607.333796	          -58.196923	           -0.383145	            0.000000	           -0.127377	            0.594402	           -5.064479	            0.485386	            0.000000	            0.000000	            0.000000	           -1.190000	            0.000000	           -0.443694	            0.000000	            0.000000	            0.000000
            0.633000	          -69.987702	          603.089686	          -57.724428	           -0.382318	            0.000000	           -0.127279	            0.584475	           -5.032172	            0.481747	            0.000000	            0.000000	            0.000000	           -1.190000	            0.000000	           -0.443694	            0.000000	            0.000000	            0.000000
            0.634000	          -68.774388	          598.836400	          -57.251877	           -0.381491	            0.000000	           -0.127181	            0.574516	           -4.998157	            0.477947	            0.000000	            0.000000	            0.000000	           -1.190000	            0.000000	           -0.443694	            0.000000	            0.000000	            0.000000
            0.635000	          -67.583053	          594.576450	          -56.780796	           -0.380667	            0.000000	           -0.127086	            0.564564	           -4.962727	            0.474025	            0.000000	            0.000000	            0.000000	           -1.190000	            0.000000	           -0.443694	            0.000000	            0.000000	            0.000000
            0.636000	          -66.413328	          590.313002	          -56.312740	           -0.379847	            0.000000	           -0.126994	            0.554654	           -4.926183	            0.470021	            0.000000	            0.000000	            0.000000	           -1.190000	            0.000000	           -0.443694	            0.000000	            0.000000	            0.000000
            0.637000	          -65.264440	          586.049813	          -55.849247	           -0.379027	            0.000000	           -0.126905	            0.544817	           -4.888824	            0.465974	            0.000000	            0.000000	            0.000000	           -1.190000	            0.000000	           -0.443694	            0.000000	            0.000000	            0.000000
            0.638000	          -64.135260	          581.791161	          -55.391801	           -0.378201	            0.000000	           -0.126818	            0.535075	           -4.850938	            0.461922	            0.000000	            0.000000	            0.000000	           -1.190000	            0.000000	           -0.443694	            0.000000	            0.000000	            0.000000
            0.639000	          -63.024371	          577.541772	          -54.941802	           -0.377366	            0.000000	           -0.126731	            0.525450	           -4.812803	            0.457899	            0.000000	            0.000000	            0.000000	           -1.190000	            0.000000	           -0.443694	            0.000000	            0.000000	            0.000000
            0.640000	          -61.930139	          573.306741	          -54.500535	           -0.376520	            0.000000	           -0.126641	            0.515953	           -4.774674	            0.453938	            0.000000	            0.000000	            0.000000	           -1.190000	            0.000000	           -0.443694	            0.000000	            0.000000	            0.000000
            0.641000	          -60.850789	          569.091457	          -54.069147	           -0.375671	            0.000000	           -0.126546	            0.506594	           -4.736788	            0.450067	            0.000000	            0.000000	            0.000000	           -1.190000	            0.000000	           -0.443694	            0.000000	            0.000000	            0.000000
            0.642000	          -59.784479	          564.901512	          -53.648631	           -0.374822	            0.000000	           -0.126441	            0.497377	           -4.699352	            0.446310	            0.000000	            0.000000	            0.000000	           -1.190000	            0.000000	           -0.443694	            0.000000	            0.000000	            0.000000
            0.643000	          -58.729373	          560.742623	          -53.239819	           -0.373975	            0.000000	           -0.126322	            0.488302	           -4.662550	            0.442688	            0.000000	            0.000000	            0.000000	           -1.190000	            0.000000	           -0.443694	            0.000000	            0.000000	            0.000000
            0.644000	          -57.683714	          556.620541	          -52.843371	           -0.373129	            0.000000	           -0.126187	            0.479367	           -4.626534	            0.439216	            0.000000	            0.000000	            0.000000	           -1.190000	            0.000000	           -0.443694	            0.000000	            0.000000	            0.000000
            0.645000	          -56.645888	          552.540960	          -52.459781	           -0.372279	            0.000000	           -0.126037	            0.470564	           -4.591427	            0.435905	            0.000000	            0.000000	            0.000000	           -1.190000	            0.000000	           -0.443694	            0.000000	            0.000000	            0.000000
            0.646000	          -55.614474	          548.509428	          -52.089380	           -0.371422	            0.000000	           -0.125874	            0.461886	           -4.557320	            0.432763	            0.000000	            0.000000	            0.000000	           -1.190000	            0.000000	           -0.443694	            0.000000	            0.000000	            0.000000
            0.647000	          -54.588294	          544.531257	          -51.732342	           -0.370558	            0.000000	           -0.125706	            0.453325	           -4.524277	            0.429793	            0.000000	            0.000000	            0.000000	           -1.190000	            0.000000	           -0.443694	            0.000000	            0.000000	            0.000000
            0.648000	          -53.566448	          540.611435	          -51.388699	           -0.369692	            0.000000	           -0.125537	            0.444870	           -4.492330	            0.426995	            0.000000	            0.000000	            0.000000	           -1.190000	            0.000000	           -0.443694	            0.000000	            0.000000	            0.000000
            0.649000	          -52.548332	          536.754544	          -51.058349	           -0.368830	            0.000000	           -0.125373	            0.436510	           -4.461486	            0.424364	            0.000000	            0.000000	            0.000000	           -1.190000	            0.000000	           -0.443694	            0.000000	            0.000000	            0.000000
            0.650000	          -51.533655	          532.964687	          -50.741074	           -0.367979	            0.000000	           -0.125220	            0.428236	           -4.431724	            0.421894	            0.000000	            0.000000	            0.000000	           -1.190000	            0.000000	           -0.443694	            0.000000	            0.000000	            0.000000
            0.651000	          -50.522431	          529.245425	          -50.436554	           -0.367144	            0.000000	           -0.125080	            0.420039	           -4.403003	            0.419575	            0.000000	            0.000000	            0.000000	           -1.190000	            0.000000	           -0.443694	            0.000000	            0.000000	            0.000000
            0.652000	          -49.514969	          525.599729	          -50.144379	           -0.366326	            0.000000	           -0.124955	            0.411911	           -4.375257	            0.417394	            0.000000	            0.000000	            0.000000	           -1.190000	            0.000000	           -0.443694	            0.000000	            0.000000	            0.000000
            0.653000	          -48.511847	          522.029951	          -49.864070	           -0.365526	            0.000000	           -0.124842	            0.403845	           -4.348408	            0.415338	            0.000000	            0.000000	            0.000000	           -1.190000	            0.000000	           -0.443694	            0.000000	            0.000000	            0.000000
            0.654000	          -47.513878	          518.537812	          -49.595088	           -0.364743	            0.000000	           -0.124736	            0.395835	           -4.322362	            0.413393	            0.000000	            0.000000	            0.000000	           -1.190000	            0.000000	           -0.443694	            0.000000	            0.000000	            0.000000
            0.655000	          -46.522067	          515.124406	          -49.336852	           -0.363979	            0.000000	           -0.124629	            0.387879	           -4.297019	            0.411542	            0.000000	            0.000000	            0.000000	           -1.190000	            0.000000	           -0.443694	            0.000000	            0.000000	            0.000000
            0.656000	          -45.537558	          511.790234	          -49.088750	           -0.363236	            0.000000	           -0.124520	            0.379974	           -4.272269	            0.409769	            0.000000	            0.000000	            0.000000	           -1.190000	            0.000000	           -0.443694	            0.000000	            0.000000	            0.000000
            0.657000	          -44.561584	          508.535243	          -48.850156	           -0.362521	            0.000000	           -0.124407	            0.372119	           -4.248006	            0.408060	            0.000000	            0.000000	            0.000000	           -1.190000	            0.000000	           -0.443694	            0.000000	            0.000000	            0.000000
            0.658000	          -43.595410	          505.358896	          -48.620439	           -0.361835	            0.000000	           -0.124293	            0.364317	           -4.224124	            0.406398	            0.000000	            0.000000	            0.000000	           -1.190000	            0.000000	           -0.443694	            0.000000	            0.000000	            0.000000
            0.659000	          -42.640274	          502.260240	          -48.398976	           -0.361173	            0.000000	           -0.124180	            0.356567	           -4.200521	            0.404770	            0.000000	            0.000000	            0.000000	           -1.190000	            0.000000	           -0.443694	            0.000000	            0.000000	            0.000000
            0.660000	          -41.697339	          499.238002	          -48.185162	           -0.360529	            0.000000	           -0.124066	            0.348875	           -4.177106	            0.403163	            0.000000	            0.000000	            0.000000	           -1.190000	            0.000000	           -0.443694	            0.000000	            0.000000	            0.000000
            0.661000	          -40.767642	          496.290675	          -47.978426	           -0.359892	            0.000000	           -0.123949	            0.341242	           -4.153797	            0.401565	            0.000000	            0.000000	            0.000000	           -1.190000	            0.000000	           -0.443694	            0.000000	            0.000000	            0.000000
            0.662000	          -39.852055	          493.416621	          -47.778232	           -0.359257	            0.000000	           -0.123826	            0.333672	           -4.130524	            0.399966	            0.000000	            0.000000	            0.000000	           -1.190000	            0.000000	           -0.443694	            0.000000	            0.000000	            0.000000
            0.663000	          -38.951250	          490.614158	          -47.584099	           -0.358626	            0.000000	           -0.123702	            0.326170	           -4.107230	            0.398357	            0.000000	            0.000000	            0.000000	           -1.190000	            0.000000	           -0.443694	            0.000000	            0.000000	            0.000000
            0.664000	          -38.065682	          487.881654	          -47.395602	           -0.358001	            0.000000	           -0.123580	            0.318738	           -4.083873	            0.396734	            0.000000	            0.000000	            0.000000	           -1.190000	            0.000000	           -0.443694	            0.000000	            0.000000	            0.000000
            0.665000	          -37.195573	          485.217601	          -47.212380	           -0.357386	            0.000000	           -0.123465	            0.311379	           -4.060423	            0.395089	            0.000000	            0.000000	            0.000000	           -1.190000	            0.000000	           -0.443694	            0.000000	            0.000000	            0.000000
            0.666000	          -36.340912	          482.620677	          -47.034145	           -0.356781	            0.000000	           -0.123360	            0.304096	           -4.036860	            0.393421	            0.000000	            0.000000	            0.000000	           -1.190000	            0.000000	           -0.443694	            0.000000	            0.000000	            0.000000
            0.667000	          -35.501464	          480.089794	          -46.860684	           -0.356182	            0.000000	           -0.123261	            0.296889	           -4.013177	            0.391727	            0.000000	            0.000000	            0.000000	           -1.190000	            0.000000	           -0.443694	            0.000000	            0.000000	            0.000000
            0.668000	          -34.676790	          477.624122	          -46.691861	           -0.355587	            0.000000	           -0.123165	            0.289759	           -3.989374	            0.390007	            0.000000	            0.000000	            0.000000	           -1.190000	            0.000000	           -0.443694	            0.000000	            0.000000	            0.000000
            0.669000	          -33.866270	          475.223096	          -46.527615	           -0.354996	            0.000000	           -0.123071	            0.282705	           -3.965460	            0.388260	            0.000000	            0.000000	            0.000000	           -1.190000	            0.000000	           -0.443694	            0.000000	            0.000000	            0.000000
            0.670000	          -33.069143	          472.886401	          -46.367957	           -0.354410	            0.000000	           -0.122978	            0.275725	           -3.941446	            0.386487	            0.000000	            0.000000	            0.000000	           -1.190000	            0.000000	           -0.443694	            0.000000	            0.000000	            0.000000
            0.671000	          -32.284539	          470.613941	          -46.212964	           -0.353830	            0.000000	           -0.122889	            0.268816	           -3.917346	            0.384692	            0.000000	            0.000000	            0.000000	           -1.190000	            0.000000	           -0.443694	            0.000000	            0.000000	            0.000000
            0.672000	          -31.511522	          468.405794	          -46.062766	           -0.353252	            0.000000	           -0.122805	            0.261976	           -3.893174	            0.382874	            0.000000	            0.000000	            0.000000	           -1.190000	            0.000000	           -0.443694	            0.000000	            0.000000	            0.000000
            0.673000	          -30.749135	          466.262147	          -45.917533	           -0.352670	            0.000000	           -0.122727	            0.255201	           -3.868945	            0.381037	            0.000000	            0.000000	            0.000000	           -1.190000	            0.000000	           -0.443694	            0.000000	            0.000000	            0.000000
            0.674000	          -29.996432	          464.183238	          -45.777455	           -0.352079	            0.000000	           -0.122655	            0.248487	           -3.844673	            0.379183	            0.000000	            0.000000	            0.000000	           -1.190000	            0.000000	           -0.443694	            0.000000	            0.000000	            0.000000
            0.675000	          -29.252521	          462.169282	          -45.642725	           -0.351479	            0.000000	           -0.122589	            0.241830	           -3.820369	            0.377314	            0.000000	            0.000000	            0.000000	           -1.190000	            0.000000	           -0.443694	            0.000000	            0.000000	            0.000000
            0.676000	          -28.516592	          460.220410	          -45.513511	           -0.350879	            0.000000	           -0.122532	            0.235227	           -3.796044	            0.375432	            0.000000	            0.000000	            0.000000	           -1.190000	            0.000000	           -0.443694	            0.000000	            0.000000	            0.000000
            0.677000	          -27.787946	          458.336605	          -45.389933	           -0.350292	            0.000000	           -0.122487	            0.228675	           -3.771710	            0.373539	            0.000000	            0.000000	            0.000000	           -1.190000	            0.000000	           -0.443694	            0.000000	            0.000000	            0.000000
            0.678000	          -27.066007	          456.517655	          -45.272038	           -0.349731	            0.000000	           -0.122452	            0.222174	           -3.747375	            0.371635	            0.000000	            0.000000	            0.000000	           -1.190000	            0.000000	           -0.443694	            0.000000	            0.000000	            0.000000
            0.679000	          -26.350344	          454.763113	          -45.159773	           -0.349204	            0.000000	           -0.122425	            0.215721	           -3.723051	            0.369723	            0.000000	            0.000000	            0.000000	           -1.190000	            0.000000	           -0.443694	            0.000000	            0.000000	            0.000000
            0.680000	          -25.640664	          453.072273	          -45.052964	           -0.348713	            0.000000	           -0.122398	            0.209317	           -3.698751	            0.367801	            0.000000	            0.000000	            0.000000	           -1.190000	            0.000000	           -0.443694	            0.000000	            0.000000	            0.000000
            0.681000	          -24.936820	          451.444159	          -44.951299	           -0.348253	            0.000000	           -0.122365	            0.202964	           -3.674486	            0.365871	            0.000000	            0.000000	            0.000000	           -1.190000	            0.000000	           -0.443694	            0.000000	            0.000000	            0.000000
            0.682000	          -24.238792	          449.877522	          -44.854319	           -0.347819	            0.000000	           -0.122323	            0.196665	           -3.650273	            0.363930	            0.000000	            0.000000	            0.000000	           -1.190000	            0.000000	           -0.443694	            0.000000	            0.000000	            0.000000
            0.683000	          -23.546683	          448.370857	          -44.761405	           -0.347407	            0.000000	           -0.122271	            0.190423	           -3.626124	            0.361977	            0.000000	            0.000000	            0.000000	           -1.190000	            0.000000	           -0.443694	            0.000000	            0.000000	            0.000000
            0.684000	          -22.860692	          446.922427	          -44.671793	           -0.347016	            0.000000	           -0.122214	            0.184242	           -3.602058	            0.360008	            0.000000	            0.000000	            0.000000	           -1.190000	            0.000000	           -0.443694	            0.000000	            0.000000	            0.000000
            0.685000	          -22.181096	          445.530286	          -44.584572	           -0.346643	            0.000000	           -0.122159	            0.178127	           -3.578088	            0.358021	            0.000000	            0.000000	            0.000000	           -1.190000	            0.000000	           -0.443694	            0.000000	            0.000000	            0.000000
            0.686000	          -21.508226	          444.192322	          -44.498713	           -0.346283	            0.000000	           -0.122109	            0.172084	           -3.554231	            0.356010	            0.000000	            0.000000	            0.000000	           -1.190000	            0.000000	           -0.443694	            0.000000	            0.000000	            0.000000
            0.687000	          -20.842440	          442.906291	          -44.413088	           -0.345933	            0.000000	           -0.122063	            0.166119	           -3.530498	            0.353971	            0.000000	            0.000000	            0.000000	           -1.190000	            0.000000	           -0.443694	            0.000000	            0.000000	            0.000000
            0.688000	          -20.184105	          441.669863	          -44.326507	           -0.345589	            0.000000	           -0.122018	            0.160237	           -3.506901	            0.351898	            0.000000	            0.000000	            0.000000	           -1.190000	            0.000000	           -0.443694	            0.000000	            0.000000	            0.000000
            0.689000	          -19.533573	          440.480654	          -44.237747	           -0.345252	            0.000000	           -0.121970	            0.154444	           -3.483447	            0.349784	            0.000000	            0.000000	            0.000000	           -1.190000	            0.000000	           -0.443694	            0.000000	            0.000000	            0.000000
            0.690000	          -18.891161	          439.336273	          -44.145597	           -0.344921	            0.000000	           -0.121914	            0.148743	           -3.460139	            0.347623	            0.000000	            0.000000	            0.000000	           -1.190000	            0.000000	           -0.443694	            0.000000	            0.000000	            0.000000
            0.691000	          -18.257142	          438.234350	          -44.048893	           -0.344594	            0.000000	           -0.121851	            0.143140	           -3.436978	            0.345408	            0.000000	            0.000000	            0.000000	           -1.190000	            0.000000	           -0.443694	            0.000000	            0.000000	            0.000000
            0.692000	          -17.631733	          437.172573	          -43.946557	           -0.344264	            0.000000	           -0.121785	            0.137637	           -3.413955	            0.343134	            0.000000	            0.000000	            0.000000	           -1.190000	            0.000000	           -0.443694	            0.000000	            0.000000	            0.000000
            0.693000	          -17.015087	          436.148711	          -43.837629	           -0.343923	            0.000000	           -0.121724	            0.132238	           -3.391062	            0.340794	            0.000000	            0.000000	            0.000000	           -1.190000	            0.000000	           -0.443694	            0.000000	            0.000000	            0.000000
            0.694000	          -16.407294	          435.160637	          -43.721302	           -0.343567	            0.000000	           -0.121676	            0.126943	           -3.368282	            0.338383	            0.000000	            0.000000	            0.000000	           -1.190000	            0.000000	           -0.443694	            0.000000	            0.000000	            0.000000
            0.695000	          -15.808378	          434.206345	          -43.596942	           -0.343189	            0.000000	           -0.121647	            0.121754	           -3.345597	            0.335896	            0.000000	            0.000000	            0.000000	           -1.190000	            0.000000	           -0.443694	            0.000000	            0.000000	            0.000000
            0.696000	          -15.218308	          433.283968	          -43.464106	           -0.342793	            0.000000	           -0.121629	            0.116671	           -3.322985	            0.333331	            0.000000	            0.000000	            0.000000	           -1.190000	            0.000000	           -0.443694	            0.000000	            0.000000	            0.000000
            0.697000	          -14.636995	          432.391776	          -43.322558	           -0.342384	            0.000000	           -0.121613	            0.111692	           -3.300424	            0.330685	            0.000000	            0.000000	            0.000000	           -1.190000	            0.000000	           -0.443694	            0.000000	            0.000000	            0.000000
            0.698000	          -14.064310	          431.528190	          -43.172265	           -0.341974	            0.000000	           -0.121590	            0.106816	           -3.277895	            0.327959	            0.000000	            0.000000	            0.000000	           -1.190000	            0.000000	           -0.443694	            0.000000	            0.000000	            0.000000
            0.699000	          -13.500083	          430.691773	          -43.013397	           -0.341574	            0.000000	           -0.121555	            0.102042	           -3.255381	            0.325154	            0.000000	            0.000000	            0.000000	           -1.190000	            0.000000	           -0.443694	            0.000000	            0.000000	            0.000000
            0.700000	          -12.944121	          429.881231	          -42.846316	           -0.341195	            0.000000	           -0.121511	            0.097367	           -3.232873	            0.322274	            0.000000	            0.000000	            0.000000	           -1.190000	            0.000000	           -0.443694	            0.000000	            0.000000	            0.000000
            0.701000	          -12.396212	          429.095402	          -42.671558	           -0.340845	            0.000000	           -0.121463	            0.092788	           -3.210370	            0.319323	            0.000000	            0.000000	            0.000000	           -1.190000	            0.000000	           -0.443694	            0.000000	            0.000000	            0.000000
            0.702000	          -11.856133	          428.333246	          -42.489812	           -0.340525	            0.000000	           -0.121420	            0.088304	           -3.187879	            0.316309	            0.000000	            0.000000	            0.000000	           -1.190000	            0.000000	           -0.443694	            0.000000	            0.000000	            0.000000
            0.703000	          -11.323663	          427.593833	          -42.301891	           -0.340232	            0.000000	           -0.121386	            0.083911	           -3.165420	            0.313241	            0.000000	            0.000000	            0.000000	           -1.190000	            0.000000	           -0.443694	            0.000000	            0.000000	            0.000000
            0.704000	          -10.798582	          426.876332	          -42.108705	           -0.339962	            0.000000	           -0.121360	            0.079607	           -3.143023	            0.310131	            0.000000	            0.000000	            0.000000	           -1.190000	            0.000000	           -0.443694	            0.000000	            0.000000	            0.000000
            0.705000	          -10.280681	          426.179998	          -41.911226	           -0.339708	            0.000000	           -0.121338	            0.075391	           -3.120726	            0.306990	            0.000000	            0.000000	            0.000000	           -1.190000	            0.000000	           -0.443694	            0.000000	            0.000000	            0.000000
            0.706000	           -9.769764	          425.504163	          -41.710458	           -0.339468	            0.000000	           -0.121321	            0.071260	           -3.098577	            0.303832	            0.000000	            0.000000	            0.000000	           -1.190000	            0.000000	           -0.443694	            0.000000	            0.000000	            0.000000
            0.707000	           -9.265651	          424.848227	          -41.507403	           -0.339234	            0.000000	           -0.121308	            0.067214	           -3.076629	            0.300669	            0.000000	            0.000000	            0.000000	           -1.190000	            0.000000	           -0.443694	            0.000000	            0.000000	            0.000000
            0.708000	           -8.768176	          424.211657	          -41.303030	           -0.339002	            0.000000	           -0.121301	            0.063250	           -3.054934	            0.297515	            0.000000	            0.000000	            0.000000	           -1.190000	            0.000000	           -0.443694	            0.000000	            0.000000	            0.000000
            0.709000	           -8.277188	          423.593986	          -41.098250	           -0.338767	            0.000000	           -0.121300	            0.059369	           -3.033546	            0.294383	            0.000000	            0.000000	            0.000000	           -1.190000	            0.000000	           -0.443694	            0.000000	            0.000000	            0.000000
            0.710000	           -7.792546	          422.994808	          -40.893887	           -0.338522	            0.000000	           -0.121303	            0.055569	           -3.012511	            0.291283	            0.000000	            0.000000	            0.000000	           -1.190000	            0.000000	           -0.443694	            0.000000	            0.000000	            0.000000
            0.711000	           -7.314122	          422.413791	          -40.690659	           -0.338265	            0.000000	           -0.121305	            0.051850	           -2.991867	            0.288227	            0.000000	            0.000000	            0.000000	           -1.190000	            0.000000	           -0.443694	            0.000000	            0.000000	            0.000000
            0.712000	           -6.841787	          421.850674	          -40.489167	           -0.337990	            0.000000	           -0.121299	            0.048211	           -2.971637	            0.285220	            0.000000	            0.000000	            0.000000	           -1.190000	            0.000000	           -0.443694	            0.000000	            0.000000	            0.000000
            0.713000	           -6.375415	          421.305275	          -40.289880	           -0.337695	            0.000000	           -0.121283	            0.044651	           -2.951832	            0.282268	            0.000000	            0.000000	            0.000000	           -1.190000	            0.000000	           -0.443694	            0.000000	            0.000000	            0.000000
            0.714000	           -5.914870	          420.777496	          -40.093132	           -0.337383	            0.000000	           -0.121262	            0.041170	           -2.932444	            0.279373	            0.000000	            0.000000	            0.000000	           -1.190000	            0.000000	           -0.443694	            0.000000	            0.000000	            0.000000
            0.715000	           -5.460006	          420.267324	          -39.899129	           -0.337067	            0.000000	           -0.121246	            0.037766	           -2.913451	            0.276536	            0.000000	            0.000000	            0.000000	           -1.190000	            0.000000	           -0.443694	            0.000000	            0.000000	            0.000000
            0.716000	           -5.010654	          419.774830	          -39.707947	           -0.336760	            0.000000	           -0.121247	            0.034438	           -2.894813	            0.273754	            0.000000	            0.000000	            0.000000	           -1.190000	            0.000000	           -0.443694	            0.000000	            0.000000	            0.000000
            0.717000	           -4.566624	          419.300170	          -39.519554	           -0.336474	            0.000000	           -0.121267	            0.031185	           -2.876476	            0.271021	            0.000000	            0.000000	            0.000000	           -1.190000	            0.000000	           -0.443694	            0.000000	            0.000000	            0.000000
            0.718000	           -4.127694	          418.843575	          -39.333819	           -0.336211	            0.000000	           -0.121304	            0.028006	           -2.858378	            0.268332	            0.000000	            0.000000	            0.000000	           -1.190000	            0.000000	           -0.443694	            0.000000	            0.000000	            0.000000
            0.719000	           -3.693609	          418.405341	          -39.150537	           -0.335968	            0.000000	           -0.121346	            0.024898	           -2.840445	            0.265677	            0.000000	            0.000000	            0.000000	           -1.190000	            0.000000	           -0.443694	            0.000000	            0.000000	            0.000000
            0.720000	           -3.264076	          417.985817	          -38.969447	           -0.335740	            0.000000	           -0.121380	            0.021858	           -2.822604	            0.263049	            0.000000	            0.000000	            0.000000	           -1.190000	            0.000000	           -0.443694	            0.000000	            0.000000	            0.000000
            0.721000	           -2.838765	          417.585389	          -38.790262	           -0.335520	            0.000000	           -0.121398	            0.018886	           -2.804781	            0.260439	            0.000000	            0.000000	            0.000000	           -1.190000	            0.000000	           -0.443694	            0.000000	            0.000000	            0.000000
            0.722000	           -2.417301	          417.204459	          -38.612686	           -0.335301	            0.000000	           -0.121396	            0.015977	           -2.786909	            0.257837	            0.000000	            0.000000	            0.000000	           -1.190000	            0.000000	           -0.443694	            0.000000	            0.000000	            0.000000
            0.723000	           -1.999275	          416.843423	          -38.436443	           -0.335080	            0.000000	           -0.121379	            0.013129	           -2.768929	            0.255238	            0.000000	            0.000000	            0.000000	           -1.190000	            0.000000	           -0.443694	            0.000000	            0.000000	            0.000000
            0.724000	           -1.584237	          416.502650	          -38.261291	           -0.334855	            0.000000	           -0.121352	            0.010338	           -2.750796	            0.252633	            0.000000	            0.000000	            0.000000	           -1.190000	            0.000000	           -0.443694	            0.000000	            0.000000	            0.000000
            0.725000	           -1.171703	          416.182464	          -38.087049	           -0.334625	            0.000000	           -0.121324	            0.007602	           -2.732481	            0.250019	            0.000000	            0.000000	            0.000000	           -1.190000	            0.000000	           -0.443694	            0.000000	            0.000000	            0.000000
            0.726000	           -0.761160	          415.883118	          -37.913604	           -0.334387	            0.000000	           -0.121298	            0.004915	           -2.713969	            0.247394	            0.000000	            0.000000	            0.000000	           -1.190000	            0.000000	           -0.443694	            0.000000	            0.000000	            0.000000
            0.727000	           -0.352072	          415.604779	          -37.740923	           -0.334143	            0.000000	           -0.121277	            0.002274	           -2.695267	            0.244757	            0.000000	            0.000000	            0.000000	           -1.190000	            0.000000	           -0.443694	            0.000000	            0.000000	            0.000000
            0.728000	            0.056113	          415.347513	          -37.569061	           -0.333890	            0.000000	           -0.121260	           -0.000325	           -2.676399	            0.242110	            0.000000	            0.000000	            0.000000	           -1.190000	            0.000000	           -0.443694	            0.000000	            0.000000	            0.000000
            0.729000	            0.463952	          415.111276	          -37.398160	           -0.333631	            0.000000	           -0.121245	           -0.002888	           -2.657404	            0.239458	            0.000000	            0.000000	            0.000000	           -1.190000	            0.000000	           -0.443694	            0.000000	            0.000000	            0.000000
            0.730000	            0.871998	          414.895908	          -37.228451	           -0.333364	            0.000000	           -0.121230	           -0.005418	           -2.638342	            0.236806	            0.000000	            0.000000	            0.000000	           -1.190000	            0.000000	           -0.443694	            0.000000	            0.000000	            0.000000
            0.731000	            1.280790	          414.701131	          -37.060239	           -0.333093	            0.000000	           -0.121216	           -0.007920	           -2.619287	            0.234162	            0.000000	            0.000000	            0.000000	           -1.190000	            0.000000	           -0.443694	            0.000000	            0.000000	            0.000000
            0.732000	            1.690836	          414.526554	          -36.893901	           -0.332818	            0.000000	           -0.121204	           -0.010401	           -2.600325	            0.231537	            0.000000	            0.000000	            0.000000	           -1.190000	            0.000000	           -0.443694	            0.000000	            0.000000	            0.000000
            0.733000	            2.102607	          414.371682	          -36.729870	           -0.332541	            0.000000	           -0.121196	           -0.012864	           -2.581557	            0.228941	            0.000000	            0.000000	            0.000000	           -1.190000	            0.000000	           -0.443694	            0.000000	            0.000000	            0.000000
            0.734000	            2.516521	          414.235934	          -36.568614	           -0.332265	            0.000000	           -0.121194	           -0.015314	           -2.563091	            0.226387	            0.000000	            0.000000	            0.000000	           -1.190000	            0.000000	           -0.443694	            0.000000	            0.000000	            0.000000
            0.735000	            2.932934	          414.118658	          -36.410626	           -0.331994	            0.000000	           -0.121196	           -0.017757	           -2.545043	            0.223887	            0.000000	            0.000000	            0.000000	           -1.190000	            0.000000	           -0.443694	            0.000000	            0.000000	            0.000000
            0.736000	            3.352126	          414.019161	          -36.256401	           -0.331733	            0.000000	           -0.121204	           -0.020196	           -2.527530	            0.221455	            0.000000	            0.000000	            0.000000	           -1.190000	            0.000000	           -0.443694	            0.000000	            0.000000	            0.000000
            0.737000	            3.774296	          413.936734	          -36.106420	           -0.331490	            0.000000	           -0.121219	           -0.022636	           -2.510671	            0.219104	            0.000000	            0.000000	            0.000000	           -1.190000	            0.000000	           -0.443694	            0.000000	            0.000000	            0.000000
            0.738000	            4.199548	          413.870688	          -35.961128	           -0.331268	            0.000000	           -0.121243	           -0.025079	           -2.494577	            0.216846	            0.000000	            0.000000	            0.000000	           -1.190000	            0.000000	           -0.443694	            0.000000	            0.000000	            0.000000
            0.739000	            4.627892	          413.820389	          -35.820923	           -0.331073	            0.000000	           -0.121272	           -0.027529	           -2.479351	            0.214692	            0.000000	            0.000000	            0.000000	           -1.190000	            0.000000	           -0.443694	            0.000000	            0.000000	            0.000000
            0.740000	            5.059228	          413.785287	          -35.686137	           -0.330905	            0.000000	           -0.121302	           -0.029987	           -2.465078	            0.212651	            0.000000	            0.000000	            0.000000	           -1.190000	            0.000000	           -0.443694	            0.000000	            0.000000	            0.000000
            0.741000	            5.493352	          413.764958	          -35.557028	           -0.330762	            0.000000	           -0.121326	           -0.032453	           -2.451824	            0.210730	            0.000000	            0.000000	            0.000000	           -1.190000	            0.000000	           -0.443694	            0.000000	            0.000000	            0.000000
            0.742000	            5.929948	          413.759123	          -35.433767	           -0.330631	            0.000000	           -0.121339	           -0.034927	           -2.439627	            0.208934	            0.000000	            0.000000	            0.000000	           -1.190000	            0.000000	           -0.443694	            0.000000	            0.000000	            0.000000
            0.743000	            6.368592	          413.767680	          -35.316436	           -0.330500	            0.000000	           -0.121339	           -0.037406	           -2.428496	            0.207264	            0.000000	            0.000000	            0.000000	           -1.190000	            0.000000	           -0.443694	            0.000000	            0.000000	            0.000000
            0.744000	            6.808752	          413.790707	          -35.205024	           -0.330356	            0.000000	           -0.121327	           -0.039887	           -2.418403	            0.205716	            0.000000	            0.000000	            0.000000	           -1.190000	            0.000000	           -0.443694	            0.000000	            0.000000	            0.000000
            0.745000	            7.249792	          413.828471	          -35.099429	           -0.330193	            0.000000	           -0.121304	           -0.042366	           -2.409285	            0.204286	            0.000000	            0.000000	            0.000000	           -1.190000	            0.000000	           -0.443694	            0.000000	            0.000000	            0.000000
            0.746000	            7.690984	          413.881415	          -34.999461	           -0.330008	            0.000000	           -0.121271	           -0.044834	           -2.401041	            0.202962	            0.000000	            0.000000	            0.000000	           -1.190000	            0.000000	           -0.443694	            0.000000	            0.000000	            0.000000
            0.747000	            8.131516	          413.950136	          -34.904854	           -0.329808	            0.000000	           -0.121232	           -0.047285	           -2.393535	            0.201731	            0.000000	            0.000000	            0.000000	           -1.190000	            0.000000	           -0.443694	            0.000000	            0.000000	            0.000000
            0.748000	            8.570507	          414.035352	          -34.815276	           -0.329600	            0.000000	           -0.121193	           -0.049709	           -2.386598	            0.200578	            0.000000	            0.000000	            0.000000	           -1.190000	            0.000000	           -0.443694	            0.000000	            0.000000	            0.000000
            0.749000	            9.007026	          414.137862	          -34.730341	           -0.329392	            0.000000	           -0.121162	           -0.052097	           -2.380034	            0.199482	            0.000000	            0.000000	            0.000000	           -1.190000	            0.000000	           -0.443694	            0.000000	            0.000000	            0.000000
            0.750000	            9.440112	          414.258487	          -34.649630	           -0.329194	            0.000000	           -0.121143	           -0.054436	           -2.373626	            0.198423	            0.000000	            0.000000	            0.000000	           -1.190000	            0.000000	           -0.443694	            0.000000	            0.000000	            0.000000
            0.751000	            9.868796	          414.398024	          -34.572704	           -0.329012	            0.000000	           -0.121137	           -0.056716	           -2.367147	            0.197378	            0.000000	            0.000000	            0.000000	           -1.190000	            0.000000	           -0.443694	            0.000000	            0.000000	            0.000000
            0.752000	           10.292132	          414.557181	          -34.499125	           -0.328845	            0.000000	           -0.121142	           -0.058925	           -2.360367	            0.196327	            0.000000	            0.000000	            0.000000	           -1.190000	            0.000000	           -0.443694	            0.000000	            0.000000	            0.000000
            0.753000	           10.709219	          414.736521	          -34.428476	           -0.328691	            0.000000	           -0.121156	           -0.061053	           -2.353063	            0.195246	            0.000000	            0.000000	            0.000000	           -1.190000	            0.000000	           -0.443694	            0.000000	            0.000000	            0.000000
            0.754000	           11.119233	          414.936415	          -34.360373	           -0.328539	            0.000000	           -0.121178	           -0.063089	           -2.345032	            0.194118	            0.000000	            0.000000	            0.000000	           -1.190000	            0.000000	           -0.443694	            0.000000	            0.000000	            0.000000
            0.755000	           11.521451	          415.156987	          -34.294488	           -0.328384	            0.000000	           -0.121207	           -0.065025	           -2.336097	            0.192925	            0.000000	            0.000000	            0.000000	           -1.190000	            0.000000	           -0.443694	            0.000000	            0.000000	            0.000000
            0.756000	           11.915279	          415.398083	          -34.230554	           -0.328221	            0.000000	           -0.121242	           -0.066854	           -2.326116	            0.191653	            0.000000	            0.000000	            0.000000	           -1.190000	            0.000000	           -0.443694	            0.000000	            0.000000	            0.000000
            0.757000	           12.300274	          415.659243	          -34.168383	           -0.328050	            0.000000	           -0.121279	           -0.068571	           -2.314993	            0.190294	            0.000000	            0.000000	            0.000000	           -1.190000	            0.000000	           -0.443694	            0.000000	            0.000000	            0.000000
            0.758000	           12.676162	          415.939680	          -34.107866	           -0.327875	            0.000000	           -0.121317	           -0.070174	           -2.302679	            0.188843	            0.000000	            0.000000	            0.000000	           -1.190000	            0.000000	           -0.443694	            0.000000	            0.000000	            0.000000
            0.759000	           13.042848	          416.238284	          -34.048981	           -0.327697	            0.000000	           -0.121353	           -0.071664	           -2.289176	            0.187300	            0.000000	            0.000000	            0.000000	           -1.190000	            0.000000	           -0.443694	            0.000000	            0.000000	            0.000000
            0.760000	           13.400429	          416.553630	          -33.991789	           -0.327522	            0.000000	           -0.121389	           -0.073044	           -2.274542	            0.185671	            0.000000	            0.000000	            0.000000	           -1.190000	            0.000000	           -0.443694	            0.000000	            0.000000	            0.000000
            0.761000	           13.749189	          416.884000	          -33.936429	           -0.327352	            0.000000	           -0.121423	           -0.074319	           -2.258886	            0.183966	            0.000000	            0.000000	            0.000000	           -1.190000	            0.000000	           -0.443694	            0.000000	            0.000000	            0.000000
            0.762000	           14.089597	          417.227427	          -33.883106	           -0.327189	            0.000000	           -0.121455	           -0.075499	           -2.242366	            0.182198	            0.000000	            0.000000	            0.000000	           -1.190000	            0.000000	           -0.443694	            0.000000	            0.000000	            0.000000
            0.763000	           14.422290	          417.581744	          -33.832082	           -0.327032	            0.000000	           -0.121484	           -0.076595	           -2.225183	            0.180387	            0.000000	            0.000000	            0.000000	           -1.190000	            0.000000	           -0.443694	            0.000000	            0.000000	            0.000000
            0.764000	           14.748055	          417.944647	          -33.783654	           -0.326886	            0.000000	           -0.121508	           -0.077619	           -2.207572	            0.178555	            0.000000	            0.000000	            0.000000	           -1.190000	            0.000000	           -0.443694	            0.000000	            0.000000	            0.000000
            0.765000	           15.067809	          418.313770	          -33.738136	           -0.326751	            0.000000	           -0.121526	           -0.078588	           -2.189798	            0.176724	            0.000000	            0.000000	            0.000000	           -1.190000	            0.000000	           -0.443694	            0.000000	            0.000000	            0.000000
            0.766000	           15.382562	          418.686768	          -33.695838	           -0.326627	            0.000000	           -0.121538	           -0.079518	           -2.172139	            0.174919	            0.000000	            0.000000	            0.000000	           -1.190000	            0.000000	           -0.443694	            0.000000	            0.000000	            0.000000
            0.767000	           15.693396	          419.061407	          -33.657045	           -0.326510	            0.000000	           -0.121548	           -0.080425	           -2.154879	            0.173167	            0.000000	            0.000000	            0.000000	           -1.190000	            0.000000	           -0.443694	            0.000000	            0.000000	            0.000000
            0.768000	           16.001423	          419.435653	          -33.621992	           -0.326400	            0.000000	           -0.121560	           -0.081328	           -2.138297	            0.171492	            0.000000	            0.000000	            0.000000	           -1.190000	            0.000000	           -0.443694	            0.000000	            0.000000	            0.000000
            0.769000	           16.307756	          419.807762	          -33.590848	           -0.326297	            0.000000	           -0.121578	           -0.082241	           -2.122657	            0.169915	            0.000000	            0.000000	            0.000000	           -1.190000	            0.000000	           -0.443694	            0.000000	            0.000000	            0.000000
            0.770000	           16.613479	          420.176371	          -33.563700	           -0.326204	            0.000000	           -0.121606	           -0.083183	           -2.108195	            0.168457	            0.000000	            0.000000	            0.000000	           -1.190000	            0.000000	           -0.443694	            0.000000	            0.000000	            0.000000
            0.771000	           16.919609	          420.540571	          -33.540539	           -0.326120	            0.000000	           -0.121643	           -0.084165	           -2.095113	            0.167135	            0.000000	            0.000000	            0.000000	           -1.190000	            0.000000	           -0.443694	            0.000000	            0.000000	            0.000000
            0.772000	           17.227081	          420.899982	          -33.521255	           -0.326034	            0.000000	           -0.121684	           -0.085202	           -2.083575	            0.165961	            0.000000	            0.000000	            0.000000	           -1.190000	            0.000000	           -0.443694	            0.000000	            0.000000	            0.000000
            0.773000	           17.536714	          421.254799	          -33.505635	           -0.325939	            0.000000	           -0.121726	           -0.086302	           -2.073698	            0.164943	            0.000000	            0.000000	            0.000000	           -1.190000	            0.000000	           -0.443694	            0.000000	            0.000000	            0.000000
            0.774000	           17.849202	          421.605831	          -33.493367	           -0.325830	            0.000000	           -0.121763	           -0.087474	           -2.065550	            0.164085	            0.000000	            0.000000	            0.000000	           -1.190000	            0.000000	           -0.443694	            0.000000	            0.000000	            0.000000
            0.775000	           18.165099	          421.954518	          -33.484048	           -0.325709	            0.000000	           -0.121793	           -0.088722	           -2.059153	            0.163384	            0.000000	            0.000000	            0.000000	           -1.190000	            0.000000	           -0.443694	            0.000000	            0.000000	            0.000000
            0.776000	           18.484810	          422.302924	          -33.477200	           -0.325582	            0.000000	           -0.121816	           -0.090048	           -2.054478	            0.162836	            0.000000	            0.000000	            0.000000	           -1.190000	            0.000000	           -0.443694	            0.000000	            0.000000	            0.000000
            0.777000	           18.808598	          422.653709	          -33.472287	           -0.325456	            0.000000	           -0.121835	           -0.091451	           -2.051455	            0.162431	            0.000000	            0.000000	            0.000000	           -1.190000	            0.000000	           -0.443694	            0.000000	            0.000000	            0.000000
            0.778000	           19.136583	          423.010087	          -33.468734	           -0.325334	            0.000000	           -0.121852	           -0.092930	           -2.049974	            0.162155	            0.000000	            0.000000	            0.000000	           -1.190000	            0.000000	           -0.443694	            0.000000	            0.000000	            0.000000
            0.779000	           19.468754	          423.375751	          -33.465949	           -0.325214	            0.000000	           -0.121870	           -0.094477	           -2.049894	            0.161992	            0.000000	            0.000000	            0.000000	           -1.190000	            0.000000	           -0.443694	            0.000000	            0.000000	            0.000000
            0.780000	           19.804985	          423.754796	          -33.463349	           -0.325088	            0.000000	           -0.121889	           -0.096088	           -2.051045	            0.161925	            0.000000	            0.000000	            0.000000	           -1.190000	            0.000000	           -0.443694	            0.000000	            0.000000	            0.000000
            0.781000	           20.145052	          424.151614	          -33.460376	           -0.324950	            0.000000	           -0.121909	           -0.097752	           -2.053241	            0.161933	            0.000000	            0.000000	            0.000000	           -1.190000	            0.000000	           -0.443694	            0.000000	            0.000000	            0.000000
            0.782000	           20.488652	          424.570788	          -33.456521	           -0.324798	            0.000000	           -0.121934	           -0.099461	           -2.056285	            0.161996	            0.000000	            0.000000	            0.000000	           -1.190000	            0.000000	           -0.443694	            0.000000	            0.000000	            0.000000
            0.783000	           20.835426	          425.016971	          -33.451337	           -0.324636	            0.000000	           -0.121960	           -0.101203	           -2.059976	            0.162094	            0.000000	            0.000000	            0.000000	           -1.190000	            0.000000	           -0.443694	            0.000000	            0.000000	            0.000000
            0.784000	           21.184979	          425.494769	          -33.444451	           -0.324467	            0.000000	           -0.121985	           -0.102968	           -2.064115	            0.162207	            0.000000	            0.000000	            0.000000	           -1.190000	            0.000000	           -0.443694	            0.000000	            0.000000	            0.000000
            0.785000	           21.536901	          426.008619	          -33.435577	           -0.324297	            0.000000	           -0.122005	           -0.104746	           -2.068511	            0.162318	            0.000000	            0.000000	            0.000000	           -1.190000	            0.000000	           -0.443694	            0.000000	            0.000000	            0.000000
            0.786000	           21.890787	          426.562678	          -33.424515	           -0.324131	            0.000000	           -0.122016	           -0.106525	           -2.072989	            0.162408	            0.000000	            0.000000	            0.000000	           -1.190000	            0.000000	           -0.443694	            0.000000	            0.000000	            0.000000
            0.787000	           22.246252	          427.160719	          -33.411160	           -0.323975	            0.000000	           -0.122020	           -0.108297	           -2.077387	            0.162465	            0.000000	            0.000000	            0.000000	           -1.190000	            0.000000	           -0.443694	            0.000000	            0.000000	            0.000000
            0.788000	           22.602946	          427.806041	          -33.395489	           -0.323833	            0.000000	           -0.122018	           -0.110051	           -2.081563	            0.162474	            0.000000	            0.000000	            0.000000	           -1.190000	            0.000000	           -0.443694	            0.000000	            0.000000	            0.000000
            0.789000	           22.960558	          428.501398	          -33.377566	           -0.323708	            0.000000	           -0.122016	           -0.111780	           -2.085396	            0.162427	            0.000000	            0.000000	            0.000000	           -1.190000	            0.000000	           -0.443694	            0.000000	            0.000000	            0.000000
            0.790000	           23.318830	          429.248944	          -33.357527	           -0.323599	            0.000000	           -0.122022	           -0.113476	           -2.088786	            0.162315	            0.000000	            0.000000	            0.000000	           -1.190000	            0.000000	           -0.443694	            0.000000	            0.000000	            0.000000
            0.791000	           23.677551	          430.050202	          -33.335574	           -0.323508	            0.000000	           -0.122041	           -0.115133	           -2.091654	            0.162134	            0.000000	            0.000000	            0.000000	           -1.190000	            0.000000	           -0.443694	            0.000000	            0.000000	            0.000000
            0.792000	           24.036559	          430.906057	          -33.311962	           -0.323431	            0.000000	           -0.122073	           -0.116747	           -2.093940	            0.161879	            0.000000	            0.000000	            0.000000	           -1.190000	            0.000000	           -0.443694	            0.000000	            0.000000	            0.000000
            0.793000	           24.395735	          431.816765	          -33.286986	           -0.323364	            0.000000	           -0.122117	           -0.118313	           -2.095602	            0.161549	            0.000000	            0.000000	            0.000000	           -1.190000	            0.000000	           -0.443694	            0.000000	            0.000000	            0.000000
            0.794000	           24.754994	          432.781992	          -33.260972	           -0.323301	            0.000000	           -0.122173	           -0.119828	           -2.096617	            0.161145	            0.000000	            0.000000	            0.000000	           -1.190000	            0.000000	           -0.443694	            0.000000	            0.000000	            0.000000
            0.795000	           25.114277	          433.800861	          -33.234257	           -0.323238	            0.000000	           -0.122235	           -0.121290	           -2.096973	            0.160668	            0.000000	            0.000000	            0.000000	           -1.190000	            0.000000	           -0.443694	            0.000000	            0.000000	            0.000000
            0.796000	           25.473543	          434.872020	          -33.207183	           -0.323166	            0.000000	           -0.122302	           -0.122697	           -2.096674	            0.160122	            0.000000	            0.000000	            0.000000	           -1.190000	            0.000000	           -0.443694	            0.000000	            0.000000	            0.000000
            0.797000	           25.832758	          435.993723	          -33.180082	           -0.323080	            0.000000	           -0.122371	           -0.124049	           -2.095733	            0.159511	            0.000000	            0.000000	            0.000000	           -1.190000	            0.000000	           -0.443694	            0.000000	            0.000000	            0.000000
            0.798000	           26.191885	          437.163907	          -33.153267	           -0.322977	            0.000000	           -0.122440	           -0.125345	           -2.094173	            0.158839	            0.000000	            0.000000	            0.000000	           -1.190000	            0.000000	           -0.443694	            0.000000	            0.000000	            0.000000
            0.799000	           26.550887	          438.380282	          -33.127022	           -0.322860	            0.000000	           -0.122512	           -0.126586	           -2.092024	            0.158112	            0.000000	            0.000000	            0.000000	           -1.190000	            0.000000	           -0.443694	            0.000000	            0.000000	            0.000000
            0.800000	           26.909718	          439.640412	          -33.101598	           -0.322736	            0.000000	           -0.122588	           -0.127772	           -2.089322	            0.157336	            0.000000	            0.000000	            0.000000	           -1.190000	            0.000000	           -0.443694	            0.000000	            0.000000	            0.000000
            0.801000	           27.268327	          440.941788	          -33.077208	           -0.322612	            0.000000	           -0.122669	           -0.128905	           -2.086108	            0.156515	            0.000000	            0.000000	            0.000000	           -1.190000	            0.000000	           -0.443694	            0.000000	            0.000000	            0.000000
            0.802000	           27.626665	          442.281897	          -33.054026	           -0.322490	            0.000000	           -0.122754	           -0.129986	           -2.082428	            0.155657	            0.000000	            0.000000	            0.000000	           -1.190000	            0.000000	           -0.443694	            0.000000	            0.000000	            0.000000
            0.803000	           27.984694	          443.658270	          -33.032193	           -0.322374	            0.000000	           -0.122839	           -0.131018	           -2.078331	            0.154766	            0.000000	            0.000000	            0.000000	           -1.190000	            0.000000	           -0.443694	            0.000000	            0.000000	            0.000000
            0.804000	           28.342397	          445.068529	          -33.011814	           -0.322268	            0.000000	           -0.122920	           -0.132003	           -2.073870	            0.153849	            0.000000	            0.000000	            0.000000	           -1.190000	            0.000000	           -0.443694	            0.000000	            0.000000	            0.000000
            0.805000	           28.699793	          446.510405	          -32.992968	           -0.322172	            0.000000	           -0.122994	           -0.132944	           -2.069102	            0.152910	            0.000000	            0.000000	            0.000000	           -1.190000	            0.000000	           -0.443694	            0.000000	            0.000000	            0.000000
            0.806000	           29.056953	          447.981757	          -32.975715	           -0.322085	            0.000000	           -0.123058	           -0.133847	           -2.064085	            0.151958	            0.000000	            0.000000	            0.000000	           -1.190000	            0.000000	           -0.443694	            0.000000	            0.000000	            0.000000
            0.807000	           29.414014	          449.480568	          -32.960099	           -0.322003	            0.000000	           -0.123114	           -0.134714	           -2.058882	            0.150995	            0.000000	            0.000000	            0.000000	           -1.190000	            0.000000	           -0.443694	            0.000000	            0.000000	            0.000000
            0.808000	           29.771190	          451.004933	          -32.946158	           -0.321918	            0.000000	           -0.123165	           -0.135552	           -2.053557	            0.150030	            0.000000	            0.000000	            0.000000	           -1.190000	            0.000000	           -0.443694	            0.000000	            0.000000	            0.000000
            0.809000	           30.128788	          452.553037	          -32.933922	           -0.321824	            0.000000	           -0.123213	           -0.136367	           -2.048174	            0.149066	            0.000000	            0.000000	            0.000000	           -1.190000	            0.000000	           -0.443694	            0.000000	            0.000000	            0.000000
            0.810000	           30.487214	          454.123130	          -32.923420	           -0.321716	            0.000000	           -0.123263	           -0.137164	           -2.042799	            0.148110	            0.000000	            0.000000	            0.000000	           -1.190000	            0.000000	           -0.443694	            0.000000	            0.000000	            0.000000
            0.811000	           30.846975	          455.713486	          -32.914677	           -0.321590	            0.000000	           -0.123317	           -0.137951	           -2.037494	            0.147167	            0.000000	            0.000000	            0.000000	           -1.190000	            0.000000	           -0.443694	            0.000000	            0.000000	            0.000000
            0.812000	           31.208685	          457.322373	          -32.907708	           -0.321444	            0.000000	           -0.123376	           -0.138734	           -2.032315	            0.146241	            0.000000	            0.000000	            0.000000	           -1.190000	            0.000000	           -0.443694	            0.000000	            0.000000	            0.000000
            0.813000	           31.573054	          458.948016	          -32.902521	           -0.321277	            0.000000	           -0.123441	           -0.139521	           -2.027312	            0.145337	            0.000000	            0.000000	            0.000000	           -1.190000	            0.000000	           -0.443694	            0.000000	            0.000000	            0.000000
            0.814000	           31.940885	          460.588565	          -32.899101	           -0.321096	            0.000000	           -0.123517	           -0.140319	           -2.022524	            0.144458	            0.000000	            0.000000	            0.000000	           -1.190000	            0.000000	           -0.443694	            0.000000	            0.000000	            0.000000
            0.815000	           32.313065	          462.242066	          -32.897409	           -0.320910	            0.000000	           -0.123607	           -0.141133	           -2.017979	            0.143606	            0.000000	            0.000000	            0.000000	           -1.190000	            0.000000	           -0.443694	            0.000000	            0.000000	            0.000000
            0.816000	           32.690545	          463.906447	          -32.897373	           -0.320735	            0.000000	           -0.123711	           -0.141969	           -2.013688	            0.142783	            0.000000	            0.000000	            0.000000	           -1.190000	            0.000000	           -0.443694	            0.000000	            0.000000	            0.000000
            0.817000	           33.074331	          465.579506	          -32.898883	           -0.320581	            0.000000	           -0.123827	           -0.142833	           -2.009647	            0.141987	            0.000000	            0.000000	            0.000000	           -1.190000	            0.000000	           -0.443694	            0.000000	            0.000000	            0.000000
            0.818000	           33.465464	          467.258913	          -32.901785	           -0.320448	            0.000000	           -0.123951	           -0.143726	           -2.005836	            0.141218	            0.000000	            0.000000	            0.000000	           -1.190000	            0.000000	           -0.443694	            0.000000	            0.000000	            0.000000
            0.819000	           33.865005	          468.942219	          -32.905881	           -0.320333	            0.000000	           -0.124078	           -0.144653	           -2.002217	            0.140474	            0.000000	            0.000000	            0.000000	           -1.190000	            0.000000	           -0.443694	            0.000000	            0.000000	            0.000000
            0.820000	           34.274022	          470.626881	          -32.910931	           -0.320228	            0.000000	           -0.124203	           -0.145614	           -1.998739	            0.139749	            0.000000	            0.000000	            0.000000	           -1.190000	            0.000000	           -0.443694	            0.000000	            0.000000	            0.000000
            0.821000	           34.693571	          472.310286	          -32.916651	           -0.320125	            0.000000	           -0.124322	           -0.146609	           -1.995341	            0.139039	            0.000000	            0.000000	            0.000000	           -1.190000	            0.000000	           -0.443694	            0.000000	            0.000000	            0.000000
            0.822000	           35.124688	          473.989795	          -32.922726	           -0.320019	            0.000000	           -0.124435	           -0.147640	           -1.991950	            0.138338	            0.000000	            0.000000	            0.000000	           -1.190000	            0.000000	           -0.443694	            0.000000	            0.000000	            0.000000
            0.823000	           35.568373	          475.662782	          -32.928815	           -0.319902	            0.000000	           -0.124546	           -0.148705	           -1.988491	            0.137641	            0.000000	            0.000000	            0.000000	           -1.190000	            0.000000	           -0.443694	            0.000000	            0.000000	            0.000000
            0.824000	           36.025584	          477.326681	          -32.934558	           -0.319773	            0.000000	           -0.124660	           -0.149803	           -1.984888	            0.136940	            0.000000	            0.000000	            0.000000	           -1.190000	            0.000000	           -0.443694	            0.000000	            0.000000	            0.000000
            0.825000	           36.497230	          478.979035	          -32.939592	           -0.319632	            0.000000	           -0.124778	           -0.150933	           -1.981070	            0.136231	            0.000000	            0.000000	            0.000000	           -1.190000	            0.000000	           -0.443694	            0.000000	            0.000000	            0.000000
            0.826000	           36.984156	          480.617542	          -32.943558	           -0.319480	            0.000000	           -0.124901	           -0.152094	           -1.976973	            0.135507	            0.000000	            0.000000	            0.000000	           -1.190000	            0.000000	           -0.443694	            0.000000	            0.000000	            0.000000
            0.827000	           37.487148	          482.240100	          -32.946113	           -0.319323	            0.000000	           -0.125030	           -0.153286	           -1.972546	            0.134765	            0.000000	            0.000000	            0.000000	           -1.190000	            0.000000	           -0.443694	            0.000000	            0.000000	            0.000000
            0.828000	           38.006917	          483.844848	          -32.946939	           -0.319167	            0.000000	           -0.125168	           -0.154508	           -1.967749	            0.133999	            0.000000	            0.000000	            0.000000	           -1.190000	            0.000000	           -0.443694	            0.000000	            0.000000	            0.000000
            0.829000	           38.544101	          485.430198	          -32.945753	           -0.319015	            0.000000	           -0.125315	           -0.155761	           -1.962556	            0.133209	            0.000000	            0.000000	            0.000000	           -1.190000	            0.000000	           -0.443694	            0.000000	            0.000000	            0.000000
            0.830000	           39.099253	          486.994861	          -32.942310	           -0.318865	            0.000000	           -0.125467	           -0.157046	           -1.956955	            0.132392	            0.000000	            0.000000	            0.000000	           -1.190000	            0.000000	           -0.443694	            0.000000	            0.000000	            0.000000
            0.831000	           39.672844	          488.537862	          -32.936406	           -0.318711	            0.000000	           -0.125622	           -0.158362	           -1.950945	            0.131548	            0.000000	            0.000000	            0.000000	           -1.190000	            0.000000	           -0.443694	            0.000000	            0.000000	            0.000000
            0.832000	           40.265247	          490.058547	          -32.927886	           -0.318549	            0.000000	           -0.125777	           -0.159710	           -1.944535	            0.130676	            0.000000	            0.000000	            0.000000	           -1.190000	            0.000000	           -0.443694	            0.000000	            0.000000	            0.000000
            0.833000	           40.876743	          491.556580	          -32.916636	           -0.318378	            0.000000	           -0.125933	           -0.161091	           -1.937740	            0.129779	            0.000000	            0.000000	            0.000000	           -1.190000	            0.000000	           -0.443694	            0.000000	            0.000000	            0.000000
            0.834000	           41.507506	          493.031924	          -32.902588	           -0.318199	            0.000000	           -0.126085	           -0.162504	           -1.930575	            0.128856	            0.000000	            0.000000	            0.000000	           -1.190000	            0.000000	           -0.443694	            0.000000	            0.000000	            0.000000
            0.835000	           42.157607	          494.484821	          -32.885709	           -0.318013	            0.000000	           -0.126229	           -0.163947	           -1.923057	            0.127909	            0.000000	            0.000000	            0.000000	           -1.190000	            0.000000	           -0.443694	            0.000000	            0.000000	            0.000000
            0.836000	           42.827006	          495.915758	          -32.866003	           -0.317821	            0.000000	           -0.126360	           -0.165416	           -1.915193	            0.126939	            0.000000	            0.000000	            0.000000	           -1.190000	            0.000000	           -0.443694	            0.000000	            0.000000	            0.000000
            0.837000	           43.515554	          497.325431	          -32.843501	           -0.317623	            0.000000	           -0.126477	           -0.166908	           -1.906983	            0.125946	            0.000000	            0.000000	            0.000000	           -1.190000	            0.000000	           -0.443694	            0.000000	            0.000000	            0.000000
            0.838000	           44.222989	          498.714700	          -32.818257	           -0.317418	            0.000000	           -0.126580	           -0.168415	           -1.898415	            0.124930	            0.000000	            0.000000	            0.000000	           -1.190000	            0.000000	           -0.443694	            0.000000	            0.000000	            0.000000
            0.839000	           44.948945	          500.084552	          -32.790341	           -0.317211	            0.000000	           -0.126674	           -0.169928	           -1.889464	            0.123890	            0.000000	            0.000000	            0.000000	           -1.190000	            0.000000	           -0.443694	            0.000000	            0.000000	            0.000000
            0.840000	           45.692952	          501.436050	          -32.759831	           -0.317006	            0.000000	           -0.126767	           -0.171439	           -1.880090	            0.122824	            0.000000	            0.000000	            0.000000	           -1.190000	            0.000000	           -0.443694	            0.000000	            0.000000	            0.000000
            0.841000	           46.454445	          502.770299	          -32.726808	           -0.316812	            0.000000	           -0.126861	           -0.172934	           -1.870239	            0.121730	            0.000000	            0.000000	            0.000000	           -1.190000	            0.000000	           -0.443694	            0.000000	            0.000000	            0.000000
            0.842000	           47.232774	          504.088408	          -32.691353	           -0.316632	            0.000000	           -0.126960	           -0.174400	           -1.859848	            0.120603	            0.000000	            0.000000	            0.000000	           -1.190000	            0.000000	           -0.443694	            0.000000	            0.000000	            0.000000
            0.843000	           48.027216	          505.391458	          -32.653536	           -0.316466	            0.000000	           -0.127063	           -0.175824	           -1.848843	            0.119440	            0.000000	            0.000000	            0.000000	           -1.190000	            0.000000	           -0.443694	            0.000000	            0.000000	            0.000000
            0.844000	           48.836986	          506.680483	          -32.613417	           -0.316312	            0.000000	           -0.127168	           -0.177190	           -1.837148	            0.118236	            0.000000	            0.000000	            0.000000	           -1.190000	            0.000000	           -0.443694	            0.000000	            0.000000	            0.000000
            0.845000	           49.661253	          507.956448	          -32.571037	           -0.316165	            0.000000	           -0.127274	           -0.178484	           -1.824685	            0.116987	            0.000000	            0.000000	            0.000000	           -1.190000	            0.000000	           -0.443694	            0.000000	            0.000000	            0.000000
            0.846000	           50.499158	          509.220241	          -32.526414	           -0.316020	            0.000000	           -0.127381	           -0.179693	           -1.811384	            0.115689	            0.000000	            0.000000	            0.000000	           -1.190000	            0.000000	           -0.443694	            0.000000	            0.000000	            0.000000
            0.847000	           51.349829	          510.472672	          -32.479543	           -0.315876	            0.000000	           -0.127484	           -0.180803	           -1.797181	            0.114338	            0.000000	            0.000000	            0.000000	           -1.190000	            0.000000	           -0.443694	            0.000000	            0.000000	            0.000000
            0.848000	           52.212397	          511.714474	          -32.430390	           -0.315735	            0.000000	           -0.127583	           -0.181804	           -1.782027	            0.112932	            0.000000	            0.000000	            0.000000	           -1.190000	            0.000000	           -0.443694	            0.000000	            0.000000	            0.000000
            0.849000	           53.086016	          512.946310	          -32.378892	           -0.315600	            0.000000	           -0.127677	           -0.182687	           -1.765893	            0.111468	            0.000000	            0.000000	            0.000000	           -1.190000	            0.000000	           -0.443694	            0.000000	            0.000000	            0.000000
            0.850000	           53.969878	          514.168781	          -32.324954	           -0.315475	            0.000000	           -0.127768	           -0.183445	           -1.748765	            0.109945	            0.000000	            0.000000	            0.000000	           -1.190000	            0.000000	           -0.443694	            0.000000	            0.000000	            0.000000
            0.851000	           54.863235	          515.382446	          -32.268454	           -0.315361	            0.000000	           -0.127859	           -0.184075	           -1.730654	            0.108365	            0.000000	            0.000000	            0.000000	           -1.190000	            0.000000	           -0.443694	            0.000000	            0.000000	            0.000000
            0.852000	           55.765406	          516.587826	          -32.209245	           -0.315253	            0.000000	           -0.127957	           -0.184575	           -1.711588	            0.106729	            0.000000	            0.000000	            0.000000	           -1.190000	            0.000000	           -0.443694	            0.000000	            0.000000	            0.000000
            0.853000	           56.675805	          517.785424	          -32.147159	           -0.315149	            0.000000	           -0.128063	           -0.184945	           -1.691616	            0.105040	            0.000000	            0.000000	            0.000000	           -1.190000	            0.000000	           -0.443694	            0.000000	            0.000000	            0.000000
            0.854000	           57.593944	          518.975733	          -32.082013	           -0.315043	            0.000000	           -0.128178	           -0.185189	           -1.670807	            0.103302	            0.000000	            0.000000	            0.000000	           -1.190000	            0.000000	           -0.443694	            0.000000	            0.000000	            0.000000
            0.855000	           58.519453	          520.159243	          -32.013621	           -0.314931	            0.000000	           -0.128299	           -0.185313	           -1.649240	            0.101520	            0.000000	            0.000000	            0.000000	           -1.190000	            0.000000	           -0.443694	            0.000000	            0.000000	            0.000000
            0.856000	           59.452088	          521.336445	          -31.941796	           -0.314807	            0.000000	           -0.128418	           -0.185321	           -1.627005	            0.099700	            0.000000	            0.000000	            0.000000	           -1.190000	            0.000000	           -0.443694	            0.000000	            0.000000	            0.000000
            0.857000	           60.391738	          522.507828	          -31.866366	           -0.314669	            0.000000	           -0.128528	           -0.185221	           -1.604200	            0.097848	            0.000000	            0.000000	            0.000000	           -1.190000	            0.000000	           -0.443694	            0.000000	            0.000000	            0.000000
            0.858000	           61.338429	          523.673868	          -31.787179	           -0.314514	            0.000000	           -0.128626	           -0.185021	           -1.580921	            0.095971	            0.000000	            0.000000	            0.000000	           -1.190000	            0.000000	           -0.443694	            0.000000	            0.000000	            0.000000
            0.859000	           62.292324	          524.835017	          -31.704112	           -0.314344	            0.000000	           -0.128713	           -0.184727	           -1.557262	            0.094073	            0.000000	            0.000000	            0.000000	           -1.190000	            0.000000	           -0.443694	            0.000000	            0.000000	            0.000000
            0.860000	           63.253715	          525.991682	          -31.617076	           -0.314163	            0.000000	           -0.128792	           -0.184345	           -1.533310	            0.092163	            0.000000	            0.000000	            0.000000	           -1.190000	            0.000000	           -0.443694	            0.000000	            0.000000	            0.000000
            0.861000	           64.223019	          527.144198	          -31.526027	           -0.313975	            0.000000	           -0.128866	           -0.183882	           -1.509138	            0.090243	            0.000000	            0.000000	            0.000000	           -1.190000	            0.000000	           -0.443694	            0.000000	            0.000000	            0.000000
            0.862000	           65.200759	          528.292803	          -31.430962	           -0.313779	            0.000000	           -0.128937	           -0.183341	           -1.484806	            0.088321	            0.000000	            0.000000	            0.000000	           -1.190000	            0.000000	           -0.443694	            0.000000	            0.000000	            0.000000
            0.863000	           66.187546	          529.437614	          -31.331926	           -0.313580	            0.000000	           -0.129006	           -0.182723	           -1.460357	            0.086398	            0.000000	            0.000000	            0.000000	           -1.190000	            0.000000	           -0.443694	            0.000000	            0.000000	            0.000000
            0.864000	           67.184056	          530.578592	          -31.229009	           -0.313377	            0.000000	           -0.129074	           -0.182028	           -1.435817	            0.084479	            0.000000	            0.000000	            0.000000	           -1.190000	            0.000000	           -0.443694	            0.000000	            0.000000	            0.000000
            0.865000	           68.191006	          531.715528	          -31.122346	           -0.313172	            0.000000	           -0.129142	           -0.181254	           -1.411194	            0.082564	            0.000000	            0.000000	            0.000000	           -1.190000	            0.000000	           -0.443694	            0.000000	            0.000000	            0.000000
            0.866000	           69.209124	          532.848020	          -31.012114	           -0.312967	            0.000000	           -0.129215	           -0.180397	           -1.386477	            0.080655	            0.000000	            0.000000	            0.000000	           -1.190000	            0.000000	           -0.443694	            0.000000	            0.000000	            0.000000
            0.867000	           70.239124	          533.975465	          -30.898528	           -0.312765	            0.000000	           -0.129294	           -0.179452	           -1.361646	            0.078752	            0.000000	            0.000000	            0.000000	           -1.190000	            0.000000	           -0.443694	            0.000000	            0.000000	            0.000000
            0.868000	           71.281674	          535.097058	          -30.781837	           -0.312568	            0.000000	           -0.129381	           -0.178412	           -1.336666	            0.076854	            0.000000	            0.000000	            0.000000	           -1.190000	            0.000000	           -0.443694	            0.000000	            0.000000	            0.000000
            0.869000	           72.337371	          536.211798	          -30.662319	           -0.312375	            0.000000	           -0.129475	           -0.177270	           -1.311499	            0.074961	            0.000000	            0.000000	            0.000000	           -1.190000	            0.000000	           -0.443694	            0.000000	            0.000000	            0.000000
            0.870000	           73.406720	          537.318508	          -30.540274	           -0.312188	            0.000000	           -0.129574	           -0.176020	           -1.286104	            0.073072	            0.000000	            0.000000	            0.000000	           -1.190000	            0.000000	           -0.443694	            0.000000	            0.000000	            0.000000
            0.871000	           74.490109	          538.415864	          -30.416021	           -0.312008	            0.000000	           -0.129677	           -0.174657	           -1.260445	            0.071186	            0.000000	            0.000000	            0.000000	           -1.190000	            0.000000	           -0.443694	            0.000000	            0.000000	            0.000000
            0.872000	           75.587796	          539.502433	          -30.289891	           -0.311837	            0.000000	           -0.129784	           -0.173175	           -1.234496	            0.069301	            0.000000	            0.000000	            0.000000	           -1.190000	            0.000000	           -0.443694	            0.000000	            0.000000	            0.000000
            0.873000	           76.699898	          540.576723	          -30.162220	           -0.311675	            0.000000	           -0.129892	           -0.171574	           -1.208243	            0.067419	            0.000000	            0.000000	            0.000000	           -1.190000	            0.000000	           -0.443694	            0.000000	            0.000000	            0.000000
            0.874000	           77.826379	          541.637239	          -30.033345	           -0.311524	            0.000000	           -0.130003	           -0.169854	           -1.181691	            0.065540	            0.000000	            0.000000	            0.000000	           -1.190000	            0.000000	           -0.443694	            0.000000	            0.000000	            0.000000
            0.875000	           78.967054	          542.682546	          -29.903599	           -0.311384	            0.000000	           -0.130114	           -0.168019	           -1.154866	            0.063666	            0.000000	            0.000000	            0.000000	           -1.190000	            0.000000	           -0.443694	            0.000000	            0.000000	            0.000000
            0.876000	           80.121585	          543.711338	          -29.773302	           -0.311253	            0.000000	           -0.130226	           -0.166079	           -1.127816	            0.061800	            0.000000	            0.000000	            0.000000	           -1.190000	            0.000000	           -0.443694	            0.000000	            0.000000	            0.000000
            0.877000	           81.289492	          544.722506	          -29.642756	           -0.311127	            0.000000	           -0.130336	           -0.164043	           -1.100611	            0.059945	            0.000000	            0.000000	            0.000000	           -1.190000	            0.000000	           -0.443694	            0.000000	            0.000000	            0.000000
            0.878000	           82.470161	          545.715205	          -29.512245	           -0.311000	            0.000000	           -0.130443	           -0.161927	           -1.073346	            0.058107	            0.000000	            0.000000	            0.000000	           -1.190000	            0.000000	           -0.443694	            0.000000	            0.000000	            0.000000
            0.879000	           83.662855	          546.688920	          -29.382020	           -0.310867	            0.000000	           -0.130545	           -0.159749	           -1.046131	            0.056292	            0.000000	            0.000000	            0.000000	           -1.190000	            0.000000	           -0.443694	            0.000000	            0.000000	            0.000000
            0.880000	           84.866732	          547.643520	          -29.252302	           -0.310727	            0.000000	           -0.130643	           -0.157530	           -1.019097	            0.054506	            0.000000	            0.000000	            0.000000	           -1.190000	            0.000000	           -0.443694	            0.000000	            0.000000	            0.000000
            0.881000	           86.080859	          548.579303	          -29.123272	           -0.310585	            0.000000	           -0.130737	           -0.155292	           -0.992385	            0.052755	            0.000000	            0.000000	            0.000000	           -1.190000	            0.000000	           -0.443694	            0.000000	            0.000000	            0.000000
            0.882000	           87.304228	          549.497035	          -28.995069	           -0.310444	            0.000000	           -0.130831	           -0.153060	           -0.966143	            0.051048	            0.000000	            0.000000	            0.000000	           -1.190000	            0.000000	           -0.443694	            0.000000	            0.000000	            0.000000
            0.883000	           88.535774	          550.397968	          -28.867783	           -0.310300	            0.000000	           -0.130925	           -0.150857	           -0.940519	            0.049391	            0.000000	            0.000000	            0.000000	           -1.190000	            0.000000	           -0.443694	            0.000000	            0.000000	            0.000000
            0.884000	           89.774387	          551.283844	          -28.741450	           -0.310148	            0.000000	           -0.131018	           -0.148708	           -0.915661	            0.047791	            0.000000	            0.000000	            0.000000	           -1.190000	            0.000000	           -0.443694	            0.000000	            0.000000	            0.000000
            0.885000	           91.018925	          552.156886	          -28.616053	           -0.309982	            0.000000	           -0.131111	           -0.146634	           -0.891704	            0.046255	            0.000000	            0.000000	            0.000000	           -1.190000	            0.000000	           -0.443694	            0.000000	            0.000000	            0.000000
            0.886000	           92.268221	          553.019772	          -28.491515	           -0.309801	            0.000000	           -0.131201	           -0.144656	           -0.868766	            0.044786	            0.000000	            0.000000	            0.000000	           -1.190000	            0.000000	           -0.443694	            0.000000	            0.000000	            0.000000
            0.887000	           93.521089	          553.875587	          -28.367699	           -0.309609	            0.000000	           -0.131290	           -0.142790	           -0.846950	            0.043390	            0.000000	            0.000000	            0.000000	           -1.190000	            0.000000	           -0.443694	            0.000000	            0.000000	            0.000000
            0.888000	           94.776329	          554.727768	          -28.244410	           -0.309412	            0.000000	           -0.131375	           -0.141051	           -0.826330	            0.042069	            0.000000	            0.000000	            0.000000	           -1.190000	            0.000000	           -0.443694	            0.000000	            0.000000	            0.000000
            0.889000	           96.032719	          555.580031	          -28.121397	           -0.309214	            0.000000	           -0.131458	           -0.139445	           -0.806956	            0.040825	            0.000000	            0.000000	            0.000000	           -1.190000	            0.000000	           -0.443694	            0.000000	            0.000000	            0.000000
            0.890000	           97.289019	          556.436279	          -27.998353	           -0.309019	            0.000000	           -0.131537	           -0.137978	           -0.788850	            0.039657	            0.000000	            0.000000	            0.000000	           -1.190000	            0.000000	           -0.443694	            0.000000	            0.000000	            0.000000
            0.891000	           98.543959	          557.300512	          -27.874927	           -0.308829	            0.000000	           -0.131612	           -0.136649	           -0.772004	            0.038563	            0.000000	            0.000000	            0.000000	           -1.190000	            0.000000	           -0.443694	            0.000000	            0.000000	            0.000000
            0.892000	           99.796235	          558.176719	          -27.750729	           -0.308642	            0.000000	           -0.131681	           -0.135453	           -0.756383	            0.037541	            0.000000	            0.000000	            0.000000	           -1.190000	            0.000000	           -0.443694	            0.000000	            0.000000	            0.000000
            0.893000	          101.044500	          559.068776	          -27.625336	           -0.308454	            0.000000	           -0.131745	           -0.134380	           -0.741926	            0.036587	            0.000000	            0.000000	            0.000000	           -1.190000	            0.000000	           -0.443694	            0.000000	            0.000000	            0.000000
            0.894000	          102.287364	          559.980332	          -27.498307	           -0.308260	            0.000000	           -0.131809	           -0.133418	           -0.728550	            0.035695	            0.000000	            0.000000	            0.000000	           -1.190000	            0.000000	           -0.443694	            0.000000	            0.000000	            0.000000
            0.895000	          103.523386	          560.914713	          -27.369194	           -0.308059	            0.000000	           -0.131878	           -0.132550	           -0.716155	            0.034858	            0.000000	            0.000000	            0.000000	           -1.190000	            0.000000	           -0.443694	            0.000000	            0.000000	            0.000000
            0.896000	          104.751081	          561.874818	          -27.237549	           -0.307852	            0.000000	           -0.131956	           -0.131758	           -0.704626	            0.034071	            0.000000	            0.000000	            0.000000	           -1.190000	            0.000000	           -0.443694	            0.000000	            0.000000	            0.000000
            0.897000	          105.968926	          562.863040	          -27.102942	           -0.307642	            0.000000	           -0.132044	           -0.131022	           -0.693842	            0.033326	            0.000000	            0.000000	            0.000000	           -1.190000	            0.000000	           -0.443694	            0.000000	            0.000000	            0.000000
            0.898000	          107.175378	          563.881188	          -26.964971	           -0.307430	            0.000000	           -0.132141	           -0.130322	           -0.683679	            0.032615	            0.000000	            0.000000	            0.000000	           -1.190000	            0.000000	           -0.443694	            0.000000	            0.000000	            0.000000
            0.899000	          108.368890	          564.930432	          -26.823273	           -0.307217	            0.000000	           -0.132243	           -0.129639	           -0.674015	            0.031934	            0.000000	            0.000000	            0.000000	           -1.190000	            0.000000	           -0.443694	            0.000000	            0.000000	            0.000000
            0.900000	          109.547944	          566.011262	          -26.677536	           -0.307004	            0.000000	           -0.132348	           -0.128955	           -0.664738	            0.031274	            0.000000	            0.000000	            0.000000	           -1.190000	            0.000000	           -0.443694	            0.000000	            0.000000	            0.000000
            0.901000	          110.711086	          567.123464	          -26.527511	           -0.306792	            0.000000	           -0.132458	           -0.128255	           -0.655748	            0.030630	            0.000000	            0.000000	            0.000000	           -1.190000	            0.000000	           -0.443694	            0.000000	            0.000000	            0.000000
            0.902000	          111.856961	          568.266118	          -26.373018	           -0.306581	            0.000000	           -0.132572	           -0.127527	           -0.646962	            0.029999	            0.000000	            0.000000	            0.000000	           -1.190000	            0.000000	           -0.443694	            0.000000	            0.000000	            0.000000
            0.903000	          112.984358	          569.437613	          -26.213957	           -0.306372	            0.000000	           -0.132687	           -0.126764	           -0.638316	            0.029376	            0.000000	            0.000000	            0.000000	           -1.190000	            0.000000	           -0.443694	            0.000000	            0.000000	            0.000000
            0.904000	          114.092254	          570.635678	          -26.050309	           -0.306168	            0.000000	           -0.132800	           -0.125960	           -0.629770	            0.028759	            0.000000	            0.000000	            0.000000	           -1.190000	            0.000000	           -0.443694	            0.000000	            0.000000	            0.000000
            0.905000	          115.179858	          571.857431	          -25.882144	           -0.305970	            0.000000	           -0.132911	           -0.125118	           -0.621307	            0.028147	            0.000000	            0.000000	            0.000000	           -1.190000	            0.000000	           -0.443694	            0.000000	            0.000000	            0.000000
            0.906000	          116.246644	          573.099448	          -25.709614	           -0.305774	            0.000000	           -0.133015	           -0.124243	           -0.612932	            0.027540	            0.000000	            0.000000	            0.000000	           -1.190000	            0.000000	           -0.443694	            0.000000	            0.000000	            0.000000
            0.907000	          117.292391	          574.357829	          -25.532959	           -0.305575	            0.000000	           -0.133110	           -0.123345	           -0.604674	            0.026939	            0.000000	            0.000000	            0.000000	           -1.190000	            0.000000	           -0.443694	            0.000000	            0.000000	            0.000000
            0.908000	          118.317197	          575.628290	          -25.352493	           -0.305373	            0.000000	           -0.133197	           -0.122440	           -0.596584	            0.026346	            0.000000	            0.000000	            0.000000	           -1.190000	            0.000000	           -0.443694	            0.000000	            0.000000	            0.000000
            0.909000	          119.321501	          576.906248	          -25.168605	           -0.305166	            0.000000	           -0.133278	           -0.121546	           -0.588732	            0.025765	            0.000000	            0.000000	            0.000000	           -1.190000	            0.000000	           -0.443694	            0.000000	            0.000000	            0.000000
            0.910000	          120.306073	          578.186915	          -24.981742	           -0.304957	            0.000000	           -0.133358	           -0.120686	           -0.581203	            0.025199	            0.000000	            0.000000	            0.000000	           -1.190000	            0.000000	           -0.443694	            0.000000	            0.000000	            0.000000
            0.911000	          121.272009	          579.465384	          -24.792404	           -0.304749	            0.000000	           -0.133439	           -0.119886	           -0.574095	            0.024652	            0.000000	            0.000000	            0.000000	           -1.190000	            0.000000	           -0.443694	            0.000000	            0.000000	            0.000000
            0.912000	          122.220701	          580.736713	          -24.601131	           -0.304544	            0.000000	           -0.133522	           -0.119171	           -0.567515	            0.024129	            0.000000	            0.000000	            0.000000	           -1.190000	            0.000000	           -0.443694	            0.000000	            0.000000	            0.000000
            0.913000	          123.153801	          581.996007	          -24.408491	           -0.304341	            0.000000	           -0.133604	           -0.118571	           -0.561574	            0.023636	            0.000000	            0.000000	            0.000000	           -1.190000	            0.000000	           -0.443694	            0.000000	            0.000000	            0.000000
            0.914000	          124.073168	          583.238480	          -24.215070	           -0.304139	            0.000000	           -0.133686	           -0.118115	           -0.556384	            0.023176	            0.000000	            0.000000	            0.000000	           -1.190000	            0.000000	           -0.443694	            0.000000	            0.000000	            0.000000
            0.915000	          124.980815	          584.459511	          -24.021462	           -0.303935	            0.000000	           -0.133766	           -0.117830	           -0.552055	            0.022755	            0.000000	            0.000000	            0.000000	           -1.190000	            0.000000	           -0.443694	            0.000000	            0.000000	            0.000000
            0.916000	          125.878842	          585.654695	          -23.828256	           -0.303733	            0.000000	           -0.133846	           -0.117743	           -0.548689	            0.022376	            0.000000	            0.000000	            0.000000	           -1.190000	            0.000000	           -0.443694	            0.000000	            0.000000	            0.000000
            0.917000	          126.769368	          586.819867	          -23.636033	           -0.303536	            0.000000	           -0.133927	           -0.117881	           -0.546381	            0.022044	            0.000000	            0.000000	            0.000000	           -1.190000	            0.000000	           -0.443694	            0.000000	            0.000000	            0.000000
            0.918000	          127.654467	          587.951130	          -23.445354	           -0.303354	            0.000000	           -0.134011	           -0.118266	           -0.545213	            0.021762	            0.000000	            0.000000	            0.000000	           -1.190000	            0.000000	           -0.443694	            0.000000	            0.000000	            0.000000
            0.919000	          128.536096	          589.044857	          -23.256756	           -0.303191	            0.000000	           -0.134099	           -0.118919	           -0.545255	            0.021533	            0.000000	            0.000000	            0.000000	           -1.190000	            0.000000	           -0.443694	            0.000000	            0.000000	            0.000000
            0.920000	          129.416040	          590.097699	          -23.070746	           -0.303047	            0.000000	           -0.134189	           -0.119855	           -0.546563	            0.021357	            0.000000	            0.000000	            0.000000	           -1.190000	            0.000000	           -0.443694	            0.000000	            0.000000	            0.000000
            0.921000	          130.295858	          591.106566	          -22.887795	           -0.302914	            0.000000	           -0.134277	           -0.121090	           -0.549175	            0.021237	            0.000000	            0.000000	            0.000000	           -1.190000	            0.000000	           -0.443694	            0.000000	            0.000000	            0.000000
            0.922000	          131.176837	          592.068615	          -22.708333	           -0.302783	            0.000000	           -0.134357	           -0.122633	           -0.553116	            0.021174	            0.000000	            0.000000	            0.000000	           -1.190000	            0.000000	           -0.443694	            0.000000	            0.000000	            0.000000
            0.923000	          132.059965	          592.981223	          -22.532742	           -0.302646	            0.000000	           -0.134426	           -0.124491	           -0.558395	            0.021166	            0.000000	            0.000000	            0.000000	           -1.190000	            0.000000	           -0.443694	            0.000000	            0.000000	            0.000000
            0.924000	          132.945909	          593.841954	          -22.361351	           -0.302498	            0.000000	           -0.134487	           -0.126666	           -0.565006	            0.021214	            0.000000	            0.000000	            0.000000	           -1.190000	            0.000000	           -0.443694	            0.000000	            0.000000	            0.000000
            0.925000	          133.835009	          594.648529	          -22.194427	           -0.302335	            0.000000	           -0.134542	           -0.129160	           -0.572928	            0.021316	            0.000000	            0.000000	            0.000000	           -1.190000	            0.000000	           -0.443694	            0.000000	            0.000000	            0.000000
            0.926000	          134.727285	          595.398786	          -22.032173	           -0.302156	            0.000000	           -0.134594	           -0.131969	           -0.582132	            0.021470	            0.000000	            0.000000	            0.000000	           -1.190000	            0.000000	           -0.443694	            0.000000	            0.000000	            0.000000
            0.927000	          135.622457	          596.090641	          -21.874714	           -0.301961	            0.000000	           -0.134646	           -0.135087	           -0.592574	            0.021674	            0.000000	            0.000000	            0.000000	           -1.190000	            0.000000	           -0.443694	            0.000000	            0.000000	            0.000000
            0.928000	          136.519969	          596.722051	          -21.722093	           -0.301753	            0.000000	           -0.134702	           -0.138507	           -0.604204	            0.021926	            0.000000	            0.000000	            0.000000	           -1.190000	            0.000000	           -0.443694	            0.000000	            0.000000	            0.000000
            0.929000	          137.419030	          597.290981	          -21.574267	           -0.301534	            0.000000	           -0.134762	           -0.142222	           -0.616967	            0.022221	            0.000000	            0.000000	            0.000000	           -1.190000	            0.000000	           -0.443694	            0.000000	            0.000000	            0.000000
            0.930000	          138.318658	          597.795366	          -21.431097	           -0.301311	            0.000000	           -0.134826	           -0.146221	           -0.630804	            0.022559	            0.000000	            0.000000	            0.000000	           -1.190000	            0.000000	           -0.443694	            0.000000	            0.000000	            0.000000
            0.931000	          139.217728	          598.233089	          -21.292349	           -0.301090	            0.000000	           -0.134893	           -0.150495	           -0.645654	            0.022935	            0.000000	            0.000000	            0.000000	           -1.190000	            0.000000	           -0.443694	            0.000000	            0.000000	            0.000000
            0.932000	          140.115019	          598.601958	          -21.157689	           -0.300875	            0.000000	           -0.134965	           -0.155036	           -0.661460	            0.023346	            0.000000	            0.000000	            0.000000	           -1.190000	            0.000000	           -0.443694	            0.000000	            0.000000	            0.000000
            0.933000	          141.009272	          598.899692	          -21.026687	           -0.300667	            0.000000	           -0.135041	           -0.159834	           -0.678167	            0.023789	            0.000000	            0.000000	            0.000000	           -1.190000	            0.000000	           -0.443694	            0.000000	            0.000000	            0.000000
            0.934000	          141.899230	          599.123909	          -20.898820	           -0.300465	            0.000000	           -0.135122	           -0.164886	           -0.695725	            0.024261	            0.000000	            0.000000	            0.000000	           -1.190000	            0.000000	           -0.443694	            0.000000	            0.000000	            0.000000
            0.935000	          142.783683	          599.272128	          -20.773476	           -0.300267	            0.000000	           -0.135205	           -0.170185	           -0.714093	            0.024761	            0.000000	            0.000000	            0.000000	           -1.190000	            0.000000	           -0.443694	            0.000000	            0.000000	            0.000000
            0.936000	          143.661506	          599.341766	          -20.649966	           -0.300074	            0.000000	           -0.135285	           -0.175732	           -0.733238	            0.025284	            0.000000	            0.000000	            0.000000	           -1.190000	            0.000000	           -0.443694	            0.000000	            0.000000	            0.000000
            0.937000	          144.531686	          599.330148	          -20.527530	           -0.299885	            0.000000	           -0.135360	           -0.181526	           -0.753138	            0.025829	            0.000000	            0.000000	            0.000000	           -1.190000	            0.000000	           -0.443694	            0.000000	            0.000000	            0.000000
            0.938000	          145.393342	          599.234518	          -20.405354	           -0.299699	            0.000000	           -0.135427	           -0.187573	           -0.773777	            0.026393	            0.000000	            0.000000	            0.000000	           -1.190000	            0.000000	           -0.443694	            0.000000	            0.000000	            0.000000
            0.939000	          146.245737	          599.052050	          -20.282575	           -0.299515	            0.000000	           -0.135486	           -0.193880	           -0.795151	            0.026976	            0.000000	            0.000000	            0.000000	           -1.190000	            0.000000	           -0.443694	            0.000000	            0.000000	            0.000000
            0.940000	          147.088278	          598.779864	          -20.158306	           -0.299332	            0.000000	           -0.135537	           -0.200454	           -0.817265	            0.027575	            0.000000	            0.000000	            0.000000	           -1.190000	            0.000000	           -0.443694	            0.000000	            0.000000	            0.000000
            0.941000	          147.920512	          598.415047	          -20.031637	           -0.299147	            0.000000	           -0.135583	           -0.207310	           -0.840131	            0.028189	            0.000000	            0.000000	            0.000000	           -1.190000	            0.000000	           -0.443694	            0.000000	            0.000000	            0.000000
            0.942000	          148.742107	          597.954665	          -19.901660	           -0.298959	            0.000000	           -0.135624	           -0.214459	           -0.863765	            0.028817	            0.000000	            0.000000	            0.000000	           -1.190000	            0.000000	           -0.443694	            0.000000	            0.000000	            0.000000
            0.943000	          149.552833	          597.395786	          -19.767475	           -0.298769	            0.000000	           -0.135663	           -0.221917	           -0.888190	            0.029458	            0.000000	            0.000000	            0.000000	           -1.190000	            0.000000	           -0.443694	            0.000000	            0.000000	            0.000000
            0.944000	          150.352533	          596.735496	          -19.628204	           -0.298578	            0.000000	           -0.135699	           -0.229699	           -0.913427	            0.030110	            0.000000	            0.000000	            0.000000	           -1.190000	            0.000000	           -0.443694	            0.000000	            0.000000	            0.000000
            0.945000	          151.141093	          595.970917	          -19.483005	           -0.298389	            0.000000	           -0.135729	           -0.237820	           -0.939496	            0.030772	            0.000000	            0.000000	            0.000000	           -1.190000	            0.000000	           -0.443694	            0.000000	            0.000000	            0.000000
            0.946000	          151.918403	          595.099224	          -19.331077	           -0.298204	            0.000000	           -0.135751	           -0.246291	           -0.966411	            0.031442	            0.000000	            0.000000	            0.000000	           -1.190000	            0.000000	           -0.443694	            0.000000	            0.000000	            0.000000
            0.947000	          152.684323	          594.117664	          -19.171673	           -0.298021	            0.000000	           -0.135765	           -0.255125	           -0.994179	            0.032120	            0.000000	            0.000000	            0.000000	           -1.190000	            0.000000	           -0.443694	            0.000000	            0.000000	            0.000000
            0.948000	          153.438646	          593.023567	          -19.004102	           -0.297840	            0.000000	           -0.135769	           -0.264328	           -1.022796	            0.032803	            0.000000	            0.000000	            0.000000	           -1.190000	            0.000000	           -0.443694	            0.000000	            0.000000	            0.000000
            0.949000	          154.181057	          591.814364	          -18.827736	           -0.297658	            0.000000	           -0.135767	           -0.273904	           -1.052245	            0.033487	            0.000000	            0.000000	            0.000000	           -1.190000	            0.000000	           -0.443694	            0.000000	            0.000000	            0.000000
            0.950000	          154.911105	          590.487604	          -18.642011	           -0.297473	            0.000000	           -0.135760	           -0.283852	           -1.082491	            0.034171	            0.000000	            0.000000	            0.000000	           -1.190000	            0.000000	           -0.443694	            0.000000	            0.000000	            0.000000
            0.951000	          155.628166	          589.040964	          -18.446426	           -0.297283	            0.000000	           -0.135751	           -0.294164	           -1.113486	            0.034851	            0.000000	            0.000000	            0.000000	           -1.190000	            0.000000	           -0.443694	            0.000000	            0.000000	            0.000000
            0.952000	          156.331416	          587.472263	          -18.240540	           -0.297088	            0.000000	           -0.135740	           -0.304829	           -1.145161	            0.035522	            0.000000	            0.000000	            0.000000	           -1.190000	            0.000000	           -0.443694	            0.000000	            0.000000	            0.000000
            0.953000	          157.019814	          585.779477	          -18.023969	           -0.296890	            0.000000	           -0.135728	           -0.315828	           -1.177434	            0.036180	            0.000000	            0.000000	            0.000000	           -1.190000	            0.000000	           -0.443694	            0.000000	            0.000000	            0.000000
            0.954000	          157.692078	          583.960745	          -17.796380	           -0.296695	            0.000000	           -0.135711	           -0.327138	           -1.210208	            0.036820	            0.000000	            0.000000	            0.000000	           -1.190000	            0.000000	           -0.443694	            0.000000	            0.000000	            0.000000
            0.955000	          158.346681	          582.014382	          -17.557480	           -0.296508	            0.000000	           -0.135691	           -0.338733	           -1.243372	            0.037436	            0.000000	            0.000000	            0.000000	           -1.190000	            0.000000	           -0.443694	            0.000000	            0.000000	            0.000000
            0.956000	          158.981844	          579.938877	          -17.307012	           -0.296331	            0.000000	           -0.135668	           -0.350581	           -1.276812	            0.038022	            0.000000	            0.000000	            0.000000	           -1.190000	            0.000000	           -0.443694	            0.000000	            0.000000	            0.000000
            0.957000	          159.595545	          577.732901	          -17.044743	           -0.296166	            0.000000	           -0.135645	           -0.362650	           -1.310407	            0.038574	            0.000000	            0.000000	            0.000000	           -1.190000	            0.000000	           -0.443694	            0.000000	            0.000000	            0.000000
            0.958000	          160.185524	          575.395297	          -16.770455	           -0.296013	            0.000000	           -0.135623	           -0.374906	           -1.344042	            0.039083	            0.000000	            0.000000	            0.000000	           -1.190000	            0.000000	           -0.443694	            0.000000	            0.000000	            0.000000
            0.959000	          160.749303	          572.925075	          -16.483938	           -0.295871	            0.000000	           -0.135601	           -0.387318	           -1.377610	            0.039545	            0.000000	            0.000000	            0.000000	           -1.190000	            0.000000	           -0.443694	            0.000000	            0.000000	            0.000000
            0.960000	          161.284210	          570.321398	          -16.184982	           -0.295736	            0.000000	           -0.135575	           -0.399856	           -1.411019	            0.039955	            0.000000	            0.000000	            0.000000	           -1.190000	            0.000000	           -0.443694	            0.000000	            0.000000	            0.000000
            0.961000	          161.787401	          567.583559	          -15.873374	           -0.295603	            0.000000	           -0.135543	           -0.412497	           -1.444196	            0.040306	            0.000000	            0.000000	            0.000000	           -1.190000	            0.000000	           -0.443694	            0.000000	            0.000000	            0.000000
            0.962000	          162.255902	          564.710959	          -15.548890	           -0.295466	            0.000000	           -0.135505	           -0.425222	           -1.477093	            0.040594	            0.000000	            0.000000	            0.000000	           -1.190000	            0.000000	           -0.443694	            0.000000	            0.000000	            0.000000
            0.963000	          162.686633	          561.703076	          -15.211296	           -0.295317	            0.000000	           -0.135464	           -0.438020	           -1.509690	            0.040814	            0.000000	            0.000000	            0.000000	           -1.190000	            0.000000	           -0.443694	            0.000000	            0.000000	            0.000000
            0.964000	          163.076454	          558.559426	          -14.860351	           -0.295152	            0.000000	           -0.135421	           -0.450889	           -1.541994	            0.040965	            0.000000	            0.000000	            0.000000	           -1.190000	            0.000000	           -0.443694	            0.000000	            0.000000	            0.000000
            0.965000	          163.422198	          555.279522	          -14.495809	           -0.294968	            0.000000	           -0.135379	           -0.463834	           -1.574041	            0.041041	            0.000000	            0.000000	            0.000000	           -1.190000	            0.000000	           -0.443694	            0.000000	            0.000000	            0.000000
            0.966000	          163.720713	          551.862830	          -14.117429	           -0.294764	            0.000000	           -0.135338	           -0.476869	           -1.605897	            0.041041	            0.000000	            0.000000	            0.000000	           -1.190000	            0.000000	           -0.443694	            0.000000	            0.000000	            0.000000
            0.967000	          163.968901	          548.308713	          -13.724985	           -0.294543	            0.000000	           -0.135296	           -0.490016	           -1.637648	            0.040963	            0.000000	            0.000000	            0.000000	           -1.190000	            0.000000	           -0.443694	            0.000000	            0.000000	            0.000000
            0.968000	          164.163754	          544.616379	          -13.318276	           -0.294312	            0.000000	           -0.135251	           -0.503305	           -1.669403	            0.040805	            0.000000	            0.000000	            0.000000	           -1.190000	            0.000000	           -0.443694	            0.000000	            0.000000	            0.000000
            0.969000	          164.302394	          540.784824	          -12.897147	           -0.294077	            0.000000	           -0.135197	           -0.516770	           -1.701281	            0.040566	            0.000000	            0.000000	            0.000000	           -1.190000	            0.000000	           -0.443694	            0.000000	            0.000000	            0.000000
            0.970000	          164.382103	          536.812774	          -12.461500	           -0.293844	            0.000000	           -0.135132	           -0.530453	           -1.733410	            0.040243	            0.000000	            0.000000	            0.000000	           -1.190000	            0.000000	           -0.443694	            0.000000	            0.000000	            0.000000
            0.971000	          164.400355	          532.698632	          -12.011311	           -0.293618	            0.000000	           -0.135054	           -0.544395	           -1.765918	            0.039836	            0.000000	            0.000000	            0.000000	           -1.190000	            0.000000	           -0.443694	            0.000000	            0.000000	            0.000000
            0.972000	          164.354840	          528.440430	          -11.546647	           -0.293396	            0.000000	           -0.134962	           -0.558642	           -1.798929	            0.039341	            0.000000	            0.000000	            0.000000	           -1.190000	            0.000000	           -0.443694	            0.000000	            0.000000	            0.000000
            0.973000	          164.243490	          524.035792	          -11.067678	           -0.293175	            0.000000	           -0.134861	           -0.573239	           -1.832555	            0.038756	            0.000000	            0.000000	            0.000000	           -1.190000	            0.000000	           -0.443694	            0.000000	            0.000000	            0.000000
            0.974000	          164.064484	          519.481910	          -10.574687	           -0.292951	            0.000000	           -0.134754	           -0.588229	           -1.866890	            0.038077	            0.000000	            0.000000	            0.000000	           -1.190000	            0.000000	           -0.443694	            0.000000	            0.000000	            0.000000
            0.975000	          163.816263	          514.775536	          -10.068076	           -0.292724	            0.000000	           -0.134645	           -0.603654	           -1.902011	            0.037300	            0.000000	            0.000000	            0.000000	           -1.190000	            0.000000	           -0.443694	            0.000000	            0.000000	            0.000000
            0.976000	          163.497519	          509.912996	           -9.548365	           -0.292494	            0.000000	           -0.134534	           -0.619555	           -1.937972	            0.036420	            0.000000	            0.000000	            0.000000	           -1.190000	            0.000000	           -0.443694	            0.000000	            0.000000	            0.000000
            0.977000	          163.107191	          504.890236	           -9.016195	           -0.292263	            0.000000	           -0.134423	           -0.635967	           -1.974805	            0.035430	            0.000000	            0.000000	            0.000000	           -1.190000	            0.000000	           -0.443694	            0.000000	            0.000000	            0.000000
            0.978000	          162.644436	          499.702882	           -8.472313	           -0.292029	            0.000000	           -0.134315	           -0.652921	           -2.012520	            0.034324	            0.000000	            0.000000	            0.000000	           -1.190000	            0.000000	           -0.443694	            0.000000	            0.000000	            0.000000
            0.979000	          162.108596	          494.346340	           -7.917565	           -0.291794	            0.000000	           -0.134212	           -0.670444	           -2.051103	            0.033092	            0.000000	            0.000000	            0.000000	           -1.190000	            0.000000	           -0.443694	            0.000000	            0.000000	            0.000000
            0.980000	          161.499158	          488.815918	           -7.352881	           -0.291553	            0.000000	           -0.134114	           -0.688558	           -2.090522	            0.031726	            0.000000	            0.000000	            0.000000	           -1.190000	            0.000000	           -0.443694	            0.000000	            0.000000	            0.000000
            0.981000	          160.815693	          483.106977	           -6.779263	           -0.291300	            0.000000	           -0.134020	           -0.707280	           -2.130728	            0.030215	            0.000000	            0.000000	            0.000000	           -1.190000	            0.000000	           -0.443694	            0.000000	            0.000000	            0.000000
            0.982000	          160.057801	          477.215106	           -6.197763	           -0.291030	            0.000000	           -0.133928	           -0.726619	           -2.171656	            0.028549	            0.000000	            0.000000	            0.000000	           -1.190000	            0.000000	           -0.443694	            0.000000	            0.000000	            0.000000
            0.983000	          159.225037	          471.136318	           -5.609476	           -0.290741	            0.000000	           -0.133839	           -0.746577	           -2.213228	            0.026716	            0.000000	            0.000000	            0.000000	           -1.190000	            0.000000	           -0.443694	            0.000000	            0.000000	            0.000000
            0.984000	          158.316841	          464.867261	           -5.015525	           -0.290438	            0.000000	           -0.133748	           -0.767149	           -2.255357	            0.024705	            0.000000	            0.000000	            0.000000	           -1.190000	            0.000000	           -0.443694	            0.000000	            0.000000	            0.000000
            0.985000	          157.332475	          458.405434	           -4.417052	           -0.290132	            0.000000	           -0.133655	           -0.788319	           -2.297949	            0.022504	            0.000000	            0.000000	            0.000000	           -1.190000	            0.000000	           -0.443694	            0.000000	            0.000000	            0.000000
            0.986000	          156.270954	          451.749408	           -3.815216	           -0.289837	            0.000000	           -0.133554	           -0.810063	           -2.340902	            0.020101	            0.000000	            0.000000	            0.000000	           -1.190000	            0.000000	           -0.443694	            0.000000	            0.000000	            0.000000
            0.987000	          155.131002	          444.899032	           -3.211190	           -0.289564	            0.000000	           -0.133441	           -0.832343	           -2.384113	            0.017485	            0.000000	            0.000000	            0.000000	           -1.190000	            0.000000	           -0.443694	            0.000000	            0.000000	            0.000000
            0.988000	          153.911015	          437.855632	           -2.606167	           -0.289318	            0.000000	           -0.133311	           -0.855113	           -2.427478	            0.014646	            0.000000	            0.000000	            0.000000	           -1.190000	            0.000000	           -0.443694	            0.000000	            0.000000	            0.000000
            0.989000	          152.609056	          430.622170	           -2.001369	           -0.289094	            0.000000	           -0.133161	           -0.878313	           -2.470893	            0.011575	            0.000000	            0.000000	            0.000000	           -1.190000	            0.000000	           -0.443694	            0.000000	            0.000000	            0.000000
            0.990000	          151.222867	          423.203376	           -1.398054	           -0.288877	            0.000000	           -0.132990	           -0.901874	           -2.514260	            0.008265	            0.000000	            0.000000	            0.000000	           -1.190000	            0.000000	           -0.443694	            0.000000	            0.000000	            0.000000
            0.991000	          149.749919	          415.605834	           -0.797529	           -0.288649	            0.000000	           -0.132797	           -0.925714	           -2.557486	            0.004711	            0.000000	            0.000000	            0.000000	           -1.190000	            0.000000	           -0.443694	            0.000000	            0.000000	            0.000000
            0.992000	          148.187488	          407.838014	           -0.201162	           -0.288392	            0.000000	           -0.132585	           -0.949746	           -2.600488	            0.000909	            0.000000	            0.000000	            0.000000	           -1.190000	            0.000000	           -0.443694	            0.000000	            0.000000	            0.000000
            0.993000	          146.532765	          399.910243	            0.389607	           -0.288096	            0.000000	           -0.132358	           -0.973874	           -2.643194	           -0.003140	            0.000000	            0.000000	            0.000000	           -1.190000	            0.000000	           -0.443694	            0.000000	            0.000000	            0.000000
            0.994000	          144.782992	          391.834629	            0.973261	           -0.287757	            0.000000	           -0.132124	           -0.998002	           -2.685547	           -0.007435	            0.000000	            0.000000	            0.000000	           -1.190000	            0.000000	           -0.443694	            0.000000	            0.000000	            0.000000
            0.995000	          142.935623	          383.624909	            1.548200	           -0.287374	            0.000000	           -0.131886	           -1.022032	           -2.727506	           -0.011970	            0.000000	            0.000000	            0.000000	           -1.190000	            0.000000	           -0.443694	            0.000000	            0.000000	            0.000000
            0.996000	          140.988504	          375.296248	            2.112745	           -0.286955	            0.000000	           -0.131645	           -1.045870	           -2.769047	           -0.016738	            0.000000	            0.000000	            0.000000	           -1.190000	            0.000000	           -0.443694	            0.000000	            0.000000	            0.000000
            0.997000	          138.940061	          366.864986	            2.665143	           -0.286508	            0.000000	           -0.131401	           -1.069429	           -2.810164	           -0.021727	            0.000000	            0.000000	            0.000000	           -1.190000	            0.000000	           -0.443694	            0.000000	            0.000000	            0.000000
            0.998000	          136.789490	          358.348338	            3.203586	           -0.286039	            0.000000	           -0.131154	           -1.092636	           -2.850867	           -0.026927	            0.000000	            0.000000	            0.000000	           -1.190000	            0.000000	           -0.443694	            0.000000	            0.000000	            0.000000
            0.999000	          134.536940	          349.764063	            3.726225	           -0.285552	            0.000000	           -0.130905	           -1.115429	           -2.891182	           -0.032321	            0.000000	            0.000000	            0.000000	           -1.190000	            0.000000	           -0.443694	            0.000000	            0.000000	            0.000000
            1.000000	          132.183668	          341.130113	            4.231201	           -0.285051	            0.000000	           -0.130656	           -1.137764	           -2.931144	           -0.037894	            0.000000	            0.000000	            0.000000	           -1.190000	            0.000000	           -0.443694	            0.000000	            0.000000	            0.000000
            1.001000	          129.732175	          332.464278	            4.716672	           -0.284537	            0.000000	           -0.130406	           -1.159618	           -2.970792	           -0.043630	            0.000000	            0.000000	            0.000000	           -1.190000	            0.000000	           -0.443694	            0.000000	            0.000000	            0.000000
            1.002000	          127.186302	          323.783834	            5.180850	           -0.284011	            0.000000	           -0.130155	           -1.180986	           -3.010166	           -0.049512	            0.000000	            0.000000	            0.000000	           -1.190000	            0.000000	           -0.443694	            0.000000	            0.000000	            0.000000
            1.003000	          124.551274	          315.105226	            5.622040	           -0.283475	            0.000000	           -0.129899	           -1.201884	           -3.049298	           -0.055525	            0.000000	            0.000000	            0.000000	           -1.190000	            0.000000	           -0.443694	            0.000000	            0.000000	            0.000000
            1.004000	          121.833701	          306.443779	            6.038672	           -0.282929	            0.000000	           -0.129636	           -1.222348	           -3.088206	           -0.061655	            0.000000	            0.000000	            0.000000	           -1.190000	            0.000000	           -0.443694	            0.000000	            0.000000	            0.000000
            1.005000	          119.041519	          297.813469	            6.429345	           -0.282374	            0.000000	           -0.129357	           -1.242432	           -3.126884	           -0.067891	            0.000000	            0.000000	            0.000000	           -1.190000	            0.000000	           -0.443694	            0.000000	            0.000000	            0.000000
            1.006000	          116.183879	          289.226754	            6.792854	           -0.281808	            0.000000	           -0.129051	           -1.262203	           -3.165303	           -0.074226	            0.000000	            0.000000	            0.000000	           -1.190000	            0.000000	           -0.443694	            0.000000	            0.000000	            0.000000
            1.007000	          113.270982	          280.694471	            7.128222	           -0.281237	            0.000000	           -0.128713	           -1.281742	           -3.203398	           -0.080655	            0.000000	            0.000000	            0.000000	           -1.190000	            0.000000	           -0.443694	            0.000000	            0.000000	            0.000000
            1.008000	          110.313868	          272.225816	            7.434721	           -0.280677	            0.000000	           -0.128343	           -1.301136	           -3.241072	           -0.087181	            0.000000	            0.000000	            0.000000	           -1.190000	            0.000000	           -0.443694	            0.000000	            0.000000	            0.000000
            1.009000	          107.324158	          263.828394	            7.711887	           -0.280146	            0.000000	           -0.127947	           -1.320475	           -3.278195	           -0.093808	            0.000000	            0.000000	            0.000000	           -1.190000	            0.000000	           -0.443694	            0.000000	            0.000000	            0.000000
            1.010000	          104.313775	          255.508340	            7.959519	           -0.279652	            0.000000	           -0.127531	           -1.339846	           -3.314603	           -0.100548	            0.000000	            0.000000	            0.000000	           -1.190000	            0.000000	           -0.443694	            0.000000	            0.000000	            0.000000
            1.011000	          101.294638	          247.270518	            8.177680	           -0.279192	            0.000000	           -0.127095	           -1.359332	           -3.350106	           -0.107416	            0.000000	            0.000000	            0.000000	           -1.190000	            0.000000	           -0.443694	            0.000000	            0.000000	            0.000000
            1.012000	           98.278362	          239.118765	            8.366673	           -0.278759	            0.000000	           -0.126640	           -1.379002	           -3.384498	           -0.114431	            0.000000	            0.000000	            0.000000	           -1.190000	            0.000000	           -0.443694	            0.000000	            0.000000	            0.000000
            1.013000	           95.275958	          231.056187	            8.527015	           -0.278343	            0.000000	           -0.126165	           -1.398910	           -3.417564	           -0.121617	            0.000000	            0.000000	            0.000000	           -1.190000	            0.000000	           -0.443694	            0.000000	            0.000000	            0.000000
            1.014000	           92.297568	          223.085476	            8.659406	           -0.277932	            0.000000	           -0.125666	           -1.419092	           -3.449093	           -0.128998	            0.000000	            0.000000	            0.000000	           -1.190000	            0.000000	           -0.443694	            0.000000	            0.000000	            0.000000
            1.015000	           89.352231	          215.209242	            8.764673	           -0.277509	            0.000000	           -0.125136	           -1.439564	           -3.478897	           -0.136599	            0.000000	            0.000000	            0.000000	           -1.190000	            0.000000	           -0.443694	            0.000000	            0.000000	            0.000000
            1.016000	           86.447704	          207.430334	            8.843729	           -0.277058	            0.000000	           -0.124567	           -1.460319	           -3.506821	           -0.144442	            0.000000	            0.000000	            0.000000	           -1.190000	            0.000000	           -0.443694	            0.000000	            0.000000	            0.000000
            1.017000	           83.590346	          199.752132	            8.897508	           -0.276571	            0.000000	           -0.123959	           -1.481330	           -3.532762	           -0.152546	            0.000000	            0.000000	            0.000000	           -1.190000	            0.000000	           -0.443694	            0.000000	            0.000000	            0.000000
            1.018000	           80.785065	          192.178799	            8.926918	           -0.276049	            0.000000	           -0.123321	           -1.502551	           -3.556681	           -0.160922	            0.000000	            0.000000	            0.000000	           -1.190000	            0.000000	           -0.443694	            0.000000	            0.000000	            0.000000
            1.019000	           78.035338	          184.715465	            8.932778	           -0.275496	            0.000000	           -0.122661	           -1.523918	           -3.578619	           -0.169573	            0.000000	            0.000000	            0.000000	           -1.190000	            0.000000	           -0.443694	            0.000000	            0.000000	            0.000000
            1.020000	           75.343297	          177.368346	            8.915779	           -0.274927	            0.000000	           -0.121980	           -1.545357	           -3.598703	           -0.178489	            0.000000	            0.000000	            0.000000	           -1.190000	            0.000000	           -0.443694	            0.000000	            0.000000	            0.000000
            1.021000	           72.709877	          170.144786	            8.876440	           -0.274361	            0.000000	           -0.121278	           -1.566788	           -3.617156	           -0.187644	            0.000000	            0.000000	            0.000000	           -1.190000	            0.000000	           -0.443694	            0.000000	            0.000000	            0.000000
            1.022000	           70.135016	          163.053209	            8.815086	           -0.273830	            0.000000	           -0.120562	           -1.588130	           -3.634294	           -0.196997	            0.000000	            0.000000	            0.000000	           -1.190000	            0.000000	           -0.443694	            0.000000	            0.000000	            0.000000
            1.023000	           67.617893	          156.102991	            8.731835	           -0.273369	            0.000000	           -0.119842	           -1.609310	           -3.650529	           -0.206483	            0.000000	            0.000000	            0.000000	           -1.190000	            0.000000	           -0.443694	            0.000000	            0.000000	            0.000000
            1.024000	           65.157184	          149.304264	            8.626601	           -0.273002	            0.000000	           -0.119120	           -1.630267	           -3.666352	           -0.216022	            0.000000	            0.000000	            0.000000	           -1.190000	            0.000000	           -0.443694	            0.000000	            0.000000	            0.000000
            1.025000	           62.751320	          142.667642	            8.499120	           -0.272718	            0.000000	           -0.118383	           -1.650962	           -3.682324	           -0.225505	            0.000000	            0.000000	            0.000000	           -1.190000	            0.000000	           -0.443694	            0.000000	            0.000000	            0.000000
            1.026000	           60.398738	          136.203895	            8.348987	           -0.272483	            0.000000	           -0.117597	           -1.671379	           -3.699051	           -0.234805	            0.000000	            0.000000	            0.000000	           -1.190000	            0.000000	           -0.443694	            0.000000	            0.000000	            0.000000
            1.027000	           58.098084	          129.923587	            8.175708	           -0.272252	            0.000000	           -0.116720	           -1.691528	           -3.717158	           -0.243771	            0.000000	            0.000000	            0.000000	           -1.190000	            0.000000	           -0.443694	            0.000000	            0.000000	            0.000000
            1.028000	           55.848380	          123.836683	            7.978764	           -0.272003	            0.000000	           -0.115713	           -1.711450	           -3.737256	           -0.252231	            0.000000	            0.000000	            0.000000	           -1.190000	            0.000000	           -0.443694	            0.000000	            0.000000	            0.000000
            1.029000	           53.649128	          117.952152	            7.757691	           -0.271743	            0.000000	           -0.114552	           -1.731211	           -3.759906	           -0.259992	            0.000000	            0.000000	            0.000000	           -1.190000	            0.000000	           -0.443694	            0.000000	            0.000000	            0.000000
            1.030000	           51.500342	          112.277582	            7.512153	           -0.271499	            0.000000	           -0.113227	           -1.750899	           -3.785577	           -0.266847	            0.000000	            0.000000	            0.000000	           -1.190000	            0.000000	           -0.443694	            0.000000	            0.000000	            0.000000
            1.031000	           49.402525	          106.818814	            7.242033	           -0.271292	            0.000000	           -0.111739	           -1.770617	           -3.814605	           -0.272576	            0.000000	            0.000000	            0.000000	           -1.190000	            0.000000	           -0.443694	            0.000000	            0.000000	            0.000000
            1.032000	           47.356567	          101.579631	            6.947505	           -0.271130	            0.000000	           -0.110092	           -1.790470	           -3.847146	           -0.276950	            0.000000	            0.000000	            0.000000	           -1.190000	            0.000000	           -0.443694	            0.000000	            0.000000	            0.000000
            1.033000	           45.363599	           96.561492	            6.629107	           -0.271004	            0.000000	           -0.108299	           -1.810558	           -3.883140	           -0.279738	            0.000000	            0.000000	            0.000000	           -1.190000	            0.000000	           -0.443694	            0.000000	            0.000000	            0.000000
            1.034000	           43.424800	           91.763346	            6.287806	           -0.270893	            0.000000	           -0.106378	           -1.830954	           -3.922268	           -0.280710	            0.000000	            0.000000	            0.000000	           -1.190000	            0.000000	           -0.443694	            0.000000	            0.000000	            0.000000
            1.035000	           41.541180	           87.181520	            5.925039	           -0.270786	            0.000000	           -0.104357	           -1.851694	           -3.963921	           -0.279645	            0.000000	            0.000000	            0.000000	           -1.190000	            0.000000	           -0.443694	            0.000000	            0.000000	            0.000000
            1.036000	           39.713360	           82.809702	            5.542743	           -0.270685	            0.000000	           -0.102263	           -1.872758	           -4.007176	           -0.276339	            0.000000	            0.000000	            0.000000	           -1.190000	            0.000000	           -0.443694	            0.000000	            0.000000	            0.000000
            1.037000	           37.941359	           78.639020	            5.143366	           -0.270623	            0.000000	           -0.100118	           -1.894058	           -4.050786	           -0.270606	            0.000000	            0.000000	            0.000000	           -1.190000	            0.000000	           -0.443694	            0.000000	            0.000000	            0.000000
            1.038000	           36.224426	           74.658222	            4.729851	           -0.270664	            0.000000	           -0.097930	           -1.915425	           -4.093177	           -0.262292	            0.000000	            0.000000	            0.000000	           -1.190000	            0.000000	           -0.443694	            0.000000	            0.000000	            0.000000
            1.039000	           34.560913	           70.853949	            4.305600	           -0.270882	            0.000000	           -0.095689	           -1.936601	           -4.132467	           -0.251274	            0.000000	            0.000000	            0.000000	           -1.190000	            0.000000	           -0.443694	            0.000000	            0.000000	            0.000000
            1.040000	           32.948219	           67.211114	            3.874425	           -0.271334	            0.000000	           -0.093373	           -1.957236	           -4.166497	           -0.237470	            0.000000	            0.000000	            0.000000	           -1.190000	            0.000000	           -0.443694	            0.000000	            0.000000	            0.000000
            1.041000	           31.382811	           63.713361	            3.440465	           -0.272062	            0.000000	           -0.090951	           -1.976889	           -4.192882	           -0.220845	            0.000000	            0.000000	            0.000000	           -1.190000	            0.000000	           -0.443694	            0.000000	            0.000000	            0.000000
            1.042000	           29.860323	           60.343605	            3.008099	           -0.273095	            0.000000	           -0.088386	           -1.995038	           -4.209082	           -0.201411	            0.000000	            0.000000	            0.000000	           -1.190000	            0.000000	           -0.443694	            0.000000	            0.000000	            0.000000
            1.043000	           28.375726	           57.084629	            2.581837	           -0.274442	            0.000000	           -0.085641	           -2.011094	           -4.212481	           -0.179236	            0.000000	            0.000000	            0.000000	           -1.190000	            0.000000	           -0.443694	            0.000000	            0.000000	            0.000000
            1.044000	           26.923585	           53.919724	            2.166205	           -0.276107	            0.000000	           -0.082687	           -2.024421	           -4.200496	           -0.154443	            0.000000	            0.000000	            0.000000	           -1.190000	            0.000000	           -0.443694	            0.000000	            0.000000	            0.000000
            1.045000	           25.498358	           50.833342	            1.765622	           -0.278104	            0.000000	           -0.079489	           -2.034361	           -4.170681	           -0.127214	            0.000000	            0.000000	            0.000000	           -1.190000	            0.000000	           -0.443694	            0.000000	            0.000000	            0.000000
            1.046000	           24.094742	           47.811739	            1.384272	           -0.280452	            0.000000	           -0.076012	           -2.040268	           -4.120848	           -0.097786	            0.000000	            0.000000	            0.000000	           -1.190000	            0.000000	           -0.443694	            0.000000	            0.000000	            0.000000
            1.047000	           22.708041	           44.843575	            1.025990	           -0.283168	            0.000000	           -0.072225	           -2.041536	           -4.049192	           -0.066453	            0.000000	            0.000000	            0.000000	           -1.190000	            0.000000	           -0.443694	            0.000000	            0.000000	            0.000000
            1.048000	           21.334527	           41.920449	            0.694139	           -0.286288	            0.000000	           -0.068122	           -2.037637	           -3.954404	           -0.033561	            0.000000	            0.000000	            0.000000	           -1.190000	            0.000000	           -0.443694	            0.000000	            0.000000	            0.000000
            1.049000	           19.971764	           39.037322	            0.391518	           -0.289859	            0.000000	           -0.063733	           -2.028148	           -3.835777	            0.000501	            0.000000	            0.000000	            0.000000	           -1.190000	            0.000000	           -0.443694	            0.000000	            0.000000	            0.000000
            1.050000	           18.618893	           36.192821	            0.120266	           -0.293893	            0.000000	           -0.059116	           -2.012787	           -3.693299	            0.035302	            0.000000	            0.000000	            0.000000	           -1.190000	            0.000000	           -0.443694	            0.000000	            0.000000	            0.000000
            1.051000	           17.276824	           33.389379	           -0.118194	           -0.298323	            0.000000	           -0.054350	           -1.991430	           -3.527714	            0.070384	            0.000000	            0.000000	            0.000000	           -1.190000	            0.000000	           -0.443694	            0.000000	            0.000000	            0.000000
            1.052000	           15.948346	           30.633198	           -0.323202	           -0.302996	            0.000000	           -0.049529	           -1.964136	           -3.340553	            0.105269	            0.000000	            0.000000	            0.000000	           -1.190000	            0.000000	           -0.443694	            0.000000	            0.000000	            0.000000
            1.053000	           14.638116	           27.934027	           -0.494872	           -0.307703	            0.000000	           -0.044763	           -1.931148	           -3.134135	            0.139478	            0.000000	            0.000000	            0.000000	           -1.190000	            0.000000	           -0.443694	            0.000000	            0.000000	            0.000000
            1.054000	           13.352540	           25.304746	           -0.634083	           -0.312228	            0.000000	           -0.040174	           -1.892901	           -2.911519	            0.172538	            0.000000	            0.000000	            0.000000	           -1.190000	            0.000000	           -0.443694	            0.000000	            0.000000	            0.000000
            1.055000	           12.099532	           22.760765	           -0.742432	           -0.316413	            0.000000	           -0.035867	           -1.850007	           -2.676422	            0.204001	            0.000000	            0.000000	            0.000000	           -1.190000	            0.000000	           -0.443694	            0.000000	            0.000000	            0.000000
            1.056000	           10.888161	           20.319255	           -0.822166	           -0.320189	            0.000000	           -0.031893	           -1.803239	           -2.433089	            0.233462	            0.000000	            0.000000	            0.000000	           -1.190000	            0.000000	           -0.443694	            0.000000	            0.000000	            0.000000
            1.057000	            9.728211	           17.998249	           -0.876081	           -0.323591	            0.000000	           -0.028232	           -1.753512	           -2.186138	            0.260568	            0.000000	            0.000000	            0.000000	           -1.190000	            0.000000	           -0.443694	            0.000000	            0.000000	            0.000000
            1.058000	            8.629666	           15.815657	           -0.907407	           -0.323591	            0.000000	           -0.028232	           -1.701843	           -1.940361	            0.285041	            0.000000	            0.000000	            0.000000	           -1.190000	            0.000000	           -0.443694	            0.000000	            0.000000	            0.000000
            1.059000	            7.602157	           13.788241	           -0.919670	           -0.323591	            0.000000	           -0.028232	           -1.649323	           -1.700523	            0.306683	            0.000000	            0.000000	            0.000000	           -1.190000	            0.000000	           -0.443694	            0.000000	            0.000000	            0.000000
            1.060000	            6.654404	           11.930628	           -0.916543	           -0.450000	            0.000000	           -0.300000	           -1.597077	           -1.471135	            0.325393	            0.000000	            0.000000	            0.000000	           -1.190000	            0.000000	           -0.443694	            0.000000	            0.000000	            0.000000
            1.061000	            5.793693	           10.254400	           -0.901697	           -0.450000	            0.000000	           -0.300000	           -1.546220	           -1.256256	            0.341168	            0.000000	            0.000000	            0.000000	           -1.190000	            0.000000	           -0.443694	            0.000000	            0.000000	            0.000000
            1.062000	            0.000000	            0.000000	            0.000000	           -0.450000	            0.000000	           -0.135003	            0.000000	            0.000000	            0.000000	            0.000000	            0.000000	            0.000000	           -1.190000	            0.000000	           -0.443694	            0.000000	            0.000000	            0.000000
            1.063000	            0.000000	            0.000000	            0.000000	           -0.450000	            0.000000	           -0.135003	            0.000000	            0.000000	            0.000000	            0.000000	            0.000000	            0.000000	           -1.190000	            0.000000	           -0.443694	            0.000000	            0.000000	            0.000000
            1.064000	            0.000000	            0.000000	            0.000000	           -0.450000	            0.000000	           -0.135003	            0.000000	            0.000000	            0.000000	            0.000000	            0.000000	            0.000000	           -1.190000	            0.000000	           -0.443694	            0.000000	            0.000000	            0.000000
            1.065000	            0.000000	            0.000000	            0.000000	           -0.450000	            0.000000	           -0.135003	            0.000000	            0.000000	            0.000000	            0.000000	            0.000000	            0.000000	           -1.190000	            0.000000	           -0.443694	            0.000000	            0.000000	            0.000000
