name=P6 65w 02_force.mot
nRows=1171
nColumns=19
range=0.000000 1.170000
endheader
time	1_force_vx	1_force_vy	1_force_vz	1_force_px	1_force_py	1_force_pz	1_torque_x	1_torque_y	1_torque_z	2_force_vx	2_force_vy	2_force_vz	2_force_px	2_force_py	2_force_pz	2_torque_x	2_torque_y	2_torque_z
            0.000000	            0.000000	            0.000000	            0.000000	           -0.450000	            0.000000	           -0.297079	            0.000000	            0.000000	            0.000000	          -13.189298	           19.575467	            5.304327	           -1.436334	            0.000000	           -0.402654	            0.683159	           -0.615984	           -0.889238
            0.001000	            0.000000	            0.000000	            0.000000	           -0.450000	            0.000000	           -0.297079	            0.000000	            0.000000	            0.000000	          -14.439753	           25.710558	            5.789699	           -1.426236	            0.000000	           -0.411037	            0.682594	           -0.892959	           -0.755223
            0.002000	            0.000000	            0.000000	            0.000000	           -0.450000	            0.000000	           -0.297079	            0.000000	            0.000000	            0.000000	          -15.456614	           32.308528	            6.175829	           -1.416516	            0.000000	           -0.419197	            0.675824	           -1.141949	           -0.629813
            0.003000	            0.000000	            0.000000	            0.000000	           -0.450000	            0.000000	           -0.297079	            0.000000	            0.000000	            0.000000	          -16.215028	           39.446663	            6.451495	           -1.407112	            0.000000	           -0.426773	            0.662499	           -1.359469	           -0.514179
            0.004000	            0.000000	            0.000000	            0.000000	           -0.450000	            0.000000	           -0.297079	            0.000000	            0.000000	            0.000000	          -16.698375	           47.199040	            6.608490	           -1.398041	            0.000000	           -0.433422	            0.642549	           -1.542939	           -0.409189
            0.005000	            0.000000	            0.000000	            0.000000	           -0.450000	            0.000000	           -0.297079	            0.000000	            0.000000	            0.000000	          -16.899257	           55.633568	            6.641793	           -1.389341	            0.000000	           -0.438954	            0.616186	           -1.690730	           -0.315406
            0.006000	            0.000000	            0.000000	            0.000000	           -0.450000	            0.000000	           -0.297079	            0.000000	            0.000000	            0.000000	          -16.820199	           64.809176	            6.549593	           -1.381056	            0.000000	           -0.443358	            0.583882	           -1.802157	           -0.233096
            0.007000	            0.000000	            0.000000	            0.000000	           -0.450000	            0.000000	           -0.297079	            0.000000	            0.000000	            0.000000	          -16.474066	           74.773272	            6.333168	           -1.373242	            0.000000	           -0.446790	            0.546336	           -1.877449	           -0.162242
            0.008000	            0.000000	            0.000000	            0.000000	           -0.450000	            0.000000	           -0.297079	            0.000000	            0.000000	            0.000000	          -15.884164	           85.559560	            5.996638	           -1.365964	            0.000000	           -0.449464	            0.504435	           -1.917675	           -0.102577
            0.009000	            0.000000	            0.000000	            0.000000	           -0.450000	            0.000000	           -0.297079	            0.000000	            0.000000	            0.000000	          -15.084035	           97.186306	            5.546616	           -1.359270	            0.000000	           -0.451567	            0.459199	           -1.924645	           -0.053609
            0.010000	            0.000000	            0.000000	            0.000000	           -0.450000	            0.000000	           -0.297079	            0.000000	            0.000000	            0.000000	          -14.116942	          109.655143	            4.991772	           -1.353179	            0.000000	           -0.453229	            0.411729	           -1.900792	           -0.014661
            0.011000	            0.000000	            0.000000	            0.000000	           -0.450000	            0.000000	           -0.297079	            0.000000	            0.000000	            0.000000	          -13.035052	          122.950440	            4.342354	           -1.347694	            0.000000	           -0.454543	            0.363151	           -1.849043	            0.015090
            0.012000	            0.000000	            0.000000	            0.000000	           -0.450000	            0.000000	           -0.297079	            0.000000	            0.000000	            0.000000	          -11.898338	          137.039286	            3.609682	           -1.342804	            0.000000	           -0.455578	            0.314565	           -1.772675	            0.036574
            0.013000	            0.000000	            0.000000	            0.000000	           -0.450000	            0.000000	           -0.297079	            0.000000	            0.000000	            0.000000	          -10.773208	          151.872080	            2.805655	           -1.338490	            0.000000	           -0.456385	            0.266995	           -1.675184	            0.050791
            0.014000	            0.000000	            0.000000	            0.000000	           -0.450000	            0.000000	           -0.297079	            0.000000	            0.000000	            0.000000	           -9.730900	          167.383710	            1.942298	           -1.334711	            0.000000	           -0.457010	            0.221350	           -1.560152	            0.058773
            0.015000	            0.000000	            0.000000	            0.000000	           -0.450000	            0.000000	           -0.297079	            0.000000	            0.000000	            0.000000	           -8.845668	          183.495261	            1.031357	           -1.331407	            0.000000	           -0.457490	            0.178394	           -1.431128	            0.061550
            0.016000	            0.000000	            0.000000	            0.000000	           -0.450000	            0.000000	           -0.297079	            0.000000	            0.000000	            0.000000	           -8.192803	          200.116192	            0.083979	           -1.328504	            0.000000	           -0.457855	            0.138721	           -1.291530	            0.060125
            0.017000	            0.000000	            0.000000	            0.000000	           -0.450000	            0.000000	           -0.297079	            0.000000	            0.000000	            0.000000	           -7.846551	          217.146883	           -0.889526	           -1.325932	            0.000000	           -0.458131	            0.102743	           -1.144551	            0.055443
            0.018000	            0.000000	            0.000000	            0.000000	           -0.450000	            0.000000	           -0.297079	            0.000000	            0.000000	            0.000000	           -7.877971	          234.481448	           -1.879833	           -1.323623	            0.000000	           -0.458336	            0.070688	           -0.993102	            0.048375
            0.019000	            0.000000	            0.000000	            0.000000	           -0.450000	            0.000000	           -0.297079	            0.000000	            0.000000	            0.000000	           -8.352816	          252.010693	           -2.878665	           -1.321518	            0.000000	           -0.458490	            0.042603	           -0.839760	            0.039703
            0.020000	            0.000000	            0.000000	            0.000000	           -0.450000	            0.000000	           -0.297079	            0.000000	            0.000000	            0.000000	           -9.329496	          269.625115	           -3.878771	           -1.319565	            0.000000	           -0.458607	            0.018369	           -0.686739	            0.030109
            0.021000	            0.000000	            0.000000	            0.000000	           -0.450000	            0.000000	           -0.297079	            0.000000	            0.000000	            0.000000	          -10.857189	          287.217824	           -4.873839	           -1.317725	            0.000000	           -0.458701	           -0.002278	           -0.535887	            0.020170
            0.022000	            0.000000	            0.000000	            0.000000	           -0.450000	            0.000000	           -0.297079	            0.000000	            0.000000	            0.000000	          -12.974182	          304.687276	           -5.858358	           -1.315968	            0.000000	           -0.458782	           -0.019725	           -0.388680	            0.010357
            0.023000	            0.000000	            0.000000	            0.000000	           -0.450000	            0.000000	           -0.297079	            0.000000	            0.000000	            0.000000	          -15.706486	          321.939747	           -6.827447	           -1.314274	            0.000000	           -0.458856	           -0.034454	           -0.246248	            0.001038
            0.024000	            0.000000	            0.000000	            0.000000	           -0.450000	            0.000000	           -0.297079	            0.000000	            0.000000	            0.000000	          -19.066780	          338.891450	           -7.776660	           -1.312626	            0.000000	           -0.458930	           -0.047007	           -0.109400	           -0.007517
            0.025000	            0.000000	            0.000000	            0.000000	           -0.450000	            0.000000	           -0.297079	            0.000000	            0.000000	            0.000000	          -23.053740	          355.470254	           -8.701809	           -1.311012	            0.000000	           -0.459002	           -0.057963	            0.021343	           -0.015126
            0.026000	            0.000000	            0.000000	            0.000000	           -0.450000	            0.000000	           -0.297079	            0.000000	            0.000000	            0.000000	          -27.651754	          371.616960	           -9.598781	           -1.309419	            0.000000	           -0.459072	           -0.067899	            0.145704	           -0.021684
            0.027000	            0.000000	            0.000000	            0.000000	           -0.450000	            0.000000	           -0.297079	            0.000000	            0.000000	            0.000000	          -32.831060	          387.286106	          -10.463405	           -1.307845	            0.000000	           -0.459135	           -0.077373	            0.263607	           -0.027155
            0.028000	            0.000000	            0.000000	            0.000000	           -0.450000	            0.000000	           -0.297079	            0.000000	            0.000000	            0.000000	          -38.548285	          402.446308	          -11.291343	           -1.306289	            0.000000	           -0.459193	           -0.086892	            0.375137	           -0.031558
            0.029000	            0.000000	            0.000000	            0.000000	           -0.450000	            0.000000	           -0.297079	            0.000000	            0.000000	            0.000000	          -44.747396	          417.080130	          -12.078027	           -1.304759	            0.000000	           -0.459249	           -0.096896	            0.480492	           -0.034954
            0.030000	            0.000000	            0.000000	            0.000000	           -0.450000	            0.000000	           -0.297079	            0.000000	            0.000000	            0.000000	          -51.361003	          431.183521	          -12.818639	           -1.303262	            0.000000	           -0.459307	           -0.107740	            0.579951	           -0.037433
            0.031000	            0.000000	            0.000000	            0.000000	           -0.450000	            0.000000	           -0.297079	            0.000000	            0.000000	            0.000000	          -58.312003	          444.764844	          -13.508136	           -1.301806	            0.000000	           -0.459371	           -0.119685	            0.673833	           -0.039109
            0.032000	            0.000000	            0.000000	            0.000000	           -0.450000	            0.000000	           -0.297079	            0.000000	            0.000000	            0.000000	          -65.515490	          457.843538	          -14.141310	           -1.300392	            0.000000	           -0.459439	           -0.132895	            0.762471	           -0.040105
            0.033000	            0.000000	            0.000000	            0.000000	           -0.450000	            0.000000	           -0.297079	            0.000000	            0.000000	            0.000000	          -72.880896	          470.448481	          -14.712872	           -1.299020	            0.000000	           -0.459511	           -0.147429	            0.846186	           -0.040544
            0.034000	            0.000000	            0.000000	            0.000000	           -0.450000	            0.000000	           -0.297079	            0.000000	            0.000000	            0.000000	          -80.314269	          482.616095	          -15.217570	           -1.297688	            0.000000	           -0.459587	           -0.163255	            0.925269	           -0.040549
            0.035000	            0.000000	            0.000000	            0.000000	           -0.450000	            0.000000	           -0.297079	            0.000000	            0.000000	            0.000000	          -87.720655	          494.388265	          -15.650312	           -1.296394	            0.000000	           -0.459666	           -0.180247	            0.999969	           -0.040229
            0.036000	            0.000000	            0.000000	            0.000000	           -0.450000	            0.000000	           -0.297079	            0.000000	            0.000000	            0.000000	          -95.006473	          505.810139	          -16.006291	           -1.295134	            0.000000	           -0.459746	           -0.198205	            1.070483	           -0.039682
            0.037000	            0.000000	            0.000000	            0.000000	           -0.450000	            0.000000	           -0.297079	            0.000000	            0.000000	            0.000000	         -102.081850	          516.927878	          -16.281118	           -1.293907	            0.000000	           -0.459825	           -0.216864	            1.136958	           -0.038988
            0.038000	            0.000000	            0.000000	            0.000000	           -0.450000	            0.000000	           -0.297079	            0.000000	            0.000000	            0.000000	         -108.862808	          527.786421	          -16.470930	           -1.292712	            0.000000	           -0.459903	           -0.235912	            1.199486	           -0.038210
            0.039000	            0.000000	            0.000000	            0.000000	           -0.450000	            0.000000	           -0.297079	            0.000000	            0.000000	            0.000000	         -115.273277	          538.427347	          -16.572499	           -1.291551	            0.000000	           -0.459982	           -0.255004	            1.258112	           -0.037396
            0.040000	            0.000000	            0.000000	            0.000000	           -0.450000	            0.000000	           -0.297079	            0.000000	            0.000000	            0.000000	         -121.246844	          548.886885	          -16.583304	           -1.290422	            0.000000	           -0.460065	           -0.273782	            1.312844	           -0.036574
            0.041000	            0.000000	            0.000000	            0.000000	           -0.450000	            0.000000	           -0.297079	            0.000000	            0.000000	            0.000000	         -126.728204	          559.194151	          -16.501598	           -1.289324	            0.000000	           -0.460155	           -0.291890	            1.363654	           -0.035761
            0.042000	            0.000000	            0.000000	            0.000000	           -0.450000	            0.000000	           -0.297079	            0.000000	            0.000000	            0.000000	         -131.674263	          569.369658	          -16.326445	           -1.288254	            0.000000	           -0.460254	           -0.308987	            1.410496	           -0.034957
            0.043000	            0.000000	            0.000000	            0.000000	           -0.450000	            0.000000	           -0.297079	            0.000000	            0.000000	            0.000000	         -136.054876	          579.424153	          -16.057735	           -1.287210	            0.000000	           -0.460361	           -0.324765	            1.453310	           -0.034154
            0.044000	            0.000000	            0.000000	            0.000000	           -0.450000	            0.000000	           -0.297079	            0.000000	            0.000000	            0.000000	         -139.853180	          589.357825	          -15.696186	           -1.286191	            0.000000	           -0.460475	           -0.338959	            1.492036	           -0.033337
            0.045000	            0.000000	            0.000000	            0.000000	           -0.450000	            0.000000	           -0.297079	            0.000000	            0.000000	            0.000000	         -143.065540	          599.159904	          -15.243323	           -1.285200	            0.000000	           -0.460594	           -0.351351	            1.526619	           -0.032483
            0.046000	            0.000000	            0.000000	            0.000000	           -0.450000	            0.000000	           -0.297079	            0.000000	            0.000000	            0.000000	         -145.701103	          608.808674	          -14.701448	           -1.284239	            0.000000	           -0.460716	           -0.361784	            1.557023	           -0.031569
            0.047000	            0.000000	            0.000000	            0.000000	           -0.450000	            0.000000	           -0.297079	            0.000000	            0.000000	            0.000000	         -147.780986	          618.271896	          -14.073595	           -1.283312	            0.000000	           -0.460841	           -0.370159	            1.583231	           -0.030567
            0.048000	            0.000000	            0.000000	            0.000000	           -0.450000	            0.000000	           -0.297079	            0.000000	            0.000000	            0.000000	         -149.337123	          627.507631	          -13.363482	           -1.282423	            0.000000	           -0.460969	           -0.376440	            1.605255	           -0.029455
            0.049000	            0.000000	            0.000000	            0.000000	           -0.450000	            0.000000	           -0.297079	            0.000000	            0.000000	            0.000000	         -150.410839	          636.465430	          -12.575446	           -1.281574	            0.000000	           -0.461103	           -0.380648	            1.623139	           -0.028209
            0.050000	            0.000000	            0.000000	            0.000000	           -0.450000	            0.000000	           -0.297079	            0.000000	            0.000000	            0.000000	         -151.051171	          645.087856	          -11.714382	           -1.280768	            0.000000	           -0.461243	           -0.382863	            1.636962	           -0.026813
            0.051000	            0.000000	            0.000000	            0.000000	           -0.450000	            0.000000	           -0.297079	            0.000000	            0.000000	            0.000000	         -151.313040	          653.312286	          -10.785671	           -1.280005	            0.000000	           -0.461389	           -0.383212	            1.646838	           -0.025251
            0.052000	            0.000000	            0.000000	            0.000000	           -0.450000	            0.000000	           -0.297079	            0.000000	            0.000000	            0.000000	         -151.255300	          661.072913	           -9.795100	           -1.279284	            0.000000	           -0.461537	           -0.381867	            1.652920	           -0.023516
            0.053000	            0.000000	            0.000000	            0.000000	           -0.450000	            0.000000	           -0.297079	            0.000000	            0.000000	            0.000000	         -150.938779	          668.302909	           -8.748779	           -1.278603	            0.000000	           -0.461686	           -0.379031	            1.655392	           -0.021603
            0.054000	            0.000000	            0.000000	            0.000000	           -0.450000	            0.000000	           -0.297079	            0.000000	            0.000000	            0.000000	         -150.424343	          674.936642	           -7.653050	           -1.277957	            0.000000	           -0.461832	           -0.374935	            1.654472	           -0.019515
            0.055000	            0.000000	            0.000000	            0.000000	           -0.450000	            0.000000	           -0.297079	            0.000000	            0.000000	            0.000000	         -149.771081	          680.911896	           -6.514386	           -1.277344	            0.000000	           -0.461972	           -0.369825	            1.650408	           -0.017255
            0.056000	            0.000000	            0.000000	            0.000000	           -0.450000	            0.000000	           -0.297079	            0.000000	            0.000000	            0.000000	         -149.034656	          686.172008	           -5.339282	           -1.276760	            0.000000	           -0.462108	           -0.363952	            1.643473	           -0.014835
            0.057000	            0.000000	            0.000000	            0.000000	           -0.450000	            0.000000	           -0.297079	            0.000000	            0.000000	            0.000000	         -148.265886	          690.667857	           -4.134139	           -1.276201	            0.000000	           -0.462239	           -0.357565	            1.633955	           -0.012266
            0.058000	            0.000000	            0.000000	            0.000000	           -0.450000	            0.000000	           -0.297079	            0.000000	            0.000000	            0.000000	         -147.509596	          694.359635	           -2.905146	           -1.275665	            0.000000	           -0.462369	           -0.350904	            1.622162	           -0.009563
            0.059000	            0.000000	            0.000000	            0.000000	           -0.450000	            0.000000	           -0.297079	            0.000000	            0.000000	            0.000000	         -146.803758	          697.218356	           -1.658150	           -1.275150	            0.000000	           -0.462500	           -0.344190	            1.608405	           -0.006744
            0.060000	            0.000000	            0.000000	            0.000000	           -0.450000	            0.000000	           -0.297079	            0.000000	            0.000000	            0.000000	         -146.178967	          699.227053	           -0.398529	           -1.274656	            0.000000	           -0.462634	           -0.337621	            1.592999	           -0.003826
            0.061000	            0.000000	            0.000000	            0.000000	           -0.450000	            0.000000	           -0.297079	            0.000000	            0.000000	            0.000000	         -145.658221	          700.381623	            0.868931	           -1.274180	            0.000000	           -0.462772	           -0.331368	            1.576250	           -0.000826
            0.062000	            0.000000	            0.000000	            0.000000	           -0.450000	            0.000000	           -0.297079	            0.000000	            0.000000	            0.000000	         -145.257020	          700.691320	            2.140157	           -1.273719	            0.000000	           -0.462916	           -0.325568	            1.558456	            0.002236
            0.063000	            0.000000	            0.000000	            0.000000	           -0.450000	            0.000000	           -0.297079	            0.000000	            0.000000	            0.000000	         -144.983755	          700.178856	            3.411898	           -1.273273	            0.000000	           -0.463065	           -0.320327	            1.539893	            0.005344
            0.064000	            0.000000	            0.000000	            0.000000	           -0.450000	            0.000000	           -0.297079	            0.000000	            0.000000	            0.000000	         -144.840344	          698.880150	            4.681817	           -1.272838	            0.000000	           -0.463222	           -0.315717	            1.520810	            0.008481
            0.065000	            0.000000	            0.000000	            0.000000	           -0.450000	            0.000000	           -0.297079	            0.000000	            0.000000	            0.000000	         -144.823089	          696.843704	            5.948573	           -1.272416	            0.000000	           -0.463393	           -0.311773	            1.501426	            0.011631
            0.066000	            0.000000	            0.000000	            0.000000	           -0.450000	            0.000000	           -0.297079	            0.000000	            0.000000	            0.000000	         -144.923683	          694.129667	            7.211868	           -1.272004	            0.000000	           -0.463579	           -0.308499	            1.481918	            0.014781
            0.067000	            0.000000	            0.000000	            0.000000	           -0.450000	            0.000000	           -0.297079	            0.000000	            0.000000	            0.000000	         -145.130340	          690.808586	            8.472477	           -1.271598	            0.000000	           -0.463777	           -0.305870	            1.462419	            0.017914
            0.068000	            0.000000	            0.000000	            0.000000	           -0.450000	            0.000000	           -0.297079	            0.000000	            0.000000	            0.000000	         -145.428954	          686.959920	            9.732241	           -1.271196	            0.000000	           -0.463984	           -0.303828	            1.443014	            0.021017
            0.069000	            0.000000	            0.000000	            0.000000	           -0.450000	            0.000000	           -0.297079	            0.000000	            0.000000	            0.000000	         -145.804272	          682.670336	           10.994031	           -1.270796	            0.000000	           -0.464194	           -0.302295	            1.423734	            0.024078
            0.070000	            0.000000	            0.000000	            0.000000	           -0.450000	            0.000000	           -0.297079	            0.000000	            0.000000	            0.000000	         -146.240994	          678.031865	           12.261671	           -1.270395	            0.000000	           -0.464402	           -0.301169	            1.404553	            0.027081
            0.071000	            0.000000	            0.000000	            0.000000	           -0.450000	            0.000000	           -0.297079	            0.000000	            0.000000	            0.000000	         -146.724765	          673.139946	           13.539827	           -1.269992	            0.000000	           -0.464603	           -0.300332	            1.385392	            0.030012
            0.072000	            0.000000	            0.000000	            0.000000	           -0.450000	            0.000000	           -0.297079	            0.000000	            0.000000	            0.000000	         -147.243020	          668.091433	           14.833856	           -1.269587	            0.000000	           -0.464799	           -0.299655	            1.366119	            0.032857
            0.073000	            0.000000	            0.000000	            0.000000	           -0.450000	            0.000000	           -0.297079	            0.000000	            0.000000	            0.000000	         -147.785642	          662.982608	           16.149615	           -1.269178	            0.000000	           -0.464993	           -0.298998	            1.346551	            0.035599
            0.074000	            0.000000	            0.000000	            0.000000	           -0.450000	            0.000000	           -0.297079	            0.000000	            0.000000	            0.000000	         -148.345407	          657.907251	           17.493236	           -1.268764	            0.000000	           -0.465189	           -0.298221	            1.326468	            0.038222
            0.075000	            0.000000	            0.000000	            0.000000	           -0.450000	            0.000000	           -0.297079	            0.000000	            0.000000	            0.000000	         -148.918208	          652.954805	           18.870866	           -1.268346	            0.000000	           -0.465392	           -0.297185	            1.305617	            0.040708
            0.076000	            0.000000	            0.000000	            0.000000	           -0.450000	            0.000000	           -0.297079	            0.000000	            0.000000	            0.000000	         -149.503052	          648.208701	           20.288374	           -1.267921	            0.000000	           -0.465605	           -0.295756	            1.283727	            0.043041
            0.077000	            0.000000	            0.000000	            0.000000	           -0.450000	            0.000000	           -0.297079	            0.000000	            0.000000	            0.000000	         -150.101837	          643.744848	           21.751048	           -1.267492	            0.000000	           -0.465827	           -0.293815	            1.260527	            0.045201
            0.078000	            0.000000	            0.000000	            0.000000	           -0.450000	            0.000000	           -0.297079	            0.000000	            0.000000	            0.000000	         -150.718927	          639.630342	           23.263263	           -1.267057	            0.000000	           -0.466059	           -0.291255	            1.235758	            0.047174
            0.079000	            0.000000	            0.000000	            0.000000	           -0.450000	            0.000000	           -0.297079	            0.000000	            0.000000	            0.000000	         -151.360550	          635.922414	           24.828161	           -1.266615	            0.000000	           -0.466297	           -0.287993	            1.209193	            0.048944
            0.080000	            0.000000	            0.000000	            0.000000	           -0.450000	            0.000000	           -0.297079	            0.000000	            0.000000	            0.000000	         -152.034073	          632.667633	           26.447333	           -1.266161	            0.000000	           -0.466536	           -0.283968	            1.180657	            0.050498
            0.081000	            0.000000	            0.000000	            0.000000	           -0.450000	            0.000000	           -0.297079	            0.000000	            0.000000	            0.000000	         -152.747162	          629.901382	           28.120532	           -1.265692	            0.000000	           -0.466776	           -0.279147	            1.150044	            0.051828
            0.082000	            0.000000	            0.000000	            0.000000	           -0.450000	            0.000000	           -0.297079	            0.000000	            0.000000	            0.000000	         -153.506922	          627.647614	           29.845420	           -1.265198	            0.000000	           -0.467014	           -0.273526	            1.117330	            0.052929
            0.083000	            0.000000	            0.000000	            0.000000	           -0.450000	            0.000000	           -0.297079	            0.000000	            0.000000	            0.000000	         -154.319028	          625.918895	           31.617379	           -1.264674	            0.000000	           -0.467252	           -0.267133	            1.082592	            0.053801
            0.084000	            0.000000	            0.000000	            0.000000	           -0.450000	            0.000000	           -0.297079	            0.000000	            0.000000	            0.000000	         -155.186924	          624.716727	           33.429387	           -1.264112	            0.000000	           -0.467487	           -0.260028	            1.046017	            0.054450
            0.085000	            0.000000	            0.000000	            0.000000	           -0.450000	            0.000000	           -0.297079	            0.000000	            0.000000	            0.000000	         -156.111134	          624.032132	           35.271983	           -1.263506	            0.000000	           -0.467720	           -0.252303	            1.007908	            0.054890
            0.086000	            0.000000	            0.000000	            0.000000	           -0.450000	            0.000000	           -0.297079	            0.000000	            0.000000	            0.000000	         -157.088729	          623.846493	           37.133327	           -1.262849	            0.000000	           -0.467948	           -0.244082	            0.968686	            0.055140
            0.087000	            0.000000	            0.000000	            0.000000	           -0.450000	            0.000000	           -0.297079	            0.000000	            0.000000	            0.000000	         -158.112988	          624.132620	           38.999362	           -1.262133	            0.000000	           -0.468169	           -0.235514	            0.928889	            0.055228
            0.088000	            0.000000	            0.000000	            0.000000	           -0.450000	            0.000000	           -0.297079	            0.000000	            0.000000	            0.000000	         -159.173281	          624.855998	           40.854077	           -1.261356	            0.000000	           -0.468384	           -0.226776	            0.889162	            0.055187
            0.089000	            0.000000	            0.000000	            0.000000	           -0.450000	            0.000000	           -0.297079	            0.000000	            0.000000	            0.000000	         -160.255195	          625.976196	           42.679879	           -1.260522	            0.000000	           -0.468593	           -0.218064	            0.850245	            0.055057
            0.090000	            0.000000	            0.000000	            0.000000	           -0.450000	            0.000000	           -0.297079	            0.000000	            0.000000	            0.000000	         -161.340887	          627.448377	           44.458044	           -1.259644	            0.000000	           -0.468799	           -0.209589	            0.812956	            0.054885
            0.091000	            0.000000	            0.000000	            0.000000	           -0.450000	            0.000000	           -0.297079	            0.000000	            0.000000	            0.000000	         -162.409680	          629.224860	           46.169255	           -1.258743	            0.000000	           -0.469002	           -0.201571	            0.778166	            0.054721
            0.092000	            0.000000	            0.000000	            0.000000	           -0.450000	            0.000000	           -0.297079	            0.000000	            0.000000	            0.000000	         -163.438841	          631.256683	           47.794182	           -1.257842	            0.000000	           -0.469201	           -0.194234	            0.746771	            0.054618
            0.093000	            0.000000	            0.000000	            0.000000	           -0.450000	            0.000000	           -0.297079	            0.000000	            0.000000	            0.000000	         -164.404531	          633.495119	           49.314092	           -1.256962	            0.000000	           -0.469394	           -0.187795	            0.719669	            0.054630
            0.094000	            0.000000	            0.000000	            0.000000	           -0.450000	            0.000000	           -0.297079	            0.000000	            0.000000	            0.000000	         -165.282853	          635.893070	           50.711468	           -1.256119	            0.000000	           -0.469576	           -0.182461	            0.697721	            0.054811
            0.095000	            0.000000	            0.000000	            0.000000	           -0.450000	            0.000000	           -0.297079	            0.000000	            0.000000	            0.000000	         -166.050956	          638.406316	           51.970578	           -1.255321	            0.000000	           -0.469741	           -0.178420	            0.681724	            0.055212
            0.096000	            0.000000	            0.000000	            0.000000	           -0.450000	            0.000000	           -0.297079	            0.000000	            0.000000	            0.000000	         -166.688123	          640.994557	           53.077997	           -1.254574	            0.000000	           -0.469884	           -0.175833	            0.672381	            0.055879
            0.097000	            0.000000	            0.000000	            0.000000	           -0.450000	            0.000000	           -0.297079	            0.000000	            0.000000	            0.000000	         -167.176783	          643.622224	           54.023045	           -1.253877	            0.000000	           -0.470006	           -0.174832	            0.670267	            0.056850
            0.098000	            0.000000	            0.000000	            0.000000	           -0.450000	            0.000000	           -0.297079	            0.000000	            0.000000	            0.000000	         -167.503391	          646.259031	           54.798110	           -1.253224	            0.000000	           -0.470110	           -0.175511	            0.675807	            0.058155
            0.099000	            0.000000	            0.000000	            0.000000	           -0.450000	            0.000000	           -0.297079	            0.000000	            0.000000	            0.000000	         -167.659123	          648.880256	           55.398856	           -1.252612	            0.000000	           -0.470203	           -0.177924	            0.689257	            0.059814
            0.100000	            0.000000	            0.000000	            0.000000	           -0.450000	            0.000000	           -0.297079	            0.000000	            0.000000	            0.000000	         -167.640349	          651.466757	           55.824308	           -1.252031	            0.000000	           -0.470292	           -0.182081	            0.710687	            0.061833
            0.101000	            0.000000	            0.000000	            0.000000	           -0.450000	            0.000000	           -0.297079	            0.000000	            0.000000	            0.000000	         -167.448854	          654.004732	           56.076802	           -1.251473	            0.000000	           -0.470383	           -0.187950	            0.739974	            0.064208
            0.102000	            0.000000	            0.000000	            0.000000	           -0.450000	            0.000000	           -0.297079	            0.000000	            0.000000	            0.000000	         -167.091798	          656.485245	           56.161822	           -1.250925	            0.000000	           -0.470478	           -0.195456	            0.776803	            0.066922
            0.103000	            0.000000	            0.000000	            0.000000	           -0.450000	            0.000000	           -0.297079	            0.000000	            0.000000	            0.000000	         -166.581417	          658.903568	           56.087723	           -1.250372	            0.000000	           -0.470577	           -0.204483	            0.820679	            0.069943
            0.104000	            0.000000	            0.000000	            0.000000	           -0.450000	            0.000000	           -0.297079	            0.000000	            0.000000	            0.000000	         -165.934484	          661.258364	           55.865369	           -1.249803	            0.000000	           -0.470675	           -0.214878	            0.870935	            0.073230
            0.105000	            0.000000	            0.000000	            0.000000	           -0.450000	            0.000000	           -0.297079	            0.000000	            0.000000	            0.000000	         -165.171555	          663.550781	           55.507702	           -1.249208	            0.000000	           -0.470766	           -0.226461	            0.926761	            0.076732
            0.106000	            0.000000	            0.000000	            0.000000	           -0.450000	            0.000000	           -0.297079	            0.000000	            0.000000	            0.000000	         -164.316056	          665.783488	           55.029261	           -1.248582	            0.000000	           -0.470847	           -0.239025	            0.987233	            0.080391
            0.107000	            0.000000	            0.000000	            0.000000	           -0.450000	            0.000000	           -0.297079	            0.000000	            0.000000	            0.000000	         -163.393241	          667.959740	           54.445682	           -1.247924	            0.000000	           -0.470912	           -0.252348	            1.051347	            0.084141
            0.108000	            0.000000	            0.000000	            0.000000	           -0.450000	            0.000000	           -0.297079	            0.000000	            0.000000	            0.000000	         -162.429102	          670.082480	           53.773193	           -1.247234	            0.000000	           -0.470964	           -0.266202	            1.118053	            0.087916
            0.109000	            0.000000	            0.000000	            0.000000	           -0.450000	            0.000000	           -0.297079	            0.000000	            0.000000	            0.000000	         -161.449261	          672.153563	           53.028135	           -1.246515	            0.000000	           -0.471003	           -0.280359	            1.186299	            0.091648
            0.110000	            0.000000	            0.000000	            0.000000	           -0.450000	            0.000000	           -0.297079	            0.000000	            0.000000	            0.000000	         -160.477923	          674.173115	           52.226515	           -1.245769	            0.000000	           -0.471032	           -0.294599	            1.255067	            0.095272
            0.111000	            0.000000	            0.000000	            0.000000	           -0.450000	            0.000000	           -0.297079	            0.000000	            0.000000	            0.000000	         -159.536931	          676.139056	           51.383608	           -1.245000	            0.000000	           -0.471052	           -0.308720	            1.323410	            0.098731
            0.112000	            0.000000	            0.000000	            0.000000	           -0.450000	            0.000000	           -0.297079	            0.000000	            0.000000	            0.000000	         -158.644967	          678.046820	           50.513630	           -1.244214	            0.000000	           -0.471060	           -0.322543	            1.390481	            0.101971
            0.113000	            0.000000	            0.000000	            0.000000	           -0.450000	            0.000000	           -0.297079	            0.000000	            0.000000	            0.000000	         -157.816935	          679.889250	           49.629468	           -1.243417	            0.000000	           -0.471056	           -0.335917	            1.455563	            0.104951
            0.114000	            0.000000	            0.000000	            0.000000	           -0.450000	            0.000000	           -0.297079	            0.000000	            0.000000	            0.000000	         -157.063549	          681.656693	           48.742499	           -1.242617	            0.000000	           -0.471042	           -0.348724	            1.518090	            0.107639
            0.115000	            0.000000	            0.000000	            0.000000	           -0.450000	            0.000000	           -0.297079	            0.000000	            0.000000	            0.000000	         -156.391136	          683.337255	           47.862470	           -1.241820	            0.000000	           -0.471019	           -0.360877	            1.577651	            0.110016
            0.116000	            0.000000	            0.000000	            0.000000	           -0.450000	            0.000000	           -0.297079	            0.000000	            0.000000	            0.000000	         -155.801656	          684.917212	           46.997459	           -1.241031	            0.000000	           -0.470992	           -0.372327	            1.634001	            0.112073
            0.117000	            0.000000	            0.000000	            0.000000	           -0.450000	            0.000000	           -0.297079	            0.000000	            0.000000	            0.000000	         -155.292917	          686.381534	           46.153900	           -1.240253	            0.000000	           -0.470963	           -0.383056	            1.687055	            0.113814
            0.118000	            0.000000	            0.000000	            0.000000	           -0.450000	            0.000000	           -0.297079	            0.000000	            0.000000	            0.000000	         -154.858978	          687.714492	           45.336668	           -1.239489	            0.000000	           -0.470936	           -0.393077	            1.736875	            0.115252
            0.119000	            0.000000	            0.000000	            0.000000	           -0.450000	            0.000000	           -0.297079	            0.000000	            0.000000	            0.000000	         -154.490693	          688.900323	           44.549219	           -1.238741	            0.000000	           -0.470912	           -0.402429	            1.783651	            0.116411
            0.120000	            0.000000	            0.000000	            0.000000	           -0.450000	            0.000000	           -0.297079	            0.000000	            0.000000	            0.000000	         -154.176369	          689.923897	           43.793769	           -1.238008	            0.000000	           -0.470891	           -0.411174	            1.827679	            0.117323
            0.121000	            0.000000	            0.000000	            0.000000	           -0.450000	            0.000000	           -0.297079	            0.000000	            0.000000	            0.000000	         -153.902500	          690.771364	           43.071497	           -1.237291	            0.000000	           -0.470874	           -0.419386	            1.869335	            0.118025
            0.122000	            0.000000	            0.000000	            0.000000	           -0.450000	            0.000000	           -0.297079	            0.000000	            0.000000	            0.000000	         -153.654525	          691.430747	           42.382775	           -1.236588	            0.000000	           -0.470863	           -0.427154	            1.909044	            0.118557
            0.123000	            0.000000	            0.000000	            0.000000	           -0.450000	            0.000000	           -0.297079	            0.000000	            0.000000	            0.000000	         -153.417586	          691.892451	           41.727394	           -1.235897	            0.000000	           -0.470859	           -0.434566	            1.947249	            0.118964
            0.124000	            0.000000	            0.000000	            0.000000	           -0.450000	            0.000000	           -0.297079	            0.000000	            0.000000	            0.000000	         -153.177231	          692.149665	           41.104782	           -1.235216	            0.000000	           -0.470865	           -0.441710	            1.984386	            0.119289
            0.125000	            0.000000	            0.000000	            0.000000	           -0.450000	            0.000000	           -0.297079	            0.000000	            0.000000	            0.000000	         -152.920052	          692.198643	           40.514214	           -1.234540	            0.000000	           -0.470882	           -0.448666	            2.020853	            0.119574
            0.126000	            0.000000	            0.000000	            0.000000	           -0.450000	            0.000000	           -0.297079	            0.000000	            0.000000	            0.000000	         -152.634211	          692.038862	           39.954978	           -1.233866	            0.000000	           -0.470907	           -0.455505	            2.056997	            0.119859
            0.127000	            0.000000	            0.000000	            0.000000	           -0.450000	            0.000000	           -0.297079	            0.000000	            0.000000	            0.000000	         -152.309852	          691.673038	           39.426518	           -1.233192	            0.000000	           -0.470937	           -0.462282	            2.093089	            0.120179
            0.128000	            0.000000	            0.000000	            0.000000	           -0.450000	            0.000000	           -0.297079	            0.000000	            0.000000	            0.000000	         -151.939384	          691.107018	           38.928534	           -1.232515	            0.000000	           -0.470970	           -0.469034	            2.129318	            0.120562
            0.129000	            0.000000	            0.000000	            0.000000	           -0.450000	            0.000000	           -0.297079	            0.000000	            0.000000	            0.000000	         -151.517626	          690.349557	           38.461030	           -1.231836	            0.000000	           -0.471006	           -0.475784	            2.165787	            0.121035
            0.130000	            0.000000	            0.000000	            0.000000	           -0.450000	            0.000000	           -0.297079	            0.000000	            0.000000	            0.000000	         -151.041827	          689.411979	           38.024334	           -1.231156	            0.000000	           -0.471045	           -0.482536	            2.202510	            0.121614
            0.131000	            0.000000	            0.000000	            0.000000	           -0.450000	            0.000000	           -0.297079	            0.000000	            0.000000	            0.000000	         -150.511565	          688.307762	           37.619064	           -1.230476	            0.000000	           -0.471090	           -0.489279	            2.239423	            0.122313
            0.132000	            0.000000	            0.000000	            0.000000	           -0.450000	            0.000000	           -0.297079	            0.000000	            0.000000	            0.000000	         -149.928544	          687.052054	           37.246071	           -1.229799	            0.000000	           -0.471142	           -0.495988	            2.276388	            0.123139
            0.133000	            0.000000	            0.000000	            0.000000	           -0.450000	            0.000000	           -0.297079	            0.000000	            0.000000	            0.000000	         -149.296310	          685.661140	           36.906346	           -1.229129	            0.000000	           -0.471202	           -0.502628	            2.313214	            0.124094
            0.134000	            0.000000	            0.000000	            0.000000	           -0.450000	            0.000000	           -0.297079	            0.000000	            0.000000	            0.000000	         -148.619901	          684.151899	           36.600917	           -1.228465	            0.000000	           -0.471269	           -0.509155	            2.349666	            0.125176
            0.135000	            0.000000	            0.000000	            0.000000	           -0.450000	            0.000000	           -0.297079	            0.000000	            0.000000	            0.000000	         -147.905466	          682.541260	           36.330729	           -1.227805	            0.000000	           -0.471339	           -0.515521	            2.385485	            0.126379
            0.136000	            0.000000	            0.000000	            0.000000	           -0.450000	            0.000000	           -0.297079	            0.000000	            0.000000	            0.000000	         -147.159865	          680.845684	           36.096533	           -1.227146	            0.000000	           -0.471409	           -0.521676	            2.420400	            0.127693
            0.137000	            0.000000	            0.000000	            0.000000	           -0.450000	            0.000000	           -0.297079	            0.000000	            0.000000	            0.000000	         -146.390277	          679.080699	           35.898780	           -1.226488	            0.000000	           -0.471478	           -0.527571	            2.454145	            0.129107
            0.138000	            0.000000	            0.000000	            0.000000	           -0.450000	            0.000000	           -0.297079	            0.000000	            0.000000	            0.000000	         -145.603834	          677.260491	           35.737533	           -1.225830	            0.000000	           -0.471545	           -0.533158	            2.486471	            0.130607
            0.139000	            0.000000	            0.000000	            0.000000	           -0.450000	            0.000000	           -0.297079	            0.000000	            0.000000	            0.000000	         -144.807298	          675.397578	           35.612404	           -1.225170	            0.000000	           -0.471614	           -0.538397	            2.517153	            0.132179
            0.140000	            0.000000	            0.000000	            0.000000	           -0.450000	            0.000000	           -0.297079	            0.000000	            0.000000	            0.000000	         -144.006786	          673.502573	           35.522516	           -1.224506	            0.000000	           -0.471684	           -0.543252	            2.545998	            0.133808
            0.141000	            0.000000	            0.000000	            0.000000	           -0.450000	            0.000000	           -0.297079	            0.000000	            0.000000	            0.000000	         -143.207565	          671.584029	           35.466498	           -1.223839	            0.000000	           -0.471757	           -0.547693	            2.572850	            0.135478
            0.142000	            0.000000	            0.000000	            0.000000	           -0.450000	            0.000000	           -0.297079	            0.000000	            0.000000	            0.000000	         -142.413898	          669.648394	           35.442500	           -1.223169	            0.000000	           -0.471831	           -0.551697	            2.597587	            0.137172
            0.143000	            0.000000	            0.000000	            0.000000	           -0.450000	            0.000000	           -0.297079	            0.000000	            0.000000	            0.000000	         -141.628963	          667.700041	           35.448246	           -1.222497	            0.000000	           -0.471904	           -0.555249	            2.620126	            0.138877
            0.144000	            0.000000	            0.000000	            0.000000	           -0.450000	            0.000000	           -0.297079	            0.000000	            0.000000	            0.000000	         -140.854831	          665.741390	           35.481098	           -1.221827	            0.000000	           -0.471973	           -0.558339	            2.640416	            0.140577
            0.145000	            0.000000	            0.000000	            0.000000	           -0.450000	            0.000000	           -0.297079	            0.000000	            0.000000	            0.000000	         -140.092495	          663.773104	           35.538147	           -1.221159	            0.000000	           -0.472036	           -0.560960	            2.658437	            0.142258
            0.146000	            0.000000	            0.000000	            0.000000	           -0.450000	            0.000000	           -0.297079	            0.000000	            0.000000	            0.000000	         -139.341945	          661.794337	           35.616301	           -1.220496	            0.000000	           -0.472092	           -0.563113	            2.674195	            0.143908
            0.147000	            0.000000	            0.000000	            0.000000	           -0.450000	            0.000000	           -0.297079	            0.000000	            0.000000	            0.000000	         -138.602284	          659.803035	           35.712387	           -1.219836	            0.000000	           -0.472143	           -0.564801	            2.687716	            0.145514
            0.148000	            0.000000	            0.000000	            0.000000	           -0.450000	            0.000000	           -0.297079	            0.000000	            0.000000	            0.000000	         -137.871863	          657.796266	           35.823249	           -1.219179	            0.000000	           -0.472195	           -0.566030	            2.699046	            0.147067
            0.149000	            0.000000	            0.000000	            0.000000	           -0.450000	            0.000000	           -0.297079	            0.000000	            0.000000	            0.000000	         -137.148434	          655.770552	           35.945829	           -1.218522	            0.000000	           -0.472253	           -0.566808	            2.708244	            0.148558
            0.150000	            0.000000	            0.000000	            0.000000	           -0.450000	            0.000000	           -0.297079	            0.000000	            0.000000	            0.000000	         -136.429316	          653.722206	           36.077241	           -1.217861	            0.000000	           -0.472322	           -0.567148	            2.715381	            0.149978
            0.151000	            0.000000	            0.000000	            0.000000	           -0.450000	            0.000000	           -0.297079	            0.000000	            0.000000	            0.000000	         -135.711549	          651.647642	           36.214824	           -1.217195	            0.000000	           -0.472403	           -0.567062	            2.720540	            0.151323
            0.152000	            0.000000	            0.000000	            0.000000	           -0.450000	            0.000000	           -0.297079	            0.000000	            0.000000	            0.000000	         -134.992042	          649.543652	           36.356179	           -1.216523	            0.000000	           -0.472495	           -0.566563	            2.723809	            0.152588
            0.153000	            0.000000	            0.000000	            0.000000	           -0.450000	            0.000000	           -0.297079	            0.000000	            0.000000	            0.000000	         -134.267710	          647.407640	           36.499182	           -1.215845	            0.000000	           -0.472597	           -0.565669	            2.725287	            0.153769
            0.154000	            0.000000	            0.000000	            0.000000	           -0.450000	            0.000000	           -0.297079	            0.000000	            0.000000	            0.000000	         -133.535587	          645.237799	           36.641979	           -1.215164	            0.000000	           -0.472707	           -0.564395	            2.725078	            0.154866
            0.155000	            0.000000	            0.000000	            0.000000	           -0.450000	            0.000000	           -0.297079	            0.000000	            0.000000	            0.000000	         -132.792918	          643.033230	           36.782966	           -1.214484	            0.000000	           -0.472825	           -0.562762	            2.723294	            0.155878
            0.156000	            0.000000	            0.000000	            0.000000	           -0.450000	            0.000000	           -0.297079	            0.000000	            0.000000	            0.000000	         -132.037232	          640.794008	           36.920759	           -1.213807	            0.000000	           -0.472946	           -0.560790	            2.720056	            0.156805
            0.157000	            0.000000	            0.000000	            0.000000	           -0.450000	            0.000000	           -0.297079	            0.000000	            0.000000	            0.000000	         -131.266390	          638.521184	           37.054148	           -1.213135	            0.000000	           -0.473064	           -0.558501	            2.715492	            0.157650
            0.158000	            0.000000	            0.000000	            0.000000	           -0.450000	            0.000000	           -0.297079	            0.000000	            0.000000	            0.000000	         -130.478613	          636.216739	           37.182055	           -1.212469	            0.000000	           -0.473172	           -0.555919	            2.709736	            0.158415
            0.159000	            0.000000	            0.000000	            0.000000	           -0.450000	            0.000000	           -0.297079	            0.000000	            0.000000	            0.000000	         -129.672498	          633.883494	           37.303489	           -1.211804	            0.000000	           -0.473263	           -0.553068	            2.702932	            0.159103
            0.160000	            0.000000	            0.000000	            0.000000	           -0.450000	            0.000000	           -0.297079	            0.000000	            0.000000	            0.000000	         -128.847012	          631.524983	           37.417502	           -1.211137	            0.000000	           -0.473334	           -0.549977	            2.695229	            0.159717
            0.161000	            0.000000	            0.000000	            0.000000	           -0.450000	            0.000000	           -0.297079	            0.000000	            0.000000	            0.000000	         -128.001480	          629.145298	           37.523163	           -1.210465	            0.000000	           -0.473389	           -0.546673	            2.686782	            0.160261
            0.162000	            0.000000	            0.000000	            0.000000	           -0.450000	            0.000000	           -0.297079	            0.000000	            0.000000	            0.000000	         -127.135564	          626.748919	           37.619528	           -1.209787	            0.000000	           -0.473437	           -0.543185	            2.677754	            0.160738
            0.163000	            0.000000	            0.000000	            0.000000	           -0.450000	            0.000000	           -0.297079	            0.000000	            0.000000	            0.000000	         -126.249236	          624.340533	           37.705637	           -1.209102	            0.000000	           -0.473484	           -0.539544	            2.668308	            0.161153
            0.164000	            0.000000	            0.000000	            0.000000	           -0.450000	            0.000000	           -0.297079	            0.000000	            0.000000	            0.000000	         -125.342749	          621.924851	           37.780516	           -1.208410	            0.000000	           -0.473537	           -0.535780	            2.658612	            0.161509
            0.165000	            0.000000	            0.000000	            0.000000	           -0.450000	            0.000000	           -0.297079	            0.000000	            0.000000	            0.000000	         -124.416603	          619.506430	           37.843191	           -1.207715	            0.000000	           -0.473596	           -0.531926	            2.648834	            0.161810
            0.166000	            0.000000	            0.000000	            0.000000	           -0.450000	            0.000000	           -0.297079	            0.000000	            0.000000	            0.000000	         -123.471518	          617.089507	           37.892720	           -1.207018	            0.000000	           -0.473662	           -0.528012	            2.639139	            0.162061
            0.167000	            0.000000	            0.000000	            0.000000	           -0.450000	            0.000000	           -0.297079	            0.000000	            0.000000	            0.000000	         -122.508398	          614.677847	           37.928229	           -1.206322	            0.000000	           -0.473735	           -0.524070	            2.629689	            0.162266
            0.168000	            0.000000	            0.000000	            0.000000	           -0.450000	            0.000000	           -0.297079	            0.000000	            0.000000	            0.000000	         -121.528302	          612.274602	           37.948962	           -1.205634	            0.000000	           -0.473816	           -0.520130	            2.620638	            0.162430
            0.169000	            0.000000	            0.000000	            0.000000	           -0.450000	            0.000000	           -0.297079	            0.000000	            0.000000	            0.000000	         -120.532417	          609.882201	           37.954331	           -1.204954	            0.000000	           -0.473903	           -0.516220	            2.612132	            0.162558
            0.170000	            0.000000	            0.000000	            0.000000	           -0.450000	            0.000000	           -0.297079	            0.000000	            0.000000	            0.000000	         -119.522023	          607.502253	           37.943972	           -1.204287	            0.000000	           -0.473995	           -0.512368	            2.604303	            0.162656
            0.171000	            0.000000	            0.000000	            0.000000	           -0.450000	            0.000000	           -0.297079	            0.000000	            0.000000	            0.000000	         -118.498468	          605.135473	           37.917797	           -1.203630	            0.000000	           -0.474088	           -0.508598	            2.597268	            0.162732
            0.172000	            0.000000	            0.000000	            0.000000	           -0.450000	            0.000000	           -0.297079	            0.000000	            0.000000	            0.000000	         -117.463139	          602.781642	           37.876040	           -1.202982	            0.000000	           -0.474181	           -0.504932	            2.591126	            0.162791
            0.173000	            0.000000	            0.000000	            0.000000	           -0.450000	            0.000000	           -0.297079	            0.000000	            0.000000	            0.000000	         -116.417435	          600.439585	           37.819302	           -1.202338	            0.000000	           -0.474277	           -0.501390	            2.585955	            0.162843
            0.174000	            0.000000	            0.000000	            0.000000	           -0.450000	            0.000000	           -0.297079	            0.000000	            0.000000	            0.000000	         -115.362742	          598.107178	           37.748572	           -1.201695	            0.000000	           -0.474377	           -0.497985	            2.581808	            0.162895
            0.175000	            0.000000	            0.000000	            0.000000	           -0.450000	            0.000000	           -0.297079	            0.000000	            0.000000	            0.000000	         -114.300407	          595.781384	           37.665246	           -1.201046	            0.000000	           -0.474480	           -0.494728	            2.578714	            0.162959
            0.176000	            0.000000	            0.000000	            0.000000	           -0.450000	            0.000000	           -0.297079	            0.000000	            0.000000	            0.000000	         -113.231718	          593.458318	           37.571123	           -1.200388	            0.000000	           -0.474583	           -0.491624	            2.576675	            0.163042
            0.177000	            0.000000	            0.000000	            0.000000	           -0.450000	            0.000000	           -0.297079	            0.000000	            0.000000	            0.000000	         -112.157887	          591.133342	           37.468385	           -1.199719	            0.000000	           -0.474683	           -0.488675	            2.575664	            0.163156
            0.178000	            0.000000	            0.000000	            0.000000	           -0.450000	            0.000000	           -0.297079	            0.000000	            0.000000	            0.000000	         -111.080032	          588.801183	           37.359560	           -1.199040	            0.000000	           -0.474776	           -0.485877	            2.575628	            0.163310
            0.179000	            0.000000	            0.000000	            0.000000	           -0.450000	            0.000000	           -0.297079	            0.000000	            0.000000	            0.000000	         -109.999170	          586.456080	           37.247464	           -1.198351	            0.000000	           -0.474860	           -0.483221	            2.576485	            0.163516
            0.180000	            0.000000	            0.000000	            0.000000	           -0.450000	            0.000000	           -0.297079	            0.000000	            0.000000	            0.000000	         -108.916209	          584.091951	           37.135135	           -1.197657	            0.000000	           -0.474936	           -0.480693	            2.578131	            0.163782
            0.181000	            0.000000	            0.000000	            0.000000	           -0.450000	            0.000000	           -0.297079	            0.000000	            0.000000	            0.000000	         -107.831949	          581.702578	           37.025738	           -1.196964	            0.000000	           -0.475006	           -0.478278	            2.580436	            0.164118
            0.182000	            0.000000	            0.000000	            0.000000	           -0.450000	            0.000000	           -0.297079	            0.000000	            0.000000	            0.000000	         -106.747090	          579.281803	           36.922480	           -1.196277	            0.000000	           -0.475071	           -0.475952	            2.583252	            0.164532
            0.183000	            0.000000	            0.000000	            0.000000	           -0.450000	            0.000000	           -0.297079	            0.000000	            0.000000	            0.000000	         -105.662236	          576.823726	           36.828494	           -1.195603	            0.000000	           -0.475133	           -0.473693	            2.586416	            0.165029
            0.184000	            0.000000	            0.000000	            0.000000	           -0.450000	            0.000000	           -0.297079	            0.000000	            0.000000	            0.000000	         -104.577922	          574.322901	           36.746741	           -1.194944	            0.000000	           -0.475195	           -0.471474	            2.589752	            0.165615
            0.185000	            0.000000	            0.000000	            0.000000	           -0.450000	            0.000000	           -0.297079	            0.000000	            0.000000	            0.000000	         -103.494623	          571.774521	           36.679898	           -1.194302	            0.000000	           -0.475263	           -0.469267	            2.593076	            0.166291
            0.186000	            0.000000	            0.000000	            0.000000	           -0.450000	            0.000000	           -0.297079	            0.000000	            0.000000	            0.000000	         -102.412787	          569.174579	           36.630261	           -1.193676	            0.000000	           -0.475343	           -0.467044	            2.596199	            0.167058
            0.187000	            0.000000	            0.000000	            0.000000	           -0.450000	            0.000000	           -0.297079	            0.000000	            0.000000	            0.000000	         -101.332859	          566.520006	           36.599650	           -1.193064	            0.000000	           -0.475439	           -0.464774	            2.598934	            0.167913
            0.188000	            0.000000	            0.000000	            0.000000	           -0.450000	            0.000000	           -0.297079	            0.000000	            0.000000	            0.000000	         -100.255308	          563.808775	           36.589338	           -1.192464	            0.000000	           -0.475554	           -0.462431	            2.601093	            0.168851
            0.189000	            0.000000	            0.000000	            0.000000	           -0.450000	            0.000000	           -0.297079	            0.000000	            0.000000	            0.000000	          -99.180659	          561.039968	           36.599986	           -1.191870	            0.000000	           -0.475686	           -0.459986	            2.602496	            0.169862
            0.190000	            0.000000	            0.000000	            0.000000	           -0.450000	            0.000000	           -0.297079	            0.000000	            0.000000	            0.000000	          -98.109514	          558.213804	           36.631602	           -1.191280	            0.000000	           -0.475836	           -0.457412	            2.602969	            0.170934
            0.191000	            0.000000	            0.000000	            0.000000	           -0.450000	            0.000000	           -0.297079	            0.000000	            0.000000	            0.000000	          -97.042578	          555.331629	           36.683531	           -1.190688	            0.000000	           -0.476002	           -0.454687	            2.602346	            0.172052
            0.192000	            0.000000	            0.000000	            0.000000	           -0.450000	            0.000000	           -0.297079	            0.000000	            0.000000	            0.000000	          -95.980677	          552.395867	           36.754451	           -1.190093	            0.000000	           -0.476181	           -0.451786	            2.600472	            0.173197
            0.193000	            0.000000	            0.000000	            0.000000	           -0.450000	            0.000000	           -0.297079	            0.000000	            0.000000	            0.000000	          -94.924769	          549.409938	           36.842406	           -1.189492	            0.000000	           -0.476368	           -0.448691	            2.597198	            0.174349
            0.194000	            0.000000	            0.000000	            0.000000	           -0.450000	            0.000000	           -0.297079	            0.000000	            0.000000	            0.000000	          -93.875952	          546.378147	           36.944852	           -1.188885	            0.000000	           -0.476556	           -0.445383	            2.592390	            0.175482
            0.195000	            0.000000	            0.000000	            0.000000	           -0.450000	            0.000000	           -0.297079	            0.000000	            0.000000	            0.000000	          -92.835457	          543.305552	           37.058733	           -1.188271	            0.000000	           -0.476739	           -0.441846	            2.585921	            0.176570
            0.196000	            0.000000	            0.000000	            0.000000	           -0.450000	            0.000000	           -0.297079	            0.000000	            0.000000	            0.000000	          -91.804643	          540.197815	           37.180559	           -1.187648	            0.000000	           -0.476915	           -0.438067	            2.577674	            0.177586
            0.197000	            0.000000	            0.000000	            0.000000	           -0.450000	            0.000000	           -0.297079	            0.000000	            0.000000	            0.000000	          -90.784973	          537.061048	           37.306515	           -1.187018	            0.000000	           -0.477082	           -0.434035	            2.567543	            0.178499
            0.198000	            0.000000	            0.000000	            0.000000	           -0.450000	            0.000000	           -0.297079	            0.000000	            0.000000	            0.000000	          -89.777995	          533.901654	           37.432567	           -1.186384	            0.000000	           -0.477241	           -0.429740	            2.555434	            0.179279
            0.199000	            0.000000	            0.000000	            0.000000	           -0.450000	            0.000000	           -0.297079	            0.000000	            0.000000	            0.000000	          -88.785304	          530.726176	           37.554578	           -1.185749	            0.000000	           -0.477392	           -0.425177	            2.541264	            0.179898
            0.200000	            0.000000	            0.000000	            0.000000	           -0.450000	            0.000000	           -0.297079	            0.000000	            0.000000	            0.000000	          -87.808509	          527.541152	           37.668428	           -1.185119	            0.000000	           -0.477536	           -0.420339	            2.524962	            0.180326
            0.201000	            0.000000	            0.000000	            0.000000	           -0.450000	            0.000000	           -0.297079	            0.000000	            0.000000	            0.000000	          -86.849188	          524.352989	           37.770121	           -1.184493	            0.000000	           -0.477675	           -0.415227	            2.506474	            0.180536
            0.202000	            0.000000	            0.000000	            0.000000	           -0.450000	            0.000000	           -0.297079	            0.000000	            0.000000	            0.000000	          -85.908851	          521.167847	           37.855894	           -1.183871	            0.000000	           -0.477813	           -0.409839	            2.485760	            0.180504
            0.203000	            0.000000	            0.000000	            0.000000	           -0.450000	            0.000000	           -0.297079	            0.000000	            0.000000	            0.000000	          -84.988893	          517.991545	           37.922307	           -1.183252	            0.000000	           -0.477952	           -0.404179	            2.462798	            0.180210
            0.204000	            0.000000	            0.000000	            0.000000	           -0.450000	            0.000000	           -0.297079	            0.000000	            0.000000	            0.000000	          -84.090554	          514.829484	           37.966323	           -1.182634	            0.000000	           -0.478091	           -0.398251	            2.437586	            0.179634
            0.205000	            0.000000	            0.000000	            0.000000	           -0.450000	            0.000000	           -0.297079	            0.000000	            0.000000	            0.000000	          -83.214884	          511.686589	           37.985368	           -1.182014	            0.000000	           -0.478231	           -0.392064	            2.410142	            0.178765
            0.206000	            0.000000	            0.000000	            0.000000	           -0.450000	            0.000000	           -0.297079	            0.000000	            0.000000	            0.000000	          -82.362711	          508.567270	           37.977376	           -1.181389	            0.000000	           -0.478373	           -0.385627	            2.380505	            0.177593
            0.207000	            0.000000	            0.000000	            0.000000	           -0.450000	            0.000000	           -0.297079	            0.000000	            0.000000	            0.000000	          -81.534615	          505.475394	           37.940811	           -1.180755	            0.000000	           -0.478515	           -0.378954	            2.348733	            0.176115
            0.208000	            0.000000	            0.000000	            0.000000	           -0.450000	            0.000000	           -0.297079	            0.000000	            0.000000	            0.000000	          -80.730911	          502.414283	           37.874673	           -1.180109	            0.000000	           -0.478654	           -0.372059	            2.314905	            0.174331
            0.209000	            0.000000	            0.000000	            0.000000	           -0.450000	            0.000000	           -0.297079	            0.000000	            0.000000	            0.000000	          -79.951640	          499.386721	           37.778489	           -1.179447	            0.000000	           -0.478790	           -0.364957	            2.279119	            0.172247
            0.210000	            0.000000	            0.000000	            0.000000	           -0.450000	            0.000000	           -0.297079	            0.000000	            0.000000	            0.000000	          -79.196568	          496.394976	           37.652284	           -1.178767	            0.000000	           -0.478922	           -0.357667	            2.241489	            0.169871
            0.211000	            0.000000	            0.000000	            0.000000	           -0.450000	            0.000000	           -0.297079	            0.000000	            0.000000	            0.000000	          -78.465190	          493.440833	           37.496545	           -1.178070	            0.000000	           -0.479050	           -0.350208	            2.202144	            0.167218
            0.212000	            0.000000	            0.000000	            0.000000	           -0.450000	            0.000000	           -0.297079	            0.000000	            0.000000	            0.000000	          -77.756748	          490.525638	           37.312168	           -1.177357	            0.000000	           -0.479173	           -0.342600	            2.161226	            0.164303
            0.213000	            0.000000	            0.000000	            0.000000	           -0.450000	            0.000000	           -0.297079	            0.000000	            0.000000	            0.000000	          -77.070243	          487.650354	           37.100404	           -1.176631	            0.000000	           -0.479289	           -0.334862	            2.118886	            0.161148
            0.214000	            0.000000	            0.000000	            0.000000	           -0.450000	            0.000000	           -0.297079	            0.000000	            0.000000	            0.000000	          -76.404470	          484.815618	           36.862799	           -1.175894	            0.000000	           -0.479396	           -0.327017	            2.075284	            0.157774
            0.215000	            0.000000	            0.000000	            0.000000	           -0.450000	            0.000000	           -0.297079	            0.000000	            0.000000	            0.000000	          -75.758036	          482.021805	           36.601127	           -1.175150	            0.000000	           -0.479494	           -0.319083	            2.030584	            0.154204
            0.216000	            0.000000	            0.000000	            0.000000	           -0.450000	            0.000000	           -0.297079	            0.000000	            0.000000	            0.000000	          -75.129399	          479.269091	           36.317336	           -1.174399	            0.000000	           -0.479585	           -0.311083	            1.984957	            0.150465
            0.217000	            0.000000	            0.000000	            0.000000	           -0.450000	            0.000000	           -0.297079	            0.000000	            0.000000	            0.000000	          -74.516898	          476.557514	           36.013486	           -1.173643	            0.000000	           -0.479669	           -0.303036	            1.938574	            0.146582
            0.218000	            0.000000	            0.000000	            0.000000	           -0.450000	            0.000000	           -0.297079	            0.000000	            0.000000	            0.000000	          -73.918783	          473.887035	           35.691700	           -1.172883	            0.000000	           -0.479748	           -0.294964	            1.891611	            0.142582
            0.219000	            0.000000	            0.000000	            0.000000	           -0.450000	            0.000000	           -0.297079	            0.000000	            0.000000	            0.000000	          -73.333248	          471.257589	           35.354117	           -1.172119	            0.000000	           -0.479827	           -0.286886	            1.844244	            0.138491
            0.220000	            0.000000	            0.000000	            0.000000	           -0.450000	            0.000000	           -0.297079	            0.000000	            0.000000	            0.000000	          -72.758460	          468.669126	           35.002857	           -1.171352	            0.000000	           -0.479907	           -0.278823	            1.796652	            0.134336
            0.221000	            0.000000	            0.000000	            0.000000	           -0.450000	            0.000000	           -0.297079	            0.000000	            0.000000	            0.000000	          -72.192590	          466.121641	           34.639988	           -1.170583	            0.000000	           -0.479986	           -0.270796	            1.749013	            0.130142
            0.222000	            0.000000	            0.000000	            0.000000	           -0.450000	            0.000000	           -0.297079	            0.000000	            0.000000	            0.000000	          -71.633831	          463.615202	           34.267507	           -1.169812	            0.000000	           -0.480062	           -0.262826	            1.701506	            0.125933
            0.223000	            0.000000	            0.000000	            0.000000	           -0.450000	            0.000000	           -0.297079	            0.000000	            0.000000	            0.000000	          -71.080425	          461.149950	           33.887323	           -1.169043	            0.000000	           -0.480133	           -0.254932	            1.654308	            0.121734
            0.224000	            0.000000	            0.000000	            0.000000	           -0.450000	            0.000000	           -0.297079	            0.000000	            0.000000	            0.000000	          -70.530683	          458.726101	           33.501247	           -1.168280	            0.000000	           -0.480200	           -0.247136	            1.607598	            0.117567
            0.225000	            0.000000	            0.000000	            0.000000	           -0.450000	            0.000000	           -0.297079	            0.000000	            0.000000	            0.000000	          -69.983003	          456.343931	           33.110990	           -1.167525	            0.000000	           -0.480266	           -0.239458	            1.561548	            0.113454
            0.226000	            0.000000	            0.000000	            0.000000	           -0.450000	            0.000000	           -0.297079	            0.000000	            0.000000	            0.000000	          -69.435882	          454.003757	           32.718162	           -1.166781	            0.000000	           -0.480331	           -0.231917	            1.516324	            0.109413
            0.227000	            0.000000	            0.000000	            0.000000	           -0.450000	            0.000000	           -0.297079	            0.000000	            0.000000	            0.000000	          -68.887935	          451.705906	           32.324273	           -1.166046	            0.000000	           -0.480392	           -0.224534	            1.472086	            0.105463
            0.228000	            0.000000	            0.000000	            0.000000	           -0.450000	            0.000000	           -0.297079	            0.000000	            0.000000	            0.000000	          -68.337905	          449.450684	           31.930738	           -1.165319	            0.000000	           -0.480444	           -0.217327	            1.428982	            0.101619
            0.229000	            0.000000	            0.000000	            0.000000	           -0.450000	            0.000000	           -0.297079	            0.000000	            0.000000	            0.000000	          -67.784671	          447.238344	           31.538880	           -1.164596	            0.000000	           -0.480487	           -0.210310	            1.387146	            0.097896
            0.230000	            0.000000	            0.000000	            0.000000	           -0.450000	            0.000000	           -0.297079	            0.000000	            0.000000	            0.000000	          -67.227263	          445.069053	           31.149937	           -1.163872	            0.000000	           -0.480524	           -0.203501	            1.346696	            0.094305
            0.231000	            0.000000	            0.000000	            0.000000	           -0.450000	            0.000000	           -0.297079	            0.000000	            0.000000	            0.000000	          -66.664862	          442.942865	           30.765061	           -1.163145	            0.000000	           -0.480556	           -0.196910	            1.307729	            0.090856
            0.232000	            0.000000	            0.000000	            0.000000	           -0.450000	            0.000000	           -0.297079	            0.000000	            0.000000	            0.000000	          -66.096810	          440.859696	           30.385320	           -1.162413	            0.000000	           -0.480589	           -0.190547	            1.270321	            0.087555
            0.233000	            0.000000	            0.000000	            0.000000	           -0.450000	            0.000000	           -0.297079	            0.000000	            0.000000	            0.000000	          -65.522611	          438.819311	           30.011701	           -1.161677	            0.000000	           -0.480621	           -0.184420	            1.234522	            0.084408
            0.234000	            0.000000	            0.000000	            0.000000	           -0.450000	            0.000000	           -0.297079	            0.000000	            0.000000	            0.000000	          -64.941929	          436.821314	           29.645103	           -1.160941	            0.000000	           -0.480652	           -0.178531	            1.200356	            0.081416
            0.235000	            0.000000	            0.000000	            0.000000	           -0.450000	            0.000000	           -0.297079	            0.000000	            0.000000	            0.000000	          -64.354593	          434.865151	           29.286336	           -1.160207	            0.000000	           -0.480675	           -0.172880	            1.167821	            0.078580
            0.236000	            0.000000	            0.000000	            0.000000	           -0.450000	            0.000000	           -0.297079	            0.000000	            0.000000	            0.000000	          -63.760586	          432.950120	           28.936117	           -1.159480	            0.000000	           -0.480687	           -0.167464	            1.136884	            0.075897
            0.237000	            0.000000	            0.000000	            0.000000	           -0.450000	            0.000000	           -0.297079	            0.000000	            0.000000	            0.000000	          -63.160042	          431.075391	           28.595061	           -1.158760	            0.000000	           -0.480690	           -0.162275	            1.107488	            0.073363
            0.238000	            0.000000	            0.000000	            0.000000	           -0.450000	            0.000000	           -0.297079	            0.000000	            0.000000	            0.000000	          -62.553237	          429.240033	           28.263679	           -1.158050	            0.000000	           -0.480688	           -0.157304	            1.079548	            0.070971
            0.239000	            0.000000	            0.000000	            0.000000	           -0.450000	            0.000000	           -0.297079	            0.000000	            0.000000	            0.000000	          -61.940580	          427.443051	           27.942373	           -1.157349	            0.000000	           -0.480685	           -0.152536	            1.052952	            0.068711
            0.240000	            0.000000	            0.000000	            0.000000	           -0.450000	            0.000000	           -0.297079	            0.000000	            0.000000	            0.000000	          -61.322602	          425.683424	           27.631428	           -1.156655	            0.000000	           -0.480688	           -0.147955	            1.027571	            0.066574
            0.241000	            0.000000	            0.000000	            0.000000	           -0.450000	            0.000000	           -0.297079	            0.000000	            0.000000	            0.000000	          -60.699942	          423.960151	           27.331014	           -1.155967	            0.000000	           -0.480699	           -0.143543	            1.003255	            0.064549
            0.242000	            0.000000	            0.000000	            0.000000	           -0.450000	            0.000000	           -0.297079	            0.000000	            0.000000	            0.000000	          -60.073338	          422.272293	           27.041184	           -1.155284	            0.000000	           -0.480719	           -0.139278	            0.979840	            0.062622
            0.243000	            0.000000	            0.000000	            0.000000	           -0.450000	            0.000000	           -0.297079	            0.000000	            0.000000	            0.000000	          -59.443613	          420.619018	           26.761876	           -1.154606	            0.000000	           -0.480746	           -0.135140	            0.957154	            0.060781
            0.244000	            0.000000	            0.000000	            0.000000	           -0.450000	            0.000000	           -0.297079	            0.000000	            0.000000	            0.000000	          -58.811665	          418.999642	           26.492920	           -1.153934	            0.000000	           -0.480780	           -0.131107	            0.935021	            0.059012
            0.245000	            0.000000	            0.000000	            0.000000	           -0.450000	            0.000000	           -0.297079	            0.000000	            0.000000	            0.000000	          -58.178452	          417.413665	           26.234045	           -1.153269	            0.000000	           -0.480818	           -0.127156	            0.913268	            0.057301
            0.246000	            0.000000	            0.000000	            0.000000	           -0.450000	            0.000000	           -0.297079	            0.000000	            0.000000	            0.000000	          -57.544985	          415.860799	           25.984895	           -1.152616	            0.000000	           -0.480858	           -0.123267	            0.891727	            0.055635
            0.247000	            0.000000	            0.000000	            0.000000	           -0.450000	            0.000000	           -0.297079	            0.000000	            0.000000	            0.000000	          -56.912317	          414.340994	           25.745034	           -1.151976	            0.000000	           -0.480894	           -0.119422	            0.870244	            0.054004
            0.248000	            0.000000	            0.000000	            0.000000	           -0.450000	            0.000000	           -0.297079	            0.000000	            0.000000	            0.000000	          -56.281526	          412.854452	           25.513975	           -1.151352	            0.000000	           -0.480920	           -0.115604	            0.848682	            0.052395
            0.249000	            0.000000	            0.000000	            0.000000	           -0.450000	            0.000000	           -0.297079	            0.000000	            0.000000	            0.000000	          -55.653711	          411.401638	           25.291188	           -1.150740	            0.000000	           -0.480935	           -0.111799	            0.826925	            0.050799
            0.250000	            0.000000	            0.000000	            0.000000	           -0.450000	            0.000000	           -0.297079	            0.000000	            0.000000	            0.000000	          -55.029977	          409.983277	           25.076126	           -1.150137	            0.000000	           -0.480943	           -0.107998	            0.804882	            0.049209
            0.251000	            0.000000	            0.000000	            0.000000	           -0.450000	            0.000000	           -0.297079	            0.000000	            0.000000	            0.000000	          -54.411424	          408.600347	           24.868243	           -1.149538	            0.000000	           -0.480950	           -0.104192	            0.782487	            0.047620
            0.252000	            0.000000	            0.000000	            0.000000	           -0.450000	            0.000000	           -0.297079	            0.000000	            0.000000	            0.000000	          -53.799132	          407.254064	           24.667014	           -1.148938	            0.000000	           -0.480964	           -0.100379	            0.759702	            0.046025
            0.253000	            0.000000	            0.000000	            0.000000	           -0.450000	            0.000000	           -0.297079	            0.000000	            0.000000	            0.000000	          -53.194153	          405.945855	           24.471956	           -1.148337	            0.000000	           -0.480983	           -0.096559	            0.736517	            0.044425
            0.254000	            0.000000	            0.000000	            0.000000	           -0.450000	            0.000000	           -0.297079	            0.000000	            0.000000	            0.000000	          -52.597496	          404.677323	           24.282643	           -1.147736	            0.000000	           -0.481003	           -0.092736	            0.712944	            0.042818
            0.255000	            0.000000	            0.000000	            0.000000	           -0.450000	            0.000000	           -0.297079	            0.000000	            0.000000	            0.000000	          -52.010113	          403.450208	           24.098721	           -1.147139	            0.000000	           -0.481018	           -0.088915	            0.689022	            0.041205
            0.256000	            0.000000	            0.000000	            0.000000	           -0.450000	            0.000000	           -0.297079	            0.000000	            0.000000	            0.000000	          -51.432888	          402.266330	           23.919925	           -1.146544	            0.000000	           -0.481029	           -0.085106	            0.664807	            0.039589
            0.257000	            0.000000	            0.000000	            0.000000	           -0.450000	            0.000000	           -0.297079	            0.000000	            0.000000	            0.000000	          -50.866626	          401.127537	           23.746081	           -1.145950	            0.000000	           -0.481034	           -0.081318	            0.640370	            0.037974
            0.258000	            0.000000	            0.000000	            0.000000	           -0.450000	            0.000000	           -0.297079	            0.000000	            0.000000	            0.000000	          -50.312042	          400.035638	           23.577118	           -1.145357	            0.000000	           -0.481034	           -0.077564	            0.615796	            0.036364
            0.259000	            0.000000	            0.000000	            0.000000	           -0.450000	            0.000000	           -0.297079	            0.000000	            0.000000	            0.000000	          -49.769749	          398.992335	           23.413068	           -1.144767	            0.000000	           -0.481022	           -0.073855	            0.591177	            0.034764
            0.260000	            0.000000	            0.000000	            0.000000	           -0.450000	            0.000000	           -0.297079	            0.000000	            0.000000	            0.000000	          -49.240249	          397.999155	           23.254064	           -1.144186	            0.000000	           -0.480994	           -0.070206	            0.566606	            0.033180
            0.261000	            0.000000	            0.000000	            0.000000	           -0.450000	            0.000000	           -0.297079	            0.000000	            0.000000	            0.000000	          -48.723927	          397.057386	           23.100338	           -1.143618	            0.000000	           -0.480947	           -0.066626	            0.542180	            0.031617
            0.262000	            0.000000	            0.000000	            0.000000	           -0.450000	            0.000000	           -0.297079	            0.000000	            0.000000	            0.000000	          -48.221044	          396.168013	           22.952210	           -1.143065	            0.000000	           -0.480884	           -0.063129	            0.517990	            0.030081
            0.263000	            0.000000	            0.000000	            0.000000	           -0.450000	            0.000000	           -0.297079	            0.000000	            0.000000	            0.000000	          -47.731733	          395.331667	           22.810084	           -1.142528	            0.000000	           -0.480807	           -0.059724	            0.494125	            0.028577
            0.264000	            0.000000	            0.000000	            0.000000	           -0.450000	            0.000000	           -0.297079	            0.000000	            0.000000	            0.000000	          -47.255994	          394.548583	           22.674426	           -1.142006	            0.000000	           -0.480718	           -0.056421	            0.470666	            0.027109
            0.265000	            0.000000	            0.000000	            0.000000	           -0.450000	            0.000000	           -0.297079	            0.000000	            0.000000	            0.000000	          -46.793696	          393.818572	           22.545760	           -1.141497	            0.000000	           -0.480620	           -0.053228	            0.447688	            0.025682
            0.266000	            0.000000	            0.000000	            0.000000	           -0.450000	            0.000000	           -0.297079	            0.000000	            0.000000	            0.000000	          -46.344581	          393.141017	           22.424644	           -1.141001	            0.000000	           -0.480514	           -0.050150	            0.425258	            0.024300
            0.267000	            0.000000	            0.000000	            0.000000	           -0.450000	            0.000000	           -0.297079	            0.000000	            0.000000	            0.000000	          -45.908262	          392.514873	           22.311653	           -1.140514	            0.000000	           -0.480400	           -0.047194	            0.403436	            0.022966
            0.268000	            0.000000	            0.000000	            0.000000	           -0.450000	            0.000000	           -0.297079	            0.000000	            0.000000	            0.000000	          -45.484235	          391.938696	           22.207364	           -1.140040	            0.000000	           -0.480278	           -0.044362	            0.382276	            0.021682
            0.269000	            0.000000	            0.000000	            0.000000	           -0.450000	            0.000000	           -0.297079	            0.000000	            0.000000	            0.000000	          -45.071885	          391.410687	           22.112336	           -1.139577	            0.000000	           -0.480148	           -0.041659	            0.361827	            0.020452
            0.270000	            0.000000	            0.000000	            0.000000	           -0.450000	            0.000000	           -0.297079	            0.000000	            0.000000	            0.000000	          -44.670500	          390.928744	           22.027088	           -1.139126	            0.000000	           -0.480014	           -0.039085	            0.342133	            0.019278
            0.271000	            0.000000	            0.000000	            0.000000	           -0.450000	            0.000000	           -0.297079	            0.000000	            0.000000	            0.000000	          -44.279285	          390.490536	           21.952084	           -1.138685	            0.000000	           -0.479879	           -0.036642	            0.323232	            0.018160
            0.272000	            0.000000	            0.000000	            0.000000	           -0.450000	            0.000000	           -0.297079	            0.000000	            0.000000	            0.000000	          -43.897375	          390.093578	           21.887714	           -1.138251	            0.000000	           -0.479750	           -0.034331	            0.305161	            0.017101
            0.273000	            0.000000	            0.000000	            0.000000	           -0.450000	            0.000000	           -0.297079	            0.000000	            0.000000	            0.000000	          -43.523858	          389.735314	           21.834280	           -1.137826	            0.000000	           -0.479628	           -0.032151	            0.287952	            0.016102
            0.274000	            0.000000	            0.000000	            0.000000	           -0.450000	            0.000000	           -0.297079	            0.000000	            0.000000	            0.000000	          -43.157794	          389.413194	           21.791981	           -1.137413	            0.000000	           -0.479516	           -0.030101	            0.271633	            0.015163
            0.275000	            0.000000	            0.000000	            0.000000	           -0.450000	            0.000000	           -0.297079	            0.000000	            0.000000	            0.000000	          -42.798231	          389.124756	           21.760905	           -1.137014	            0.000000	           -0.479411	           -0.028181	            0.256227	            0.014285
            0.276000	            0.000000	            0.000000	            0.000000	           -0.450000	            0.000000	           -0.297079	            0.000000	            0.000000	            0.000000	          -42.444235	          388.867687	           21.741021	           -1.136632	            0.000000	           -0.479309	           -0.026388	            0.241749	            0.013468
            0.277000	            0.000000	            0.000000	            0.000000	           -0.450000	            0.000000	           -0.297079	            0.000000	            0.000000	            0.000000	          -42.094903	          388.639882	           21.732173	           -1.136265	            0.000000	           -0.479207	           -0.024720	            0.228209	            0.012711
            0.278000	            0.000000	            0.000000	            0.000000	           -0.450000	            0.000000	           -0.297079	            0.000000	            0.000000	            0.000000	          -41.749384	          388.439482	           21.734085	           -1.135913	            0.000000	           -0.479104	           -0.023173	            0.215606	            0.012014
            0.279000	            0.000000	            0.000000	            0.000000	           -0.450000	            0.000000	           -0.297079	            0.000000	            0.000000	            0.000000	          -41.406896	          388.264894	           21.746363	           -1.135573	            0.000000	           -0.479000	           -0.021744	            0.203928	            0.011375
            0.280000	            0.000000	            0.000000	            0.000000	           -0.450000	            0.000000	           -0.297079	            0.000000	            0.000000	            0.000000	          -41.066738	          388.114803	           21.768506	           -1.135243	            0.000000	           -0.478896	           -0.020427	            0.193153	            0.010791
            0.281000	            0.000000	            0.000000	            0.000000	           -0.450000	            0.000000	           -0.297079	            0.000000	            0.000000	            0.000000	          -40.728300	          387.988160	           21.799910	           -1.134921	            0.000000	           -0.478790	           -0.019216	            0.183244	            0.010260
            0.282000	            0.000000	            0.000000	            0.000000	           -0.450000	            0.000000	           -0.297079	            0.000000	            0.000000	            0.000000	          -40.391066	          387.884153	           21.839892	           -1.134608	            0.000000	           -0.478683	           -0.018104	            0.174152	            0.009777
            0.283000	            0.000000	            0.000000	            0.000000	           -0.450000	            0.000000	           -0.297079	            0.000000	            0.000000	            0.000000	          -40.054617	          387.802173	           21.887700	           -1.134302	            0.000000	           -0.478575	           -0.017083	            0.165812	            0.009339
            0.284000	            0.000000	            0.000000	            0.000000	           -0.450000	            0.000000	           -0.297079	            0.000000	            0.000000	            0.000000	          -39.718622	          387.741765	           21.942531	           -1.134003	            0.000000	           -0.478466	           -0.016143	            0.158146	            0.008940
            0.285000	            0.000000	            0.000000	            0.000000	           -0.450000	            0.000000	           -0.297079	            0.000000	            0.000000	            0.000000	          -39.382833	          387.702572	           22.003557	           -1.133708	            0.000000	           -0.478353	           -0.015275	            0.151067	            0.008574
            0.286000	            0.000000	            0.000000	            0.000000	           -0.450000	            0.000000	           -0.297079	            0.000000	            0.000000	            0.000000	          -39.047075	          387.684275	           22.069936	           -1.133417	            0.000000	           -0.478237	           -0.014467	            0.144472	            0.008234
            0.287000	            0.000000	            0.000000	            0.000000	           -0.450000	            0.000000	           -0.297079	            0.000000	            0.000000	            0.000000	          -38.711229	          387.686537	           22.140838	           -1.133130	            0.000000	           -0.478121	           -0.013709	            0.138253	            0.007914
            0.288000	            0.000000	            0.000000	            0.000000	           -0.450000	            0.000000	           -0.297079	            0.000000	            0.000000	            0.000000	          -38.375219	          387.708948	           22.215461	           -1.132846	            0.000000	           -0.478010	           -0.012989	            0.132293	            0.007606
            0.289000	            0.000000	            0.000000	            0.000000	           -0.450000	            0.000000	           -0.297079	            0.000000	            0.000000	            0.000000	          -38.039000	          387.750976	           22.293047	           -1.132568	            0.000000	           -0.477906	           -0.012297	            0.126474	            0.007304
            0.290000	            0.000000	            0.000000	            0.000000	           -0.450000	            0.000000	           -0.297079	            0.000000	            0.000000	            0.000000	          -37.702542	          387.811926	           22.372902	           -1.132297	            0.000000	           -0.477811	           -0.011619	            0.120675	            0.006999
            0.291000	            0.000000	            0.000000	            0.000000	           -0.450000	            0.000000	           -0.297079	            0.000000	            0.000000	            0.000000	          -37.365822	          387.890915	           22.454403	           -1.132035	            0.000000	           -0.477723	           -0.010947	            0.114779	            0.006684
            0.292000	            0.000000	            0.000000	            0.000000	           -0.450000	            0.000000	           -0.297079	            0.000000	            0.000000	            0.000000	          -37.028816	          387.986855	           22.537010	           -1.131784	            0.000000	           -0.477638	           -0.010269	            0.108675	            0.006353
            0.293000	            0.000000	            0.000000	            0.000000	           -0.450000	            0.000000	           -0.297079	            0.000000	            0.000000	            0.000000	          -36.691497	          388.098449	           22.620276	           -1.131546	            0.000000	           -0.477555	           -0.009577	            0.102261	            0.006000
            0.294000	            0.000000	            0.000000	            0.000000	           -0.450000	            0.000000	           -0.297079	            0.000000	            0.000000	            0.000000	          -36.353831	          388.224201	           22.703844	           -1.131322	            0.000000	           -0.477471	           -0.008864	            0.095446	            0.005619
            0.295000	            0.000000	            0.000000	            0.000000	           -0.450000	            0.000000	           -0.297079	            0.000000	            0.000000	            0.000000	          -36.015787	          388.362439	           22.787450	           -1.131113	            0.000000	           -0.477384	           -0.008122	            0.088156	            0.005206
            0.296000	            0.000000	            0.000000	            0.000000	           -0.450000	            0.000000	           -0.297079	            0.000000	            0.000000	            0.000000	          -35.677339	          388.511349	           22.870921	           -1.130916	            0.000000	           -0.477293	           -0.007348	            0.080332	            0.004757
            0.297000	            0.000000	            0.000000	            0.000000	           -0.450000	            0.000000	           -0.297079	            0.000000	            0.000000	            0.000000	          -35.338478	          388.669014	           22.954168	           -1.130727	            0.000000	           -0.477195	           -0.006539	            0.071936	            0.004270
            0.298000	            0.000000	            0.000000	            0.000000	           -0.450000	            0.000000	           -0.297079	            0.000000	            0.000000	            0.000000	          -34.999221	          388.833469	           23.037177	           -1.130542	            0.000000	           -0.477089	           -0.005693	            0.062950	            0.003744
            0.299000	            0.000000	            0.000000	            0.000000	           -0.450000	            0.000000	           -0.297079	            0.000000	            0.000000	            0.000000	          -34.659627	          389.002750	           23.119998	           -1.130356	            0.000000	           -0.476973	           -0.004811	            0.053377	            0.003179
            0.300000	            0.000000	            0.000000	            0.000000	           -0.450000	            0.000000	           -0.297079	            0.000000	            0.000000	            0.000000	          -34.319805	          389.174952	           23.202742	           -1.130168	            0.000000	           -0.476848	           -0.003897	            0.043246	            0.002576
            0.301000	            0.000000	            0.000000	            0.000000	           -0.450000	            0.000000	           -0.297079	            0.000000	            0.000000	            0.000000	          -33.979928	          389.348284	           23.285560	           -1.129977	            0.000000	           -0.476714	           -0.002954	            0.032602	            0.001940
            0.302000	            0.000000	            0.000000	            0.000000	           -0.450000	            0.000000	           -0.297079	            0.000000	            0.000000	            0.000000	          -33.640241	          389.521121	           23.368641	           -1.129783	            0.000000	           -0.476574	           -0.001989	            0.021514	            0.001273
            0.303000	            0.000000	            0.000000	            0.000000	           -0.450000	            0.000000	           -0.297079	            0.000000	            0.000000	            0.000000	          -33.301068	          389.692043	           23.452198	           -1.129587	            0.000000	           -0.476435	           -0.001009	            0.010068	            0.000581
            0.304000	            0.000000	            0.000000	            0.000000	           -0.450000	            0.000000	           -0.297079	            0.000000	            0.000000	            0.000000	          -32.962816	          389.859881	           23.536459	           -1.129387	            0.000000	           -0.476306	           -0.000022	           -0.001632	           -0.000129
            0.305000	            0.000000	            0.000000	            0.000000	           -0.450000	            0.000000	           -0.297079	            0.000000	            0.000000	            0.000000	          -32.625973	          390.023736	           23.621661	           -1.129186	            0.000000	           -0.476197	            0.000962	           -0.013475	           -0.000852
            0.306000	            0.000000	            0.000000	            0.000000	           -0.450000	            0.000000	           -0.297079	            0.000000	            0.000000	            0.000000	          -32.291105	          390.182993	           23.708040	           -1.128982	            0.000000	           -0.476108	            0.001933	           -0.025337	           -0.001579
            0.307000	            0.000000	            0.000000	            0.000000	           -0.450000	            0.000000	           -0.297079	            0.000000	            0.000000	            0.000000	          -31.958848	          390.337332	           23.795830	           -1.128780	            0.000000	           -0.476038	            0.002881	           -0.037096	           -0.002302
            0.308000	            0.000000	            0.000000	            0.000000	           -0.450000	            0.000000	           -0.297079	            0.000000	            0.000000	            0.000000	          -31.629896	          390.486708	           23.885248	           -1.128581	            0.000000	           -0.475979	            0.003797	           -0.048627	           -0.003015
            0.309000	            0.000000	            0.000000	            0.000000	           -0.450000	            0.000000	           -0.297079	            0.000000	            0.000000	            0.000000	          -31.304987	          390.631337	           23.976499	           -1.128386	            0.000000	           -0.475925	            0.004671	           -0.059818	           -0.003711
            0.310000	            0.000000	            0.000000	            0.000000	           -0.450000	            0.000000	           -0.297079	            0.000000	            0.000000	            0.000000	          -30.984883	          390.771658	           24.069765	           -1.128197	            0.000000	           -0.475870	            0.005497	           -0.070565	           -0.004382
            0.311000	            0.000000	            0.000000	            0.000000	           -0.450000	            0.000000	           -0.297079	            0.000000	            0.000000	            0.000000	          -30.670350	          390.908297	           24.165202	           -1.128013	            0.000000	           -0.475816	            0.006267	           -0.080781	           -0.005025
            0.312000	            0.000000	            0.000000	            0.000000	           -0.450000	            0.000000	           -0.297079	            0.000000	            0.000000	            0.000000	          -30.362140	          391.042015	           24.262940	           -1.127834	            0.000000	           -0.475764	            0.006978	           -0.090401	           -0.005634
            0.313000	            0.000000	            0.000000	            0.000000	           -0.450000	            0.000000	           -0.297079	            0.000000	            0.000000	            0.000000	          -30.060964	          391.173657	           24.363076	           -1.127658	            0.000000	           -0.475716	            0.007626	           -0.099382	           -0.006207
            0.314000	            0.000000	            0.000000	            0.000000	           -0.450000	            0.000000	           -0.297079	            0.000000	            0.000000	            0.000000	          -29.767477	          391.304100	           24.465676	           -1.127486	            0.000000	           -0.475672	            0.008212	           -0.107707	           -0.006744
            0.315000	            0.000000	            0.000000	            0.000000	           -0.450000	            0.000000	           -0.297079	            0.000000	            0.000000	            0.000000	          -29.482252	          391.434196	           24.570773	           -1.127316	            0.000000	           -0.475627	            0.008736	           -0.115382	           -0.007244
            0.316000	            0.000000	            0.000000	            0.000000	           -0.450000	            0.000000	           -0.297079	            0.000000	            0.000000	            0.000000	          -29.205767	          391.564727	           24.678367	           -1.127145	            0.000000	           -0.475578	            0.009202	           -0.122440	           -0.007710
            0.317000	            0.000000	            0.000000	            0.000000	           -0.450000	            0.000000	           -0.297079	            0.000000	            0.000000	            0.000000	          -28.938388	          391.696365	           24.788425	           -1.126973	            0.000000	           -0.475523	            0.009616	           -0.128938	           -0.008145
            0.318000	            0.000000	            0.000000	            0.000000	           -0.450000	            0.000000	           -0.297079	            0.000000	            0.000000	            0.000000	          -28.680362	          391.829632	           24.900886	           -1.126801	            0.000000	           -0.475463	            0.009983	           -0.134951	           -0.008554
            0.319000	            0.000000	            0.000000	            0.000000	           -0.450000	            0.000000	           -0.297079	            0.000000	            0.000000	            0.000000	          -28.431806	          391.964885	           25.015662	           -1.126627	            0.000000	           -0.475403	            0.010312	           -0.140574	           -0.008943
            0.320000	            0.000000	            0.000000	            0.000000	           -0.450000	            0.000000	           -0.297079	            0.000000	            0.000000	            0.000000	          -28.192709	          392.102300	           25.132639	           -1.126454	            0.000000	           -0.475348	            0.010611	           -0.145914	           -0.009319
            0.321000	            0.000000	            0.000000	            0.000000	           -0.450000	            0.000000	           -0.297079	            0.000000	            0.000000	            0.000000	          -27.962937	          392.241881	           25.251683	           -1.126280	            0.000000	           -0.475302	            0.010891	           -0.151087	           -0.009690
            0.322000	            0.000000	            0.000000	            0.000000	           -0.450000	            0.000000	           -0.297079	            0.000000	            0.000000	            0.000000	          -27.742238	          392.383468	           25.372641	           -1.126107	            0.000000	           -0.475267	            0.011160	           -0.156216	           -0.010062
            0.323000	            0.000000	            0.000000	            0.000000	           -0.450000	            0.000000	           -0.297079	            0.000000	            0.000000	            0.000000	          -27.530258	          392.526771	           25.495345	           -1.125931	            0.000000	           -0.475241	            0.011428	           -0.161423	           -0.010444
            0.324000	            0.000000	            0.000000	            0.000000	           -0.450000	            0.000000	           -0.297079	            0.000000	            0.000000	            0.000000	          -27.326554	          392.671402	           25.619613	           -1.125752	            0.000000	           -0.475220	            0.011705	           -0.166828	           -0.010845
            0.325000	            0.000000	            0.000000	            0.000000	           -0.450000	            0.000000	           -0.297079	            0.000000	            0.000000	            0.000000	          -27.130619	          392.816929	           25.745253	           -1.125569	            0.000000	           -0.475196	            0.011999	           -0.172548	           -0.011271
            0.326000	            0.000000	            0.000000	            0.000000	           -0.450000	            0.000000	           -0.297079	            0.000000	            0.000000	            0.000000	          -26.941901	          392.962929	           25.872060	           -1.125384	            0.000000	           -0.475162	            0.012317	           -0.178691	           -0.011729
            0.327000	            0.000000	            0.000000	            0.000000	           -0.450000	            0.000000	           -0.297079	            0.000000	            0.000000	            0.000000	          -26.759824	          393.109052	           25.999825	           -1.125197	            0.000000	           -0.475112	            0.012668	           -0.185354	           -0.012228
            0.328000	            0.000000	            0.000000	            0.000000	           -0.450000	            0.000000	           -0.297079	            0.000000	            0.000000	            0.000000	          -26.583820	          393.255082	           26.128327	           -1.125007	            0.000000	           -0.475044	            0.013055	           -0.192628	           -0.012772
            0.329000	            0.000000	            0.000000	            0.000000	           -0.450000	            0.000000	           -0.297079	            0.000000	            0.000000	            0.000000	          -26.413341	          393.401007	           26.257342	           -1.124811	            0.000000	           -0.474962	            0.013486	           -0.200588	           -0.013367
            0.330000	            0.000000	            0.000000	            0.000000	           -0.450000	            0.000000	           -0.297079	            0.000000	            0.000000	            0.000000	          -26.247888	          393.547079	           26.386640	           -1.124606	            0.000000	           -0.474870	            0.013963	           -0.209305	           -0.014017
            0.331000	            0.000000	            0.000000	            0.000000	           -0.450000	            0.000000	           -0.297079	            0.000000	            0.000000	            0.000000	          -26.087027	          393.693869	           26.515988	           -1.124389	            0.000000	           -0.474770	            0.014490	           -0.218834	           -0.014729
            0.332000	            0.000000	            0.000000	            0.000000	           -0.450000	            0.000000	           -0.297079	            0.000000	            0.000000	            0.000000	          -25.930400	          393.842312	           26.645150	           -1.124160	            0.000000	           -0.474668	            0.015070	           -0.229226	           -0.015504
            0.333000	            0.000000	            0.000000	            0.000000	           -0.450000	            0.000000	           -0.297079	            0.000000	            0.000000	            0.000000	          -25.777737	          393.993745	           26.773891	           -1.123920	            0.000000	           -0.474570	            0.015705	           -0.240520	           -0.016346
            0.334000	            0.000000	            0.000000	            0.000000	           -0.450000	            0.000000	           -0.297079	            0.000000	            0.000000	            0.000000	          -25.628862	          394.149918	           26.901980	           -1.123673	            0.000000	           -0.474483	            0.016394	           -0.252748	           -0.017258
            0.335000	            0.000000	            0.000000	            0.000000	           -0.450000	            0.000000	           -0.297079	            0.000000	            0.000000	            0.000000	          -25.483685	          394.313001	           27.029192	           -1.123421	            0.000000	           -0.474411	            0.017140	           -0.265935	           -0.018241
            0.336000	            0.000000	            0.000000	            0.000000	           -0.450000	            0.000000	           -0.297079	            0.000000	            0.000000	            0.000000	          -25.342205	          394.485565	           27.155307	           -1.123170	            0.000000	           -0.474356	            0.017943	           -0.280097	           -0.019298
            0.337000	            0.000000	            0.000000	            0.000000	           -0.450000	            0.000000	           -0.297079	            0.000000	            0.000000	            0.000000	          -25.204492	          394.670546	           27.280118	           -1.122922	            0.000000	           -0.474317	            0.018800	           -0.295242	           -0.020428
            0.338000	            0.000000	            0.000000	            0.000000	           -0.450000	            0.000000	           -0.297079	            0.000000	            0.000000	            0.000000	          -25.070674	          394.871195	           27.403432	           -1.122682	            0.000000	           -0.474290	            0.019713	           -0.311369	           -0.021633
            0.339000	            0.000000	            0.000000	            0.000000	           -0.450000	            0.000000	           -0.297079	            0.000000	            0.000000	            0.000000	          -24.940924	          395.091012	           27.525069	           -1.122454	            0.000000	           -0.474267	            0.020679	           -0.328466	           -0.022911
            0.340000	            0.000000	            0.000000	            0.000000	           -0.450000	            0.000000	           -0.297079	            0.000000	            0.000000	            0.000000	          -24.815434	          395.333667	           27.644866	           -1.122240	            0.000000	           -0.474241	            0.021696	           -0.346510	           -0.024260
            0.341000	            0.000000	            0.000000	            0.000000	           -0.450000	            0.000000	           -0.297079	            0.000000	            0.000000	            0.000000	          -24.694398	          395.602917	           27.762677	           -1.122037	            0.000000	           -0.474208	            0.022761	           -0.365466	           -0.025678
            0.342000	            0.000000	            0.000000	            0.000000	           -0.450000	            0.000000	           -0.297079	            0.000000	            0.000000	            0.000000	          -24.577994	          395.902508	           27.878372	           -1.121841	            0.000000	           -0.474170	            0.023870	           -0.385286	           -0.027161
            0.343000	            0.000000	            0.000000	            0.000000	           -0.450000	            0.000000	           -0.297079	            0.000000	            0.000000	            0.000000	          -24.466363	          396.236093	           27.991838	           -1.121646	            0.000000	           -0.474128	            0.025020	           -0.405907	           -0.028704
            0.344000	            0.000000	            0.000000	            0.000000	           -0.450000	            0.000000	           -0.297079	            0.000000	            0.000000	            0.000000	          -24.359597	          396.607132	           28.102976	           -1.121446	            0.000000	           -0.474085	            0.026204	           -0.427253	           -0.030302
            0.345000	            0.000000	            0.000000	            0.000000	           -0.450000	            0.000000	           -0.297079	            0.000000	            0.000000	            0.000000	          -24.257723	          397.018814	           28.211700	           -1.121240	            0.000000	           -0.474038	            0.027416	           -0.449237	           -0.031947
            0.346000	            0.000000	            0.000000	            0.000000	           -0.450000	            0.000000	           -0.297079	            0.000000	            0.000000	            0.000000	          -24.160692	          397.473981	           28.317933	           -1.121028	            0.000000	           -0.473989	            0.028651	           -0.471756	           -0.033632
            0.347000	            0.000000	            0.000000	            0.000000	           -0.450000	            0.000000	           -0.297079	            0.000000	            0.000000	            0.000000	          -24.068376	          397.975060	           28.421605	           -1.120809	            0.000000	           -0.473938	            0.029901	           -0.494702	           -0.035347
            0.348000	            0.000000	            0.000000	            0.000000	           -0.450000	            0.000000	           -0.297079	            0.000000	            0.000000	            0.000000	          -23.980562	          398.524011	           28.522648	           -1.120585	            0.000000	           -0.473891	            0.031157	           -0.517956	           -0.037084
            0.349000	            0.000000	            0.000000	            0.000000	           -0.450000	            0.000000	           -0.297079	            0.000000	            0.000000	            0.000000	          -23.896952	          399.122283	           28.620999	           -1.120353	            0.000000	           -0.473853	            0.032413	           -0.541397	           -0.038832
            0.350000	            0.000000	            0.000000	            0.000000	           -0.450000	            0.000000	           -0.297079	            0.000000	            0.000000	            0.000000	          -23.817166	          399.770791	           28.716590	           -1.120115	            0.000000	           -0.473827	            0.033661	           -0.564905	           -0.040583
            0.351000	            0.000000	            0.000000	            0.000000	           -0.450000	            0.000000	           -0.297079	            0.000000	            0.000000	            0.000000	          -23.740747	          400.469894	           28.809351	           -1.119874	            0.000000	           -0.473813	            0.034892	           -0.588361	           -0.042326
            0.352000	            0.000000	            0.000000	            0.000000	           -0.450000	            0.000000	           -0.297079	            0.000000	            0.000000	            0.000000	          -23.667172	          401.219397	           28.899210	           -1.119634	            0.000000	           -0.473812	            0.036100	           -0.611654	           -0.044053
            0.353000	            0.000000	            0.000000	            0.000000	           -0.450000	            0.000000	           -0.297079	            0.000000	            0.000000	            0.000000	          -23.595862	          402.018559	           28.986092	           -1.119400	            0.000000	           -0.473819	            0.037278	           -0.634685	           -0.045754
            0.354000	            0.000000	            0.000000	            0.000000	           -0.450000	            0.000000	           -0.297079	            0.000000	            0.000000	            0.000000	          -23.526191	          402.866111	           29.069920	           -1.119174	            0.000000	           -0.473828	            0.038420	           -0.657369	           -0.047424
            0.355000	            0.000000	            0.000000	            0.000000	           -0.450000	            0.000000	           -0.297079	            0.000000	            0.000000	            0.000000	          -23.457508	          403.760293	           29.150622	           -1.118957	            0.000000	           -0.473829	            0.039521	           -0.679636	           -0.049057
            0.356000	            0.000000	            0.000000	            0.000000	           -0.450000	            0.000000	           -0.297079	            0.000000	            0.000000	            0.000000	          -23.389150	          404.698890	           29.228129	           -1.118751	            0.000000	           -0.473814	            0.040578	           -0.701438	           -0.050646
            0.357000	            0.000000	            0.000000	            0.000000	           -0.450000	            0.000000	           -0.297079	            0.000000	            0.000000	            0.000000	          -23.320456	          405.679287	           29.302388	           -1.118556	            0.000000	           -0.473778	            0.041587	           -0.722744	           -0.052191
            0.358000	            0.000000	            0.000000	            0.000000	           -0.450000	            0.000000	           -0.297079	            0.000000	            0.000000	            0.000000	          -23.250791	          406.698525	           29.373360	           -1.118370	            0.000000	           -0.473721	            0.042549	           -0.743547	           -0.053689
            0.359000	            0.000000	            0.000000	            0.000000	           -0.450000	            0.000000	           -0.297079	            0.000000	            0.000000	            0.000000	          -23.179556	          407.753368	           29.441030	           -1.118193	            0.000000	           -0.473646	            0.043463	           -0.763856	           -0.055141
            0.360000	            0.000000	            0.000000	            0.000000	           -0.450000	            0.000000	           -0.297079	            0.000000	            0.000000	            0.000000	          -23.106205	          408.840371	           29.505415	           -1.118020	            0.000000	           -0.473558	            0.044329	           -0.783700	           -0.056548
            0.361000	            0.000000	            0.000000	            0.000000	           -0.450000	            0.000000	           -0.297079	            0.000000	            0.000000	            0.000000	          -23.030256	          409.955952	           29.566565	           -1.117846	            0.000000	           -0.473463	            0.045150	           -0.803122	           -0.057913
            0.362000	            0.000000	            0.000000	            0.000000	           -0.450000	            0.000000	           -0.297079	            0.000000	            0.000000	            0.000000	          -22.951303	          411.096466	           29.624571	           -1.117667	            0.000000	           -0.473365	            0.045930	           -0.822180	           -0.059241
            0.363000	            0.000000	            0.000000	            0.000000	           -0.450000	            0.000000	           -0.297079	            0.000000	            0.000000	            0.000000	          -22.869016	          412.258269	           29.679570	           -1.117479	            0.000000	           -0.473272	            0.046671	           -0.840938	           -0.060535
            0.364000	            0.000000	            0.000000	            0.000000	           -0.450000	            0.000000	           -0.297079	            0.000000	            0.000000	            0.000000	          -22.783145	          413.437784	           29.731743	           -1.117280	            0.000000	           -0.473186	            0.047377	           -0.859466	           -0.061802
            0.365000	            0.000000	            0.000000	            0.000000	           -0.450000	            0.000000	           -0.297079	            0.000000	            0.000000	            0.000000	          -22.693520	          414.631561	           29.781322	           -1.117070	            0.000000	           -0.473109	            0.048053	           -0.877833	           -0.063047
            0.366000	            0.000000	            0.000000	            0.000000	           -0.450000	            0.000000	           -0.297079	            0.000000	            0.000000	            0.000000	          -22.600038	          415.836321	           29.828582	           -1.116851	            0.000000	           -0.473042	            0.048702	           -0.896108	           -0.064275
            0.367000	            0.000000	            0.000000	            0.000000	           -0.450000	            0.000000	           -0.297079	            0.000000	            0.000000	            0.000000	          -22.502657	          417.049000	           29.873843	           -1.116625	            0.000000	           -0.472983	            0.049329	           -0.914350	           -0.065492
            0.368000	            0.000000	            0.000000	            0.000000	           -0.450000	            0.000000	           -0.297079	            0.000000	            0.000000	            0.000000	          -22.401385	          418.266778	           29.917467	           -1.116393	            0.000000	           -0.472934	            0.049935	           -0.932613	           -0.066703
            0.369000	            0.000000	            0.000000	            0.000000	           -0.450000	            0.000000	           -0.297079	            0.000000	            0.000000	            0.000000	          -22.296261	          419.487102	           29.959845	           -1.116154	            0.000000	           -0.472893	            0.050525	           -0.950938	           -0.067911
            0.370000	            0.000000	            0.000000	            0.000000	           -0.450000	            0.000000	           -0.297079	            0.000000	            0.000000	            0.000000	          -22.187343	          420.707703	           30.001397	           -1.115909	            0.000000	           -0.472861	            0.051099	           -0.969354	           -0.069121
            0.371000	            0.000000	            0.000000	            0.000000	           -0.450000	            0.000000	           -0.297079	            0.000000	            0.000000	            0.000000	          -22.074694	          421.926604	           30.042564	           -1.115659	            0.000000	           -0.472835	            0.051659	           -0.987881	           -0.070334
            0.372000	            0.000000	            0.000000	            0.000000	           -0.450000	            0.000000	           -0.297079	            0.000000	            0.000000	            0.000000	          -21.958359	          423.142122	           30.083797	           -1.115407	            0.000000	           -0.472817	            0.052205	           -1.006523	           -0.071553
            0.373000	            0.000000	            0.000000	            0.000000	           -0.450000	            0.000000	           -0.297079	            0.000000	            0.000000	            0.000000	          -21.838363	          424.352870	           30.125554	           -1.115158	            0.000000	           -0.472808	            0.052737	           -1.025278	           -0.072779
            0.374000	            0.000000	            0.000000	            0.000000	           -0.450000	            0.000000	           -0.297079	            0.000000	            0.000000	            0.000000	          -21.714690	          425.557757	           30.168288	           -1.114913	            0.000000	           -0.472807	            0.053254	           -1.044132	           -0.074013
            0.375000	            0.000000	            0.000000	            0.000000	           -0.450000	            0.000000	           -0.297079	            0.000000	            0.000000	            0.000000	          -21.587281	          426.755979	           30.212452	           -1.114671	            0.000000	           -0.472813	            0.053754	           -1.063066	           -0.075254
            0.376000	            0.000000	            0.000000	            0.000000	           -0.450000	            0.000000	           -0.297079	            0.000000	            0.000000	            0.000000	          -21.456027	          427.947016	           30.258484	           -1.114433	            0.000000	           -0.472824	            0.054235	           -1.082056	           -0.076503
            0.377000	            0.000000	            0.000000	            0.000000	           -0.450000	            0.000000	           -0.297079	            0.000000	            0.000000	            0.000000	          -21.320765	          429.130632	           30.306811	           -1.114200	            0.000000	           -0.472835	            0.054695	           -1.101075	           -0.077758
            0.378000	            0.000000	            0.000000	            0.000000	           -0.450000	            0.000000	           -0.297079	            0.000000	            0.000000	            0.000000	          -21.181283	          430.306859	           30.357845	           -1.113973	            0.000000	           -0.472839	            0.055131	           -1.120095	           -0.079020
            0.379000	            0.000000	            0.000000	            0.000000	           -0.450000	            0.000000	           -0.297079	            0.000000	            0.000000	            0.000000	          -21.037325	          431.476004	           30.411984	           -1.113752	            0.000000	           -0.472833	            0.055541	           -1.139089	           -0.080287
            0.380000	            0.000000	            0.000000	            0.000000	           -0.450000	            0.000000	           -0.297079	            0.000000	            0.000000	            0.000000	          -20.888599	          432.638629	           30.469607	           -1.113534	            0.000000	           -0.472817	            0.055921	           -1.158032	           -0.081560
            0.381000	            0.000000	            0.000000	            0.000000	           -0.450000	            0.000000	           -0.297079	            0.000000	            0.000000	            0.000000	          -20.734787	          433.795553	           30.531079	           -1.113317	            0.000000	           -0.472791	            0.056269	           -1.176902	           -0.082838
            0.382000	            0.000000	            0.000000	            0.000000	           -0.450000	            0.000000	           -0.297079	            0.000000	            0.000000	            0.000000	          -20.575563	          434.947833	           30.596747	           -1.113099	            0.000000	           -0.472760	            0.056582	           -1.195679	           -0.084120
            0.383000	            0.000000	            0.000000	            0.000000	           -0.450000	            0.000000	           -0.297079	            0.000000	            0.000000	            0.000000	          -20.410605	          436.096749	           30.666939	           -1.112881	            0.000000	           -0.472729	            0.056858	           -1.214346	           -0.085407
            0.384000	            0.000000	            0.000000	            0.000000	           -0.450000	            0.000000	           -0.297079	            0.000000	            0.000000	            0.000000	          -20.239612	          437.243783	           30.741961	           -1.112660	            0.000000	           -0.472702	            0.057095	           -1.232886	           -0.086698
            0.385000	            0.000000	            0.000000	            0.000000	           -0.450000	            0.000000	           -0.297079	            0.000000	            0.000000	            0.000000	          -20.062322	          438.390587	           30.822092	           -1.112438	            0.000000	           -0.472680	            0.057291	           -1.251284	           -0.087992
            0.386000	            0.000000	            0.000000	            0.000000	           -0.450000	            0.000000	           -0.297079	            0.000000	            0.000000	            0.000000	          -19.878531	          439.538950	           30.907582	           -1.112214	            0.000000	           -0.472662	            0.057443	           -1.269525	           -0.089291
            0.387000	            0.000000	            0.000000	            0.000000	           -0.450000	            0.000000	           -0.297079	            0.000000	            0.000000	            0.000000	          -19.688105	          440.690749	           30.998639	           -1.111989	            0.000000	           -0.472645	            0.057551	           -1.287594	           -0.090592
            0.388000	            0.000000	            0.000000	            0.000000	           -0.450000	            0.000000	           -0.297079	            0.000000	            0.000000	            0.000000	          -19.490996	          441.847902	           31.095426	           -1.111764	            0.000000	           -0.472627	            0.057613	           -1.305474	           -0.091896
            0.389000	            0.000000	            0.000000	            0.000000	           -0.450000	            0.000000	           -0.297079	            0.000000	            0.000000	            0.000000	          -19.287254	          443.012311	           31.198051	           -1.111540	            0.000000	           -0.472603	            0.057628	           -1.323147	           -0.093201
            0.390000	            0.000000	            0.000000	            0.000000	           -0.450000	            0.000000	           -0.297079	            0.000000	            0.000000	            0.000000	          -19.077040	          444.185795	           31.306554	           -1.111318	            0.000000	           -0.472573	            0.057595	           -1.340599	           -0.094506
            0.391000	            0.000000	            0.000000	            0.000000	           -0.450000	            0.000000	           -0.297079	            0.000000	            0.000000	            0.000000	          -18.860630	          445.370034	           31.420907	           -1.111097	            0.000000	           -0.472540	            0.057515	           -1.357814	           -0.095811
            0.392000	            0.000000	            0.000000	            0.000000	           -0.450000	            0.000000	           -0.297079	            0.000000	            0.000000	            0.000000	          -18.638418	          446.566498	           31.540996	           -1.110877	            0.000000	           -0.472508	            0.057388	           -1.374784	           -0.097114
            0.393000	            0.000000	            0.000000	            0.000000	           -0.450000	            0.000000	           -0.297079	            0.000000	            0.000000	            0.000000	          -18.410920	          447.776388	           31.666625	           -1.110655	            0.000000	           -0.472481	            0.057216	           -1.391509	           -0.098415
            0.394000	            0.000000	            0.000000	            0.000000	           -0.450000	            0.000000	           -0.297079	            0.000000	            0.000000	            0.000000	          -18.178764	          449.000581	           31.797506	           -1.110431	            0.000000	           -0.472455	            0.057001	           -1.408000	           -0.099713
            0.395000	            0.000000	            0.000000	            0.000000	           -0.450000	            0.000000	           -0.297079	            0.000000	            0.000000	            0.000000	          -17.942684	          450.239578	           31.933260	           -1.110202	            0.000000	           -0.472429	            0.056746	           -1.424280	           -0.101011
            0.396000	            0.000000	            0.000000	            0.000000	           -0.450000	            0.000000	           -0.297079	            0.000000	            0.000000	            0.000000	          -17.703504	          451.493464	           32.073423	           -1.109968	            0.000000	           -0.472402	            0.056455	           -1.440392	           -0.102310
            0.397000	            0.000000	            0.000000	            0.000000	           -0.450000	            0.000000	           -0.297079	            0.000000	            0.000000	            0.000000	          -17.462117	          452.761889	           32.217446	           -1.109728	            0.000000	           -0.472374	            0.056134	           -1.456394	           -0.103612
            0.398000	            0.000000	            0.000000	            0.000000	           -0.450000	            0.000000	           -0.297079	            0.000000	            0.000000	            0.000000	          -17.219462	          454.044050	           32.364703	           -1.109481	            0.000000	           -0.472345	            0.055789	           -1.472366	           -0.104923
            0.399000	            0.000000	            0.000000	            0.000000	           -0.450000	            0.000000	           -0.297079	            0.000000	            0.000000	            0.000000	          -16.976492	          455.338703	           32.514505	           -1.109229	            0.000000	           -0.472312	            0.055428	           -1.488406	           -0.106247
            0.400000	            0.000000	            0.000000	            0.000000	           -0.450000	            0.000000	           -0.297079	            0.000000	            0.000000	            0.000000	          -16.734139	          456.644182	           32.666107	           -1.108972	            0.000000	           -0.472273	            0.055058	           -1.504629	           -0.107592
            0.401000	            0.000000	            0.000000	            0.000000	           -0.450000	            0.000000	           -0.297079	            0.000000	            0.000000	            0.000000	          -16.493277	          457.958444	           32.818721	           -1.108712	            0.000000	           -0.472225	            0.054687	           -1.521166	           -0.108966
            0.402000	            0.000000	            0.000000	            0.000000	           -0.450000	            0.000000	           -0.297079	            0.000000	            0.000000	            0.000000	          -16.254682	          459.279126	           32.971530	           -1.108449	            0.000000	           -0.472171	            0.054325	           -1.538158	           -0.110375
            0.403000	            0.000000	            0.000000	            0.000000	           -0.450000	            0.000000	           -0.297079	            0.000000	            0.000000	            0.000000	          -16.018988	          460.603620	           33.123697	           -1.108184	            0.000000	           -0.472113	            0.053980	           -1.555752	           -0.111831
            0.404000	            0.000000	            0.000000	            0.000000	           -0.450000	            0.000000	           -0.297079	            0.000000	            0.000000	            0.000000	          -15.786646	          461.929160	           33.274378	           -1.107919	            0.000000	           -0.472057	            0.053659	           -1.574098	           -0.113340
            0.405000	            0.000000	            0.000000	            0.000000	           -0.450000	            0.000000	           -0.297079	            0.000000	            0.000000	            0.000000	          -15.557881	          463.252918	           33.422731	           -1.107655	            0.000000	           -0.472001	            0.053368	           -1.593342	           -0.114913
            0.406000	            0.000000	            0.000000	            0.000000	           -0.450000	            0.000000	           -0.297079	            0.000000	            0.000000	            0.000000	          -15.332652	          464.572111	           33.567922	           -1.107392	            0.000000	           -0.471946	            0.053112	           -1.613620	           -0.116556
            0.407000	            0.000000	            0.000000	            0.000000	           -0.450000	            0.000000	           -0.297079	            0.000000	            0.000000	            0.000000	          -15.110620	          465.884101	           33.709132	           -1.107132	            0.000000	           -0.471892	            0.052895	           -1.635057	           -0.118276
            0.408000	            0.000000	            0.000000	            0.000000	           -0.450000	            0.000000	           -0.297079	            0.000000	            0.000000	            0.000000	          -14.891112	          467.186505	           33.845564	           -1.106874	            0.000000	           -0.471840	            0.052718	           -1.657762	           -0.120078
            0.409000	            0.000000	            0.000000	            0.000000	           -0.450000	            0.000000	           -0.297079	            0.000000	            0.000000	            0.000000	          -14.673103	          468.477283	           33.976441	           -1.106618	            0.000000	           -0.471791	            0.052578	           -1.681825	           -0.121967
            0.410000	            0.000000	            0.000000	            0.000000	           -0.450000	            0.000000	           -0.297079	            0.000000	            0.000000	            0.000000	          -14.455193	          469.754827	           34.101010	           -1.106365	            0.000000	           -0.471747	            0.052472	           -1.707314	           -0.123944
            0.411000	            0.000000	            0.000000	            0.000000	           -0.450000	            0.000000	           -0.297079	            0.000000	            0.000000	            0.000000	          -14.235604	          471.018033	           34.218545	           -1.106115	            0.000000	           -0.471709	            0.052391	           -1.734278	           -0.126010
            0.412000	            0.000000	            0.000000	            0.000000	           -0.450000	            0.000000	           -0.297079	            0.000000	            0.000000	            0.000000	          -14.012178	          472.266347	           34.328344	           -1.105871	            0.000000	           -0.471675	            0.052325	           -1.762745	           -0.128163
            0.413000	            0.000000	            0.000000	            0.000000	           -0.450000	            0.000000	           -0.297079	            0.000000	            0.000000	            0.000000	          -13.782387	          473.499806	           34.429732	           -1.105634	            0.000000	           -0.471646	            0.052260	           -1.792723	           -0.130399
            0.414000	            0.000000	            0.000000	            0.000000	           -0.450000	            0.000000	           -0.297079	            0.000000	            0.000000	            0.000000	          -13.543358	          474.719048	           34.522061	           -1.105408	            0.000000	           -0.471620	            0.052180	           -1.824205	           -0.132714
            0.415000	            0.000000	            0.000000	            0.000000	           -0.450000	            0.000000	           -0.297079	            0.000000	            0.000000	            0.000000	          -13.291906	          475.925306	           34.604714	           -1.105193	            0.000000	           -0.471592	            0.052064	           -1.857169	           -0.135101
            0.416000	            0.000000	            0.000000	            0.000000	           -0.450000	            0.000000	           -0.297079	            0.000000	            0.000000	            0.000000	          -13.024573	          477.120384	           34.677106	           -1.104989	            0.000000	           -0.471561	            0.051892	           -1.891582	           -0.137553
            0.417000	            0.000000	            0.000000	            0.000000	           -0.450000	            0.000000	           -0.297079	            0.000000	            0.000000	            0.000000	          -12.737687	          478.306611	           34.738690	           -1.104795	            0.000000	           -0.471522	            0.051637	           -1.927402	           -0.140063
            0.418000	            0.000000	            0.000000	            0.000000	           -0.450000	            0.000000	           -0.297079	            0.000000	            0.000000	            0.000000	          -12.427422	          479.486793	           34.788959	           -1.104606	            0.000000	           -0.471476	            0.051273	           -1.964582	           -0.142620
            0.419000	            0.000000	            0.000000	            0.000000	           -0.450000	            0.000000	           -0.297079	            0.000000	            0.000000	            0.000000	          -12.089875	          480.664137	           34.827458	           -1.104420	            0.000000	           -0.471423	            0.050773	           -2.003070	           -0.145216
            0.420000	            0.000000	            0.000000	            0.000000	           -0.450000	            0.000000	           -0.297079	            0.000000	            0.000000	            0.000000	          -11.721144	          481.842182	           34.853785	           -1.104231	            0.000000	           -0.471365	            0.050106	           -2.042815	           -0.147841
            0.421000	            0.000000	            0.000000	            0.000000	           -0.450000	            0.000000	           -0.297079	            0.000000	            0.000000	            0.000000	          -11.317415	          483.024714	           34.867599	           -1.104037	            0.000000	           -0.471305	            0.049244	           -2.083764	           -0.150486
            0.422000	            0.000000	            0.000000	            0.000000	           -0.450000	            0.000000	           -0.297079	            0.000000	            0.000000	            0.000000	          -10.875050	          484.215688	           34.868632	           -1.103837	            0.000000	           -0.471245	            0.048156	           -2.125866	           -0.153141
            0.423000	            0.000000	            0.000000	            0.000000	           -0.450000	            0.000000	           -0.297079	            0.000000	            0.000000	            0.000000	          -10.390685	          485.419146	           34.856695	           -1.103631	            0.000000	           -0.471191	            0.046813	           -2.169069	           -0.155797
            0.424000	            0.000000	            0.000000	            0.000000	           -0.450000	            0.000000	           -0.297079	            0.000000	            0.000000	            0.000000	           -9.861314	          486.639141	           34.831678	           -1.103420	            0.000000	           -0.471146	            0.045187	           -2.213324	           -0.158446
            0.425000	            0.000000	            0.000000	            0.000000	           -0.450000	            0.000000	           -0.297079	            0.000000	            0.000000	            0.000000	           -9.284381	          487.879668	           34.793568	           -1.103207	            0.000000	           -0.471110	            0.043254	           -2.258579	           -0.161079
            0.426000	            0.000000	            0.000000	            0.000000	           -0.450000	            0.000000	           -0.297079	            0.000000	            0.000000	            0.000000	           -8.657859	          489.144604	           34.742440	           -1.102994	            0.000000	           -0.471081	            0.040989	           -2.304782	           -0.163688
            0.427000	            0.000000	            0.000000	            0.000000	           -0.450000	            0.000000	           -0.297079	            0.000000	            0.000000	            0.000000	           -7.980317	          490.437653	           34.678470	           -1.102781	            0.000000	           -0.471053	            0.038373	           -2.351878	           -0.166265
            0.428000	            0.000000	            0.000000	            0.000000	           -0.450000	            0.000000	           -0.297079	            0.000000	            0.000000	            0.000000	           -7.250982	          491.762313	           34.601929	           -1.102571	            0.000000	           -0.471021	            0.035388	           -2.399809	           -0.168804
            0.429000	            0.000000	            0.000000	            0.000000	           -0.450000	            0.000000	           -0.297079	            0.000000	            0.000000	            0.000000	           -6.469778	          493.121845	           34.513182	           -1.102362	            0.000000	           -0.470982	            0.032022	           -2.448512	           -0.171297
            0.430000	            0.000000	            0.000000	            0.000000	           -0.450000	            0.000000	           -0.297079	            0.000000	            0.000000	            0.000000	           -5.637344	          494.519260	           34.412680	           -1.102157	            0.000000	           -0.470934	            0.028266	           -2.497918	           -0.173737
            0.431000	            0.000000	            0.000000	            0.000000	           -0.450000	            0.000000	           -0.297079	            0.000000	            0.000000	            0.000000	           -4.755048	          495.957311	           34.300958	           -1.101959	            0.000000	           -0.470880	            0.024118	           -2.547954	           -0.176118
            0.432000	            0.000000	            0.000000	            0.000000	           -0.450000	            0.000000	           -0.297079	            0.000000	            0.000000	            0.000000	           -3.824956	          497.438507	           34.178614	           -1.101769	            0.000000	           -0.470821	            0.019578	           -2.598541	           -0.178434
            0.433000	            0.000000	            0.000000	            0.000000	           -0.450000	            0.000000	           -0.297079	            0.000000	            0.000000	            0.000000	           -2.849802	          498.965120	           34.046303	           -1.101593	            0.000000	           -0.470756	            0.014652	           -2.649594	           -0.180678
            0.434000	            0.000000	            0.000000	            0.000000	           -0.450000	            0.000000	           -0.297079	            0.000000	            0.000000	            0.000000	           -1.832924	          500.539209	           33.904715	           -1.101429	            0.000000	           -0.470683	            0.009349	           -2.701025	           -0.182845
            0.435000	            0.000000	            0.000000	            0.000000	           -0.450000	            0.000000	           -0.297079	            0.000000	            0.000000	            0.000000	           -0.778184	          502.162644	           33.754558	           -1.101274	            0.000000	           -0.470600	            0.003684	           -2.752743	           -0.184929
            0.436000	            0.000000	            0.000000	            0.000000	           -0.450000	            0.000000	           -0.297079	            0.000000	            0.000000	            0.000000	            0.310127	          503.837122	           33.596536	           -1.101125	            0.000000	           -0.470512	           -0.002324	           -2.804655	           -0.186924
            0.437000	            0.000000	            0.000000	            0.000000	           -0.450000	            0.000000	           -0.297079	            0.000000	            0.000000	            0.000000	            1.427398	          505.564191	           33.431333	           -1.100980	            0.000000	           -0.470418	           -0.008655	           -2.856668	           -0.188825
            0.438000	            0.000000	            0.000000	            0.000000	           -0.450000	            0.000000	           -0.297079	            0.000000	            0.000000	            0.000000	            2.568823	          507.345258	           33.259585	           -1.100838	            0.000000	           -0.470322	           -0.015284	           -2.908690	           -0.190626
            0.439000	            0.000000	            0.000000	            0.000000	           -0.450000	            0.000000	           -0.297079	            0.000000	            0.000000	            0.000000	            3.729521	          509.181587	           33.081872	           -1.100700	            0.000000	           -0.470226	           -0.022186	           -2.960634	           -0.192323
            0.440000	            0.000000	            0.000000	            0.000000	           -0.450000	            0.000000	           -0.297079	            0.000000	            0.000000	            0.000000	            4.904665	          511.074294	           32.898692	           -1.100565	            0.000000	           -0.470132	           -0.029334	           -3.012414	           -0.193909
            0.441000	            0.000000	            0.000000	            0.000000	           -0.450000	            0.000000	           -0.297079	            0.000000	            0.000000	            0.000000	            6.089611	          513.024316	           32.710456	           -1.100433	            0.000000	           -0.470041	           -0.036699	           -3.063950	           -0.195381
            0.442000	            0.000000	            0.000000	            0.000000	           -0.450000	            0.000000	           -0.297079	            0.000000	            0.000000	            0.000000	            7.280006	          515.032377	           32.517476	           -1.100303	            0.000000	           -0.469955	           -0.044256	           -3.115171	           -0.196732
            0.443000	            0.000000	            0.000000	            0.000000	           -0.450000	            0.000000	           -0.297079	            0.000000	            0.000000	            0.000000	            8.471899	          517.098937	           32.319967	           -1.100171	            0.000000	           -0.469873	           -0.051978	           -3.166007	           -0.197960
            0.444000	            0.000000	            0.000000	            0.000000	           -0.450000	            0.000000	           -0.297079	            0.000000	            0.000000	            0.000000	            9.661823	          519.224138	           32.118047	           -1.100034	            0.000000	           -0.469799	           -0.059841	           -3.216398	           -0.199059
            0.445000	            0.000000	            0.000000	            0.000000	           -0.450000	            0.000000	           -0.297079	            0.000000	            0.000000	            0.000000	           10.846865	          521.407732	           31.911748	           -1.099888	            0.000000	           -0.469733	           -0.067823	           -3.266292	           -0.200025
            0.446000	            0.000000	            0.000000	            0.000000	           -0.450000	            0.000000	           -0.297079	            0.000000	            0.000000	            0.000000	           12.024713	          523.649022	           31.701034	           -1.099732	            0.000000	           -0.469676	           -0.075905	           -3.315639	           -0.200856
            0.447000	            0.000000	            0.000000	            0.000000	           -0.450000	            0.000000	           -0.297079	            0.000000	            0.000000	            0.000000	           13.193677	          525.946799	           31.485822	           -1.099569	            0.000000	           -0.469624	           -0.084070	           -3.364398	           -0.201548
            0.448000	            0.000000	            0.000000	            0.000000	           -0.450000	            0.000000	           -0.297079	            0.000000	            0.000000	            0.000000	           14.352686	          528.299291	           31.266007	           -1.099400	            0.000000	           -0.469576	           -0.092305	           -3.412531	           -0.202100
            0.449000	            0.000000	            0.000000	            0.000000	           -0.450000	            0.000000	           -0.297079	            0.000000	            0.000000	            0.000000	           15.501263	          530.704127	           31.041495	           -1.099228	            0.000000	           -0.469528	           -0.100599	           -3.460001	           -0.202511
            0.450000	            0.000000	            0.000000	            0.000000	           -0.450000	            0.000000	           -0.297079	            0.000000	            0.000000	            0.000000	           16.639475	          533.158325	           30.812235	           -1.099055	            0.000000	           -0.469477	           -0.108945	           -3.506773	           -0.202781
            0.451000	            0.000000	            0.000000	            0.000000	           -0.450000	            0.000000	           -0.297079	            0.000000	            0.000000	            0.000000	           17.767866	          535.658294	           30.578256	           -1.098884	            0.000000	           -0.469417	           -0.117337	           -3.552810	           -0.202912
            0.452000	            0.000000	            0.000000	            0.000000	           -0.450000	            0.000000	           -0.297079	            0.000000	            0.000000	            0.000000	           18.887365	          538.199879	           30.339694	           -1.098717	            0.000000	           -0.469347	           -0.125770	           -3.598069	           -0.202905
            0.453000	            0.000000	            0.000000	            0.000000	           -0.450000	            0.000000	           -0.297079	            0.000000	            0.000000	            0.000000	           19.999189	          540.778420	           30.096834	           -1.098553	            0.000000	           -0.469264	           -0.134242	           -3.642500	           -0.202765
            0.454000	            0.000000	            0.000000	            0.000000	           -0.450000	            0.000000	           -0.297079	            0.000000	            0.000000	            0.000000	           21.104731	          543.388843	           29.850129	           -1.098392	            0.000000	           -0.469168	           -0.142750	           -3.686043	           -0.202496
            0.455000	            0.000000	            0.000000	            0.000000	           -0.450000	            0.000000	           -0.297079	            0.000000	            0.000000	            0.000000	           22.205443	          546.025775	           29.600229	           -1.098234	            0.000000	           -0.469060	           -0.151289	           -3.728626	           -0.202105
            0.456000	            0.000000	            0.000000	            0.000000	           -0.450000	            0.000000	           -0.297079	            0.000000	            0.000000	            0.000000	           23.302721	          548.683679	           29.347995	           -1.098078	            0.000000	           -0.468941	           -0.159856	           -3.770160	           -0.201600
            0.457000	            0.000000	            0.000000	            0.000000	           -0.450000	            0.000000	           -0.297079	            0.000000	            0.000000	            0.000000	           24.397798	          551.357002	           29.094510	           -1.097923	            0.000000	           -0.468814	           -0.168442	           -3.810542	           -0.200989
            0.458000	            0.000000	            0.000000	            0.000000	           -0.450000	            0.000000	           -0.297079	            0.000000	            0.000000	            0.000000	           25.491638	          554.040321	           28.841083	           -1.097769	            0.000000	           -0.468685	           -0.177038	           -3.849652	           -0.200280
            0.459000	            0.000000	            0.000000	            0.000000	           -0.450000	            0.000000	           -0.297079	            0.000000	            0.000000	            0.000000	           26.584856	          556.728502	           28.589242	           -1.097614	            0.000000	           -0.468559	           -0.185630	           -3.887353	           -0.199486
            0.460000	            0.000000	            0.000000	            0.000000	           -0.450000	            0.000000	           -0.297079	            0.000000	            0.000000	            0.000000	           27.677650	          559.416829	           28.340721	           -1.097459	            0.000000	           -0.468442	           -0.194200	           -3.923491	           -0.198616
            0.461000	            0.000000	            0.000000	            0.000000	           -0.450000	            0.000000	           -0.297079	            0.000000	            0.000000	            0.000000	           28.769753	          562.101128	           28.097439	           -1.097304	            0.000000	           -0.468336	           -0.202726	           -3.957896	           -0.197682
            0.462000	            0.000000	            0.000000	            0.000000	           -0.450000	            0.000000	           -0.297079	            0.000000	            0.000000	            0.000000	           29.860420	          564.777862	           27.861475	           -1.097151	            0.000000	           -0.468242	           -0.211181	           -3.990386	           -0.196696
            0.463000	            0.000000	            0.000000	            0.000000	           -0.450000	            0.000000	           -0.297079	            0.000000	            0.000000	            0.000000	           30.948424	          567.444190	           27.635034	           -1.097001	            0.000000	           -0.468159	           -0.219536	           -4.020768	           -0.195669
            0.464000	            0.000000	            0.000000	            0.000000	           -0.450000	            0.000000	           -0.297079	            0.000000	            0.000000	            0.000000	           32.032090	          570.098001	           27.420409	           -1.096854	            0.000000	           -0.468087	           -0.227756	           -4.048840	           -0.194613
            0.465000	            0.000000	            0.000000	            0.000000	           -0.450000	            0.000000	           -0.297079	            0.000000	            0.000000	            0.000000	           33.109349	          572.737908	           27.219944	           -1.096705	            0.000000	           -0.468022	           -0.235803	           -4.074396	           -0.193540
            0.466000	            0.000000	            0.000000	            0.000000	           -0.450000	            0.000000	           -0.297079	            0.000000	            0.000000	            0.000000	           34.177810	          575.363206	           27.035991	           -1.096554	            0.000000	           -0.467960	           -0.243638	           -4.097228	           -0.192459
            0.467000	            0.000000	            0.000000	            0.000000	           -0.450000	            0.000000	           -0.297079	            0.000000	            0.000000	            0.000000	           35.234853	          577.973803	           26.870872	           -1.096398	            0.000000	           -0.467899	           -0.251218	           -4.117134	           -0.191382
            0.468000	            0.000000	            0.000000	            0.000000	           -0.450000	            0.000000	           -0.297079	            0.000000	            0.000000	            0.000000	           36.277736	          580.570125	           26.726835	           -1.096239	            0.000000	           -0.467834	           -0.258502	           -4.133917	           -0.190316
            0.469000	            0.000000	            0.000000	            0.000000	           -0.450000	            0.000000	           -0.297079	            0.000000	            0.000000	            0.000000	           37.303712	          583.152997	           26.606020	           -1.096076	            0.000000	           -0.467763	           -0.265448	           -4.147390	           -0.189272
            0.470000	            0.000000	            0.000000	            0.000000	           -0.450000	            0.000000	           -0.297079	            0.000000	            0.000000	            0.000000	           38.310143	          585.723508	           26.510425	           -1.095911	            0.000000	           -0.467684	           -0.272016	           -4.157383	           -0.188254
            0.471000	            0.000000	            0.000000	            0.000000	           -0.450000	            0.000000	           -0.297079	            0.000000	            0.000000	            0.000000	           39.294624	          588.282879	           26.441875	           -1.095747	            0.000000	           -0.467598	           -0.278169	           -4.163745	           -0.187271
            0.472000	            0.000000	            0.000000	            0.000000	           -0.450000	            0.000000	           -0.297079	            0.000000	            0.000000	            0.000000	           40.255089	          590.832322	           26.401993	           -1.095584	            0.000000	           -0.467504	           -0.283873	           -4.166345	           -0.186326
            0.473000	            0.000000	            0.000000	            0.000000	           -0.450000	            0.000000	           -0.297079	            0.000000	            0.000000	            0.000000	           41.189908	          593.372908	           26.392181	           -1.095424	            0.000000	           -0.467404	           -0.289101	           -4.165077	           -0.185423
            0.474000	            0.000000	            0.000000	            0.000000	           -0.450000	            0.000000	           -0.297079	            0.000000	            0.000000	            0.000000	           42.097975	          595.905457	           26.413601	           -1.095266	            0.000000	           -0.467302	           -0.293829	           -4.159866	           -0.184565
            0.475000	            0.000000	            0.000000	            0.000000	           -0.450000	            0.000000	           -0.297079	            0.000000	            0.000000	            0.000000	           42.978764	          598.430429	           26.467159	           -1.095111	            0.000000	           -0.467202	           -0.298041	           -4.150661	           -0.183753
            0.476000	            0.000000	            0.000000	            0.000000	           -0.450000	            0.000000	           -0.297079	            0.000000	            0.000000	            0.000000	           43.832372	          600.947854	           26.553498	           -1.094957	            0.000000	           -0.467110	           -0.301727	           -4.137448	           -0.182988
            0.477000	            0.000000	            0.000000	            0.000000	           -0.450000	            0.000000	           -0.297079	            0.000000	            0.000000	            0.000000	           44.659529	          603.457269	           26.672989	           -1.094803	            0.000000	           -0.467026	           -0.304885	           -4.120240	           -0.182268
            0.478000	            0.000000	            0.000000	            0.000000	           -0.450000	            0.000000	           -0.297079	            0.000000	            0.000000	            0.000000	           45.461595	          605.957688	           26.825733	           -1.094646	            0.000000	           -0.466953	           -0.307519	           -4.099088	           -0.181591
            0.479000	            0.000000	            0.000000	            0.000000	           -0.450000	            0.000000	           -0.297079	            0.000000	            0.000000	            0.000000	           46.240517	          608.447589	           27.011563	           -1.094486	            0.000000	           -0.466891	           -0.309639	           -4.074071	           -0.180956
            0.480000	            0.000000	            0.000000	            0.000000	           -0.450000	            0.000000	           -0.297079	            0.000000	            0.000000	            0.000000	           46.998779	          610.924922	           27.230051	           -1.094321	            0.000000	           -0.466838	           -0.311264	           -4.045304	           -0.180358
            0.481000	            0.000000	            0.000000	            0.000000	           -0.450000	            0.000000	           -0.297079	            0.000000	            0.000000	            0.000000	           47.739320	          613.387138	           27.480522	           -1.094151	            0.000000	           -0.466794	           -0.312417	           -4.012930	           -0.179793
            0.482000	            0.000000	            0.000000	            0.000000	           -0.450000	            0.000000	           -0.297079	            0.000000	            0.000000	            0.000000	           48.465444	          615.831230	           27.762068	           -1.093976	            0.000000	           -0.466756	           -0.313127	           -3.977122	           -0.179257
            0.483000	            0.000000	            0.000000	            0.000000	           -0.450000	            0.000000	           -0.297079	            0.000000	            0.000000	            0.000000	           49.180711	          618.253796	           28.073577	           -1.093796	            0.000000	           -0.466724	           -0.313425	           -3.938076	           -0.178744
            0.484000	            0.000000	            0.000000	            0.000000	           -0.450000	            0.000000	           -0.297079	            0.000000	            0.000000	            0.000000	           49.888825	          620.651106	           28.413751	           -1.093612	            0.000000	           -0.466698	           -0.313347	           -3.896010	           -0.178249
            0.485000	            0.000000	            0.000000	            0.000000	           -0.450000	            0.000000	           -0.297079	            0.000000	            0.000000	            0.000000	           50.593518	          623.019183	           28.781139	           -1.093427	            0.000000	           -0.466678	           -0.312931	           -3.851161	           -0.177765
            0.486000	            0.000000	            0.000000	            0.000000	           -0.450000	            0.000000	           -0.297079	            0.000000	            0.000000	            0.000000	           51.298438	          625.353891	           29.174168	           -1.093241	            0.000000	           -0.466663	           -0.312215	           -3.803775	           -0.177286
            0.487000	            0.000000	            0.000000	            0.000000	           -0.450000	            0.000000	           -0.297079	            0.000000	            0.000000	            0.000000	           52.007031	          627.651027	           29.591175	           -1.093054	            0.000000	           -0.466649	           -0.311237	           -3.754103	           -0.176806
            0.488000	            0.000000	            0.000000	            0.000000	           -0.450000	            0.000000	           -0.297079	            0.000000	            0.000000	            0.000000	           52.722455	          629.906419	           30.030438	           -1.092869	            0.000000	           -0.466630	           -0.310033	           -3.702399	           -0.176319
            0.489000	            0.000000	            0.000000	            0.000000	           -0.450000	            0.000000	           -0.297079	            0.000000	            0.000000	            0.000000	           53.447484	          632.116021	           30.490206	           -1.092687	            0.000000	           -0.466601	           -0.308636	           -3.648911	           -0.175817
            0.490000	           -0.295279	           10.804183	           -1.047460	           -0.582505	            0.000000	           -0.238000	           -0.090994	           -0.559667	           -0.016866	           54.184446	          634.276006	           30.968725	           -1.092510	            0.000000	           -0.466557	           -0.307078	           -3.593877	           -0.175294
            0.491000	            0.457254	           16.514490	           -1.392478	           -0.582505	            0.000000	           -0.238000	           -0.097147	           -0.652256	           -0.018028	           54.935166	          636.382859	           31.464264	           -1.092340	            0.000000	           -0.466501	           -0.305385	           -3.537520	           -0.174743
            0.492000	            1.351508	           23.237141	           -1.768379	           -0.582505	            0.000000	           -0.238000	           -0.101960	           -0.744381	           -0.017803	           55.700939	          638.433453	           31.975127	           -1.092178	            0.000000	           -0.466433	           -0.303579	           -3.480045	           -0.174158
            0.493000	            2.376513	           31.002467	           -2.169855	           -0.578405	            0.000000	           -0.246700	           -0.105341	           -0.834040	           -0.016223	           56.482517	          640.425117	           32.499670	           -1.092022	            0.000000	           -0.466359	           -0.301677	           -3.421637	           -0.173531
            0.494000	            3.514287	           39.825392	           -2.590445	           -0.574759	            0.000000	           -0.253944	           -0.107245	           -0.919227	           -0.013396	           57.280116	          642.355689	           33.036309	           -1.091872	            0.000000	           -0.466284	           -0.299692	           -3.362461	           -0.172856
            0.495000	            4.739518	           49.704813	           -3.022676	           -0.571366	            0.000000	           -0.260194	           -0.107672	           -0.998001	           -0.009496	           58.093441	          644.223545	           33.583520	           -1.091725	            0.000000	           -0.466215	           -0.297632	           -3.302658	           -0.172126
            0.496000	            6.019475	           60.623474	           -3.458246	           -0.568186	            0.000000	           -0.265609	           -0.106661	           -1.068553	           -0.004748	           58.921738	          646.027608	           34.139839	           -1.091578	            0.000000	           -0.466158	           -0.295501	           -3.242349	           -0.171334
            0.497000	            7.314175	           72.548342	           -3.888254	           -0.565221	            0.000000	           -0.270279	           -0.104282	           -1.129265	            0.000593	           59.763845	          647.767328	           34.703858	           -1.091429	            0.000000	           -0.466118	           -0.293298	           -3.181638	           -0.170475
            0.498000	            8.576841	           85.431457	           -4.303456	           -0.562480	            0.000000	           -0.274299	           -0.100641	           -1.178762	            0.006254	           60.618276	          649.442645	           35.274223	           -1.091275	            0.000000	           -0.466096	           -0.291020	           -3.120610	           -0.169541
            0.499000	            9.754633	           99.211259	           -4.694548	           -0.559969	            0.000000	           -0.277759	           -0.095863	           -1.215952	            0.011965	           61.483294	          651.053923	           35.849620	           -1.091118	            0.000000	           -0.466087	           -0.288662	           -3.059336	           -0.168529
            0.500000	           10.789668	          113.814307	           -5.052456	           -0.557685	            0.000000	           -0.280739	           -0.090098	           -1.240057	            0.017468	           62.357007	          652.601860	           36.428775	           -1.090958	            0.000000	           -0.466089	           -0.286216	           -2.997878	           -0.167431
            0.501000	           11.620309	          129.157356	           -5.368619	           -0.555619	            0.000000	           -0.283300	           -0.083511	           -1.250629	            0.022535	           63.237459	          654.087386	           37.010448	           -1.090797	            0.000000	           -0.466098	           -0.283675	           -2.936287	           -0.166245
            0.502000	           12.182702	          145.149713	           -5.635261	           -0.553758	            0.000000	           -0.285489	           -0.076277	           -1.247551	            0.026973	           64.122718	          655.511556	           37.593428	           -1.090638	            0.000000	           -0.466108	           -0.281029	           -2.874611	           -0.164966
            0.503000	           12.412515	          161.695764	           -5.845624	           -0.552097	            0.000000	           -0.287343	           -0.068580	           -1.231036	            0.030634	           65.010961	          656.875422	           38.176533	           -1.090483	            0.000000	           -0.466118	           -0.278272	           -2.812895	           -0.163591
            0.504000	           12.246846	          178.697604	           -5.994158	           -0.550630	            0.000000	           -0.288899	           -0.060606	           -1.201606	            0.033413	           65.900550	          658.179926	           38.758612	           -1.090332	            0.000000	           -0.466124	           -0.275396	           -2.751183	           -0.162119
            0.505000	           11.626215	          196.057642	           -6.076659	           -0.549343	            0.000000	           -0.290198	           -0.052541	           -1.160068	            0.035255	           66.790091	          659.425792	           39.338548	           -1.090187	            0.000000	           -0.466124	           -0.272397	           -2.689520	           -0.160549
            0.506000	           10.496600	          213.681102	           -6.090340	           -0.548211	            0.000000	           -0.291284	           -0.044563	           -1.107482	            0.036149	           67.678482	          660.613430	           39.915266	           -1.090046	            0.000000	           -0.466116	           -0.269273	           -2.627954	           -0.158880
            0.507000	            8.811406	          231.478304	           -6.033841	           -0.547196	            0.000000	           -0.292201	           -0.036840	           -1.045127	            0.036126	           68.564939	          661.742871	           40.487736	           -1.089908	            0.000000	           -0.466101	           -0.266023	           -2.566536	           -0.157113
            0.508000	            6.533310	          249.366638	           -5.907173	           -0.546262	            0.000000	           -0.292986	           -0.029524	           -0.974458	            0.035254	           69.449011	          662.813712	           41.054983	           -1.089773	            0.000000	           -0.466079	           -0.262650	           -2.505324	           -0.155251
            0.509000	            3.635890	          267.272173	           -5.711600	           -0.545375	            0.000000	           -0.293670	           -0.022745	           -0.897070	            0.033627	           70.330568	          663.825097	           41.616093	           -1.089638	            0.000000	           -0.466051	           -0.259158	           -2.444378	           -0.153297
            0.510000	            0.104955	          285.130818	           -5.449469	           -0.544509	            0.000000	           -0.294275	           -0.016610	           -0.814653	            0.031365	           71.209779	          664.775711	           42.170218	           -1.089505	            0.000000	           -0.466019	           -0.255555	           -2.383763	           -0.151255
            0.511000	           -4.060468	          302.889021	           -5.124006	           -0.543646	            0.000000	           -0.294815	           -0.011196	           -0.728955	            0.028601	           72.087073	          665.663812	           42.716583	           -1.089371	            0.000000	           -0.465986	           -0.251851	           -2.323551	           -0.149130
            0.512000	           -8.847565	          320.503980	           -4.739077	           -0.542778	            0.000000	           -0.295305	           -0.006547	           -0.641746	            0.025473	           72.963087	          666.487268	           43.254483	           -1.089235	            0.000000	           -0.465955	           -0.248056	           -2.263816	           -0.146929
            0.513000	          -14.229604	          337.943388	           -4.298947	           -0.541906	            0.000000	           -0.295760	           -0.002670	           -0.554781	            0.022122	           73.838605	          667.243626	           43.783289	           -1.089093	            0.000000	           -0.465928	           -0.244186	           -2.204638	           -0.144659
            0.514000	          -20.166260	          355.184730	           -3.808043	           -0.541034	            0.000000	           -0.296191	            0.000465	           -0.469772	            0.018680	           74.714492	          667.930184	           44.302439	           -1.088946	            0.000000	           -0.465905	           -0.240255	           -2.146101	           -0.142327
            0.515000	          -26.604404	          372.214199	           -3.270738	           -0.540170	            0.000000	           -0.296610	            0.002926	           -0.388360	            0.015269	           75.591627	          668.544077	           44.811440	           -1.088792	            0.000000	           -0.465885	           -0.236279	           -2.088294	           -0.139942
            0.516000	          -33.479304	          389.025293	           -2.691170	           -0.539316	            0.000000	           -0.297022	            0.004819	           -0.312095	            0.011992	           76.470833	          669.082360	           45.309857	           -1.088632	            0.000000	           -0.465868	           -0.232277	           -2.031305	           -0.137514
            0.517000	          -40.716231	          405.617169	           -2.073106	           -0.538475	            0.000000	           -0.297428	            0.006287	           -0.242412	            0.008934	           77.352815	          669.542096	           45.797304	           -1.088466	            0.000000	           -0.465854	           -0.228265	           -1.975229	           -0.135053
            0.518000	          -48.232385	          421.992857	           -1.419862	           -0.537643	            0.000000	           -0.297828	            0.007502	           -0.180625	            0.006158	           78.238105	          669.920436	           46.273440	           -1.088293	            0.000000	           -0.465844	           -0.224261	           -1.920159	           -0.132569
            0.519000	          -55.939075	          438.157402	           -0.734263	           -0.536817	            0.000000	           -0.298218	            0.008668	           -0.127907	            0.003704	           79.127014	          670.214684	           46.737954	           -1.088116	            0.000000	           -0.465840	           -0.220284	           -1.866190	           -0.130073
            0.520000	          -63.744080	          454.116040	           -0.018672	           -0.535994	            0.000000	           -0.298593	            0.010008	           -0.085289	            0.001591	           80.019599	          670.422363	           47.190560	           -1.087938	            0.000000	           -0.465839	           -0.216351	           -1.813417	           -0.127575
            0.521000	          -71.554089	          469.872481	            0.724953	           -0.535168	            0.000000	           -0.298949	            0.011763	           -0.053650	           -0.000185	           80.915638	          670.541251	           47.630986	           -1.087762	            0.000000	           -0.465842	           -0.212478	           -1.761931	           -0.125086
            0.522000	          -79.277145	          485.427362	            1.494950	           -0.534334	            0.000000	           -0.299277	            0.014178	           -0.033718	           -0.001649	           81.814625	          670.569413	           48.058971	           -1.087590	            0.000000	           -0.465848	           -0.208681	           -1.711820	           -0.122617
            0.523000	          -86.824981	          500.776942	            2.289832	           -0.533491	            0.000000	           -0.299569	            0.017501	           -0.026065	           -0.002839	           82.715768	          670.505217	           48.474256	           -1.087426	            0.000000	           -0.465856	           -0.204973	           -1.663165	           -0.120178
            0.524000	          -94.115196	          515.912070	            3.108143	           -0.532638	            0.000000	           -0.299821	            0.021970	           -0.031107	           -0.003810	           83.618010	          670.347330	           48.876586	           -1.087269	            0.000000	           -0.465865	           -0.201368	           -1.616038	           -0.117777
            0.525000	         -101.073165	          530.817462	            3.948315	           -0.531779	            0.000000	           -0.300034	            0.027807	           -0.049104	           -0.004628	           84.520052	          670.094710	           49.265707	           -1.087122	            0.000000	           -0.465873	           -0.197874	           -1.570503	           -0.115423
            0.526000	         -107.633647	          545.471293	            4.808540	           -0.530917	            0.000000	           -0.300212	            0.035211	           -0.080157	           -0.005365	           85.420393	          669.746581	           49.641372	           -1.086982	            0.000000	           -0.465880	           -0.194502	           -1.526609	           -0.113124
            0.527000	         -113.742030	          559.845122	            5.686653	           -0.530053	            0.000000	           -0.300359	            0.044346	           -0.124213	           -0.006096	           86.317368	          669.302405	           50.003343	           -1.086848	            0.000000	           -0.465885	           -0.191256	           -1.484390	           -0.110885
            0.528000	         -119.355189	          573.904115	            6.580045	           -0.529189	            0.000000	           -0.300481	            0.055343	           -0.181057	           -0.006898	           87.209199	          668.761848	           50.351399	           -1.086721	            0.000000	           -0.465888	           -0.188139	           -1.443863	           -0.108712
            0.529000	         -124.441942	          587.607565	            7.485606	           -0.528326	            0.000000	           -0.300580	            0.068287	           -0.250318	           -0.007842	           88.094039	          668.124747	           50.685343	           -1.086602	            0.000000	           -0.465889	           -0.185153	           -1.405027	           -0.106608
            0.530000	         -128.983103	          600.909672	            8.399699	           -0.527470	            0.000000	           -0.300660	            0.083219	           -0.331465	           -0.008994	           88.970019	          667.391077	           51.005008	           -1.086491	            0.000000	           -0.465887	           -0.182295	           -1.367861	           -0.104573
            0.531000	         -132.971171	          613.760544	            9.318158	           -0.526630	            0.000000	           -0.300725	            0.100130	           -0.423813	           -0.010413	           89.835292	          666.560921	           51.310265	           -1.086389	            0.000000	           -0.465885	           -0.179560	           -1.332324	           -0.102608
            0.532000	         -136.409662	          626.107380	           10.236326	           -0.525815	            0.000000	           -0.300778	            0.118961	           -0.526521	           -0.012142	           90.688072	          665.634451	           51.601023	           -1.086293	            0.000000	           -0.465883	           -0.176941	           -1.298357	           -0.100712
            0.533000	         -139.312157	          637.895788	           11.149094	           -0.525032	            0.000000	           -0.300821	            0.139605	           -0.638603	           -0.014217	           91.526660	          664.611908	           51.877238	           -1.086199	            0.000000	           -0.465883	           -0.174428	           -1.265880	           -0.098880
            0.534000	         -141.701112	          649.071193	           12.050977	           -0.524288	            0.000000	           -0.300856	            0.161908	           -0.758936	           -0.016655	           92.349467	          663.493596	           52.138904	           -1.086103	            0.000000	           -0.465886	           -0.172009	           -1.234800	           -0.097109
            0.535000	         -143.606481	          659.580289	           12.936178	           -0.523584	            0.000000	           -0.300883	            0.185672	           -0.886270	           -0.019461	           93.155033	          662.279881	           52.386056	           -1.086001	            0.000000	           -0.465891	           -0.169672	           -1.205009	           -0.095393
            0.536000	         -145.064245	          669.372479	           13.798674	           -0.522922	            0.000000	           -0.300903	            0.210665	           -1.019251	           -0.022625	           93.942028	          660.971187	           52.618754	           -1.085893	            0.000000	           -0.465896	           -0.167401	           -1.176389	           -0.093726
            0.537000	         -146.114880	          678.401269	           14.632287	           -0.522304	            0.000000	           -0.300918	            0.236620	           -1.156434	           -0.026122	           94.709258	          659.568010	           52.837081	           -1.085780	            0.000000	           -0.465897	           -0.165182	           -1.148817	           -0.092100
            0.538000	         -146.801845	          686.625572	           15.430757	           -0.521725	            0.000000	           -0.300930	            0.263247	           -1.296312	           -0.029913	           95.455652	          658.070922	           53.041124	           -1.085662	            0.000000	           -0.465893	           -0.162999	           -1.122169	           -0.090508
            0.539000	         -147.170136	          694.010884	           16.187806	           -0.521180	            0.000000	           -0.300939	            0.290242	           -1.437340	           -0.033948	           96.180259	          656.480578	           53.230964	           -1.085541	            0.000000	           -0.465884	           -0.160839	           -1.096322	           -0.088943
            0.540000	         -147.264956	          700.530291	           16.897195	           -0.520661	            0.000000	           -0.300945	            0.317288	           -1.577962	           -0.038165	           96.882233	          654.797720	           53.406657	           -1.085415	            0.000000	           -0.465871	           -0.158687	           -1.071162	           -0.087398
            0.541000	         -147.130530	          706.165302	           17.552772	           -0.520163	            0.000000	           -0.300948	            0.344073	           -1.716640	           -0.042493	           97.560820	          653.023173	           53.568222	           -1.085285	            0.000000	           -0.465857	           -0.156533	           -1.046586	           -0.085867
            0.542000	         -146.809102	          710.906471	           18.148518	           -0.519681	            0.000000	           -0.300946	            0.370289	           -1.851883	           -0.046854	           98.215345	          651.157841	           53.715625	           -1.085152	            0.000000	           -0.465845	           -0.154366	           -1.022503	           -0.084346
            0.543000	         -146.340117	          714.753793	           18.678586	           -0.519211	            0.000000	           -0.300937	            0.395644	           -1.982276	           -0.051167	           98.845199	          649.202683	           53.848768	           -1.085015	            0.000000	           -0.465838	           -0.152179	           -0.998841	           -0.082829
            0.544000	         -145.759609	          717.716884	           19.137338	           -0.518755	            0.000000	           -0.300922	            0.419866	           -2.106499	           -0.055346	           99.449833	          647.158688	           53.967477	           -1.084876	            0.000000	           -0.465838	           -0.149969	           -0.975546	           -0.081315
            0.545000	         -145.099775	          719.814927	           19.519387	           -0.518312	            0.000000	           -0.300900	            0.442710	           -2.223356	           -0.059307	          100.028752	          645.026836	           54.071494	           -1.084733	            0.000000	           -0.465848	           -0.147733	           -0.952582	           -0.079802
            0.546000	         -144.388733	          721.076404	           19.819636	           -0.517883	            0.000000	           -0.300873	            0.463959	           -2.331786	           -0.062966	          100.581513	          642.808055	           54.160473	           -1.084588	            0.000000	           -0.465871	           -0.145474	           -0.929934	           -0.078291
            0.547000	         -143.650448	          721.538614	           20.033328	           -0.517466	            0.000000	           -0.300845	            0.483431	           -2.430882	           -0.066245	          101.107725	          640.503168	           54.233980	           -1.084439	            0.000000	           -0.465902	           -0.143194	           -0.907604	           -0.076782
            0.548000	         -142.904798	          721.246998	           20.156088	           -0.517057	            0.000000	           -0.300816	            0.500976	           -2.519895	           -0.069070	          101.607056	          638.112837	           54.291489	           -1.084289	            0.000000	           -0.465937	           -0.140900	           -0.885610	           -0.075277
            0.549000	         -142.167753	          720.254308	           20.183985	           -0.516654	            0.000000	           -0.300790	            0.516481	           -2.598243	           -0.071376	          102.079242	          635.637512	           54.332389	           -1.084143	            0.000000	           -0.465968	           -0.138602	           -0.863986	           -0.073781
            0.550000	         -141.451650	          718.619610	           20.113582	           -0.516260	            0.000000	           -0.300771	            0.529866	           -2.665510	           -0.073108	          102.524091	          633.077381	           54.355995	           -1.084002	            0.000000	           -0.465988	           -0.136309	           -0.842775	           -0.072298
            0.551000	         -140.765531	          716.407193	           19.941997	           -0.515877	            0.000000	           -0.300759	            0.541084	           -2.721441	           -0.074219	          102.941501	          630.432325	           54.361556	           -1.083870	            0.000000	           -0.465993	           -0.134034	           -0.822031	           -0.070832
            0.552000	         -140.115514	          713.685377	           19.666959	           -0.515512	            0.000000	           -0.300756	            0.550119	           -2.765940	           -0.074676	          103.331463	          627.701894	           54.348270	           -1.083744	            0.000000	           -0.465980	           -0.131789	           -0.801812	           -0.069387
            0.553000	         -139.505192	          710.525275	           19.286860	           -0.515168	            0.000000	           -0.300759	            0.556982	           -2.799056	           -0.074457	          103.694073	          624.885287	           54.315303	           -1.083622	            0.000000	           -0.465955	           -0.129587	           -0.782178	           -0.067970
            0.554000	         -138.936026	          706.999536	           18.800805	           -0.514845	            0.000000	           -0.300766	            0.561712	           -2.820975	           -0.073551	          104.029533	          621.981347	           54.261810	           -1.083500	            0.000000	           -0.465923	           -0.127443	           -0.763191	           -0.066585
            0.555000	         -138.407722	          703.181100	           18.208648	           -0.514538	            0.000000	           -0.300771	            0.564367	           -2.832003	           -0.071964	          104.338157	          618.988580	           54.186957	           -1.083377	            0.000000	           -0.465894	           -0.125369	           -0.744908	           -0.065237
            0.556000	         -137.918585	          699.141992	           17.511024	           -0.514243	            0.000000	           -0.300769	            0.565025	           -2.832559	           -0.069709	          104.620363	          615.905175	           54.089948	           -1.083251	            0.000000	           -0.465871	           -0.123378	           -0.727381	           -0.063929
            0.557000	         -137.465837	          694.952196	           16.709363	           -0.513956	            0.000000	           -0.300754	            0.563780	           -2.823153	           -0.066814	          104.876662	          612.729036	           53.970043	           -1.083125	            0.000000	           -0.465857	           -0.121481	           -0.710656	           -0.062665
            0.558000	         -137.045902	          690.678620	           15.805899	           -0.513673	            0.000000	           -0.300723	            0.560737	           -2.804373	           -0.063318	          105.107647	          609.457832	           53.826591	           -1.083002	            0.000000	           -0.465848	           -0.119689	           -0.694768	           -0.061449
            0.559000	         -136.654651	          686.384187	           14.803651	           -0.513389	            0.000000	           -0.300674	            0.556013	           -2.776874	           -0.059270	          105.313966	          606.089037	           53.659045	           -1.082885	            0.000000	           -0.465844	           -0.118010	           -0.679742	           -0.060282
            0.560000	         -136.287605	          682.127051	           13.706407	           -0.513102	            0.000000	           -0.300609	            0.549730	           -2.741359	           -0.054725	          105.496297	          602.619984	           53.466985	           -1.082777	            0.000000	           -0.465845	           -0.116449	           -0.665590	           -0.059164
            0.561000	         -135.940110	          677.959976	           12.518681	           -0.512810	            0.000000	           -0.300530	            0.542015	           -2.698566	           -0.049748	          105.655313	          599.047904	           53.250131	           -1.082674	            0.000000	           -0.465853	           -0.115012	           -0.652313	           -0.058097
            0.562000	         -135.607482	          673.929857	           11.245666	           -0.512515	            0.000000	           -0.300446	            0.532999	           -2.649257	           -0.044410	          105.791645	          595.369981	           53.008352	           -1.082576	            0.000000	           -0.465867	           -0.113700	           -0.639898	           -0.057079
            0.563000	         -135.285118	          670.077403	            9.893169	           -0.512221	            0.000000	           -0.300361	            0.522813	           -2.594202	           -0.038785	          105.905841	          591.583379	           52.741667	           -1.082478	            0.000000	           -0.465887	           -0.112512	           -0.628317	           -0.056110
            0.564000	         -134.968591	          666.436980	            8.467543	           -0.511930	            0.000000	           -0.300279	            0.511588	           -2.534173	           -0.032948	          105.998327	          587.685288	           52.450242	           -1.082380	            0.000000	           -0.465913	           -0.111444	           -0.617533	           -0.055186
            0.565000	         -134.653721	          663.036590	            6.975610	           -0.511645	            0.000000	           -0.300200	            0.499453	           -2.469932	           -0.026977	          106.069362	          583.672946	           52.134378	           -1.082281	            0.000000	           -0.465940	           -0.110492	           -0.607492	           -0.054304
            0.566000	         -134.336640	          659.897995	            5.424578	           -0.511364	            0.000000	           -0.300124	            0.486537	           -2.402224	           -0.020946	          106.118998	          579.543669	           51.794486	           -1.082183	            0.000000	           -0.465965	           -0.109646	           -0.598132	           -0.053461
            0.567000	         -134.013828	          657.036958	            3.821962	           -0.511082	            0.000000	           -0.300051	            0.472963	           -2.331768	           -0.014930	          106.147046	          575.294877	           51.431067	           -1.082082	            0.000000	           -0.465988	           -0.108896	           -0.589382	           -0.052652
            0.568000	         -133.682156	          654.463599	            2.175500	           -0.510797	            0.000000	           -0.299981	            0.458854	           -2.259256	           -0.008995	          106.153048	          570.924111	           51.044675	           -1.081978	            0.000000	           -0.466009	           -0.108231	           -0.581164	           -0.051873
            0.569000	         -133.338901	          652.182823	            0.493075	           -0.510508	            0.000000	           -0.299913	            0.444327	           -2.185347	           -0.003206	          106.136245	          566.429065	           50.635881	           -1.081868	            0.000000	           -0.466029	           -0.107636	           -0.573395	           -0.051120
            0.570000	         -132.981765	          650.194830	           -1.217354	           -0.510216	            0.000000	           -0.299842	            0.429497	           -2.110665	            0.002382	          106.095571	          561.807608	           50.205239	           -1.081752	            0.000000	           -0.466050	           -0.107098	           -0.565994	           -0.050389
            0.571000	         -132.608873	          648.495666	           -2.947819	           -0.509922	            0.000000	           -0.299767	            0.414474	           -2.035794	            0.007721	          106.029642	          557.057819	           49.753237	           -1.081631	            0.000000	           -0.466073	           -0.106602	           -0.558880	           -0.049675
            0.572000	         -132.218772	          647.077802	           -4.690404	           -0.509627	            0.000000	           -0.299685	            0.399366	           -1.961285	            0.012769	          105.936759	          552.178023	           49.280270	           -1.081506	            0.000000	           -0.466097	           -0.106134	           -0.551978	           -0.048975
            0.573000	         -131.810408	          645.930727	           -6.437288	           -0.509327	            0.000000	           -0.299598	            0.384276	           -1.887648	            0.017495	          105.814929	          547.166838	           48.786600	           -1.081379	            0.000000	           -0.466123	           -0.105682	           -0.545226	           -0.048287
            0.574000	         -131.383106	          645.041527	           -8.180795	           -0.509016	            0.000000	           -0.299509	            0.369302	           -1.815357	            0.021875	          105.661881	          542.023219	           48.272330	           -1.081253	            0.000000	           -0.466148	           -0.105235	           -0.538573	           -0.047610
            0.575000	         -130.936528	          644.395445	           -9.913430	           -0.508690	            0.000000	           -0.299418	            0.354537	           -1.744847	            0.025895	          105.475109	          536.746525	           47.737382	           -1.081131	            0.000000	           -0.466172	           -0.104786	           -0.531985	           -0.046943
            0.576000	         -130.470633	          643.976399	          -11.627910	           -0.508348	            0.000000	           -0.299324	            0.340071	           -1.676515	            0.029548	          105.251913	          531.336574	           47.181486	           -1.081014	            0.000000	           -0.466194	           -0.104330	           -0.525448	           -0.046288
            0.577000	         -129.985625	          643.767460	          -13.317202	           -0.507992	            0.000000	           -0.299228	            0.325986	           -1.610720	            0.032835	          104.989450	          525.793713	           46.604179	           -1.080903	            0.000000	           -0.466217	           -0.103866	           -0.518970	           -0.045647
            0.578000	         -129.481898	          643.751269	          -14.974549	           -0.507627	            0.000000	           -0.299127	            0.312359	           -1.547782	            0.035764	          104.684796	          520.118883	           46.004806	           -1.080795	            0.000000	           -0.466243	           -0.103399	           -0.512583	           -0.045023
            0.579000	         -128.959971	          643.910392	          -16.593513	           -0.507259	            0.000000	           -0.299022	            0.299258	           -1.487982	            0.038349	          104.335007	          514.313685	           45.382542	           -1.080690	            0.000000	           -0.466276	           -0.102937	           -0.506344	           -0.044423
            0.580000	         -128.420437	          644.227618	          -18.168006	           -0.506892	            0.000000	           -0.298914	            0.286746	           -1.431560	            0.040609	          103.937192	          508.380435	           44.736414	           -1.080589	            0.000000	           -0.466316	           -0.102495	           -0.500333	           -0.043851
            0.581000	         -127.863892	          644.686191	          -19.692340	           -0.506531	            0.000000	           -0.298806	            0.274873	           -1.378713	            0.042568	          103.488579	          502.322209	           44.065335	           -1.080493	            0.000000	           -0.466362	           -0.102090	           -0.494656	           -0.043315
            0.582000	         -127.290888	          645.269979	          -21.161275	           -0.506180	            0.000000	           -0.298700	            0.263685	           -1.329596	            0.044251	          102.986585	          496.142871	           43.368149	           -1.080402	            0.000000	           -0.466409	           -0.101747	           -0.489440	           -0.042821
            0.583000	         -126.701883	          645.963593	          -22.570076	           -0.505838	            0.000000	           -0.298598	            0.253214	           -1.284319	            0.045686	          102.428887	          489.847077	           42.643676	           -1.080315	            0.000000	           -0.466452	           -0.101495	           -0.484830	           -0.042379
            0.584000	         -126.097195	          646.752451	          -23.914574	           -0.505505	            0.000000	           -0.298503	            0.243482	           -1.242943	            0.046902	          101.813483	          483.440256	           41.890763	           -1.080228	            0.000000	           -0.466491	           -0.101364	           -0.480987	           -0.041994
            0.585000	         -125.476980	          647.622808	          -25.191233	           -0.505177	            0.000000	           -0.298415	            0.234503	           -1.205482	            0.047929	          101.138751	          476.928555	           41.108346	           -1.080135	            0.000000	           -0.466526	           -0.101390	           -0.478083	           -0.041673
            0.586000	         -124.841207	          648.561750	          -26.397216	           -0.504848	            0.000000	           -0.298334	            0.226275	           -1.171897	            0.048792	          100.403503	          470.318762	           40.295498	           -1.080030	            0.000000	           -0.466560	           -0.101612	           -0.476295	           -0.041423
            0.587000	         -124.189664	          649.557168	          -27.530450	           -0.504515	            0.000000	           -0.298259	            0.218789	           -1.142098	            0.049518	           99.607026	          463.618186	           39.451493	           -1.079908	            0.000000	           -0.466596	           -0.102068	           -0.475798	           -0.041246
            0.588000	         -123.521961	          650.597719	          -28.589694	           -0.504172	            0.000000	           -0.298186	            0.212021	           -1.115942	            0.050130	           98.749119	          456.834513	           38.575858	           -1.079771	            0.000000	           -0.466636	           -0.102797	           -0.476764	           -0.041145
            0.589000	         -122.837568	          651.672792	          -29.574587	           -0.503819	            0.000000	           -0.298112	            0.205939	           -1.093232	            0.050648	           97.830116	          449.975635	           37.668421	           -1.079622	            0.000000	           -0.466680	           -0.103837	           -0.479348	           -0.041119
            0.590000	         -122.135855	          652.772468	          -30.485698	           -0.503453	            0.000000	           -0.298032	            0.200497	           -1.073719	            0.051088	           96.850900	          443.049452	           36.729362	           -1.079470	            0.000000	           -0.466726	           -0.105224	           -0.483687	           -0.041167
            0.591000	         -121.416151	          653.887509	          -31.324552	           -0.503076	            0.000000	           -0.297947	            0.195642	           -1.057102	            0.051464	           95.812906	          436.063666	           35.759250	           -1.079319	            0.000000	           -0.466775	           -0.106989	           -0.489892	           -0.041283
            0.592000	         -120.677825	          655.009349	          -32.093640	           -0.502687	            0.000000	           -0.297858	            0.191310	           -1.043035	            0.051784	           94.718109	          429.025566	           34.759076	           -1.079171	            0.000000	           -0.466828	           -0.109159	           -0.498038	           -0.041460
            0.593000	         -119.920365	          656.130119	          -32.796406	           -0.502287	            0.000000	           -0.297769	            0.187430	           -1.031130	            0.052055	           93.569006	          421.941826	           33.730278	           -1.079023	            0.000000	           -0.466881	           -0.111753	           -0.508162	           -0.041686
            0.594000	         -119.143481	          657.242686	          -33.437205	           -0.501877	            0.000000	           -0.297683	            0.183925	           -1.020964	            0.052278	           92.368577	          414.818307	           32.674753	           -1.078875	            0.000000	           -0.466930	           -0.114780	           -0.520254	           -0.041949
            0.595000	         -118.347200	          658.340707	          -34.021231	           -0.501456	            0.000000	           -0.297602	            0.180713	           -1.012091	            0.052453	           91.120238	          407.659903	           31.594869	           -1.078731	            0.000000	           -0.466968	           -0.118243	           -0.534255	           -0.042233
            0.596000	         -117.531970	          659.418704	          -34.554411	           -0.501025	            0.000000	           -0.297526	            0.177713	           -1.004046	            0.052577	           89.827781	          400.470409	           30.493455	           -1.078593	            0.000000	           -0.466994	           -0.122130	           -0.550050	           -0.042520
            0.597000	         -116.698757	          660.472137	          -35.043271	           -0.500586	            0.000000	           -0.297456	            0.174840	           -0.996367	            0.052647	           88.495293	          393.252446	           29.373791	           -1.078469	            0.000000	           -0.467004	           -0.126418	           -0.567465	           -0.042791
            0.598000	         -115.849130	          661.497480	          -35.494761	           -0.500140	            0.000000	           -0.297386	            0.172015	           -0.988599	            0.052656	           87.127075	          386.007434	           28.239582	           -1.078364	            0.000000	           -0.467000	           -0.131070	           -0.586271	           -0.043025
            0.599000	         -114.985335	          662.492284	          -35.916052	           -0.499688	            0.000000	           -0.297314	            0.169163	           -0.980316	            0.052601	           85.727534	          378.735621	           27.094923	           -1.078279	            0.000000	           -0.466985	           -0.136038	           -0.606181	           -0.043202
            0.600000	         -114.110339	          663.455218	          -36.314304	           -0.499230	            0.000000	           -0.297238	            0.166219	           -0.971134	            0.052476	           84.301077	          371.436165	           25.944254	           -1.078213	            0.000000	           -0.466966	           -0.141256	           -0.626854	           -0.043300
            0.601000	         -113.227859	          664.386076	          -36.696415	           -0.498767	            0.000000	           -0.297159	            0.163127	           -0.960729	            0.052278	           82.851994	          364.107284	           24.792306	           -1.078159	            0.000000	           -0.466946	           -0.146649	           -0.647899	           -0.043301
            0.602000	         -112.342350	          665.285756	          -37.068748	           -0.498300	            0.000000	           -0.297079	            0.159846	           -0.948851	            0.052008	           81.384340	          356.746440	           23.644035	           -1.078111	            0.000000	           -0.466927	           -0.152125	           -0.668886	           -0.043186
            0.603000	         -111.458968	          666.156184	          -37.436862	           -0.497829	            0.000000	           -0.296999	            0.156349	           -0.935338	            0.051666	           79.901815	          349.350575	           22.504555	           -1.078068	            0.000000	           -0.466910	           -0.157583	           -0.689352	           -0.042942
            0.604000	         -110.583493	          667.000195	          -37.805245	           -0.497354	            0.000000	           -0.296919	            0.152629	           -0.920134	            0.051258	           78.407652	          341.916384	           21.379052	           -1.078031	            0.000000	           -0.466891	           -0.162913	           -0.708812	           -0.042557
            0.605000	         -109.722218	          667.821368	          -38.177061	           -0.496875	            0.000000	           -0.296841	            0.148697	           -0.903293	            0.050792	           76.904521	          334.440606	           20.272705	           -1.078010	            0.000000	           -0.466868	           -0.167994	           -0.726772	           -0.042024
            0.606000	         -108.881806	          668.623814	          -38.553938	           -0.496386	            0.000000	           -0.296764	            0.144584	           -0.884993	            0.050283	           75.394441	          326.920329	           19.190595	           -1.078008	            0.000000	           -0.466837	           -0.172703	           -0.742742	           -0.041341
            0.607000	         -108.069120	          669.411930	          -38.935789	           -0.495880	            0.000000	           -0.296688	            0.140340	           -0.865536	            0.049745	           73.878723	          319.353298	           18.137617	           -1.078029	            0.000000	           -0.466799	           -0.176912	           -0.756249	           -0.040512
            0.608000	         -107.291028	          670.190119	          -39.320699	           -0.495349	            0.000000	           -0.296611	            0.136039	           -0.845348	            0.049199	           72.357937	          311.738205	           17.118388	           -1.078070	            0.000000	           -0.466754	           -0.180495	           -0.766851	           -0.039545
            0.609000	         -106.554192	          670.962498	          -39.704868	           -0.494785	            0.000000	           -0.296528	            0.131769	           -0.824975	            0.048668	           70.831902	          304.074958	           16.137166	           -1.078128	            0.000000	           -0.466707	           -0.183329	           -0.774150	           -0.038454
            0.610000	         -105.864848	          671.732605	          -40.082643	           -0.494184	            0.000000	           -0.296435	            0.127637	           -0.805068	            0.048177	           69.299725	          296.364911	           15.197769	           -1.078201	            0.000000	           -0.466655	           -0.185297	           -0.777802	           -0.037259
            0.611000	         -105.228591	          672.503111	          -40.446615	           -0.493545	            0.000000	           -0.296333	            0.123765	           -0.786374	            0.047752	           67.759862	          288.611049	           14.303506	           -1.078289	            0.000000	           -0.466595	           -0.186294	           -0.777528	           -0.035981
            0.612000	         -104.650170	          673.275562	          -40.787810	           -0.492869	            0.000000	           -0.296223	            0.120281	           -0.769710	            0.047421	           66.210220	          280.818116	           13.457119	           -1.078401	            0.000000	           -0.466521	           -0.186226	           -0.773124	           -0.034648
            0.613000	         -104.133296	          674.050157	          -41.095955	           -0.492158	            0.000000	           -0.296109	            0.117324	           -0.755937	            0.047209	           64.648294	          272.992684	           12.660743	           -1.078542	            0.000000	           -0.466430	           -0.185018	           -0.764461	           -0.033288
            0.614000	         -103.680485	          674.825569	          -41.359812	           -0.491417	            0.000000	           -0.295993	            0.115031	           -0.745935	            0.047142	           63.071330	          265.143148	           11.915872	           -1.078718	            0.000000	           -0.466324	           -0.182610	           -0.751495	           -0.031931
            0.615000	         -103.292926	          675.598836	          -41.567590	           -0.490651	            0.000000	           -0.295877	            0.113535	           -0.740573	            0.047241	           61.476508	          257.279673	           11.223353	           -1.078930	            0.000000	           -0.466210	           -0.178965	           -0.734257	           -0.030606
            0.616000	         -102.970397	          676.365302	          -41.707386	           -0.489868	            0.000000	           -0.295762	            0.112962	           -0.740667	            0.047523	           59.861152	          249.414053	           10.583391	           -1.079173	            0.000000	           -0.466099	           -0.174069	           -0.712860	           -0.029338
            0.617000	         -102.711214	          677.118631	          -41.767673	           -0.489072	            0.000000	           -0.295650	            0.113422	           -0.746959	            0.047999	           58.222933	          241.559529	            9.995569	           -1.079445	            0.000000	           -0.465999	           -0.167931	           -0.687485	           -0.028150
            0.618000	         -102.512223	          677.850893	          -41.737789	           -0.488265	            0.000000	           -0.295543	            0.115008	           -0.760077	            0.048677	           56.560071	          233.730549	            9.458892	           -1.079745	            0.000000	           -0.465915	           -0.160586	           -0.658380	           -0.027057
            0.619000	         -102.368842	          678.552715	          -41.608425	           -0.487448	            0.000000	           -0.295442	            0.117786	           -0.780510	            0.049555	           54.871528	          225.942477	            8.971838	           -1.080073	            0.000000	           -0.465850	           -0.152093	           -0.625848	           -0.026068
            0.620000	         -102.275137	          679.213492	          -41.372074	           -0.486620	            0.000000	           -0.295350	            0.121798	           -0.808582	            0.050628	           53.157166	          218.211282	            8.532429	           -1.080423	            0.000000	           -0.465802	           -0.142539	           -0.590235	           -0.025180
            0.621000	         -102.223938	          679.821670	          -41.023440	           -0.485781	            0.000000	           -0.295264	            0.127054	           -0.844434	            0.051880	           51.417873	          210.553196	            8.138304	           -1.080788	            0.000000	           -0.465766	           -0.132034	           -0.551926	           -0.024384
            0.622000	         -102.206993	          680.365066	          -40.559766	           -0.484930	            0.000000	           -0.295185	            0.133535	           -0.888009	            0.053293	           49.655647	          202.984380	            7.786808	           -1.081167	            0.000000	           -0.465734	           -0.120714	           -0.511328	           -0.023657
            0.623000	         -102.215152	          680.831237	          -39.981086	           -0.484070	            0.000000	           -0.295112	            0.141185	           -0.939047	            0.054840	           47.873620	          195.520581	            7.475085	           -1.081563	            0.000000	           -0.465700	           -0.108735	           -0.468865	           -0.022966
            0.624000	         -102.238576	          681.207877	          -39.290378	           -0.483206	            0.000000	           -0.295046	            0.149919	           -0.997087	            0.056490	           46.076039	          188.176824	            7.200172	           -1.081987	            0.000000	           -0.465656	           -0.096278	           -0.424970	           -0.022267
            0.625000	         -102.266969	          681.483222	          -38.493605	           -0.482342	            0.000000	           -0.294989	            0.159621	           -1.061473	            0.058211	           44.268181	          180.967125	            6.959093	           -1.082458	            0.000000	           -0.465588	           -0.083539	           -0.380075	           -0.021507
            0.626000	         -102.289828	          681.646459	          -37.599655	           -0.481483	            0.000000	           -0.294940	            0.170146	           -1.131375	            0.059966	           42.456222	          173.904258	            6.748952	           -1.082995	            0.000000	           -0.465483	           -0.070731	           -0.334612	           -0.020627
            0.627000	         -102.296698	          681.688113	          -36.620161	           -0.480632	            0.000000	           -0.294898	            0.181327	           -1.205806	            0.061720	           40.647045	          166.999557	            6.567025	           -1.083609	            0.000000	           -0.465338	           -0.058080	           -0.289007	           -0.019559
            0.628000	         -102.277437	          681.600397	          -35.569224	           -0.479793	            0.000000	           -0.294862	            0.192976	           -1.283659	            0.063436	           38.848017	          160.262789	            6.410833	           -1.084308	            0.000000	           -0.465161	           -0.045818	           -0.243680	           -0.018237
            0.629000	         -102.222472	          681.377513	          -34.463030	           -0.478966	            0.000000	           -0.294830	            0.204895	           -1.363739	            0.065082	           37.066722	          153.702073	            6.278219	           -1.085089	            0.000000	           -0.464970	           -0.034182	           -0.199049	           -0.016594
            0.630000	         -102.123048	          681.015885	          -33.319390	           -0.478154	            0.000000	           -0.294801	            0.216878	           -1.444801	            0.066629	           35.310673	          147.323862	            6.167401	           -1.085950	            0.000000	           -0.464776	           -0.023406	           -0.155530	           -0.014569
            0.631000	         -101.971457	          680.514314	          -32.157215	           -0.477358	            0.000000	           -0.294775	            0.228718	           -1.525594	            0.068054	           33.587017	          141.132979	            6.077020	           -1.086887	            0.000000	           -0.464576	           -0.013715	           -0.113542	           -0.012114
            0.632000	         -101.761237	          679.874046	          -30.995938	           -0.476582	            0.000000	           -0.294750	            0.240216	           -1.604898	            0.069340	           31.902242	          135.132702	            6.006169	           -1.087905	            0.000000	           -0.464353	           -0.005320	           -0.073513	           -0.009197
            0.633000	         -101.487349	          679.098752	          -29.854917	           -0.475830	            0.000000	           -0.294727	            0.251187	           -1.681572	            0.070476	           30.261895	          129.324890	            5.954400	           -1.089012	            0.000000	           -0.464092	            0.001591	           -0.035882	           -0.005804
            0.634000	         -101.146301	          678.194413	          -28.752838	           -0.475108	            0.000000	           -0.294705	            0.261463	           -1.754584	            0.071457	           28.670336	          123.710140	            5.921725	           -1.090222	            0.000000	           -0.463790	            0.006857	           -0.001103	           -0.001951
            0.635000	         -100.736231	          677.169118	          -27.707135	           -0.474418	            0.000000	           -0.294684	            0.270904	           -1.823048	            0.072289	           27.130539	          118.287975	            5.908585	           -1.091550	            0.000000	           -0.463458	            0.010360	            0.030350	            0.002317
            0.636000	         -100.256944	          676.032784	          -26.733470	           -0.473763	            0.000000	           -0.294661	            0.279396	           -1.886251	            0.072981	           25.643937	          113.057032	            5.915812	           -1.093006	            0.000000	           -0.463119	            0.012022	            0.057985	            0.006918
            0.637000	          -99.709888	          674.796807	          -25.845261	           -0.473139	            0.000000	           -0.294633	            0.286859	           -1.943667	            0.073548	           24.210343	          108.015258	            5.944564	           -1.094596	            0.000000	           -0.462801	            0.011820	            0.081296	            0.011733
            0.638000	          -99.098078	          673.473663	          -25.053312	           -0.472537	            0.000000	           -0.294597	            0.293245	           -1.994977	            0.074013	           22.827930	          103.160095	            5.996251	           -1.096322	            0.000000	           -0.462530	            0.009791	            0.099765	            0.016602
            0.639000	          -98.425972	          672.076471	          -24.365534	           -0.471949	            0.000000	           -0.294550	            0.298541	           -2.040065	            0.074398	           21.493292	           98.488645	            6.072445	           -1.098188	            0.000000	           -0.462321	            0.006037	            0.112870	            0.021322
            0.640000	          -97.699295	          670.618545	          -23.786778	           -0.471365	            0.000000	           -0.294490	            0.302766	           -2.079018	            0.074732	           20.201574	           93.997807	            6.174771	           -1.100214	            0.000000	           -0.462171	            0.000730	            0.120099	            0.025654
            0.641000	          -96.924819	          669.112948	          -23.318781	           -0.470780	            0.000000	           -0.294417	            0.305972	           -2.112111	            0.075041	           18.946666	           89.684381	            6.304801	           -1.102429	            0.000000	           -0.462064	           -0.005883	            0.120964	            0.029315
            0.642000	          -96.110113	          667.572074	          -22.960227	           -0.470192	            0.000000	           -0.294336	            0.308237	           -2.139791	            0.075354	           17.721464	           85.545134	            6.463929	           -1.104862	            0.000000	           -0.461977	           -0.013487	            0.115019	            0.031996
            0.643000	          -95.263269	          666.007275	          -22.706920	           -0.469595	            0.000000	           -0.294251	            0.309662	           -2.162647	            0.075697	           16.518177	           81.576827	            6.653255	           -1.107531	            0.000000	           -0.461897	           -0.021690	            0.101876	            0.033356
            0.644000	          -94.392614	          664.428544	          -22.552050	           -0.468989	            0.000000	           -0.294166	            0.310367	           -2.181386	            0.076093	           15.328667	           77.776209	            6.873457	           -1.110432	            0.000000	           -0.461820	           -0.030037	            0.081235	            0.033042
            0.645000	          -93.506427	          662.844276	          -22.486555	           -0.468377	            0.000000	           -0.294084	            0.310486	           -2.196797	            0.076562	           14.144823	           74.139968	            7.124679	           -1.113532	            0.000000	           -0.461754	           -0.038016	            0.052899	            0.030691
            0.646000	          -92.612663	          661.261106	          -22.499540	           -0.467765	            0.000000	           -0.294005	            0.310157	           -2.209717	            0.077120	           12.958936	           70.664661	            7.406417	           -1.116799	            0.000000	           -0.461704	           -0.045067	            0.016801	            0.025950
            0.647000	          -91.718704	          659.683842	          -22.578759	           -0.467157	            0.000000	           -0.293928	            0.309523	           -2.220998	            0.077778	           11.764070	           67.346612	            7.717420	           -1.120209	            0.000000	           -0.461678	           -0.050599	           -0.026972	            0.018484
            0.648000	          -90.831149	          658.115477	          -22.711113	           -0.466556	            0.000000	           -0.293851	            0.308721	           -2.231469	            0.078544	           10.554420	           64.181799	            8.055603	           -1.123757	            0.000000	           -0.461685	           -0.054007	           -0.078165	            0.007996
            0.649000	          -89.955639	          656.557293	          -22.883162	           -0.465961	            0.000000	           -0.293771	            0.307879	           -2.241909	            0.079418	            9.325631	           61.165729	            8.417980	           -1.127438	            0.000000	           -0.461739	           -0.054694	           -0.136331	           -0.005761
            0.650000	          -89.096733	          655.009030	          -23.081626	           -0.465369	            0.000000	           -0.293688	            0.307111	           -2.253015	            0.080398	            8.075085	           58.293319	            8.800612	           -1.131252	            0.000000	           -0.461860	           -0.052091	           -0.200824	           -0.022965
            0.651000	          -88.257847	          653.469124	          -23.293844	           -0.464777	            0.000000	           -0.293603	            0.306513	           -2.265380	            0.081478	            6.802129	           55.558771	            9.198583	           -1.135200	            0.000000	           -0.462068	           -0.045685	           -0.270791	           -0.043714
            0.652000	          -87.441225	          651.934992	          -23.508189	           -0.464180	            0.000000	           -0.293517	            0.306164	           -2.279473	            0.082646	            5.508246	           52.955482	            9.606006	           -1.139290	            0.000000	           -0.462380	           -0.035040	           -0.345172	           -0.068007
            0.653000	          -86.647986	          650.403338	          -23.714420	           -0.463576	            0.000000	           -0.293431	            0.306116	           -2.295628	            0.083891	            4.197162	           50.475966	           10.016054	           -1.143542	            0.000000	           -0.462790	           -0.019824	           -0.422707	           -0.095740
            0.654000	          -85.878197	          648.870480	          -23.903950	           -0.462966	            0.000000	           -0.293346	            0.306403	           -2.314035	            0.085197	            2.874879	           48.111814	           10.421029	           -1.147994	            0.000000	           -0.463266	            0.000168	           -0.501955	           -0.126691
            0.655000	          -85.130994	          647.332664	          -24.070040	           -0.462354	            0.000000	           -0.293260	            0.307034	           -2.334740	            0.086548	            1.549635	           45.853699	           10.812464	           -1.152711	            0.000000	           -0.463737	            0.024995	           -0.581320	           -0.160520
            0.656000	          -84.404736	          645.786351	          -24.207904	           -0.461745	            0.000000	           -0.293176	            0.307996	           -2.357652	            0.087926	            0.231781	           43.691427	           11.181270	           -1.157782	            0.000000	           -0.464097	            0.054552	           -0.659082	           -0.196767
            0.657000	          -83.697177	          644.228471	          -24.314725	           -0.461142	            0.000000	           -0.293093	            0.309258	           -2.382552	            0.089315	           -1.066418	           41.614045	           11.517918	           -1.163293	            0.000000	           -0.464222	            0.088558	           -0.733442	           -0.234854
            0.658000	          -83.005647	          642.656620	          -24.389596	           -0.460546	            0.000000	           -0.293011	            0.310771	           -2.409113	            0.090699	           -2.331063	           39.610007	           11.812657	           -1.169302	            0.000000	           -0.463987	            0.126555	           -0.802576	           -0.274100
            0.659000	          -82.327239	          641.069205	          -24.433385	           -0.459957	            0.000000	           -0.292932	            0.312475	           -2.436916	            0.092063	           -3.546984	           37.667401	           12.055771	           -1.175823	            0.000000	           -0.463266	            0.167906	           -0.864686	           -0.313732
            0.660000	          -81.658986	          639.465520	          -24.448535	           -0.459371	            0.000000	           -0.292855	            0.314298	           -2.465477	            0.093395	           -4.698168	           35.774235	           12.237870	           -1.182815	            0.000000	           -0.461933	            0.211803	           -0.918067	           -0.352904
            0.661000	          -80.998019	          637.845765	          -24.438820	           -0.458783	            0.000000	           -0.292776	            0.316163	           -2.494271	            0.094685	           -5.768263	           33.918780	           12.350196	           -1.190187	            0.000000	           -0.459880	            0.257289	           -0.961170	           -0.390722
            0.662000	          -80.341704	          636.210999	          -24.409057	           -0.458187	            0.000000	           -0.292695	            0.317993	           -2.522758	            0.095926	           -6.741125	           32.089948	           12.384947	           -1.197800	            0.000000	           -0.457071	            0.303283	           -0.992663	           -0.426274
            0.663000	          -79.687754	          634.563049	          -24.364805	           -0.457578	            0.000000	           -0.292608	            0.319712	           -2.550409	            0.097112	           -7.601414	           30.277704	           12.335609	           -1.205498	            0.000000	           -0.453571	            0.348606	           -1.011493	           -0.458654
            0.664000	          -79.034310	          632.904370	          -24.312050	           -0.456951	            0.000000	           -0.292516	            0.321247	           -2.576729	            0.098242	           -8.335197	           28.473486	           12.197262	           -1.213131	            0.000000	           -0.449539	            0.392031	           -1.016939	           -0.486998
            0.665000	          -78.379981	          631.237869	          -24.256904	           -0.456305	            0.000000	           -0.292417	            0.322539	           -2.601278	            0.099317	           -8.930554	           26.670611	           11.966870	           -1.220565	            0.000000	           -0.445198	            0.432316	           -1.008653	           -0.510518
            0.666000	          -77.723870	          629.566719	          -24.205320	           -0.455642	            0.000000	           -0.292314	            0.323536	           -2.623687	            0.100340	           -9.378139	           24.864643	           11.643519	           -1.227676	            0.000000	           -0.440794	            0.468260	           -0.986688	           -0.528523
            0.667000	          -77.065561	          627.894151	          -24.162842	           -0.454966	            0.000000	           -0.292209	            0.324199	           -2.643675	            0.101317	           -9.671688	           23.053690	           11.228596	           -1.234350	            0.000000	           -0.436535	            0.498745	           -0.951515	           -0.540458
            0.668000	          -76.405078	          626.223261	          -24.134392	           -0.454282	            0.000000	           -0.292104	            0.324503	           -2.661052	            0.102255	           -9.808419	           21.238614	           10.725888	           -1.240499	            0.000000	           -0.432565	            0.522786	           -0.904014	           -0.545917
            0.669000	          -75.742837	          624.556823	          -24.124106	           -0.453594	            0.000000	           -0.291997	            0.324439	           -2.675728	            0.103163	           -9.789313	           19.423125	           10.141596	           -1.246082	            0.000000	           -0.428975	            0.539573	           -0.845453	           -0.544666
            0.670000	          -75.079570	          622.897123	          -24.135219	           -0.452904	            0.000000	           -0.291891	            0.324009	           -2.687709	            0.104051	           -9.619252	           17.613735	            9.484243	           -1.251109	            0.000000	           -0.425815	            0.548508	           -0.777446	           -0.536654
            0.671000	          -74.416246	          621.245832	          -24.169999	           -0.452216	            0.000000	           -0.291785	            0.323229	           -2.697091	            0.104930	           -9.306974	           15.819572	            8.764480	           -1.255636	            0.000000	           -0.423079	            0.549234	           -0.701890	           -0.522016
            0.672000	          -73.753984	          619.603902	          -24.229739	           -0.451530	            0.000000	           -0.291679	            0.322125	           -2.704054	            0.105809	           -8.864871	           14.052051	            7.994793	           -1.259738	            0.000000	           -0.420712	            0.541656	           -0.620892	           -0.501073
            0.673000	          -73.093971	          617.971506	          -24.314782	           -0.450847	            0.000000	           -0.291572	            0.320733	           -2.708848	            0.106701	           -8.308605	           12.324406	            7.189113	           -1.259738	            0.000000	           -0.420712	            0.525947	           -0.536683	           -0.474325
            0.674000	          -72.437377	          616.348014	          -24.424597	           -0.450169	            0.000000	           -0.291462	            0.319098	           -2.711777	            0.107615	           -7.656563	           10.651104	            6.362355	           -1.259738	            0.000000	           -0.420712	            0.502546	           -0.451517	           -0.442431
            0.675000	          -71.785284	          614.732007	          -24.557885	           -0.449492	            0.000000	           -0.291348	            0.317267	           -2.713188	            0.108561	            0.000000	            0.000000	            0.000000	           -1.190000	            0.000000	           -0.462380	            0.000000	            0.000000	            0.000000
            0.676000	          -71.138624	          613.121327	          -24.712709	           -0.448818	            0.000000	           -0.291230	            0.315291	           -2.713451	            0.109546	            0.000000	            0.000000	            0.000000	           -1.190000	            0.000000	           -0.462380	            0.000000	            0.000000	            0.000000
            0.677000	          -70.498132	          611.513156	          -24.886641	           -0.448147	            0.000000	           -0.291111	            0.313221	           -2.712943	            0.110578	            0.000000	            0.000000	            0.000000	           -1.190000	            0.000000	           -0.462380	            0.000000	            0.000000	            0.000000
            0.678000	          -69.864310	          609.904120	          -25.076918	           -0.447478	            0.000000	           -0.290993	            0.311106	           -2.712037	            0.111664	            0.000000	            0.000000	            0.000000	           -1.190000	            0.000000	           -0.462380	            0.000000	            0.000000	            0.000000
            0.679000	          -69.237411	          608.290421	          -25.280598	           -0.446809	            0.000000	           -0.290876	            0.308994	           -2.711084	            0.112809	            0.000000	            0.000000	            0.000000	           -1.190000	            0.000000	           -0.462380	            0.000000	            0.000000	            0.000000
            0.680000	          -68.617438	          606.667978	          -25.494704	           -0.446133	            0.000000	           -0.290759	            0.306925	           -2.710407	            0.114016	            0.000000	            0.000000	            0.000000	           -1.190000	            0.000000	           -0.462380	            0.000000	            0.000000	            0.000000
            0.681000	          -68.004156	          605.032580	          -25.716360	           -0.445443	            0.000000	           -0.290642	            0.304933	           -2.710287	            0.115288	            0.000000	            0.000000	            0.000000	           -1.190000	            0.000000	           -0.462380	            0.000000	            0.000000	            0.000000
            0.682000	          -67.397117	          603.380041	          -25.942895	           -0.444735	            0.000000	           -0.290520	            0.303049	           -2.710958	            0.116628	            0.000000	            0.000000	            0.000000	           -1.190000	            0.000000	           -0.462380	            0.000000	            0.000000	            0.000000
            0.683000	          -66.795704	          601.706355	          -26.171940	           -0.444006	            0.000000	           -0.290395	            0.301293	           -2.712604	            0.118036	            0.000000	            0.000000	            0.000000	           -1.190000	            0.000000	           -0.462380	            0.000000	            0.000000	            0.000000
            0.684000	          -66.199174	          600.007840	          -26.401486	           -0.443257	            0.000000	           -0.290268	            0.299678	           -2.715353	            0.119513	            0.000000	            0.000000	            0.000000	           -1.190000	            0.000000	           -0.462380	            0.000000	            0.000000	            0.000000
            0.685000	          -65.606714	          598.281272	          -26.629918	           -0.442493	            0.000000	           -0.290141	            0.298213	           -2.719280	            0.121058	            0.000000	            0.000000	            0.000000	           -1.190000	            0.000000	           -0.462380	            0.000000	            0.000000	            0.000000
            0.686000	          -65.017498	          596.523997	          -26.856029	           -0.441720	            0.000000	           -0.290013	            0.296897	           -2.724406	            0.122669	            0.000000	            0.000000	            0.000000	           -1.190000	            0.000000	           -0.462380	            0.000000	            0.000000	            0.000000
            0.687000	          -64.430743	          594.734026	          -27.079002	           -0.440946	            0.000000	           -0.289882	            0.295724	           -2.730700	            0.124343	            0.000000	            0.000000	            0.000000	           -1.190000	            0.000000	           -0.462380	            0.000000	            0.000000	            0.000000
            0.688000	          -63.845763	          592.910098	          -27.298379	           -0.440176	            0.000000	           -0.289746	            0.294682	           -2.738084	            0.126077	            0.000000	            0.000000	            0.000000	           -1.190000	            0.000000	           -0.462380	            0.000000	            0.000000	            0.000000
            0.689000	          -63.262012	          591.051728	          -27.514010	           -0.439419	            0.000000	           -0.289605	            0.293756	           -2.746438	            0.127866	            0.000000	            0.000000	            0.000000	           -1.190000	            0.000000	           -0.462380	            0.000000	            0.000000	            0.000000
            0.690000	          -62.679118	          589.159213	          -27.725986	           -0.438679	            0.000000	           -0.289457	            0.292927	           -2.755605	            0.129704	            0.000000	            0.000000	            0.000000	           -1.190000	            0.000000	           -0.462380	            0.000000	            0.000000	            0.000000
            0.691000	          -62.096914	          587.233623	          -27.934571	           -0.437958	            0.000000	           -0.289306	            0.292170	           -2.765395	            0.131584	            0.000000	            0.000000	            0.000000	           -1.190000	            0.000000	           -0.462380	            0.000000	            0.000000	            0.000000
            0.692000	          -61.515438	          585.276763	          -28.140126	           -0.437254	            0.000000	           -0.289154	            0.291462	           -2.775597	            0.133497	            0.000000	            0.000000	            0.000000	           -1.190000	            0.000000	           -0.462380	            0.000000	            0.000000	            0.000000
            0.693000	          -60.934939	          583.291111	          -28.343031	           -0.436564	            0.000000	           -0.289005	            0.290778	           -2.785979	            0.135433	            0.000000	            0.000000	            0.000000	           -1.190000	            0.000000	           -0.462380	            0.000000	            0.000000	            0.000000
            0.694000	          -60.355853	          581.279739	          -28.543620	           -0.435886	            0.000000	           -0.288860	            0.290091	           -2.796299	            0.137380	            0.000000	            0.000000	            0.000000	           -1.190000	            0.000000	           -0.462380	            0.000000	            0.000000	            0.000000
            0.695000	          -59.778779	          579.246224	          -28.742115	           -0.435219	            0.000000	           -0.288723	            0.289375	           -2.806310	            0.139326	            0.000000	            0.000000	            0.000000	           -1.190000	            0.000000	           -0.462380	            0.000000	            0.000000	            0.000000
            0.696000	          -59.204437	          577.194538	          -28.938577	           -0.434559	            0.000000	           -0.288591	            0.288607	           -2.815766	            0.141257	            0.000000	            0.000000	            0.000000	           -1.190000	            0.000000	           -0.462380	            0.000000	            0.000000	            0.000000
            0.697000	          -58.633617	          575.128950	          -29.132861	           -0.433904	            0.000000	           -0.288464	            0.287763	           -2.824427	            0.143157	            0.000000	            0.000000	            0.000000	           -1.190000	            0.000000	           -0.462380	            0.000000	            0.000000	            0.000000
            0.698000	          -58.067133	          573.053912	          -29.324596	           -0.433253	            0.000000	           -0.288340	            0.286821	           -2.832066	            0.145010	            0.000000	            0.000000	            0.000000	           -1.190000	            0.000000	           -0.462380	            0.000000	            0.000000	            0.000000
            0.699000	          -57.505763	          570.973960	          -29.513166	           -0.432605	            0.000000	           -0.288214	            0.285761	           -2.838471	            0.146799	            0.000000	            0.000000	            0.000000	           -1.190000	            0.000000	           -0.462380	            0.000000	            0.000000	            0.000000
            0.700000	          -56.950200	          568.893615	          -29.697716	           -0.431959	            0.000000	           -0.288085	            0.284567	           -2.843447	            0.148506	            0.000000	            0.000000	            0.000000	           -1.190000	            0.000000	           -0.462380	            0.000000	            0.000000	            0.000000
            0.701000	          -56.400998	          566.817302	          -29.877165	           -0.431312	            0.000000	           -0.287949	            0.283224	           -2.846824	            0.150114	            0.000000	            0.000000	            0.000000	           -1.190000	            0.000000	           -0.462380	            0.000000	            0.000000	            0.000000
            0.702000	          -55.858536	          564.749272	          -30.050229	           -0.430663	            0.000000	           -0.287809	            0.281717	           -2.848454	            0.151605	            0.000000	            0.000000	            0.000000	           -1.190000	            0.000000	           -0.462380	            0.000000	            0.000000	            0.000000
            0.703000	          -55.322983	          562.693543	          -30.215458	           -0.430013	            0.000000	           -0.287663	            0.280036	           -2.848212	            0.152962	            0.000000	            0.000000	            0.000000	           -1.190000	            0.000000	           -0.462380	            0.000000	            0.000000	            0.000000
            0.704000	          -54.794279	          560.653853	          -30.371279	           -0.429363	            0.000000	           -0.287514	            0.278173	           -2.846000	            0.154167	            0.000000	            0.000000	            0.000000	           -1.190000	            0.000000	           -0.462380	            0.000000	            0.000000	            0.000000
            0.705000	          -54.272130	          558.633626	          -30.516041	           -0.428715	            0.000000	           -0.287365	            0.276120	           -2.841743	            0.155206	            0.000000	            0.000000	            0.000000	           -1.190000	            0.000000	           -0.462380	            0.000000	            0.000000	            0.000000
            0.706000	          -53.756008	          556.635948	          -30.648068	           -0.428062	            0.000000	           -0.287218	            0.273872	           -2.835392	            0.156065	            0.000000	            0.000000	            0.000000	           -1.190000	            0.000000	           -0.462380	            0.000000	            0.000000	            0.000000
            0.707000	          -53.245177	          554.663557	          -30.765708	           -0.427397	            0.000000	           -0.287074	            0.271426	           -2.826919	            0.156729	            0.000000	            0.000000	            0.000000	           -1.190000	            0.000000	           -0.462380	            0.000000	            0.000000	            0.000000
            0.708000	          -52.738722	          552.718838	          -30.867385	           -0.426717	            0.000000	           -0.286933	            0.268780	           -2.816321	            0.157190	            0.000000	            0.000000	            0.000000	           -1.190000	            0.000000	           -0.462380	            0.000000	            0.000000	            0.000000
            0.709000	          -52.235587	          550.803833	          -30.951645	           -0.426020	            0.000000	           -0.286793	            0.265934	           -2.803614	            0.157438	            0.000000	            0.000000	            0.000000	           -1.190000	            0.000000	           -0.462380	            0.000000	            0.000000	            0.000000
            0.710000	          -51.734636	          548.920244	          -31.017191	           -0.425314	            0.000000	           -0.286654	            0.262891	           -2.788832	            0.157467	            0.000000	            0.000000	            0.000000	           -1.190000	            0.000000	           -0.462380	            0.000000	            0.000000	            0.000000
            0.711000	          -51.234699	          547.069453	          -31.062927	           -0.424606	            0.000000	           -0.286517	            0.259653	           -2.772031	            0.157273	            0.000000	            0.000000	            0.000000	           -1.190000	            0.000000	           -0.462380	            0.000000	            0.000000	            0.000000
            0.712000	          -50.734645	          545.252540	          -31.087978	           -0.423905	            0.000000	           -0.286386	            0.256226	           -2.753276	            0.156854	            0.000000	            0.000000	            0.000000	           -1.190000	            0.000000	           -0.462380	            0.000000	            0.000000	            0.000000
            0.713000	          -50.233436	          543.470301	          -31.091713	           -0.423213	            0.000000	           -0.286262	            0.252618	           -2.732652	            0.156211	            0.000000	            0.000000	            0.000000	           -1.190000	            0.000000	           -0.462380	            0.000000	            0.000000	            0.000000
            0.714000	          -49.730188	          541.723271	          -31.073752	           -0.422536	            0.000000	           -0.286147	            0.248836	           -2.710252	            0.155349	            0.000000	            0.000000	            0.000000	           -1.190000	            0.000000	           -0.462380	            0.000000	            0.000000	            0.000000
            0.715000	          -49.224226	          540.011748	          -31.033978	           -0.421877	            0.000000	           -0.286042	            0.244892	           -2.686177	            0.154271	            0.000000	            0.000000	            0.000000	           -1.190000	            0.000000	           -0.462380	            0.000000	            0.000000	            0.000000
            0.716000	          -48.715128	          538.335817	          -30.972526	           -0.421239	            0.000000	           -0.285945	            0.240798	           -2.660539	            0.152987	            0.000000	            0.000000	            0.000000	           -1.190000	            0.000000	           -0.462380	            0.000000	            0.000000	            0.000000
            0.717000	          -48.202754	          536.695378	          -30.889781	           -0.420621	            0.000000	           -0.285854	            0.236567	           -2.633452	            0.151505	            0.000000	            0.000000	            0.000000	           -1.190000	            0.000000	           -0.462380	            0.000000	            0.000000	            0.000000
            0.718000	          -47.687273	          535.090170	          -30.786358	           -0.420023	            0.000000	           -0.285764	            0.232215	           -2.605035	            0.149837	            0.000000	            0.000000	            0.000000	           -1.190000	            0.000000	           -0.462380	            0.000000	            0.000000	            0.000000
            0.719000	          -47.169159	          533.519802	          -30.663093	           -0.419443	            0.000000	           -0.285673	            0.227758	           -2.575407	            0.147996	            0.000000	            0.000000	            0.000000	           -1.190000	            0.000000	           -0.462380	            0.000000	            0.000000	            0.000000
            0.720000	          -46.649190	          531.983782	          -30.521014	           -0.418879	            0.000000	           -0.285575	            0.223215	           -2.544688	            0.145996	            0.000000	            0.000000	            0.000000	           -1.190000	            0.000000	           -0.462380	            0.000000	            0.000000	            0.000000
            0.721000	          -46.128415	          530.481544	          -30.361327	           -0.418326	            0.000000	           -0.285469	            0.218603	           -2.512998	            0.143851	            0.000000	            0.000000	            0.000000	           -1.190000	            0.000000	           -0.462380	            0.000000	            0.000000	            0.000000
            0.722000	          -45.608124	          529.012483	          -30.185391	           -0.417777	            0.000000	           -0.285355	            0.213940	           -2.480454	            0.141578	            0.000000	            0.000000	            0.000000	           -1.190000	            0.000000	           -0.462380	            0.000000	            0.000000	            0.000000
            0.723000	          -45.089791	          527.575980	          -29.994693	           -0.417226	            0.000000	           -0.285236	            0.209247	           -2.447169	            0.139193	            0.000000	            0.000000	            0.000000	           -1.190000	            0.000000	           -0.462380	            0.000000	            0.000000	            0.000000
            0.724000	          -44.575021	          526.171431	          -29.790832	           -0.416671	            0.000000	           -0.285116	            0.204541	           -2.413256	            0.136712	            0.000000	            0.000000	            0.000000	           -1.190000	            0.000000	           -0.462380	            0.000000	            0.000000	            0.000000
            0.725000	          -44.065478	          524.798273	          -29.575490	           -0.416114	            0.000000	           -0.285003	            0.199841	           -2.378821	            0.134151	            0.000000	            0.000000	            0.000000	           -1.190000	            0.000000	           -0.462380	            0.000000	            0.000000	            0.000000
            0.726000	          -43.562818	          523.456007	          -29.350416	           -0.415559	            0.000000	           -0.284901	            0.195165	           -2.343969	            0.131526	            0.000000	            0.000000	            0.000000	           -1.190000	            0.000000	           -0.462380	            0.000000	            0.000000	            0.000000
            0.727000	          -43.068618	          522.144219	          -29.117401	           -0.415007	            0.000000	           -0.284816	            0.190527	           -2.308802	            0.128855	            0.000000	            0.000000	            0.000000	           -1.190000	            0.000000	           -0.462380	            0.000000	            0.000000	            0.000000
            0.728000	          -42.584307	          520.862591	          -28.878259	           -0.414461	            0.000000	           -0.284746	            0.185945	           -2.273417	            0.126151	            0.000000	            0.000000	            0.000000	           -1.190000	            0.000000	           -0.462380	            0.000000	            0.000000	            0.000000
            0.729000	          -42.111100	          519.610920	          -28.634809	           -0.413922	            0.000000	           -0.284687	            0.181430	           -2.237910	            0.123432	            0.000000	            0.000000	            0.000000	           -1.190000	            0.000000	           -0.462380	            0.000000	            0.000000	            0.000000
            0.730000	          -41.649950	          518.389116	          -28.388849	           -0.413390	            0.000000	           -0.284633	            0.176994	           -2.202378	            0.120710	            0.000000	            0.000000	            0.000000	           -1.190000	            0.000000	           -0.462380	            0.000000	            0.000000	            0.000000
            0.731000	          -41.201500	          517.197212	          -28.142140	           -0.412864	            0.000000	           -0.284577	            0.172648	           -2.166913	            0.117999	            0.000000	            0.000000	            0.000000	           -1.190000	            0.000000	           -0.462380	            0.000000	            0.000000	            0.000000
            0.732000	          -40.766052	          516.035355	          -27.896384	           -0.412340	            0.000000	           -0.284515	            0.168399	           -2.131611	            0.115314	            0.000000	            0.000000	            0.000000	           -1.190000	            0.000000	           -0.462380	            0.000000	            0.000000	            0.000000
            0.733000	          -40.343557	          514.903798	          -27.653207	           -0.411812	            0.000000	           -0.284442	            0.164254	           -2.096567	            0.112666	            0.000000	            0.000000	            0.000000	           -1.190000	            0.000000	           -0.462380	            0.000000	            0.000000	            0.000000
            0.734000	          -39.933611	          513.802886	          -27.414137	           -0.411275	            0.000000	           -0.284360	            0.160217	           -2.061876	            0.110066	            0.000000	            0.000000	            0.000000	           -1.190000	            0.000000	           -0.462380	            0.000000	            0.000000	            0.000000
            0.735000	          -39.535471	          512.733034	          -27.180592	           -0.410726	            0.000000	           -0.284272	            0.156291	           -2.027633	            0.107525	            0.000000	            0.000000	            0.000000	           -1.190000	            0.000000	           -0.462380	            0.000000	            0.000000	            0.000000
            0.736000	          -39.148085	          511.694703	          -26.953858	           -0.410168	            0.000000	           -0.284185	            0.152479	           -1.993933	            0.105053	            0.000000	            0.000000	            0.000000	           -1.190000	            0.000000	           -0.462380	            0.000000	            0.000000	            0.000000
            0.737000	          -38.770139	          510.688369	          -26.735086	           -0.409603	            0.000000	           -0.284103	            0.148780	           -1.960868	            0.102658	            0.000000	            0.000000	            0.000000	           -1.190000	            0.000000	           -0.462380	            0.000000	            0.000000	            0.000000
            0.738000	          -38.400104	          509.714489	          -26.525272	           -0.409034	            0.000000	           -0.284027	            0.145193	           -1.928527	            0.100348	            0.000000	            0.000000	            0.000000	           -1.190000	            0.000000	           -0.462380	            0.000000	            0.000000	            0.000000
            0.739000	          -38.036302	          508.773470	          -26.325259	           -0.408463	            0.000000	           -0.283954	            0.141716	           -1.896991	            0.098128	            0.000000	            0.000000	            0.000000	           -1.190000	            0.000000	           -0.462380	            0.000000	            0.000000	            0.000000
            0.740000	          -37.676970	          507.865630	          -26.135731	           -0.407892	            0.000000	           -0.283877	            0.138347	           -1.866334	            0.096004	            0.000000	            0.000000	            0.000000	           -1.190000	            0.000000	           -0.462380	            0.000000	            0.000000	            0.000000
            0.741000	          -37.320325	          506.991168	          -25.957213	           -0.407323	            0.000000	           -0.283795	            0.135082	           -1.836615	            0.093980	            0.000000	            0.000000	            0.000000	           -1.190000	            0.000000	           -0.462380	            0.000000	            0.000000	            0.000000
            0.742000	          -36.964630	          506.150131	          -25.790078	           -0.406761	            0.000000	           -0.283708	            0.131917	           -1.807881	            0.092056	            0.000000	            0.000000	            0.000000	           -1.190000	            0.000000	           -0.462380	            0.000000	            0.000000	            0.000000
            0.743000	          -36.608252	          505.342394	          -25.634552	           -0.406213	            0.000000	           -0.283619	            0.128846	           -1.780161	            0.090234	            0.000000	            0.000000	            0.000000	           -1.190000	            0.000000	           -0.462380	            0.000000	            0.000000	            0.000000
            0.744000	          -36.249713	          504.567640	          -25.490731	           -0.405682	            0.000000	           -0.283532	            0.125864	           -1.753463	            0.088513	            0.000000	            0.000000	            0.000000	           -1.190000	            0.000000	           -0.462380	            0.000000	            0.000000	            0.000000
            0.745000	          -35.887733	          503.825352	          -25.358585	           -0.405172	            0.000000	           -0.283446	            0.122965	           -1.727778	            0.086890	            0.000000	            0.000000	            0.000000	           -1.190000	            0.000000	           -0.462380	            0.000000	            0.000000	            0.000000
            0.746000	          -35.521257	          503.114809	          -25.237981	           -0.404684	            0.000000	           -0.283364	            0.120143	           -1.703072	            0.085361	            0.000000	            0.000000	            0.000000	           -1.190000	            0.000000	           -0.462380	            0.000000	            0.000000	            0.000000
            0.747000	          -35.149478	          502.435098	          -25.128694	           -0.404211	            0.000000	           -0.283284	            0.117390	           -1.679295	            0.083922	            0.000000	            0.000000	            0.000000	           -1.190000	            0.000000	           -0.462380	            0.000000	            0.000000	            0.000000
            0.748000	          -34.771845	          501.785130	          -25.030422	           -0.403745	            0.000000	           -0.283206	            0.114700	           -1.656376	            0.082566	            0.000000	            0.000000	            0.000000	           -1.190000	            0.000000	           -0.462380	            0.000000	            0.000000	            0.000000
            0.749000	          -34.388058	          501.163662	          -24.942799	           -0.403279	            0.000000	           -0.283127	            0.112066	           -1.634229	            0.081286	            0.000000	            0.000000	            0.000000	           -1.190000	            0.000000	           -0.462380	            0.000000	            0.000000	            0.000000
            0.750000	          -33.998058	          500.569329	          -24.865411	           -0.402810	            0.000000	           -0.283049	            0.109481	           -1.612758	            0.080074	            0.000000	            0.000000	            0.000000	           -1.190000	            0.000000	           -0.462380	            0.000000	            0.000000	            0.000000
            0.751000	          -33.602007	          500.000679	          -24.797798	           -0.402336	            0.000000	           -0.282971	            0.106939	           -1.591859	            0.078922	            0.000000	            0.000000	            0.000000	           -1.190000	            0.000000	           -0.462380	            0.000000	            0.000000	            0.000000
            0.752000	          -33.200261	          499.456211	          -24.739468	           -0.401861	            0.000000	           -0.282893	            0.104434	           -1.571425	            0.077822	            0.000000	            0.000000	            0.000000	           -1.190000	            0.000000	           -0.462380	            0.000000	            0.000000	            0.000000
            0.753000	          -32.793342	          498.934415	          -24.689896	           -0.401393	            0.000000	           -0.282819	            0.101960	           -1.551352	            0.076766	            0.000000	            0.000000	            0.000000	           -1.190000	            0.000000	           -0.462380	            0.000000	            0.000000	            0.000000
            0.754000	          -32.381901	          498.433807	          -24.648523	           -0.400937	            0.000000	           -0.282748	            0.099515	           -1.531546	            0.075747	            0.000000	            0.000000	            0.000000	           -1.190000	            0.000000	           -0.462380	            0.000000	            0.000000	            0.000000
            0.755000	          -31.966690	          497.952974	          -24.614759	           -0.400492	            0.000000	           -0.282683	            0.097095	           -1.511921	            0.074757	            0.000000	            0.000000	            0.000000	           -1.190000	            0.000000	           -0.462380	            0.000000	            0.000000	            0.000000
            0.756000	          -31.548527	          497.490598	          -24.587975	           -0.400061	            0.000000	           -0.282624	            0.094697	           -1.492409	            0.073791	            0.000000	            0.000000	            0.000000	           -1.190000	            0.000000	           -0.462380	            0.000000	            0.000000	            0.000000
            0.757000	          -31.128266	          497.045496	          -24.567503	           -0.399641	            0.000000	           -0.282570	            0.092321	           -1.472960	            0.072842	            0.000000	            0.000000	            0.000000	           -1.190000	            0.000000	           -0.462380	            0.000000	            0.000000	            0.000000
            0.758000	          -30.706775	          496.616642	          -24.552622	           -0.399225	            0.000000	           -0.282518	            0.089968	           -1.453542	            0.071908	            0.000000	            0.000000	            0.000000	           -1.190000	            0.000000	           -0.462380	            0.000000	            0.000000	            0.000000
            0.759000	          -30.284912	          496.203184	          -24.542561	           -0.398807	            0.000000	           -0.282466	            0.087638	           -1.434143	            0.070984	            0.000000	            0.000000	            0.000000	           -1.190000	            0.000000	           -0.462380	            0.000000	            0.000000	            0.000000
            0.760000	          -29.863509	          495.804465	          -24.536489	           -0.398376	            0.000000	           -0.282412	            0.085335	           -1.414771	            0.070068	            0.000000	            0.000000	            0.000000	           -1.190000	            0.000000	           -0.462380	            0.000000	            0.000000	            0.000000
            0.761000	          -29.443362	          495.420029	          -24.533515	           -0.397929	            0.000000	           -0.282351	            0.083062	           -1.395450	            0.069158	            0.000000	            0.000000	            0.000000	           -1.190000	            0.000000	           -0.462380	            0.000000	            0.000000	            0.000000
            0.762000	          -29.025223	          495.049620	          -24.532684	           -0.397467	            0.000000	           -0.282282	            0.080821	           -1.376219	            0.068254	            0.000000	            0.000000	            0.000000	           -1.190000	            0.000000	           -0.462380	            0.000000	            0.000000	            0.000000
            0.763000	          -28.609796	          494.693183	          -24.532982	           -0.396994	            0.000000	           -0.282205	            0.078619	           -1.357129	            0.067355	            0.000000	            0.000000	            0.000000	           -1.190000	            0.000000	           -0.462380	            0.000000	            0.000000	            0.000000
            0.764000	          -28.197742	          494.350850	          -24.533333	           -0.396520	            0.000000	           -0.282121	            0.076458	           -1.338235	            0.066460	            0.000000	            0.000000	            0.000000	           -1.190000	            0.000000	           -0.462380	            0.000000	            0.000000	            0.000000
            0.765000	          -27.789677	          494.022928	          -24.532611	           -0.396054	            0.000000	           -0.282035	            0.074344	           -1.319598	            0.065571	            0.000000	            0.000000	            0.000000	           -1.190000	            0.000000	           -0.462380	            0.000000	            0.000000	            0.000000
            0.766000	          -27.386180	          493.709872	          -24.529646	           -0.395603	            0.000000	           -0.281950	            0.072281	           -1.301275	            0.064686	            0.000000	            0.000000	            0.000000	           -1.190000	            0.000000	           -0.462380	            0.000000	            0.000000	            0.000000
            0.767000	          -26.987798	          493.412259	          -24.523232	           -0.395175	            0.000000	           -0.281871	            0.070273	           -1.283316	            0.063805	            0.000000	            0.000000	            0.000000	           -1.190000	            0.000000	           -0.462380	            0.000000	            0.000000	            0.000000
            0.768000	          -26.595055	          493.130762	          -24.512144	           -0.394775	            0.000000	           -0.281800	            0.068322	           -1.265761	            0.062928	            0.000000	            0.000000	            0.000000	           -1.190000	            0.000000	           -0.462380	            0.000000	            0.000000	            0.000000
            0.769000	          -26.208451	          492.866106	          -24.495152	           -0.394402	            0.000000	           -0.281738	            0.066431	           -1.248633	            0.062054	            0.000000	            0.000000	            0.000000	           -1.190000	            0.000000	           -0.462380	            0.000000	            0.000000	            0.000000
            0.770000	          -25.828475	          492.619036	          -24.471035	           -0.394052	            0.000000	           -0.281687	            0.064600	           -1.231936	            0.061179	            0.000000	            0.000000	            0.000000	           -1.190000	            0.000000	           -0.462380	            0.000000	            0.000000	            0.000000
            0.771000	          -25.455601	          492.390272	          -24.438602	           -0.393716	            0.000000	           -0.281645	            0.062830	           -1.215650	            0.060302	            0.000000	            0.000000	            0.000000	           -1.190000	            0.000000	           -0.462380	            0.000000	            0.000000	            0.000000
            0.772000	          -25.090291	          492.180471	          -24.396709	           -0.393384	            0.000000	           -0.281612	            0.061119	           -1.199735	            0.059419	            0.000000	            0.000000	            0.000000	           -1.190000	            0.000000	           -0.462380	            0.000000	            0.000000	            0.000000
            0.773000	          -24.732997	          491.990182	          -24.344278	           -0.393050	            0.000000	           -0.281585	            0.059465	           -1.184120	            0.058525	            0.000000	            0.000000	            0.000000	           -1.190000	            0.000000	           -0.462380	            0.000000	            0.000000	            0.000000
            0.774000	          -24.384152	          491.819808	          -24.280318	           -0.392705	            0.000000	           -0.281563	            0.057863	           -1.168713	            0.057614	            0.000000	            0.000000	            0.000000	           -1.190000	            0.000000	           -0.462380	            0.000000	            0.000000	            0.000000
            0.775000	          -24.044168	          491.669568	          -24.203939	           -0.392344	            0.000000	           -0.281545	            0.056309	           -1.153398	            0.056682	            0.000000	            0.000000	            0.000000	           -1.190000	            0.000000	           -0.462380	            0.000000	            0.000000	            0.000000
            0.776000	          -23.713428	          491.539473	          -24.114376	           -0.391966	            0.000000	           -0.281532	            0.054797	           -1.138036	            0.055721	            0.000000	            0.000000	            0.000000	           -1.190000	            0.000000	           -0.462380	            0.000000	            0.000000	            0.000000
            0.777000	          -23.392274	          491.429296	          -24.010999	           -0.391570	            0.000000	           -0.281521	            0.053320	           -1.122473	            0.054725	            0.000000	            0.000000	            0.000000	           -1.190000	            0.000000	           -0.462380	            0.000000	            0.000000	            0.000000
            0.778000	          -23.081001	          491.338564	          -23.893331	           -0.391160	            0.000000	           -0.281510	            0.051870	           -1.106545	            0.053687	            0.000000	            0.000000	            0.000000	           -1.190000	            0.000000	           -0.462380	            0.000000	            0.000000	            0.000000
            0.779000	          -22.779840	          491.266551	          -23.761058	           -0.390743	            0.000000	           -0.281497	            0.050440	           -1.090078	            0.052601	            0.000000	            0.000000	            0.000000	           -1.190000	            0.000000	           -0.462380	            0.000000	            0.000000	            0.000000
            0.780000	          -22.488946	          491.212285	          -23.614037	           -0.390325	            0.000000	           -0.281479	            0.049021	           -1.072904	            0.051461	            0.000000	            0.000000	            0.000000	           -1.190000	            0.000000	           -0.462380	            0.000000	            0.000000	            0.000000
            0.781000	          -22.208388	          491.174561	          -23.452304	           -0.389909	            0.000000	           -0.281456	            0.047608	           -1.054859	            0.050261	            0.000000	            0.000000	            0.000000	           -1.190000	            0.000000	           -0.462380	            0.000000	            0.000000	            0.000000
            0.782000	          -21.938131	          491.151969	          -23.276078	           -0.389498	            0.000000	           -0.281425	            0.046192	           -1.035797	            0.048999	            0.000000	            0.000000	            0.000000	           -1.190000	            0.000000	           -0.462380	            0.000000	            0.000000	            0.000000
            0.783000	          -21.678026	          491.142919	          -23.085753	           -0.389096	            0.000000	           -0.281390	            0.044767	           -1.015594	            0.047671	            0.000000	            0.000000	            0.000000	           -1.190000	            0.000000	           -0.462380	            0.000000	            0.000000	            0.000000
            0.784000	          -21.427801	          491.145678	          -22.881903	           -0.388703	            0.000000	           -0.281351	            0.043329	           -0.994155	            0.046278	            0.000000	            0.000000	            0.000000	           -1.190000	            0.000000	           -0.462380	            0.000000	            0.000000	            0.000000
            0.785000	          -21.187048	          491.158407	          -22.665263	           -0.388322	            0.000000	           -0.281313	            0.041875	           -0.971417	            0.044819	            0.000000	            0.000000	            0.000000	           -1.190000	            0.000000	           -0.462380	            0.000000	            0.000000	            0.000000
            0.786000	          -20.955224	          491.179201	          -22.436726	           -0.387951	            0.000000	           -0.281276	            0.040402	           -0.947358	            0.043299	            0.000000	            0.000000	            0.000000	           -1.190000	            0.000000	           -0.462380	            0.000000	            0.000000	            0.000000
            0.787000	          -20.731645	          491.206127	          -22.197319	           -0.387587	            0.000000	           -0.281241	            0.038910	           -0.921994	            0.041722	            0.000000	            0.000000	            0.000000	           -1.190000	            0.000000	           -0.462380	            0.000000	            0.000000	            0.000000
            0.788000	          -20.515486	          491.237260	          -21.948185	           -0.387227	            0.000000	           -0.281204	            0.037400	           -0.895385	            0.040094	            0.000000	            0.000000	            0.000000	           -1.190000	            0.000000	           -0.462380	            0.000000	            0.000000	            0.000000
            0.789000	          -20.305795	          491.270720	          -21.690564	           -0.386866	            0.000000	           -0.281165	            0.035876	           -0.867628	            0.038425	            0.000000	            0.000000	            0.000000	           -1.190000	            0.000000	           -0.462380	            0.000000	            0.000000	            0.000000
            0.790000	          -20.101495	          491.304708	          -21.425766	           -0.386506	            0.000000	           -0.281124	            0.034341	           -0.838860	            0.036725	            0.000000	            0.000000	            0.000000	           -1.190000	            0.000000	           -0.462380	            0.000000	            0.000000	            0.000000
            0.791000	          -19.901405	          491.337535	          -21.155147	           -0.386148	            0.000000	           -0.281084	            0.032800	           -0.809250	            0.035004	            0.000000	            0.000000	            0.000000	           -1.190000	            0.000000	           -0.462380	            0.000000	            0.000000	            0.000000
            0.792000	          -19.704252	          491.367655	          -20.880084	           -0.385792	            0.000000	           -0.281050	            0.031262	           -0.778996	            0.033275	            0.000000	            0.000000	            0.000000	           -1.190000	            0.000000	           -0.462380	            0.000000	            0.000000	            0.000000
            0.793000	          -19.508694	          491.393693	          -20.601956	           -0.385443	            0.000000	           -0.281025	            0.029733	           -0.748315	            0.031551	            0.000000	            0.000000	            0.000000	           -1.190000	            0.000000	           -0.462380	            0.000000	            0.000000	            0.000000
            0.794000	          -19.313342	          491.414471	          -20.322117	           -0.385102	            0.000000	           -0.281009	            0.028220	           -0.717437	            0.029844	            0.000000	            0.000000	            0.000000	           -1.190000	            0.000000	           -0.462380	            0.000000	            0.000000	            0.000000
            0.795000	          -19.116784	          491.429032	          -20.041886	           -0.384773	            0.000000	           -0.281001	            0.026733	           -0.686597	            0.028166	            0.000000	            0.000000	            0.000000	           -1.190000	            0.000000	           -0.462380	            0.000000	            0.000000	            0.000000
            0.796000	          -18.917605	          491.436658	          -19.762525	           -0.384457	            0.000000	           -0.281001	            0.025278	           -0.656028	            0.026530	            0.000000	            0.000000	            0.000000	           -1.190000	            0.000000	           -0.462380	            0.000000	            0.000000	            0.000000
            0.797000	          -18.714418	          491.436882	          -19.485234	           -0.384152	            0.000000	           -0.281008	            0.023863	           -0.625953	            0.024947	            0.000000	            0.000000	            0.000000	           -1.190000	            0.000000	           -0.462380	            0.000000	            0.000000	            0.000000
            0.798000	          -18.505882	          491.429499	          -19.211137	           -0.383852	            0.000000	           -0.281019	            0.022494	           -0.596578	            0.023424	            0.000000	            0.000000	            0.000000	           -1.190000	            0.000000	           -0.462380	            0.000000	            0.000000	            0.000000
            0.799000	          -18.290722	          491.414561	          -18.941281	           -0.383549	            0.000000	           -0.281030	            0.021177	           -0.568091	            0.021971	            0.000000	            0.000000	            0.000000	           -1.190000	            0.000000	           -0.462380	            0.000000	            0.000000	            0.000000
            0.800000	          -18.067755	          491.392367	          -18.676631	           -0.383240	            0.000000	           -0.281039	            0.019917	           -0.540653	            0.020595	            0.000000	            0.000000	            0.000000	           -1.190000	            0.000000	           -0.462380	            0.000000	            0.000000	            0.000000
            0.801000	          -17.835908	          491.363448	          -18.418064	           -0.382925	            0.000000	           -0.281042	            0.018717	           -0.514404	            0.019299	            0.000000	            0.000000	            0.000000	           -1.190000	            0.000000	           -0.462380	            0.000000	            0.000000	            0.000000
            0.802000	          -17.594228	          491.328531	          -18.166374	           -0.382605	            0.000000	           -0.281040	            0.017579	           -0.489453	            0.018087	            0.000000	            0.000000	            0.000000	           -1.190000	            0.000000	           -0.462380	            0.000000	            0.000000	            0.000000
            0.803000	          -17.341909	          491.288506	          -17.922262	           -0.382284	            0.000000	           -0.281034	            0.016504	           -0.465886	            0.016961	            0.000000	            0.000000	            0.000000	           -1.190000	            0.000000	           -0.462380	            0.000000	            0.000000	            0.000000
            0.804000	          -17.078294	          491.244376	          -17.686342	           -0.381965	            0.000000	           -0.281027	            0.015494	           -0.443767	            0.015922	            0.000000	            0.000000	            0.000000	           -1.190000	            0.000000	           -0.462380	            0.000000	            0.000000	            0.000000
            0.805000	          -16.802892	          491.197209	          -17.459134	           -0.381650	            0.000000	           -0.281023	            0.014546	           -0.423138	            0.014968	            0.000000	            0.000000	            0.000000	           -1.190000	            0.000000	           -0.462380	            0.000000	            0.000000	            0.000000
            0.806000	          -16.515387	          491.148076	          -17.241062	           -0.381339	            0.000000	           -0.281022	            0.013661	           -0.404022	            0.014098	            0.000000	            0.000000	            0.000000	           -1.190000	            0.000000	           -0.462380	            0.000000	            0.000000	            0.000000
            0.807000	          -16.215641	          491.097994	          -17.032452	           -0.381033	            0.000000	           -0.281024	            0.012835	           -0.386430	            0.013309	            0.000000	            0.000000	            0.000000	           -1.190000	            0.000000	           -0.462380	            0.000000	            0.000000	            0.000000
            0.808000	          -15.903699	          491.047869	          -16.833529	           -0.380729	            0.000000	           -0.281026	            0.012067	           -0.370356	            0.012599	            0.000000	            0.000000	            0.000000	           -1.190000	            0.000000	           -0.462380	            0.000000	            0.000000	            0.000000
            0.809000	          -15.579786	          490.998443	          -16.644415	           -0.380421	            0.000000	           -0.281026	            0.011354	           -0.355785	            0.011963	            0.000000	            0.000000	            0.000000	           -1.190000	            0.000000	           -0.462380	            0.000000	            0.000000	            0.000000
            0.810000	          -15.244302	          490.950244	          -16.465125	           -0.380106	            0.000000	           -0.281019	            0.010693	           -0.342690	            0.011398	            0.000000	            0.000000	            0.000000	           -1.190000	            0.000000	           -0.462380	            0.000000	            0.000000	            0.000000
            0.811000	          -14.897814	          490.903551	          -16.295572	           -0.379783	            0.000000	           -0.281005	            0.010081	           -0.331037	            0.010899	            0.000000	            0.000000	            0.000000	           -1.190000	            0.000000	           -0.462380	            0.000000	            0.000000	            0.000000
            0.812000	          -14.541038	          490.858366	          -16.135561	           -0.379455	            0.000000	           -0.280981	            0.009516	           -0.320776	            0.010462	            0.000000	            0.000000	            0.000000	           -1.190000	            0.000000	           -0.462380	            0.000000	            0.000000	            0.000000
            0.813000	          -14.174825	          490.814401	          -15.984796	           -0.379129	            0.000000	           -0.280950	            0.008994	           -0.311848	            0.010083	            0.000000	            0.000000	            0.000000	           -1.190000	            0.000000	           -0.462380	            0.000000	            0.000000	            0.000000
            0.814000	          -13.800130	          490.771082	          -15.842886	           -0.378808	            0.000000	           -0.280917	            0.008513	           -0.304180	            0.009755	            0.000000	            0.000000	            0.000000	           -1.190000	            0.000000	           -0.462380	            0.000000	            0.000000	            0.000000
            0.815000	          -13.417991	          490.727561	          -15.709348	           -0.378493	            0.000000	           -0.280882	            0.008069	           -0.297684	            0.009475	            0.000000	            0.000000	            0.000000	           -1.190000	            0.000000	           -0.462380	            0.000000	            0.000000	            0.000000
            0.816000	          -13.029494	          490.682754	          -15.583616	           -0.378182	            0.000000	           -0.280851	            0.007659	           -0.292256	            0.009237	            0.000000	            0.000000	            0.000000	           -1.190000	            0.000000	           -0.462380	            0.000000	            0.000000	            0.000000
            0.817000	          -12.635744	          490.635378	          -15.465057	           -0.377874	            0.000000	           -0.280827	            0.007280	           -0.287776	            0.009036	            0.000000	            0.000000	            0.000000	           -1.190000	            0.000000	           -0.462380	            0.000000	            0.000000	            0.000000
            0.818000	          -12.237828	          490.584015	          -15.352976	           -0.377572	            0.000000	           -0.280811	            0.006930	           -0.284109	            0.008865	            0.000000	            0.000000	            0.000000	           -1.190000	            0.000000	           -0.462380	            0.000000	            0.000000	            0.000000
            0.819000	          -11.836786	          490.527173	          -15.246637	           -0.377281	            0.000000	           -0.280806	            0.006604	           -0.281103	            0.008719	            0.000000	            0.000000	            0.000000	           -1.190000	            0.000000	           -0.462380	            0.000000	            0.000000	            0.000000
            0.820000	          -11.433580	          490.463358	          -15.145278	           -0.377002	            0.000000	           -0.280815	            0.006301	           -0.278597	            0.008592	            0.000000	            0.000000	            0.000000	           -1.190000	            0.000000	           -0.462380	            0.000000	            0.000000	            0.000000
            0.821000	          -11.029067	          490.391154	          -15.048125	           -0.376735	            0.000000	           -0.280835	            0.006015	           -0.276419	            0.008478	            0.000000	            0.000000	            0.000000	           -1.190000	            0.000000	           -0.462380	            0.000000	            0.000000	            0.000000
            0.822000	          -10.623979	          490.309292	          -14.954420	           -0.376475	            0.000000	           -0.280863	            0.005745	           -0.274396	            0.008371	            0.000000	            0.000000	            0.000000	           -1.190000	            0.000000	           -0.462380	            0.000000	            0.000000	            0.000000
            0.823000	          -10.218906	          490.216724	          -14.863433	           -0.376220	            0.000000	           -0.280895	            0.005487	           -0.272353	            0.008266	            0.000000	            0.000000	            0.000000	           -1.190000	            0.000000	           -0.462380	            0.000000	            0.000000	            0.000000
            0.824000	           -9.814285	          490.112687	          -14.774490	           -0.375970	            0.000000	           -0.280926	            0.005239	           -0.270126	            0.008157	            0.000000	            0.000000	            0.000000	           -1.190000	            0.000000	           -0.462380	            0.000000	            0.000000	            0.000000
            0.825000	           -9.410399	          489.996757	          -14.686988	           -0.375724	            0.000000	           -0.280957	            0.004997	           -0.267562	            0.008039	            0.000000	            0.000000	            0.000000	           -1.190000	            0.000000	           -0.462380	            0.000000	            0.000000	            0.000000
            0.826000	           -9.007376	          489.868890	          -14.600422	           -0.375485	            0.000000	           -0.280988	            0.004760	           -0.264533	            0.007909	            0.000000	            0.000000	            0.000000	           -1.190000	            0.000000	           -0.462380	            0.000000	            0.000000	            0.000000
            0.827000	           -8.605203	          489.729450	          -14.514395	           -0.375248	            0.000000	           -0.281017	            0.004525	           -0.260934	            0.007763	            0.000000	            0.000000	            0.000000	           -1.190000	            0.000000	           -0.462380	            0.000000	            0.000000	            0.000000
            0.828000	           -8.203735	          489.579222	          -14.428640	           -0.375012	            0.000000	           -0.281042	            0.004290	           -0.256694	            0.007599	            0.000000	            0.000000	            0.000000	           -1.190000	            0.000000	           -0.462380	            0.000000	            0.000000	            0.000000
            0.829000	           -7.802715	          489.419408	          -14.343029	           -0.374774	            0.000000	           -0.281059	            0.004055	           -0.251779	            0.007417	            0.000000	            0.000000	            0.000000	           -1.190000	            0.000000	           -0.462380	            0.000000	            0.000000	            0.000000
            0.830000	           -7.401801	          489.251607	          -14.257578	           -0.374535	            0.000000	           -0.281069	            0.003818	           -0.246191	            0.007216	            0.000000	            0.000000	            0.000000	           -1.190000	            0.000000	           -0.462380	            0.000000	            0.000000	            0.000000
            0.831000	           -7.000581	          489.077782	          -14.172455	           -0.374293	            0.000000	           -0.281070	            0.003579	           -0.239977	            0.006998	            0.000000	            0.000000	            0.000000	           -1.190000	            0.000000	           -0.462380	            0.000000	            0.000000	            0.000000
            0.832000	           -6.598607	          488.900214	          -14.087967	           -0.374049	            0.000000	           -0.281063	            0.003338	           -0.233219	            0.006766	            0.000000	            0.000000	            0.000000	           -1.190000	            0.000000	           -0.462380	            0.000000	            0.000000	            0.000000
            0.833000	           -6.195416	          488.721440	          -14.004559	           -0.373803	            0.000000	           -0.281047	            0.003095	           -0.226038	            0.006523	            0.000000	            0.000000	            0.000000	           -1.190000	            0.000000	           -0.462380	            0.000000	            0.000000	            0.000000
            0.834000	           -5.790556	          488.544189	          -13.922792	           -0.373555	            0.000000	           -0.281021	            0.002851	           -0.218585	            0.006274	            0.000000	            0.000000	            0.000000	           -1.190000	            0.000000	           -0.462380	            0.000000	            0.000000	            0.000000
            0.835000	           -5.383609	          488.371308	          -13.843325	           -0.373306	            0.000000	           -0.280990	            0.002607	           -0.211038	            0.006025	            0.000000	            0.000000	            0.000000	           -1.190000	            0.000000	           -0.462380	            0.000000	            0.000000	            0.000000
            0.836000	           -4.974209	          488.205688	          -13.766885	           -0.373059	            0.000000	           -0.280955	            0.002363	           -0.203592	            0.005780	            0.000000	            0.000000	            0.000000	           -1.190000	            0.000000	           -0.462380	            0.000000	            0.000000	            0.000000
            0.837000	           -4.562059	          488.050195	          -13.694240	           -0.372821	            0.000000	           -0.280919	            0.002121	           -0.196452	            0.005546	            0.000000	            0.000000	            0.000000	           -1.190000	            0.000000	           -0.462380	            0.000000	            0.000000	            0.000000
            0.838000	           -4.146943	          487.907598	          -13.626165	           -0.372598	            0.000000	           -0.280885	            0.001880	           -0.189822	            0.005329	            0.000000	            0.000000	            0.000000	           -1.190000	            0.000000	           -0.462380	            0.000000	            0.000000	            0.000000
            0.839000	           -3.728737	          487.780514	          -13.563405	           -0.372395	            0.000000	           -0.280854	            0.001643	           -0.183897	            0.005135	            0.000000	            0.000000	            0.000000	           -1.190000	            0.000000	           -0.462380	            0.000000	            0.000000	            0.000000
            0.840000	           -3.307410	          487.671352	          -13.506641	           -0.372211	            0.000000	           -0.280830	            0.001410	           -0.178852	            0.004968	            0.000000	            0.000000	            0.000000	           -1.190000	            0.000000	           -0.462380	            0.000000	            0.000000	            0.000000
            0.841000	           -2.883025	          487.582284	          -13.456457	           -0.372045	            0.000000	           -0.280811	            0.001182	           -0.174836	            0.004834	            0.000000	            0.000000	            0.000000	           -1.190000	            0.000000	           -0.462380	            0.000000	            0.000000	            0.000000
            0.842000	           -2.455738	          487.515210	          -13.413308	           -0.371890	            0.000000	           -0.280797	            0.000958	           -0.171962	            0.004734	            0.000000	            0.000000	            0.000000	           -1.190000	            0.000000	           -0.462380	            0.000000	            0.000000	            0.000000
            0.843000	           -2.025794	          487.471748	          -13.377496	           -0.371742	            0.000000	           -0.280787	            0.000739	           -0.170302	            0.004672	            0.000000	            0.000000	            0.000000	           -1.190000	            0.000000	           -0.462380	            0.000000	            0.000000	            0.000000
            0.844000	           -1.593513	          487.453230	          -13.349148	           -0.371593	            0.000000	           -0.280784	            0.000524	           -0.169884	            0.004647	            0.000000	            0.000000	            0.000000	           -1.190000	            0.000000	           -0.462380	            0.000000	            0.000000	            0.000000
            0.845000	           -1.159283	          487.460706	          -13.328204	           -0.371442	            0.000000	           -0.280787	            0.000315	           -0.170692	            0.004660	            0.000000	            0.000000	            0.000000	           -1.190000	            0.000000	           -0.462380	            0.000000	            0.000000	            0.000000
            0.846000	           -0.723547	          487.494957	          -13.314411	           -0.371287	            0.000000	           -0.280798	            0.000110	           -0.172662	            0.004708	            0.000000	            0.000000	            0.000000	           -1.190000	            0.000000	           -0.462380	            0.000000	            0.000000	            0.000000
            0.847000	           -0.286790	          487.556517	          -13.307326	           -0.371127	            0.000000	           -0.280816	           -0.000091	           -0.175688	            0.004787	            0.000000	            0.000000	            0.000000	           -1.190000	            0.000000	           -0.462380	            0.000000	            0.000000	            0.000000
            0.848000	            0.150477	          487.645693	          -13.306324	           -0.370961	            0.000000	           -0.280838	           -0.000289	           -0.179628	            0.004895	            0.000000	            0.000000	            0.000000	           -1.190000	            0.000000	           -0.462380	            0.000000	            0.000000	            0.000000
            0.849000	            0.587732	          487.762592	          -13.310618	           -0.370786	            0.000000	           -0.280857	           -0.000483	           -0.184306	            0.005024	            0.000000	            0.000000	            0.000000	           -1.190000	            0.000000	           -0.462380	            0.000000	            0.000000	            0.000000
            0.850000	            1.024458	          487.907145	          -13.319282	           -0.370603	            0.000000	           -0.280870	           -0.000674	           -0.189522	            0.005170	            0.000000	            0.000000	            0.000000	           -1.190000	            0.000000	           -0.462380	            0.000000	            0.000000	            0.000000
            0.851000	            1.460160	          488.079132	          -13.331275	           -0.370415	            0.000000	           -0.280872	           -0.000862	           -0.195059	            0.005326	            0.000000	            0.000000	            0.000000	           -1.190000	            0.000000	           -0.462380	            0.000000	            0.000000	            0.000000
            0.852000	            1.894380	          488.278200	          -13.345479	           -0.370230	            0.000000	           -0.280863	           -0.001047	           -0.200691	            0.005485	            0.000000	            0.000000	            0.000000	           -1.190000	            0.000000	           -0.462380	            0.000000	            0.000000	            0.000000
            0.853000	            2.326713	          488.503881	          -13.360729	           -0.370054	            0.000000	           -0.280848	           -0.001229	           -0.206193	            0.005640	            0.000000	            0.000000	            0.000000	           -1.190000	            0.000000	           -0.462380	            0.000000	            0.000000	            0.000000
            0.854000	            2.756824	          488.755600	          -13.375847	           -0.369894	            0.000000	           -0.280832	           -0.001408	           -0.211346	            0.005785	            0.000000	            0.000000	            0.000000	           -1.190000	            0.000000	           -0.462380	            0.000000	            0.000000	            0.000000
            0.855000	            3.184462	          489.032686	          -13.389676	           -0.369752	            0.000000	           -0.280823	           -0.001581	           -0.215945	            0.005913	            0.000000	            0.000000	            0.000000	           -1.190000	            0.000000	           -0.462380	            0.000000	            0.000000	            0.000000
            0.856000	            3.609474	          489.334370	          -13.401114	           -0.369627	            0.000000	           -0.280825	           -0.001750	           -0.219805	            0.006020	            0.000000	            0.000000	            0.000000	           -1.190000	            0.000000	           -0.462380	            0.000000	            0.000000	            0.000000
            0.857000	            4.031815	          489.659784	          -13.409136	           -0.369512	            0.000000	           -0.280838	           -0.001913	           -0.222766	            0.006100	            0.000000	            0.000000	            0.000000	           -1.190000	            0.000000	           -0.462380	            0.000000	            0.000000	            0.000000
            0.858000	            4.451560	          490.007953	          -13.412823	           -0.369396	            0.000000	           -0.280859	           -0.002069	           -0.224694	            0.006150	            0.000000	            0.000000	            0.000000	           -1.190000	            0.000000	           -0.462380	            0.000000	            0.000000	            0.000000
            0.859000	            4.868907	          490.377792	          -13.411376	           -0.369265	            0.000000	           -0.280883	           -0.002216	           -0.225487	            0.006167	            0.000000	            0.000000	            0.000000	           -1.190000	            0.000000	           -0.462380	            0.000000	            0.000000	            0.000000
            0.860000	            5.284181	          490.768094	          -13.404134	           -0.369109	            0.000000	           -0.280905	           -0.002355	           -0.225077	            0.006148	            0.000000	            0.000000	            0.000000	           -1.190000	            0.000000	           -0.462380	            0.000000	            0.000000	            0.000000
            0.861000	            5.697828	          491.177526	          -13.390579	           -0.368925	            0.000000	           -0.280926	           -0.002482	           -0.223425	            0.006092	            0.000000	            0.000000	            0.000000	           -1.190000	            0.000000	           -0.462380	            0.000000	            0.000000	            0.000000
            0.862000	            6.110410	          491.604631	          -13.370342	           -0.368720	            0.000000	           -0.280947	           -0.002598	           -0.220523	            0.006000	            0.000000	            0.000000	            0.000000	           -1.190000	            0.000000	           -0.462380	            0.000000	            0.000000	            0.000000
            0.863000	            6.522594	          492.047824	          -13.343201	           -0.368507	            0.000000	           -0.280972	           -0.002701	           -0.216392	            0.005873	            0.000000	            0.000000	            0.000000	           -1.190000	            0.000000	           -0.462380	            0.000000	            0.000000	            0.000000
            0.864000	            6.935128	          492.505407	          -13.309074	           -0.368294	            0.000000	           -0.281002	           -0.002790	           -0.211077	            0.005711	            0.000000	            0.000000	            0.000000	           -1.190000	            0.000000	           -0.462380	            0.000000	            0.000000	            0.000000
            0.865000	            7.348823	          492.975588	          -13.268018	           -0.368088	            0.000000	           -0.281036	           -0.002863	           -0.204645	            0.005517	            0.000000	            0.000000	            0.000000	           -1.190000	            0.000000	           -0.462380	            0.000000	            0.000000	            0.000000
            0.866000	            7.764526	          493.456500	          -13.220209	           -0.367892	            0.000000	           -0.281072	           -0.002919	           -0.197178	            0.005294	            0.000000	            0.000000	            0.000000	           -1.190000	            0.000000	           -0.462380	            0.000000	            0.000000	            0.000000
            0.867000	            8.183090	          493.946242	          -13.165940	           -0.367706	            0.000000	           -0.281108	           -0.002958	           -0.188769	            0.005045	            0.000000	            0.000000	            0.000000	           -1.190000	            0.000000	           -0.462380	            0.000000	            0.000000	            0.000000
            0.868000	            8.605346	          494.442920	          -13.105598	           -0.367534	            0.000000	           -0.281141	           -0.002977	           -0.179518	            0.004773	            0.000000	            0.000000	            0.000000	           -1.190000	            0.000000	           -0.462380	            0.000000	            0.000000	            0.000000
            0.869000	            9.032071	          494.944692	          -13.039658	           -0.367377	            0.000000	           -0.281171	           -0.002975	           -0.169525	            0.004481	            0.000000	            0.000000	            0.000000	           -1.190000	            0.000000	           -0.462380	            0.000000	            0.000000	            0.000000
            0.870000	            9.463960	          495.449823	          -12.968664	           -0.367235	            0.000000	           -0.281196	           -0.002950	           -0.158884	            0.004173	            0.000000	            0.000000	            0.000000	           -1.190000	            0.000000	           -0.462380	            0.000000	            0.000000	            0.000000
            0.871000	            9.901600	          495.956744	          -12.893216	           -0.367103	            0.000000	           -0.281217	           -0.002901	           -0.147682	            0.003852	            0.000000	            0.000000	            0.000000	           -1.190000	            0.000000	           -0.462380	            0.000000	            0.000000	            0.000000
            0.872000	           10.345453	          496.464103	          -12.813953	           -0.366974	            0.000000	           -0.281234	           -0.002825	           -0.135995	            0.003521	            0.000000	            0.000000	            0.000000	           -1.190000	            0.000000	           -0.462380	            0.000000	            0.000000	            0.000000
            0.873000	           10.795832	          496.970818	          -12.731542	           -0.366841	            0.000000	           -0.281246	           -0.002721	           -0.123883	            0.003182	            0.000000	            0.000000	            0.000000	           -1.190000	            0.000000	           -0.462380	            0.000000	            0.000000	            0.000000
            0.874000	           11.252902	          497.476128	          -12.646659	           -0.366704	            0.000000	           -0.281254	           -0.002585	           -0.111389	            0.002836	            0.000000	            0.000000	            0.000000	           -1.190000	            0.000000	           -0.462380	            0.000000	            0.000000	            0.000000
            0.875000	           11.716668	          497.979626	          -12.559977	           -0.366560	            0.000000	           -0.281258	           -0.002415	           -0.098543	            0.002486	            0.000000	            0.000000	            0.000000	           -1.190000	            0.000000	           -0.462380	            0.000000	            0.000000	            0.000000
            0.876000	           12.186981	          498.481289	          -12.472149	           -0.366409	            0.000000	           -0.281261	           -0.002208	           -0.085355	            0.002133	            0.000000	            0.000000	            0.000000	           -1.190000	            0.000000	           -0.462380	            0.000000	            0.000000	            0.000000
            0.877000	           12.663551	          498.981498	          -12.383798	           -0.366249	            0.000000	           -0.281265	           -0.001962	           -0.071824	            0.001776	            0.000000	            0.000000	            0.000000	           -1.190000	            0.000000	           -0.462380	            0.000000	            0.000000	            0.000000
            0.878000	           13.145958	          499.481034	          -12.295501	           -0.366081	            0.000000	           -0.281268	           -0.001674	           -0.057938	            0.001417	            0.000000	            0.000000	            0.000000	           -1.190000	            0.000000	           -0.462380	            0.000000	            0.000000	            0.000000
            0.879000	           13.633669	          499.981077	          -12.207781	           -0.365911	            0.000000	           -0.281268	           -0.001341	           -0.043677	            0.001055	            0.000000	            0.000000	            0.000000	           -1.190000	            0.000000	           -0.462380	            0.000000	            0.000000	            0.000000
            0.880000	           14.126067	          500.483180	          -12.121096	           -0.365747	            0.000000	           -0.281260	           -0.000961	           -0.029019	            0.000690	            0.000000	            0.000000	            0.000000	           -1.190000	            0.000000	           -0.462380	            0.000000	            0.000000	            0.000000
            0.881000	           14.622466	          500.989238	          -12.035834	           -0.365596	            0.000000	           -0.281246	           -0.000532	           -0.013942	            0.000321	            0.000000	            0.000000	            0.000000	           -1.190000	            0.000000	           -0.462380	            0.000000	            0.000000	            0.000000
            0.882000	           15.122140	          501.501444	          -11.952303	           -0.365463	            0.000000	           -0.281229	           -0.000055	            0.001568	           -0.000051	            0.000000	            0.000000	            0.000000	           -1.190000	            0.000000	           -0.462380	            0.000000	            0.000000	            0.000000
            0.883000	           15.624343	          502.022242	          -11.870737	           -0.365348	            0.000000	           -0.281219	            0.000472	            0.017515	           -0.000427	            0.000000	            0.000000	            0.000000	           -1.190000	            0.000000	           -0.462380	            0.000000	            0.000000	            0.000000
            0.884000	           16.128330	          502.554264	          -11.791286	           -0.365247	            0.000000	           -0.281223	            0.001049	            0.033889	           -0.000806	            0.000000	            0.000000	            0.000000	           -1.190000	            0.000000	           -0.462380	            0.000000	            0.000000	            0.000000
            0.885000	           16.633371	          503.100272	          -11.714021	           -0.365149	            0.000000	           -0.281243	            0.001672	            0.050665	           -0.001188	            0.000000	            0.000000	            0.000000	           -1.190000	            0.000000	           -0.462380	            0.000000	            0.000000	            0.000000
            0.886000	           17.138767	          503.663087	          -11.638939	           -0.365044	            0.000000	           -0.281275	            0.002341	            0.067797	           -0.001573	            0.000000	            0.000000	            0.000000	           -1.190000	            0.000000	           -0.462380	            0.000000	            0.000000	            0.000000
            0.887000	           17.643858	          504.245527	          -11.565962	           -0.364926	            0.000000	           -0.281311	            0.003051	            0.085226	           -0.001958	            0.000000	            0.000000	            0.000000	           -1.190000	            0.000000	           -0.462380	            0.000000	            0.000000	            0.000000
            0.888000	           18.148029	          504.850334	          -11.494946	           -0.364795	            0.000000	           -0.281347	            0.003799	            0.102873	           -0.002343	            0.000000	            0.000000	            0.000000	           -1.190000	            0.000000	           -0.462380	            0.000000	            0.000000	            0.000000
            0.889000	           18.650712	          505.480115	          -11.425689	           -0.364649	            0.000000	           -0.281381	            0.004580	            0.120646	           -0.002725	            0.000000	            0.000000	            0.000000	           -1.190000	            0.000000	           -0.462380	            0.000000	            0.000000	            0.000000
            0.890000	           19.151389	          506.137279	          -11.357937	           -0.364493	            0.000000	           -0.281413	            0.005388	            0.138441	           -0.003102	            0.000000	            0.000000	            0.000000	           -1.190000	            0.000000	           -0.462380	            0.000000	            0.000000	            0.000000
            0.891000	           19.649590	          506.823983	          -11.291396	           -0.364327	            0.000000	           -0.281443	            0.006217	            0.156150	           -0.003472	            0.000000	            0.000000	            0.000000	           -1.190000	            0.000000	           -0.462380	            0.000000	            0.000000	            0.000000
            0.892000	           20.144893	          507.542085	          -11.225742	           -0.364157	            0.000000	           -0.281476	            0.007062	            0.173658	           -0.003833	            0.000000	            0.000000	            0.000000	           -1.190000	            0.000000	           -0.462380	            0.000000	            0.000000	            0.000000
            0.893000	           20.636926	          508.293107	          -11.160633	           -0.363984	            0.000000	           -0.281510	            0.007916	            0.190856	           -0.004182	            0.000000	            0.000000	            0.000000	           -1.190000	            0.000000	           -0.462380	            0.000000	            0.000000	            0.000000
            0.894000	           21.125369	          509.078206	          -11.095723	           -0.363811	            0.000000	           -0.281544	            0.008774	            0.207637	           -0.004517	            0.000000	            0.000000	            0.000000	           -1.190000	            0.000000	           -0.462380	            0.000000	            0.000000	            0.000000
            0.895000	           21.609962	          509.898153	          -11.030676	           -0.363640	            0.000000	           -0.281576	            0.009629	            0.223910	           -0.004836	            0.000000	            0.000000	            0.000000	           -1.190000	            0.000000	           -0.462380	            0.000000	            0.000000	            0.000000
            0.896000	           22.090509	          510.753326	          -10.965178	           -0.363471	            0.000000	           -0.281603	            0.010478	            0.239593	           -0.005137	            0.000000	            0.000000	            0.000000	           -1.190000	            0.000000	           -0.462380	            0.000000	            0.000000	            0.000000
            0.897000	           22.566894	          511.643714	          -10.898950	           -0.363301	            0.000000	           -0.281625	            0.011317	            0.254624	           -0.005419	            0.000000	            0.000000	            0.000000	           -1.190000	            0.000000	           -0.462380	            0.000000	            0.000000	            0.000000
            0.898000	           23.039094	          512.568924	          -10.831759	           -0.363126	            0.000000	           -0.281643	            0.012142	            0.268961	           -0.005681	            0.000000	            0.000000	            0.000000	           -1.190000	            0.000000	           -0.462380	            0.000000	            0.000000	            0.000000
            0.899000	           23.507193	          513.528205	          -10.763434	           -0.362942	            0.000000	           -0.281657	            0.012951	            0.282580	           -0.005923	            0.000000	            0.000000	            0.000000	           -1.190000	            0.000000	           -0.462380	            0.000000	            0.000000	            0.000000
            0.900000	           23.971401	          514.520477	          -10.693869	           -0.362749	            0.000000	           -0.281669	            0.013745	            0.295480	           -0.006144	            0.000000	            0.000000	            0.000000	           -1.190000	            0.000000	           -0.462380	            0.000000	            0.000000	            0.000000
            0.901000	           24.432069	          515.544373	          -10.623032	           -0.362553	            0.000000	           -0.281680	            0.014522	            0.307681	           -0.006346	            0.000000	            0.000000	            0.000000	           -1.190000	            0.000000	           -0.462380	            0.000000	            0.000000	            0.000000
            0.902000	           24.889703	          516.598280	          -10.550972	           -0.362365	            0.000000	           -0.281690	            0.015285	            0.319223	           -0.006529	            0.000000	            0.000000	            0.000000	           -1.190000	            0.000000	           -0.462380	            0.000000	            0.000000	            0.000000
            0.903000	           25.344977	          517.680399	          -10.477815	           -0.362192	            0.000000	           -0.281698	            0.016036	            0.330164	           -0.006694	            0.000000	            0.000000	            0.000000	           -1.190000	            0.000000	           -0.462380	            0.000000	            0.000000	            0.000000
            0.904000	           25.798738	          518.788796	          -10.403769	           -0.362037	            0.000000	           -0.281704	            0.016780	            0.340578	           -0.006844	            0.000000	            0.000000	            0.000000	           -1.190000	            0.000000	           -0.462380	            0.000000	            0.000000	            0.000000
            0.905000	           26.252007	          519.921467	          -10.329115	           -0.361894	            0.000000	           -0.281711	            0.017521	            0.350554	           -0.006980	            0.000000	            0.000000	            0.000000	           -1.190000	            0.000000	           -0.462380	            0.000000	            0.000000	            0.000000
            0.906000	           26.705972	          521.076400	          -10.254201	           -0.361757	            0.000000	           -0.281722	            0.018265	            0.360190	           -0.007105	            0.000000	            0.000000	            0.000000	           -1.190000	            0.000000	           -0.462380	            0.000000	            0.000000	            0.000000
            0.907000	           27.161981	          522.251633	          -10.179435	           -0.361618	            0.000000	           -0.281739	            0.019017	            0.369589	           -0.007221	            0.000000	            0.000000	            0.000000	           -1.190000	            0.000000	           -0.462380	            0.000000	            0.000000	            0.000000
            0.908000	           27.621520	          523.445310	          -10.105271	           -0.361470	            0.000000	           -0.281763	            0.019786	            0.378861	           -0.007330	            0.000000	            0.000000	            0.000000	           -1.190000	            0.000000	           -0.462380	            0.000000	            0.000000	            0.000000
            0.909000	           28.086188	          524.655728	          -10.032198	           -0.361309	            0.000000	           -0.281794	            0.020577	            0.388114	           -0.007436	            0.000000	            0.000000	            0.000000	           -1.190000	            0.000000	           -0.462380	            0.000000	            0.000000	            0.000000
            0.910000	           28.557669	          525.881377	           -9.960724	           -0.361131	            0.000000	           -0.281830	            0.021399	            0.397450	           -0.007541	            0.000000	            0.000000	            0.000000	           -1.190000	            0.000000	           -0.462380	            0.000000	            0.000000	            0.000000
            0.911000	           29.037693	          527.120961	           -9.891367	           -0.360935	            0.000000	           -0.281871	            0.022257	            0.406969	           -0.007647	            0.000000	            0.000000	            0.000000	           -1.190000	            0.000000	           -0.462380	            0.000000	            0.000000	            0.000000
            0.912000	           29.528004	          528.373417	           -9.824636	           -0.360725	            0.000000	           -0.281913	            0.023159	            0.416754	           -0.007756	            0.000000	            0.000000	            0.000000	           -1.190000	            0.000000	           -0.462380	            0.000000	            0.000000	            0.000000
            0.913000	           30.030313	          529.637911	           -9.761021	           -0.360508	            0.000000	           -0.281956	            0.024110	            0.426880	           -0.007871	            0.000000	            0.000000	            0.000000	           -1.190000	            0.000000	           -0.462380	            0.000000	            0.000000	            0.000000
            0.914000	           30.546263	          530.913822	           -9.700986	           -0.360290	            0.000000	           -0.281995	            0.025115	            0.437403	           -0.007992	            0.000000	            0.000000	            0.000000	           -1.190000	            0.000000	           -0.462380	            0.000000	            0.000000	            0.000000
            0.915000	           31.077387	          532.200718	           -9.644957	           -0.360075	            0.000000	           -0.282032	            0.026177	            0.448360	           -0.008122	            0.000000	            0.000000	            0.000000	           -1.190000	            0.000000	           -0.462380	            0.000000	            0.000000	            0.000000
            0.916000	           31.625072	          533.498320	           -9.593318	           -0.359870	            0.000000	           -0.282064	            0.027299	            0.459768	           -0.008261	            0.000000	            0.000000	            0.000000	           -1.190000	            0.000000	           -0.462380	            0.000000	            0.000000	            0.000000
            0.917000	           32.190526	          534.806459	           -9.546407	           -0.359679	            0.000000	           -0.282093	            0.028481	            0.471622	           -0.008410	            0.000000	            0.000000	            0.000000	           -1.190000	            0.000000	           -0.462380	            0.000000	            0.000000	            0.000000
            0.918000	           32.774754	          536.125027	           -9.504513	           -0.359502	            0.000000	           -0.282120	            0.029722	            0.483890	           -0.008568	            0.000000	            0.000000	            0.000000	           -1.190000	            0.000000	           -0.462380	            0.000000	            0.000000	            0.000000
            0.919000	           33.378527	          537.453937	           -9.467882	           -0.359339	            0.000000	           -0.282144	            0.031020	            0.496521	           -0.008735	            0.000000	            0.000000	            0.000000	           -1.190000	            0.000000	           -0.462380	            0.000000	            0.000000	            0.000000
            0.920000	           34.002376	          538.793079	           -9.436713	           -0.359184	            0.000000	           -0.282165	            0.032370	            0.509436	           -0.008910	            0.000000	            0.000000	            0.000000	           -1.190000	            0.000000	           -0.462380	            0.000000	            0.000000	            0.000000
            0.921000	           34.646575	          540.142290	           -9.411164	           -0.359038	            0.000000	           -0.282183	            0.033765	            0.522537	           -0.009092	            0.000000	            0.000000	            0.000000	           -1.190000	            0.000000	           -0.462380	            0.000000	            0.000000	            0.000000
            0.922000	           35.311140	          541.501336	           -9.391355	           -0.358900	            0.000000	           -0.282202	            0.035198	            0.535705	           -0.009279	            0.000000	            0.000000	            0.000000	           -1.190000	            0.000000	           -0.462380	            0.000000	            0.000000	            0.000000
            0.923000	           35.995835	          542.869902	           -9.377371	           -0.358769	            0.000000	           -0.282222	            0.036659	            0.548805	           -0.009469	            0.000000	            0.000000	            0.000000	           -1.190000	            0.000000	           -0.462380	            0.000000	            0.000000	            0.000000
            0.924000	           36.700176	          544.247608	           -9.369264	           -0.358642	            0.000000	           -0.282247	            0.038138	            0.561694	           -0.009661	            0.000000	            0.000000	            0.000000	           -1.190000	            0.000000	           -0.462380	            0.000000	            0.000000	            0.000000
            0.925000	           37.423454	          545.634028	           -9.367057	           -0.358512	            0.000000	           -0.282274	            0.039624	            0.574221	           -0.009851	            0.000000	            0.000000	            0.000000	           -1.190000	            0.000000	           -0.462380	            0.000000	            0.000000	            0.000000
            0.926000	           38.164750	          547.028734	           -9.370742	           -0.358376	            0.000000	           -0.282304	            0.041106	            0.586241	           -0.010037	            0.000000	            0.000000	            0.000000	           -1.190000	            0.000000	           -0.462380	            0.000000	            0.000000	            0.000000
            0.927000	           38.922967	          548.431342	           -9.380281	           -0.358234	            0.000000	           -0.282336	            0.042573	            0.597615	           -0.010218	            0.000000	            0.000000	            0.000000	           -1.190000	            0.000000	           -0.462380	            0.000000	            0.000000	            0.000000
            0.928000	           39.696853	          549.841570	           -9.395607	           -0.358087	            0.000000	           -0.282370	            0.044017	            0.608221	           -0.010391	            0.000000	            0.000000	            0.000000	           -1.190000	            0.000000	           -0.462380	            0.000000	            0.000000	            0.000000
            0.929000	           40.485041	          551.259297	           -9.416616	           -0.357938	            0.000000	           -0.282404	            0.045427	            0.617960	           -0.010555	            0.000000	            0.000000	            0.000000	           -1.190000	            0.000000	           -0.462380	            0.000000	            0.000000	            0.000000
            0.930000	           41.286081	          552.684616	           -9.443174	           -0.357785	            0.000000	           -0.282438	            0.046799	            0.626758	           -0.010708	            0.000000	            0.000000	            0.000000	           -1.190000	            0.000000	           -0.462380	            0.000000	            0.000000	            0.000000
            0.931000	           42.098476	          554.117883	           -9.475104	           -0.357623	            0.000000	           -0.282466	            0.048127	            0.634575	           -0.010850	            0.000000	            0.000000	            0.000000	           -1.190000	            0.000000	           -0.462380	            0.000000	            0.000000	            0.000000
            0.932000	           42.920718	          555.559755	           -9.512191	           -0.357447	            0.000000	           -0.282486	            0.049409	            0.641398	           -0.010981	            0.000000	            0.000000	            0.000000	           -1.190000	            0.000000	           -0.462380	            0.000000	            0.000000	            0.000000
            0.933000	           43.751325	          557.011206	           -9.554178	           -0.357258	            0.000000	           -0.282498	            0.050644	            0.647250	           -0.011100	            0.000000	            0.000000	            0.000000	           -1.190000	            0.000000	           -0.462380	            0.000000	            0.000000	            0.000000
            0.934000	           44.588866	          558.473530	           -9.600767	           -0.357059	            0.000000	           -0.282504	            0.051834	            0.652179	           -0.011209	            0.000000	            0.000000	            0.000000	           -1.190000	            0.000000	           -0.462380	            0.000000	            0.000000	            0.000000
            0.935000	           45.431995	          559.948323	           -9.651619	           -0.356857	            0.000000	           -0.282511	            0.052981	            0.656256	           -0.011308	            0.000000	            0.000000	            0.000000	           -1.190000	            0.000000	           -0.462380	            0.000000	            0.000000	            0.000000
            0.936000	           46.279473	          561.437449	           -9.706355	           -0.356660	            0.000000	           -0.282522	            0.054090	            0.659572	           -0.011398	            0.000000	            0.000000	            0.000000	           -1.190000	            0.000000	           -0.462380	            0.000000	            0.000000	            0.000000
            0.937000	           47.130182	          562.942986	           -9.764567	           -0.356473	            0.000000	           -0.282539	            0.055164	            0.662224	           -0.011481	            0.000000	            0.000000	            0.000000	           -1.190000	            0.000000	           -0.462380	            0.000000	            0.000000	            0.000000
            0.938000	           47.983145	          564.467162	           -9.825816	           -0.356300	            0.000000	           -0.282560	            0.056209	            0.664314	           -0.011558	            0.000000	            0.000000	            0.000000	           -1.190000	            0.000000	           -0.462380	            0.000000	            0.000000	            0.000000
            0.939000	           48.837529	          566.012284	           -9.889648	           -0.356140	            0.000000	           -0.282582	            0.057227	            0.665935	           -0.011630	            0.000000	            0.000000	            0.000000	           -1.190000	            0.000000	           -0.462380	            0.000000	            0.000000	            0.000000
            0.940000	           49.692652	          567.580657	           -9.955597	           -0.355993	            0.000000	           -0.282602	            0.058221	            0.667168	           -0.011697	            0.000000	            0.000000	            0.000000	           -1.190000	            0.000000	           -0.462380	            0.000000	            0.000000	            0.000000
            0.941000	           50.547980	          569.174506	          -10.023196	           -0.355852	            0.000000	           -0.282620	            0.059191	            0.668073	           -0.011760	            0.000000	            0.000000	            0.000000	           -1.190000	            0.000000	           -0.462380	            0.000000	            0.000000	            0.000000
            0.942000	           51.403126	          570.795910	          -10.091987	           -0.355710	            0.000000	           -0.282635	            0.060135	            0.668686	           -0.011819	            0.000000	            0.000000	            0.000000	           -1.190000	            0.000000	           -0.462380	            0.000000	            0.000000	            0.000000
            0.943000	           52.257843	          572.446731	          -10.161532	           -0.355560	            0.000000	           -0.282643	            0.061049	            0.669018	           -0.011873	            0.000000	            0.000000	            0.000000	           -1.190000	            0.000000	           -0.462380	            0.000000	            0.000000	            0.000000
            0.944000	           53.112020	          574.128566	          -10.231416	           -0.355403	            0.000000	           -0.282642	            0.061927	            0.669048	           -0.011921	            0.000000	            0.000000	            0.000000	           -1.190000	            0.000000	           -0.462380	            0.000000	            0.000000	            0.000000
            0.945000	           53.965669	          575.842707	          -10.301257	           -0.355237	            0.000000	           -0.282631	            0.062759	            0.668732	           -0.011963	            0.000000	            0.000000	            0.000000	           -1.190000	            0.000000	           -0.462380	            0.000000	            0.000000	            0.000000
            0.946000	           54.818921	          577.590117	          -10.370713	           -0.355064	            0.000000	           -0.282612	            0.063536	            0.668000	           -0.011995	            0.000000	            0.000000	            0.000000	           -1.190000	            0.000000	           -0.462380	            0.000000	            0.000000	            0.000000
            0.947000	           55.672017	          579.371419	          -10.439484	           -0.354881	            0.000000	           -0.282588	            0.064245	            0.666765	           -0.012016	            0.000000	            0.000000	            0.000000	           -1.190000	            0.000000	           -0.462380	            0.000000	            0.000000	            0.000000
            0.948000	           56.525298	          581.186904	          -10.507314	           -0.354691	            0.000000	           -0.282566	            0.064874	            0.664924	           -0.012024	            0.000000	            0.000000	            0.000000	           -1.190000	            0.000000	           -0.462380	            0.000000	            0.000000	            0.000000
            0.949000	           57.379200	          583.036543	          -10.573994	           -0.354492	            0.000000	           -0.282550	            0.065409	            0.662370	           -0.012016	            0.000000	            0.000000	            0.000000	           -1.190000	            0.000000	           -0.462380	            0.000000	            0.000000	            0.000000
            0.950000	           58.234238	          584.920015	          -10.639364	           -0.354290	            0.000000	           -0.282545	            0.065838	            0.658994	           -0.011991	            0.000000	            0.000000	            0.000000	           -1.190000	            0.000000	           -0.462380	            0.000000	            0.000000	            0.000000
            0.951000	           59.091002	          586.836743	          -10.703308	           -0.354085	            0.000000	           -0.282554	            0.066148	            0.654692	           -0.011945	            0.000000	            0.000000	            0.000000	           -1.190000	            0.000000	           -0.462380	            0.000000	            0.000000	            0.000000
            0.952000	           59.950139	          588.785933	          -10.765758	           -0.353880	            0.000000	           -0.282577	            0.066330	            0.649373	           -0.011878	            0.000000	            0.000000	            0.000000	           -1.190000	            0.000000	           -0.462380	            0.000000	            0.000000	            0.000000
            0.953000	           60.812341	          590.766613	          -10.826689	           -0.353674	            0.000000	           -0.282614	            0.066373	            0.642962	           -0.011788	            0.000000	            0.000000	            0.000000	           -1.190000	            0.000000	           -0.462380	            0.000000	            0.000000	            0.000000
            0.954000	           61.678326	          592.777685	          -10.886114	           -0.353464	            0.000000	           -0.282663	            0.066272	            0.635403	           -0.011674	            0.000000	            0.000000	            0.000000	           -1.190000	            0.000000	           -0.462380	            0.000000	            0.000000	            0.000000
            0.955000	           62.548818	          594.817959	          -10.944086	           -0.353246	            0.000000	           -0.282721	            0.066021	            0.626664	           -0.011536	            0.000000	            0.000000	            0.000000	           -1.190000	            0.000000	           -0.462380	            0.000000	            0.000000	            0.000000
            0.956000	           63.424522	          596.886199	          -11.000692	           -0.353018	            0.000000	           -0.282787	            0.065620	            0.616735	           -0.011372	            0.000000	            0.000000	            0.000000	           -1.190000	            0.000000	           -0.462380	            0.000000	            0.000000	            0.000000
            0.957000	           64.306105	          598.981148	          -11.056048	           -0.352783	            0.000000	           -0.282857	            0.065067	            0.605628	           -0.011184	            0.000000	            0.000000	            0.000000	           -1.190000	            0.000000	           -0.462380	            0.000000	            0.000000	            0.000000
            0.958000	           65.194162	          601.101563	          -11.110294	           -0.352545	            0.000000	           -0.282925	            0.064365	            0.593378	           -0.010973	            0.000000	            0.000000	            0.000000	           -1.190000	            0.000000	           -0.462380	            0.000000	            0.000000	            0.000000
            0.959000	           66.089193	          603.246229	          -11.163590	           -0.352313	            0.000000	           -0.282985	            0.063519	            0.580034	           -0.010740	            0.000000	            0.000000	            0.000000	           -1.190000	            0.000000	           -0.462380	            0.000000	            0.000000	            0.000000
            0.960000	           66.991576	          605.413968	          -11.216112	           -0.352092	            0.000000	           -0.283034	            0.062532	            0.565661	           -0.010485	            0.000000	            0.000000	            0.000000	           -1.190000	            0.000000	           -0.462380	            0.000000	            0.000000	            0.000000
            0.961000	           67.901542	          607.603644	          -11.268042	           -0.351889	            0.000000	           -0.283071	            0.061411	            0.550332	           -0.010211	            0.000000	            0.000000	            0.000000	           -1.190000	            0.000000	           -0.462380	            0.000000	            0.000000	            0.000000
            0.962000	           68.819150	          609.814153	          -11.319566	           -0.351707	            0.000000	           -0.283097	            0.060162	            0.534123	           -0.009919	            0.000000	            0.000000	            0.000000	           -1.190000	            0.000000	           -0.462380	            0.000000	            0.000000	            0.000000
            0.963000	           69.744277	          612.044408	          -11.370863	           -0.351546	            0.000000	           -0.283117	            0.058790	            0.517110	           -0.009610	            0.000000	            0.000000	            0.000000	           -1.190000	            0.000000	           -0.462380	            0.000000	            0.000000	            0.000000
            0.964000	           70.676597	          614.293323	          -11.422101	           -0.351400	            0.000000	           -0.283137	            0.057302	            0.499364	           -0.009287	            0.000000	            0.000000	            0.000000	           -1.190000	            0.000000	           -0.462380	            0.000000	            0.000000	            0.000000
            0.965000	           71.615583	          616.559780	          -11.473431	           -0.351262	            0.000000	           -0.283159	            0.055701	            0.480949	           -0.008950	            0.000000	            0.000000	            0.000000	           -1.190000	            0.000000	           -0.462380	            0.000000	            0.000000	            0.000000
            0.966000	           72.560507	          618.842605	          -11.524977	           -0.351124	            0.000000	           -0.283183	            0.053991	            0.461919	           -0.008601	            0.000000	            0.000000	            0.000000	           -1.190000	            0.000000	           -0.462380	            0.000000	            0.000000	            0.000000
            0.967000	           73.510448	          621.140533	          -11.576834	           -0.350977	            0.000000	           -0.283206	            0.052174	            0.442318	           -0.008241	            0.000000	            0.000000	            0.000000	           -1.190000	            0.000000	           -0.462380	            0.000000	            0.000000	            0.000000
            0.968000	           74.464315	          623.452180	          -11.629062	           -0.350816	            0.000000	           -0.283227	            0.050252	            0.422179	           -0.007870	            0.000000	            0.000000	            0.000000	           -1.190000	            0.000000	           -0.462380	            0.000000	            0.000000	            0.000000
            0.969000	           75.420870	          625.776011	          -11.681683	           -0.350635	            0.000000	           -0.283249	            0.048226	            0.401527	           -0.007489	            0.000000	            0.000000	            0.000000	           -1.190000	            0.000000	           -0.462380	            0.000000	            0.000000	            0.000000
            0.970000	           76.378765	          628.110314	          -11.734680	           -0.350438	            0.000000	           -0.283273	            0.046095	            0.380381	           -0.007098	            0.000000	            0.000000	            0.000000	           -1.190000	            0.000000	           -0.462380	            0.000000	            0.000000	            0.000000
            0.971000	           77.336579	          630.453177	          -11.787998	           -0.350230	            0.000000	           -0.283299	            0.043861	            0.358755	           -0.006698	            0.000000	            0.000000	            0.000000	           -1.190000	            0.000000	           -0.462380	            0.000000	            0.000000	            0.000000
            0.972000	           78.292867	          632.802476	          -11.841547	           -0.350021	            0.000000	           -0.283329	            0.041524	            0.336661	           -0.006289	            0.000000	            0.000000	            0.000000	           -1.190000	            0.000000	           -0.462380	            0.000000	            0.000000	            0.000000
            0.973000	           79.246206	          635.155863	          -11.895205	           -0.349815	            0.000000	           -0.283361	            0.039083	            0.314109	           -0.005871	            0.000000	            0.000000	            0.000000	           -1.190000	            0.000000	           -0.462380	            0.000000	            0.000000	            0.000000
            0.974000	           80.195250	          637.510768	          -11.948827	           -0.349614	            0.000000	           -0.283396	            0.036539	            0.291111	           -0.005445	            0.000000	            0.000000	            0.000000	           -1.190000	            0.000000	           -0.462380	            0.000000	            0.000000	            0.000000
            0.975000	           81.138774	          639.864410	          -12.002251	           -0.349418	            0.000000	           -0.283435	            0.033892	            0.267679	           -0.005010	            0.000000	            0.000000	            0.000000	           -1.190000	            0.000000	           -0.462380	            0.000000	            0.000000	            0.000000
            0.976000	           82.075730	          642.213816	          -12.055304	           -0.349221	            0.000000	           -0.283479	            0.031145	            0.243825	           -0.004567	            0.000000	            0.000000	            0.000000	           -1.190000	            0.000000	           -0.462380	            0.000000	            0.000000	            0.000000
            0.977000	           83.005285	          644.555851	          -12.107813	           -0.349020	            0.000000	           -0.283525	            0.028296	            0.219558	           -0.004116	            0.000000	            0.000000	            0.000000	           -1.190000	            0.000000	           -0.462380	            0.000000	            0.000000	            0.000000
            0.978000	           83.926859	          646.887253	          -12.159613	           -0.348815	            0.000000	           -0.283574	            0.025346	            0.194884	           -0.003657	            0.000000	            0.000000	            0.000000	           -1.190000	            0.000000	           -0.462380	            0.000000	            0.000000	            0.000000
            0.979000	           84.840148	          649.204681	          -12.210551	           -0.348604	            0.000000	           -0.283625	            0.022294	            0.169803	           -0.003189	            0.000000	            0.000000	            0.000000	           -1.190000	            0.000000	           -0.462380	            0.000000	            0.000000	            0.000000
            0.980000	           85.745147	          651.504761	          -12.260496	           -0.348388	            0.000000	           -0.283676	            0.019137	            0.144305	           -0.002714	            0.000000	            0.000000	            0.000000	           -1.190000	            0.000000	           -0.462380	            0.000000	            0.000000	            0.000000
            0.981000	           86.642147	          653.784144	          -12.309341	           -0.348170	            0.000000	           -0.283728	            0.015870	            0.118371	           -0.002230	            0.000000	            0.000000	            0.000000	           -1.190000	            0.000000	           -0.462380	            0.000000	            0.000000	            0.000000
            0.982000	           87.531728	          656.039550	          -12.357008	           -0.347952	            0.000000	           -0.283780	            0.012488	            0.091968	           -0.001736	            0.000000	            0.000000	            0.000000	           -1.190000	            0.000000	           -0.462380	            0.000000	            0.000000	            0.000000
            0.983000	           88.414735	          658.267824	          -12.403451	           -0.347738	            0.000000	           -0.283828	            0.008982	            0.065051	           -0.001233	            0.000000	            0.000000	            0.000000	           -1.190000	            0.000000	           -0.462380	            0.000000	            0.000000	            0.000000
            0.984000	           89.292247	          660.465976	          -12.448653	           -0.347528	            0.000000	           -0.283873	            0.005343	            0.037564	           -0.000718	            0.000000	            0.000000	            0.000000	           -1.190000	            0.000000	           -0.462380	            0.000000	            0.000000	            0.000000
            0.985000	           90.165526	          662.631217	          -12.492624	           -0.347320	            0.000000	           -0.283912	            0.001559	            0.009442	           -0.000190	            0.000000	            0.000000	            0.000000	           -1.190000	            0.000000	           -0.462380	            0.000000	            0.000000	            0.000000
            0.986000	           91.035966	          664.760986	          -12.535402	           -0.347115	            0.000000	           -0.283948	           -0.002382	           -0.019388	            0.000352	            0.000000	            0.000000	            0.000000	           -1.190000	            0.000000	           -0.462380	            0.000000	            0.000000	            0.000000
            0.987000	           91.905034	          666.852964	          -12.577041	           -0.346909	            0.000000	           -0.283979	           -0.006493	           -0.048999	            0.000909	            0.000000	            0.000000	            0.000000	           -1.190000	            0.000000	           -0.462380	            0.000000	            0.000000	            0.000000
            0.988000	           92.774204	          668.905078	          -12.617611	           -0.346703	            0.000000	           -0.284008	           -0.010786	           -0.079463	            0.001484	            0.000000	            0.000000	            0.000000	           -1.190000	            0.000000	           -0.462380	            0.000000	            0.000000	            0.000000
            0.989000	           93.644898	          670.915489	          -12.657187	           -0.346497	            0.000000	           -0.284033	           -0.015273	           -0.110843	            0.002076	            0.000000	            0.000000	            0.000000	           -1.190000	            0.000000	           -0.462380	            0.000000	            0.000000	            0.000000
            0.990000	           94.518423	          672.882574	          -12.695844	           -0.346295	            0.000000	           -0.284056	           -0.019962	           -0.143188	            0.002687	            0.000000	            0.000000	            0.000000	           -1.190000	            0.000000	           -0.462380	            0.000000	            0.000000	            0.000000
            0.991000	           95.395925	          674.804897	          -12.733646	           -0.346100	            0.000000	           -0.284078	           -0.024861	           -0.176529	            0.003318	            0.000000	            0.000000	            0.000000	           -1.190000	            0.000000	           -0.462380	            0.000000	            0.000000	            0.000000
            0.992000	           96.278340	          676.681166	          -12.770642	           -0.345915	            0.000000	           -0.284099	           -0.029972	           -0.210876	            0.003969	            0.000000	            0.000000	            0.000000	           -1.190000	            0.000000	           -0.462380	            0.000000	            0.000000	            0.000000
            0.993000	           97.166362	          678.510190	          -12.806857	           -0.345739	            0.000000	           -0.284122	           -0.035295	           -0.246213	            0.004639	            0.000000	            0.000000	            0.000000	           -1.190000	            0.000000	           -0.462380	            0.000000	            0.000000	            0.000000
            0.994000	           98.060426	          680.290831	          -12.842288	           -0.345568	            0.000000	           -0.284151	           -0.040825	           -0.282495	            0.005328	            0.000000	            0.000000	            0.000000	           -1.190000	            0.000000	           -0.462380	            0.000000	            0.000000	            0.000000
            0.995000	           98.960694	          682.021954	          -12.876898	           -0.345398	            0.000000	           -0.284186	           -0.046553	           -0.319654	            0.006034	            0.000000	            0.000000	            0.000000	           -1.190000	            0.000000	           -0.462380	            0.000000	            0.000000	            0.000000
            0.996000	           99.867061	          683.702380	          -12.910613	           -0.345223	            0.000000	           -0.284226	           -0.052467	           -0.357591	            0.006755	            0.000000	            0.000000	            0.000000	           -1.190000	            0.000000	           -0.462380	            0.000000	            0.000000	            0.000000
            0.997000	          100.779171	          685.330843	          -12.943321	           -0.345042	            0.000000	           -0.284268	           -0.058549	           -0.396185	            0.007488	            0.000000	            0.000000	            0.000000	           -1.190000	            0.000000	           -0.462380	            0.000000	            0.000000	            0.000000
            0.998000	          101.696440	          686.905955	          -12.974870	           -0.344858	            0.000000	           -0.284310	           -0.064778	           -0.435294	            0.008232	            0.000000	            0.000000	            0.000000	           -1.190000	            0.000000	           -0.462380	            0.000000	            0.000000	            0.000000
            0.999000	          102.618092	          688.426179	          -13.005069	           -0.344675	            0.000000	           -0.284349	           -0.071133	           -0.474760	            0.008981	            0.000000	            0.000000	            0.000000	           -1.190000	            0.000000	           -0.462380	            0.000000	            0.000000	            0.000000
            1.000000	          103.543201	          689.889816	          -13.033694	           -0.344497	            0.000000	           -0.284386	           -0.077588	           -0.514414	            0.009734	            0.000000	            0.000000	            0.000000	           -1.190000	            0.000000	           -0.462380	            0.000000	            0.000000	            0.000000
            1.001000	          104.470734	          691.294994	          -13.060488	           -0.344323	            0.000000	           -0.284420	           -0.084118	           -0.554082	            0.010486	            0.000000	            0.000000	            0.000000	           -1.190000	            0.000000	           -0.462380	            0.000000	            0.000000	            0.000000
            1.002000	          105.399605	          692.639682	          -13.085169	           -0.344148	            0.000000	           -0.284452	           -0.090697	           -0.593592	            0.011233	            0.000000	            0.000000	            0.000000	           -1.190000	            0.000000	           -0.462380	            0.000000	            0.000000	            0.000000
            1.003000	          106.328724	          693.921698	          -13.107441	           -0.343970	            0.000000	           -0.284484	           -0.097301	           -0.632782	            0.011972	            0.000000	            0.000000	            0.000000	           -1.190000	            0.000000	           -0.462380	            0.000000	            0.000000	            0.000000
            1.004000	          107.257043	          695.138741	          -13.126999	           -0.343786	            0.000000	           -0.284515	           -0.103907	           -0.671501	            0.012701	            0.000000	            0.000000	            0.000000	           -1.190000	            0.000000	           -0.462380	            0.000000	            0.000000	            0.000000
            1.005000	          108.183610	          696.288415	          -13.143545	           -0.343596	            0.000000	           -0.284545	           -0.110497	           -0.709619	            0.013415	            0.000000	            0.000000	            0.000000	           -1.190000	            0.000000	           -0.462380	            0.000000	            0.000000	            0.000000
            1.006000	          109.107604	          697.368272	          -13.156793	           -0.343399	            0.000000	           -0.284574	           -0.117054	           -0.747031	            0.014112	            0.000000	            0.000000	            0.000000	           -1.190000	            0.000000	           -0.462380	            0.000000	            0.000000	            0.000000
            1.007000	          110.028372	          698.375847	          -13.166486	           -0.343198	            0.000000	           -0.284601	           -0.123567	           -0.783658	            0.014791	            0.000000	            0.000000	            0.000000	           -1.190000	            0.000000	           -0.462380	            0.000000	            0.000000	            0.000000
            1.008000	          110.945455	          699.308699	          -13.172405	           -0.342993	            0.000000	           -0.284626	           -0.130032	           -0.819453	            0.015450	            0.000000	            0.000000	            0.000000	           -1.190000	            0.000000	           -0.462380	            0.000000	            0.000000	            0.000000
            1.009000	          111.858605	          700.164449	          -13.174373	           -0.342786	            0.000000	           -0.284648	           -0.136445	           -0.854396	            0.016088	            0.000000	            0.000000	            0.000000	           -1.190000	            0.000000	           -0.462380	            0.000000	            0.000000	            0.000000
            1.010000	          112.767788	          700.940819	          -13.172268	           -0.342577	            0.000000	           -0.284665	           -0.142811	           -0.888500	            0.016706	            0.000000	            0.000000	            0.000000	           -1.190000	            0.000000	           -0.462380	            0.000000	            0.000000	            0.000000
            1.011000	          113.673181	          701.635664	          -13.166023	           -0.342368	            0.000000	           -0.284677	           -0.149139	           -0.921806	            0.017303	            0.000000	            0.000000	            0.000000	           -1.190000	            0.000000	           -0.462380	            0.000000	            0.000000	            0.000000
            1.012000	          114.575157	          702.247004	          -13.155629	           -0.342158	            0.000000	           -0.284685	           -0.155442	           -0.954382	            0.017882	            0.000000	            0.000000	            0.000000	           -1.190000	            0.000000	           -0.462380	            0.000000	            0.000000	            0.000000
            1.013000	          115.474254	          702.773053	          -13.141133	           -0.341949	            0.000000	           -0.284690	           -0.161738	           -0.986316	            0.018443	            0.000000	            0.000000	            0.000000	           -1.190000	            0.000000	           -0.462380	            0.000000	            0.000000	            0.000000
            1.014000	          116.371146	          703.212237	          -13.122638	           -0.341740	            0.000000	           -0.284694	           -0.168048	           -1.017719	            0.018988	            0.000000	            0.000000	            0.000000	           -1.190000	            0.000000	           -0.462380	            0.000000	            0.000000	            0.000000
            1.015000	          117.266600	          703.563217	          -13.100295	           -0.341536	            0.000000	           -0.284697	           -0.174394	           -1.048711	            0.019520	            0.000000	            0.000000	            0.000000	           -1.190000	            0.000000	           -0.462380	            0.000000	            0.000000	            0.000000
            1.016000	          118.161431	          703.824900	          -13.074299	           -0.341339	            0.000000	           -0.284701	           -0.180803	           -1.079426	            0.020042	            0.000000	            0.000000	            0.000000	           -1.190000	            0.000000	           -0.462380	            0.000000	            0.000000	            0.000000
            1.017000	          119.056455	          703.996444	          -13.044883	           -0.341147	            0.000000	           -0.284710	           -0.187301	           -1.110001	            0.020556	            0.000000	            0.000000	            0.000000	           -1.190000	            0.000000	           -0.462380	            0.000000	            0.000000	            0.000000
            1.018000	          119.952446	          704.077266	          -13.012307	           -0.340956	            0.000000	           -0.284721	           -0.193915	           -1.140573	            0.021065	            0.000000	            0.000000	            0.000000	           -1.190000	            0.000000	           -0.462380	            0.000000	            0.000000	            0.000000
            1.019000	          120.850092	          704.067033	          -12.976852	           -0.340763	            0.000000	           -0.284734	           -0.200671	           -1.171275	            0.021571	            0.000000	            0.000000	            0.000000	           -1.190000	            0.000000	           -0.462380	            0.000000	            0.000000	            0.000000
            1.020000	          121.749955	          703.965655	          -12.938812	           -0.340566	            0.000000	           -0.284743	           -0.207594	           -1.202230	            0.022078	            0.000000	            0.000000	            0.000000	           -1.190000	            0.000000	           -0.462380	            0.000000	            0.000000	            0.000000
            1.021000	          122.652444	          703.773267	          -12.898478	           -0.340368	            0.000000	           -0.284747	           -0.214706	           -1.233550	            0.022588	            0.000000	            0.000000	            0.000000	           -1.190000	            0.000000	           -0.462380	            0.000000	            0.000000	            0.000000
            1.022000	          123.557792	          703.490211	          -12.856136	           -0.340171	            0.000000	           -0.284744	           -0.222027	           -1.265328	            0.023103	            0.000000	            0.000000	            0.000000	           -1.190000	            0.000000	           -0.462380	            0.000000	            0.000000	            0.000000
            1.023000	          124.466040	          703.117007	          -12.812045	           -0.339976	            0.000000	           -0.284734	           -0.229574	           -1.297640	            0.023625	            0.000000	            0.000000	            0.000000	           -1.190000	            0.000000	           -0.462380	            0.000000	            0.000000	            0.000000
            1.024000	          125.377030	          702.654326	          -12.766433	           -0.339785	            0.000000	           -0.284719	           -0.237358	           -1.330537	            0.024154	            0.000000	            0.000000	            0.000000	           -1.190000	            0.000000	           -0.462380	            0.000000	            0.000000	            0.000000
            1.025000	          126.290413	          702.102953	          -12.719478	           -0.339599	            0.000000	           -0.284702	           -0.245386	           -1.364049	            0.024693	            0.000000	            0.000000	            0.000000	           -1.190000	            0.000000	           -0.462380	            0.000000	            0.000000	            0.000000
            1.026000	          127.205654	          701.463750	          -12.671298	           -0.339413	            0.000000	           -0.284684	           -0.253662	           -1.398177	            0.025240	            0.000000	            0.000000	            0.000000	           -1.190000	            0.000000	           -0.462380	            0.000000	            0.000000	            0.000000
            1.027000	          128.122053	          700.737620	          -12.621934	           -0.339224	            0.000000	           -0.284665	           -0.262183	           -1.432901	            0.025795	            0.000000	            0.000000	            0.000000	           -1.190000	            0.000000	           -0.462380	            0.000000	            0.000000	            0.000000
            1.028000	          129.038762	          699.925469	          -12.571342	           -0.339031	            0.000000	           -0.284645	           -0.270941	           -1.468173	            0.026358	            0.000000	            0.000000	            0.000000	           -1.190000	            0.000000	           -0.462380	            0.000000	            0.000000	            0.000000
            1.029000	          129.954816	          699.028167	          -12.519383	           -0.338838	            0.000000	           -0.284625	           -0.279925	           -1.503922	            0.026926	            0.000000	            0.000000	            0.000000	           -1.190000	            0.000000	           -0.462380	            0.000000	            0.000000	            0.000000
            1.030000	          130.869153	          698.046516	          -12.465811	           -0.338648	            0.000000	           -0.284604	           -0.289117	           -1.540055	            0.027496	            0.000000	            0.000000	            0.000000	           -1.190000	            0.000000	           -0.462380	            0.000000	            0.000000	            0.000000
            1.031000	          131.780645	          696.981221	          -12.410276	           -0.338466	            0.000000	           -0.284583	           -0.298497	           -1.576460	            0.028067	            0.000000	            0.000000	            0.000000	           -1.190000	            0.000000	           -0.462380	            0.000000	            0.000000	            0.000000
            1.032000	          132.688125	          695.832863	          -12.352320	           -0.338293	            0.000000	           -0.284563	           -0.308041	           -1.613008	            0.028633	            0.000000	            0.000000	            0.000000	           -1.190000	            0.000000	           -0.462380	            0.000000	            0.000000	            0.000000
            1.033000	          133.590406	          694.601887	          -12.291381	           -0.338131	            0.000000	           -0.284543	           -0.317721	           -1.649559	            0.029192	            0.000000	            0.000000	            0.000000	           -1.190000	            0.000000	           -0.462380	            0.000000	            0.000000	            0.000000
            1.034000	          134.486306	          693.288584	          -12.226801	           -0.337977	            0.000000	           -0.284523	           -0.327509	           -1.685962	            0.029738	            0.000000	            0.000000	            0.000000	           -1.190000	            0.000000	           -0.462380	            0.000000	            0.000000	            0.000000
            1.035000	          135.374666	          691.893091	          -12.157838	           -0.337828	            0.000000	           -0.284503	           -0.337373	           -1.722065	            0.030266	            0.000000	            0.000000	            0.000000	           -1.190000	            0.000000	           -0.462380	            0.000000	            0.000000	            0.000000
            1.036000	          136.254364	          690.415389	          -12.083677	           -0.337680	            0.000000	           -0.284482	           -0.347283	           -1.757716	            0.030772	            0.000000	            0.000000	            0.000000	           -1.190000	            0.000000	           -0.462380	            0.000000	            0.000000	            0.000000
            1.037000	          137.124329	          688.855306	          -12.003447	           -0.337531	            0.000000	           -0.284459	           -0.357209	           -1.792765	            0.031249	            0.000000	            0.000000	            0.000000	           -1.190000	            0.000000	           -0.462380	            0.000000	            0.000000	            0.000000
            1.038000	          137.983555	          687.212531	          -11.916235	           -0.337378	            0.000000	           -0.284436	           -0.367123	           -1.827074	            0.031692	            0.000000	            0.000000	            0.000000	           -1.190000	            0.000000	           -0.462380	            0.000000	            0.000000	            0.000000
            1.039000	          138.831104	          685.486618	          -11.821102	           -0.337220	            0.000000	           -0.284412	           -0.376998	           -1.860520	            0.032097	            0.000000	            0.000000	            0.000000	           -1.190000	            0.000000	           -0.462380	            0.000000	            0.000000	            0.000000
            1.040000	          139.666123	          683.677001	          -11.717097	           -0.337053	            0.000000	           -0.284386	           -0.386812	           -1.892995	            0.032456	            0.000000	            0.000000	            0.000000	           -1.190000	            0.000000	           -0.462380	            0.000000	            0.000000	            0.000000
            1.041000	          140.487846	          681.783010	          -11.603272	           -0.336876	            0.000000	           -0.284357	           -0.396546	           -1.924410	            0.032767	            0.000000	            0.000000	            0.000000	           -1.190000	            0.000000	           -0.462380	            0.000000	            0.000000	            0.000000
            1.042000	          141.295601	          679.803874	          -11.478690	           -0.336687	            0.000000	           -0.284324	           -0.406186	           -1.954699	            0.033023	            0.000000	            0.000000	            0.000000	           -1.190000	            0.000000	           -0.462380	            0.000000	            0.000000	            0.000000
            1.043000	          142.088820	          677.738739	          -11.342440	           -0.336486	            0.000000	           -0.284289	           -0.415723	           -1.983819	            0.033220	            0.000000	            0.000000	            0.000000	           -1.190000	            0.000000	           -0.462380	            0.000000	            0.000000	            0.000000
            1.044000	          142.867032	          675.586671	          -11.193638	           -0.336276	            0.000000	           -0.284254	           -0.425150	           -2.011748	            0.033354	            0.000000	            0.000000	            0.000000	           -1.190000	            0.000000	           -0.462380	            0.000000	            0.000000	            0.000000
            1.045000	          143.629871	          673.346667	          -11.031437	           -0.336059	            0.000000	           -0.284224	           -0.434469	           -2.038488	            0.033420	            0.000000	            0.000000	            0.000000	           -1.190000	            0.000000	           -0.462380	            0.000000	            0.000000	            0.000000
            1.046000	          144.377067	          671.017653	          -10.855027	           -0.335838	            0.000000	           -0.284201	           -0.443682	           -2.064057	            0.033416	            0.000000	            0.000000	            0.000000	           -1.190000	            0.000000	           -0.462380	            0.000000	            0.000000	            0.000000
            1.047000	          145.108440	          668.598490	          -10.663639	           -0.335615	            0.000000	           -0.284184	           -0.452799	           -2.088493	            0.033338	            0.000000	            0.000000	            0.000000	           -1.190000	            0.000000	           -0.462380	            0.000000	            0.000000	            0.000000
            1.048000	          145.823879	          666.087970	          -10.456542	           -0.335391	            0.000000	           -0.284172	           -0.461829	           -2.111847	            0.033183	            0.000000	            0.000000	            0.000000	           -1.190000	            0.000000	           -0.462380	            0.000000	            0.000000	            0.000000
            1.049000	          146.523331	          663.484815	          -10.233043	           -0.335168	            0.000000	           -0.284161	           -0.470787	           -2.134179	            0.032946	            0.000000	            0.000000	            0.000000	           -1.190000	            0.000000	           -0.462380	            0.000000	            0.000000	            0.000000
            1.050000	          147.206771	          660.787669	           -9.992478	           -0.334948	            0.000000	           -0.284147	           -0.479685	           -2.155553	            0.032627	            0.000000	            0.000000	            0.000000	           -1.190000	            0.000000	           -0.462380	            0.000000	            0.000000	            0.000000
            1.051000	          147.874172	          657.995096	           -9.734211	           -0.334733	            0.000000	           -0.284128	           -0.488539	           -2.176035	            0.032220	            0.000000	            0.000000	            0.000000	           -1.190000	            0.000000	           -0.462380	            0.000000	            0.000000	            0.000000
            1.052000	          148.525476	          655.105564	           -9.457619	           -0.334526	            0.000000	           -0.284102	           -0.497361	           -2.195687	            0.031724	            0.000000	            0.000000	            0.000000	           -1.190000	            0.000000	           -0.462380	            0.000000	            0.000000	            0.000000
            1.053000	          149.160555	          652.117442	           -9.162092	           -0.334329	            0.000000	           -0.284069	           -0.506163	           -2.214563	            0.031134	            0.000000	            0.000000	            0.000000	           -1.190000	            0.000000	           -0.462380	            0.000000	            0.000000	            0.000000
            1.054000	          149.779176	          649.028986	           -8.847017	           -0.334144	            0.000000	           -0.284029	           -0.514950	           -2.232701	            0.030448	            0.000000	            0.000000	            0.000000	           -1.190000	            0.000000	           -0.462380	            0.000000	            0.000000	            0.000000
            1.055000	          150.380967	          645.838325	           -8.511771	           -0.333971	            0.000000	           -0.283981	           -0.523727	           -2.250127	            0.029662	            0.000000	            0.000000	            0.000000	           -1.190000	            0.000000	           -0.462380	            0.000000	            0.000000	            0.000000
            1.056000	          150.965380	          642.543449	           -8.155716	           -0.333808	            0.000000	           -0.283928	           -0.532491	           -2.266845	            0.028771	            0.000000	            0.000000	            0.000000	           -1.190000	            0.000000	           -0.462380	            0.000000	            0.000000	            0.000000
            1.057000	          151.531663	          639.142199	           -7.778191	           -0.333654	            0.000000	           -0.283871	           -0.541233	           -2.282838	            0.027771	            0.000000	            0.000000	            0.000000	           -1.190000	            0.000000	           -0.462380	            0.000000	            0.000000	            0.000000
            1.058000	          152.078837	          635.632247	           -7.378508	           -0.333504	            0.000000	           -0.283816	           -0.549939	           -2.298064	            0.026657	            0.000000	            0.000000	            0.000000	           -1.190000	            0.000000	           -0.462380	            0.000000	            0.000000	            0.000000
            1.059000	          152.605673	          632.011094	           -6.955955	           -0.333355	            0.000000	           -0.283765	           -0.558586	           -2.312462	            0.025424	            0.000000	            0.000000	            0.000000	           -1.190000	            0.000000	           -0.462380	            0.000000	            0.000000	            0.000000
            1.060000	          153.110688	          628.276051	           -6.509800	           -0.333205	            0.000000	           -0.283717	           -0.567146	           -2.325943	            0.024066	            0.000000	            0.000000	            0.000000	           -1.190000	            0.000000	           -0.462380	            0.000000	            0.000000	            0.000000
            1.061000	          153.592135	          624.424241	           -6.039296	           -0.333049	            0.000000	           -0.283671	           -0.575584	           -2.338401	            0.022579	            0.000000	            0.000000	            0.000000	           -1.190000	            0.000000	           -0.462380	            0.000000	            0.000000	            0.000000
            1.062000	          154.048014	          620.452591	           -5.543692	           -0.332886	            0.000000	           -0.283626	           -0.583859	           -2.349708	            0.020956	            0.000000	            0.000000	            0.000000	           -1.190000	            0.000000	           -0.462380	            0.000000	            0.000000	            0.000000
            1.063000	          154.476084	          616.357839	           -5.022248	           -0.332715	            0.000000	           -0.283577	           -0.591925	           -2.359723	            0.019193	            0.000000	            0.000000	            0.000000	           -1.190000	            0.000000	           -0.462380	            0.000000	            0.000000	            0.000000
            1.064000	          154.873886	          612.136538	           -4.474251	           -0.332532	            0.000000	           -0.283524	           -0.599732	           -2.368292	            0.017282	            0.000000	            0.000000	            0.000000	           -1.190000	            0.000000	           -0.462380	            0.000000	            0.000000	            0.000000
            1.065000	          155.238772	          607.785068	           -3.899030	           -0.332335	            0.000000	           -0.283467	           -0.607226	           -2.375255	            0.015220	            0.000000	            0.000000	            0.000000	           -1.190000	            0.000000	           -0.462380	            0.000000	            0.000000	            0.000000
            1.066000	          155.567940	          603.299656	           -3.295979	           -0.332123	            0.000000	           -0.283408	           -0.614355	           -2.380452	            0.013003	            0.000000	            0.000000	            0.000000	           -1.190000	            0.000000	           -0.462380	            0.000000	            0.000000	            0.000000
            1.067000	          155.858471	          598.676395	           -2.664570	           -0.331895	            0.000000	           -0.283352	           -0.621063	           -2.383726	            0.010625	            0.000000	            0.000000	            0.000000	           -1.190000	            0.000000	           -0.462380	            0.000000	            0.000000	            0.000000
            1.068000	          156.107374	          593.911271	           -2.004373	           -0.331656	            0.000000	           -0.283303	           -0.627299	           -2.384931	            0.008084	            0.000000	            0.000000	            0.000000	           -1.190000	            0.000000	           -0.462380	            0.000000	            0.000000	            0.000000
            1.069000	          156.311625	          589.000186	           -1.315075	           -0.331404	            0.000000	           -0.283261	           -0.633013	           -2.383936	            0.005378	            0.000000	            0.000000	            0.000000	           -1.190000	            0.000000	           -0.462380	            0.000000	            0.000000	            0.000000
            1.070000	          156.468206	          583.938995	           -0.596492	           -0.331142	            0.000000	           -0.283227	           -0.638160	           -2.380626	            0.002506	            0.000000	            0.000000	            0.000000	           -1.190000	            0.000000	           -0.462380	            0.000000	            0.000000	            0.000000
            1.071000	          156.574138	          578.723533	            0.151412	           -0.330875	            0.000000	           -0.283196	           -0.642702	           -2.374914	           -0.000531	            0.000000	            0.000000	            0.000000	           -1.190000	            0.000000	           -0.462380	            0.000000	            0.000000	            0.000000
            1.072000	          156.626511	          573.349650	            0.928518	           -0.330610	            0.000000	           -0.283162	           -0.646606	           -2.366733	           -0.003732	            0.000000	            0.000000	            0.000000	           -1.190000	            0.000000	           -0.462380	            0.000000	            0.000000	            0.000000
            1.073000	          156.622500	          567.813249	            1.734533	           -0.330354	            0.000000	           -0.283124	           -0.649845	           -2.356048	           -0.007094	            0.000000	            0.000000	            0.000000	           -1.190000	            0.000000	           -0.462380	            0.000000	            0.000000	            0.000000
            1.074000	          156.559380	          562.110326	            2.568988	           -0.330108	            0.000000	           -0.283080	           -0.652402	           -2.342848	           -0.010610	            0.000000	            0.000000	            0.000000	           -1.190000	            0.000000	           -0.462380	            0.000000	            0.000000	            0.000000
            1.075000	          156.434515	          556.237013	            3.431224	           -0.329870	            0.000000	           -0.283029	           -0.654265	           -2.327149	           -0.014276	            0.000000	            0.000000	            0.000000	           -1.190000	            0.000000	           -0.462380	            0.000000	            0.000000	            0.000000
            1.076000	          156.245357	          550.189626	            4.320385	           -0.329636	            0.000000	           -0.282971	           -0.655428	           -2.308990	           -0.018081	            0.000000	            0.000000	            0.000000	           -1.190000	            0.000000	           -0.462380	            0.000000	            0.000000	            0.000000
            1.077000	          155.989413	          543.964722	            5.235414	           -0.329401	            0.000000	           -0.282904	           -0.655892	           -2.288435	           -0.022017	            0.000000	            0.000000	            0.000000	           -1.190000	            0.000000	           -0.462380	            0.000000	            0.000000	            0.000000
            1.078000	          155.664222	          537.559159	            6.175044	           -0.329159	            0.000000	           -0.282829	           -0.655661	           -2.265563	           -0.026070	            0.000000	            0.000000	            0.000000	           -1.190000	            0.000000	           -0.462380	            0.000000	            0.000000	            0.000000
            1.079000	          155.267310	          530.970169	            7.137803	           -0.328906	            0.000000	           -0.282749	           -0.654746	           -2.240469	           -0.030228	            0.000000	            0.000000	            0.000000	           -1.190000	            0.000000	           -0.462380	            0.000000	            0.000000	            0.000000
            1.080000	          154.796150	          524.195429	            8.122002	           -0.328639	            0.000000	           -0.282669	           -0.653158	           -2.213259	           -0.034474	            0.000000	            0.000000	            0.000000	           -1.190000	            0.000000	           -0.462380	            0.000000	            0.000000	            0.000000
            1.081000	          154.248115	          517.233147	            9.125745	           -0.328352	            0.000000	           -0.282592	           -0.650910	           -2.184049	           -0.038791	            0.000000	            0.000000	            0.000000	           -1.190000	            0.000000	           -0.462380	            0.000000	            0.000000	            0.000000
            1.082000	          153.620438	          510.082149	           10.146930	           -0.328043	            0.000000	           -0.282519	           -0.648016	           -2.152957	           -0.043162	            0.000000	            0.000000	            0.000000	           -1.190000	            0.000000	           -0.462380	            0.000000	            0.000000	            0.000000
            1.083000	          152.910173	          502.741974	           11.183252	           -0.327712	            0.000000	           -0.282451	           -0.644490	           -2.120107	           -0.047566	            0.000000	            0.000000	            0.000000	           -1.190000	            0.000000	           -0.462380	            0.000000	            0.000000	            0.000000
            1.084000	          152.114174	          495.212964	           12.232216	           -0.327360	            0.000000	           -0.282383	           -0.640347	           -2.085623	           -0.051984	            0.000000	            0.000000	            0.000000	           -1.190000	            0.000000	           -0.462380	            0.000000	            0.000000	            0.000000
            1.085000	          151.229077	          487.496361	           13.291149	           -0.326989	            0.000000	           -0.282312	           -0.635598	           -2.049629	           -0.056395	            0.000000	            0.000000	            0.000000	           -1.190000	            0.000000	           -0.462380	            0.000000	            0.000000	            0.000000
            1.086000	          150.251309	          479.594404	           14.357211	           -0.326600	            0.000000	           -0.282234	           -0.630256	           -2.012250	           -0.060778	            0.000000	            0.000000	            0.000000	           -1.190000	            0.000000	           -0.462380	            0.000000	            0.000000	            0.000000
            1.087000	          149.177116	          471.510412	           15.427413	           -0.326192	            0.000000	           -0.282147	           -0.624333	           -1.973613	           -0.065112	            0.000000	            0.000000	            0.000000	           -1.190000	            0.000000	           -0.462380	            0.000000	            0.000000	            0.000000
            1.088000	          148.002606	          463.248875	           16.498635	           -0.325760	            0.000000	           -0.282049	           -0.617838	           -1.933843	           -0.069379	            0.000000	            0.000000	            0.000000	           -1.190000	            0.000000	           -0.462380	            0.000000	            0.000000	            0.000000
            1.089000	          146.723827	          454.815521	           17.567641	           -0.325298	            0.000000	           -0.281941	           -0.610784	           -1.893068	           -0.073560	            0.000000	            0.000000	            0.000000	           -1.190000	            0.000000	           -0.462380	            0.000000	            0.000000	            0.000000
            1.090000	          145.336855	          446.217386	           18.631096	           -0.324805	            0.000000	           -0.281826	           -0.603180	           -1.851416	           -0.077638	            0.000000	            0.000000	            0.000000	           -1.190000	            0.000000	           -0.462380	            0.000000	            0.000000	            0.000000
            1.091000	          143.837918	          437.462856	           19.685583	           -0.324285	            0.000000	           -0.281706	           -0.595040	           -1.809020	           -0.081600	            0.000000	            0.000000	            0.000000	           -1.190000	            0.000000	           -0.462380	            0.000000	            0.000000	            0.000000
            1.092000	          142.223526	          428.561698	           20.727610	           -0.323741	            0.000000	           -0.281583	           -0.586378	           -1.766016	           -0.085434	            0.000000	            0.000000	            0.000000	           -1.190000	            0.000000	           -0.462380	            0.000000	            0.000000	            0.000000
            1.093000	          140.490628	          419.525065	           21.753617	           -0.323184	            0.000000	           -0.281457	           -0.577210	           -1.722545	           -0.089133	            0.000000	            0.000000	            0.000000	           -1.190000	            0.000000	           -0.462380	            0.000000	            0.000000	            0.000000
            1.094000	          138.636770	          410.365474	           22.759985	           -0.322618	            0.000000	           -0.281329	           -0.567559	           -1.678754	           -0.092691	            0.000000	            0.000000	            0.000000	           -1.190000	            0.000000	           -0.462380	            0.000000	            0.000000	            0.000000
            1.095000	          136.660265	          401.096757	           23.743031	           -0.322046	            0.000000	           -0.281201	           -0.557451	           -1.634795	           -0.096108	            0.000000	            0.000000	            0.000000	           -1.190000	            0.000000	           -0.462380	            0.000000	            0.000000	            0.000000
            1.096000	          134.560359	          391.733979	           24.699004	           -0.321464	            0.000000	           -0.281072	           -0.546917	           -1.590831	           -0.099386	            0.000000	            0.000000	            0.000000	           -1.190000	            0.000000	           -0.462380	            0.000000	            0.000000	            0.000000
            1.097000	          132.337381	          382.293320	           25.624086	           -0.320867	            0.000000	           -0.280946	           -0.535997	           -1.547031	           -0.102532	            0.000000	            0.000000	            0.000000	           -1.190000	            0.000000	           -0.462380	            0.000000	            0.000000	            0.000000
            1.098000	          129.992890	          372.791932	           26.514378	           -0.320254	            0.000000	           -0.280823	           -0.524738	           -1.503572	           -0.105555	            0.000000	            0.000000	            0.000000	           -1.190000	            0.000000	           -0.462380	            0.000000	            0.000000	            0.000000
            1.099000	          127.529785	          363.247756	           27.365903	           -0.319620	            0.000000	           -0.280704	           -0.513197	           -1.460642	           -0.108470	            0.000000	            0.000000	            0.000000	           -1.190000	            0.000000	           -0.462380	            0.000000	            0.000000	            0.000000
            1.100000	          124.952388	          353.679320	           28.174599	           -0.318964	            0.000000	           -0.280587	           -0.501437	           -1.418436	           -0.111293	            0.000000	            0.000000	            0.000000	           -1.190000	            0.000000	           -0.462380	            0.000000	            0.000000	            0.000000
            1.101000	          122.266496	          344.105505	           28.936324	           -0.318280	            0.000000	           -0.280467	           -0.489533	           -1.377156	           -0.114042	            0.000000	            0.000000	            0.000000	           -1.190000	            0.000000	           -0.462380	            0.000000	            0.000000	            0.000000
            1.102000	          119.479387	          334.545305	           29.646867	           -0.317557	            0.000000	           -0.280341	           -0.477568	           -1.337009	           -0.116739	            0.000000	            0.000000	            0.000000	           -1.190000	            0.000000	           -0.462380	            0.000000	            0.000000	            0.000000
            1.103000	          116.599782	          325.017573	           30.301962	           -0.316788	            0.000000	           -0.280203	           -0.465634	           -1.298207	           -0.119404	            0.000000	            0.000000	            0.000000	           -1.190000	            0.000000	           -0.462380	            0.000000	            0.000000	            0.000000
            1.104000	          113.637766	          315.540760	           30.897317	           -0.315966	            0.000000	           -0.280052	           -0.453830	           -1.260964	           -0.122059	            0.000000	            0.000000	            0.000000	           -1.190000	            0.000000	           -0.462380	            0.000000	            0.000000	            0.000000
            1.105000	          110.604665	          306.132671	           31.428650	           -0.315095	            0.000000	           -0.279884	           -0.442262	           -1.225489	           -0.124724	            0.000000	            0.000000	            0.000000	           -1.190000	            0.000000	           -0.462380	            0.000000	            0.000000	            0.000000
            1.106000	          107.512879	          296.810226	           31.891733	           -0.314182	            0.000000	           -0.279698	           -0.431042	           -1.191992	           -0.127419	            0.000000	            0.000000	            0.000000	           -1.190000	            0.000000	           -0.462380	            0.000000	            0.000000	            0.000000
            1.107000	          104.375683	          287.589250	           32.282451	           -0.313236	            0.000000	           -0.279494	           -0.420285	           -1.160675	           -0.130159	            0.000000	            0.000000	            0.000000	           -1.190000	            0.000000	           -0.462380	            0.000000	            0.000000	            0.000000
            1.108000	          101.206987	          278.484281	           32.596868	           -0.312262	            0.000000	           -0.279276	           -0.410109	           -1.131730	           -0.132955	            0.000000	            0.000000	            0.000000	           -1.190000	            0.000000	           -0.462380	            0.000000	            0.000000	            0.000000
            1.109000	           98.021076	          269.508423	           32.831298	           -0.311275	            0.000000	           -0.279047	           -0.400630	           -1.105340	           -0.135817	            0.000000	            0.000000	            0.000000	           -1.190000	            0.000000	           -0.462380	            0.000000	            0.000000	            0.000000
            1.110000	           94.832331	          260.673229	           32.982384	           -0.310287	            0.000000	           -0.278808	           -0.391964	           -1.081671	           -0.138746	            0.000000	            0.000000	            0.000000	           -1.190000	            0.000000	           -0.462380	            0.000000	            0.000000	            0.000000
            1.111000	           91.654929	          251.988632	           33.047184	           -0.309315	            0.000000	           -0.278559	           -0.384220	           -1.060877	           -0.141739	            0.000000	            0.000000	            0.000000	           -1.190000	            0.000000	           -0.462380	            0.000000	            0.000000	            0.000000
            1.112000	           88.502553	          243.462913	           33.023254	           -0.308372	            0.000000	           -0.278300	           -0.377503	           -1.043090	           -0.144788	            0.000000	            0.000000	            0.000000	           -1.190000	            0.000000	           -0.462380	            0.000000	            0.000000	            0.000000
            1.113000	           85.388098	          235.102721	           32.908728	           -0.307476	            0.000000	           -0.278031	           -0.371906	           -1.028421	           -0.147879	            0.000000	            0.000000	            0.000000	           -1.190000	            0.000000	           -0.462380	            0.000000	            0.000000	            0.000000
            1.114000	           82.323402	          226.913129	           32.702403	           -0.306637	            0.000000	           -0.277752	           -0.367510	           -1.016959	           -0.150992	            0.000000	            0.000000	            0.000000	           -1.190000	            0.000000	           -0.462380	            0.000000	            0.000000	            0.000000
            1.115000	           79.319004	          218.897740	           32.403811	           -0.305853	            0.000000	           -0.277459	           -0.364380	           -1.008765	           -0.154102	            0.000000	            0.000000	            0.000000	           -1.190000	            0.000000	           -0.462380	            0.000000	            0.000000	            0.000000
            1.116000	           76.383945	          211.058821	           32.013284	           -0.305110	            0.000000	           -0.277147	           -0.362568	           -1.003875	           -0.157180	            0.000000	            0.000000	            0.000000	           -1.190000	            0.000000	           -0.462380	            0.000000	            0.000000	            0.000000
            1.117000	           73.525615	          203.397469	           31.532014	           -0.304384	            0.000000	           -0.276813	           -0.362103	           -1.002294	           -0.160195	            0.000000	            0.000000	            0.000000	           -1.190000	            0.000000	           -0.462380	            0.000000	            0.000000	            0.000000
            1.118000	           70.749665	          195.913807	           30.962097	           -0.303653	            0.000000	           -0.276453	           -0.362996	           -1.004001	           -0.163114	            0.000000	            0.000000	            0.000000	           -1.190000	            0.000000	           -0.462380	            0.000000	            0.000000	            0.000000
            1.119000	           68.059980	          188.607185	           30.306574	           -0.302898	            0.000000	           -0.276070	           -0.365236	           -1.008942	           -0.165905	            0.000000	            0.000000	            0.000000	           -1.190000	            0.000000	           -0.462380	            0.000000	            0.000000	            0.000000
            1.120000	           65.458720	          181.476403	           29.569443	           -0.302113	            0.000000	           -0.275667	           -0.368794	           -1.017036	           -0.168538	            0.000000	            0.000000	            0.000000	           -1.190000	            0.000000	           -0.462380	            0.000000	            0.000000	            0.000000
            1.121000	           62.946429	          174.519916	           28.755675	           -0.301300	            0.000000	           -0.275251	           -0.373618	           -1.028174	           -0.170989	            0.000000	            0.000000	            0.000000	           -1.190000	            0.000000	           -0.462380	            0.000000	            0.000000	            0.000000
            1.122000	           60.522199	          167.736050	           27.871193	           -0.300469	            0.000000	           -0.274826	           -0.379639	           -1.042225	           -0.173240	            0.000000	            0.000000	            0.000000	           -1.190000	            0.000000	           -0.462380	            0.000000	            0.000000	            0.000000
            1.123000	           58.183894	          161.123180	           26.922844	           -0.299633	            0.000000	           -0.274389	           -0.386772	           -1.059033	           -0.175284	            0.000000	            0.000000	            0.000000	           -1.190000	            0.000000	           -0.462380	            0.000000	            0.000000	            0.000000
            1.124000	           55.928397	          154.679904	           25.918341	           -0.298810	            0.000000	           -0.273933	           -0.394918	           -1.078425	           -0.177123	            0.000000	            0.000000	            0.000000	           -1.190000	            0.000000	           -0.462380	            0.000000	            0.000000	            0.000000
            1.125000	           53.751900	          148.405173	           24.866188	           -0.298013	            0.000000	           -0.273453	           -0.403970	           -1.100217	           -0.178775	            0.000000	            0.000000	            0.000000	           -1.190000	            0.000000	           -0.462380	            0.000000	            0.000000	            0.000000
            1.126000	           51.650192	          142.298388	           23.775571	           -0.297247	            0.000000	           -0.272951	           -0.413815	           -1.124214	           -0.180270	            0.000000	            0.000000	            0.000000	           -1.190000	            0.000000	           -0.462380	            0.000000	            0.000000	            0.000000
            1.127000	           49.618935	          136.359460	           22.656232	           -0.296503	            0.000000	           -0.272428	           -0.424339	           -1.150217	           -0.181654	            0.000000	            0.000000	            0.000000	           -1.190000	            0.000000	           -0.462380	            0.000000	            0.000000	            0.000000
            1.128000	           47.653931	          130.588819	           21.518316	           -0.295766	            0.000000	           -0.271880	           -0.435434	           -1.178029	           -0.182988	            0.000000	            0.000000	            0.000000	           -1.190000	            0.000000	           -0.462380	            0.000000	            0.000000	            0.000000
            1.129000	           45.751343	          124.987375	           20.372193	           -0.295023	            0.000000	           -0.271296	           -0.446996	           -1.207457	           -0.184345	            0.000000	            0.000000	            0.000000	           -1.190000	            0.000000	           -0.462380	            0.000000	            0.000000	            0.000000
            1.130000	           43.907870	          119.556439	           19.228276	           -0.294268	            0.000000	           -0.270657	           -0.458937	           -1.238315	           -0.185810	            0.000000	            0.000000	            0.000000	           -1.190000	            0.000000	           -0.462380	            0.000000	            0.000000	            0.000000
            1.131000	           42.120869	          114.297588	           18.096809	           -0.293510	            0.000000	           -0.269954	           -0.471180	           -1.270424	           -0.187474	            0.000000	            0.000000	            0.000000	           -1.190000	            0.000000	           -0.462380	            0.000000	            0.000000	            0.000000
            1.132000	           40.388412	          109.212497	           16.987666	           -0.292766	            0.000000	           -0.269184	           -0.483665	           -1.303614	           -0.189433	            0.000000	            0.000000	            0.000000	           -1.190000	            0.000000	           -0.462380	            0.000000	            0.000000	            0.000000
            1.133000	           38.709287	          104.302730	           15.910140	           -0.292046	            0.000000	           -0.268354	           -0.496349	           -1.337719	           -0.191781	            0.000000	            0.000000	            0.000000	           -1.190000	            0.000000	           -0.462380	            0.000000	            0.000000	            0.000000
            1.134000	           37.082926	           99.569506	           14.872740	           -0.291347	            0.000000	           -0.267466	           -0.509205	           -1.372571	           -0.194600	            0.000000	            0.000000	            0.000000	           -1.190000	            0.000000	           -0.462380	            0.000000	            0.000000	            0.000000
            1.135000	           35.509293	           95.013451	           13.883012	           -0.290655	            0.000000	           -0.266517	           -0.522218	           -1.407993	           -0.197961	            0.000000	            0.000000	            0.000000	           -1.190000	            0.000000	           -0.462380	            0.000000	            0.000000	            0.000000
            1.136000	           33.988715	           90.634348	           12.947369	           -0.289948	            0.000000	           -0.265502	           -0.535381	           -1.443787	           -0.201907	            0.000000	            0.000000	            0.000000	           -1.190000	            0.000000	           -0.462380	            0.000000	            0.000000	            0.000000
            1.137000	           32.521687	           86.430889	           12.070954	           -0.289208	            0.000000	           -0.264428	           -0.548690	           -1.479725	           -0.206455	            0.000000	            0.000000	            0.000000	           -1.190000	            0.000000	           -0.462380	            0.000000	            0.000000	            0.000000
            1.138000	           31.108649	           82.400464	           11.257536	           -0.288427	            0.000000	           -0.263307	           -0.562138	           -1.515534	           -0.211580	            0.000000	            0.000000	            0.000000	           -1.190000	            0.000000	           -0.462380	            0.000000	            0.000000	            0.000000
            1.139000	           29.749773	           78.538976	           10.509440	           -0.287600	            0.000000	           -0.262151	           -0.575704	           -1.550885	           -0.217217	            0.000000	            0.000000	            0.000000	           -1.190000	            0.000000	           -0.462380	            0.000000	            0.000000	            0.000000
            1.140000	           28.444747	           74.840712	            9.827520	           -0.286717	            0.000000	           -0.260956	           -0.589350	           -1.585377	           -0.223250	            0.000000	            0.000000	            0.000000	           -1.190000	            0.000000	           -0.462380	            0.000000	            0.000000	            0.000000
            1.141000	           27.192606	           71.298284	            9.211169	           -0.285768	            0.000000	           -0.259698	           -0.603011	           -1.618531	           -0.229512	            0.000000	            0.000000	            0.000000	           -1.190000	            0.000000	           -0.462380	            0.000000	            0.000000	            0.000000
            1.142000	           25.991586	           67.902628	            8.658374	           -0.284765	            0.000000	           -0.258342	           -0.616586	           -1.649783	           -0.235785	            0.000000	            0.000000	            0.000000	           -1.190000	            0.000000	           -0.462380	            0.000000	            0.000000	            0.000000
            1.143000	           24.839050	           64.643100	            8.165813	           -0.283747	            0.000000	           -0.256865	           -0.629940	           -1.678481	           -0.241798	            0.000000	            0.000000	            0.000000	           -1.190000	            0.000000	           -0.462380	            0.000000	            0.000000	            0.000000
            1.144000	           23.731460	           61.507652	            7.728988	           -0.282774	            0.000000	           -0.255256	           -0.642893	           -1.703892	           -0.247238	            0.000000	            0.000000	            0.000000	           -1.190000	            0.000000	           -0.462380	            0.000000	            0.000000	            0.000000
            1.145000	           22.664426	           58.483091	            7.342396	           -0.281906	            0.000000	           -0.253514	           -0.655225	           -1.725207	           -0.251753	            0.000000	            0.000000	            0.000000	           -1.190000	            0.000000	           -0.462380	            0.000000	            0.000000	            0.000000
            1.146000	           21.632817	           55.555431	            6.999730	           -0.281189	            0.000000	           -0.251634	           -0.666675	           -1.741564	           -0.254966	            0.000000	            0.000000	            0.000000	           -1.190000	            0.000000	           -0.462380	            0.000000	            0.000000	            0.000000
            1.147000	           20.630931	           52.710322	            6.694106	           -0.280639	            0.000000	           -0.249619	           -0.676948	           -1.752069	           -0.256486	            0.000000	            0.000000	            0.000000	           -1.190000	            0.000000	           -0.462380	            0.000000	            0.000000	            0.000000
            1.148000	           19.652721	           49.933533	            6.418304	           -0.280257	            0.000000	           -0.247492	           -0.685724	           -1.755829	           -0.255928	            0.000000	            0.000000	            0.000000	           -1.190000	            0.000000	           -0.462380	            0.000000	            0.000000	            0.000000
            1.149000	           18.692072	           47.211502	            6.165024	           -0.280054	            0.000000	           -0.245287	           -0.692665	           -1.751987	           -0.252932	            0.000000	            0.000000	            0.000000	           -1.190000	            0.000000	           -0.462380	            0.000000	            0.000000	            0.000000
            1.150000	           17.743091	           44.531899	            5.927140	           -0.280055	            0.000000	           -0.243027	           -0.697431	           -1.739761	           -0.247177	            0.000000	            0.000000	            0.000000	           -1.190000	            0.000000	           -0.462380	            0.000000	            0.000000	            0.000000
            1.151000	           16.800422	           41.884191	            5.697947	           -0.280288	            0.000000	           -0.240708	           -0.699695	           -1.718492	           -0.238409	            0.000000	            0.000000	            0.000000	           -1.190000	            0.000000	           -0.462380	            0.000000	            0.000000	            0.000000
            1.152000	           15.859554	           39.260188	            5.471394	           -0.280740	            0.000000	           -0.238300	           -0.699155	           -1.687683	           -0.226455	            0.000000	            0.000000	            0.000000	           -1.190000	            0.000000	           -0.462380	            0.000000	            0.000000	            0.000000
            1.153000	           14.917098	           36.654513	            5.242286	           -0.281345	            0.000000	           -0.235770	           -0.695556	           -1.647043	           -0.211239	            0.000000	            0.000000	            0.000000	           -1.190000	            0.000000	           -0.462380	            0.000000	            0.000000	            0.000000
            1.154000	           13.971033	           34.064992	            5.006454	           -0.281990	            0.000000	           -0.233109	           -0.688702	           -1.596522	           -0.192800	            0.000000	            0.000000	            0.000000	           -1.190000	            0.000000	           -0.462380	            0.000000	            0.000000	            0.000000
            1.155000	           13.020886	           31.492909	            4.760881	           -0.282554	            0.000000	           -0.230340	           -0.678471	           -1.536337	           -0.171299	            0.000000	            0.000000	            0.000000	           -1.190000	            0.000000	           -0.462380	            0.000000	            0.000000	            0.000000
            1.156000	           12.067845	           28.943118	            4.503783	           -0.282946	            0.000000	           -0.227516	           -0.664826	           -1.466998	           -0.147020	            0.000000	            0.000000	            0.000000	           -1.190000	            0.000000	           -0.462380	            0.000000	            0.000000	            0.000000
            1.157000	           11.114784	           26.423970	            4.234631	           -0.283125	            0.000000	           -0.224719	           -0.647829	           -1.389303	           -0.120372	            0.000000	            0.000000	            0.000000	           -1.190000	            0.000000	           -0.462380	            0.000000	            0.000000	            0.000000
            1.158000	           10.166198	           23.947063	            3.954121	           -0.283092	            0.000000	           -0.222047	           -0.627639	           -1.304338	           -0.091871	            0.000000	            0.000000	            0.000000	           -1.190000	            0.000000	           -0.462380	            0.000000	            0.000000	            0.000000
            1.159000	            9.228047	           21.526797	            3.664086	           -0.282884	            0.000000	           -0.219601	           -0.604519	           -1.213449	           -0.062126	            0.000000	            0.000000	            0.000000	           -1.190000	            0.000000	           -0.462380	            0.000000	            0.000000	            0.000000
            1.160000	            8.307507	           19.179751	            3.367355	           -0.282551	            0.000000	           -0.217437	           -0.578830	           -1.118204	           -0.031815	            0.000000	            0.000000	            0.000000	           -1.190000	            0.000000	           -0.462380	            0.000000	            0.000000	            0.000000
            1.161000	            7.412639	           16.923909	            3.067567	           -0.282131	            0.000000	           -0.215547	           -0.551026	           -1.020339	           -0.001646	            0.000000	            0.000000	            0.000000	           -1.190000	            0.000000	           -0.462380	            0.000000	            0.000000	            0.000000
            1.162000	            6.551998	           14.777764	            2.768946	           -0.282131	            0.000000	           -0.215547	           -0.521636	           -0.921694	            0.027676	            0.000000	            0.000000	            0.000000	           -1.190000	            0.000000	           -0.462380	            0.000000	            0.000000	            0.000000
            1.163000	            5.734193	           12.759352	            2.476048	           -0.282131	            0.000000	           -0.215547	           -0.491253	           -0.824138	            0.055488	            0.000000	            0.000000	            0.000000	           -1.190000	            0.000000	           -0.462380	            0.000000	            0.000000	            0.000000
            1.164000	            4.967434	           10.885276	            2.193499	           -0.450000	            0.000000	           -0.300000	           -0.460513	           -0.729493	            0.081210	            0.000000	            0.000000	            0.000000	           -1.190000	            0.000000	           -0.462380	            0.000000	            0.000000	            0.000000
            1.165000	            0.000000	            0.000000	            0.000000	           -0.450000	            0.000000	           -0.297079	            0.000000	            0.000000	            0.000000	            0.000000	            0.000000	            0.000000	           -1.190000	            0.000000	           -0.462380	            0.000000	            0.000000	            0.000000
            1.166000	            0.000000	            0.000000	            0.000000	           -0.450000	            0.000000	           -0.297079	            0.000000	            0.000000	            0.000000	            0.000000	            0.000000	            0.000000	           -1.190000	            0.000000	           -0.462380	            0.000000	            0.000000	            0.000000
            1.167000	            0.000000	            0.000000	            0.000000	           -0.450000	            0.000000	           -0.297079	            0.000000	            0.000000	            0.000000	            0.000000	            0.000000	            0.000000	           -1.190000	            0.000000	           -0.462380	            0.000000	            0.000000	            0.000000
            1.168000	            0.000000	            0.000000	            0.000000	           -0.450000	            0.000000	           -0.297079	            0.000000	            0.000000	            0.000000	            0.000000	            0.000000	            0.000000	           -1.190000	            0.000000	           -0.462380	            0.000000	            0.000000	            0.000000
            1.169000	            0.000000	            0.000000	            0.000000	           -0.450000	            0.000000	           -0.297079	            0.000000	            0.000000	            0.000000	            0.000000	            0.000000	            0.000000	           -1.190000	            0.000000	           -0.462380	            0.000000	            0.000000	            0.000000
            1.170000	            0.000000	            0.000000	            0.000000	           -0.450000	            0.000000	           -0.297079	            0.000000	            0.000000	            0.000000	            0.000000	            0.000000	            0.000000	           -1.190000	            0.000000	           -0.462380	            0.000000	            0.000000	            0.000000
