name=P6 pr2 06_force.mot
nRows=471
nColumns=19
range=0.000000 0.470000
endheader
time	1_force_vx	1_force_vy	1_force_vz	1_force_px	1_force_py	1_force_pz	1_torque_x	1_torque_y	1_torque_z	2_force_vx	2_force_vy	2_force_vz	2_force_px	2_force_py	2_force_pz	2_torque_x	2_torque_y	2_torque_z
            0.000000	            0.000000	            0.000000	            0.000000	           -0.420249	            0.000000	           -0.253011	            0.000000	            0.000000	            0.000000	           -7.825684	           12.975258	            5.916143	           -1.430593	            0.000000	           -0.381226	            0.246503	           -0.335951	           -0.389181
            0.001000	            0.000000	            0.000000	            0.000000	           -0.420249	            0.000000	           -0.253011	            0.000000	            0.000000	            0.000000	          -10.662374	           18.318669	            7.446040	           -1.430593	            0.000000	           -0.381226	            0.270910	           -0.442598	           -0.353738
            0.002000	            0.000000	            0.000000	            0.000000	           -0.420249	            0.000000	           -0.253011	            0.000000	            0.000000	            0.000000	          -13.665125	           24.342699	            8.968392	           -1.425504	            0.000000	           -0.385457	            0.290954	           -0.541257	           -0.319105
            0.003000	            0.000000	            0.000000	            0.000000	           -0.420249	            0.000000	           -0.253011	            0.000000	            0.000000	            0.000000	          -16.842021	           31.230907	           10.465500	           -1.420231	            0.000000	           -0.389739	            0.306157	           -0.630220	           -0.285535
            0.004000	            0.000000	            0.000000	            0.000000	           -0.420249	            0.000000	           -0.253011	            0.000000	            0.000000	            0.000000	          -20.196087	           39.172771	           11.917451	           -1.414689	            0.000000	           -0.393989	            0.316180	           -0.707883	           -0.253269
            0.005000	            0.000000	            0.000000	            0.000000	           -0.420249	            0.000000	           -0.253011	            0.000000	            0.000000	            0.000000	          -23.724139	           48.358519	           13.302310	           -1.408973	            0.000000	           -0.398069	            0.320830	           -0.772767	           -0.222527
            0.006000	            0.000000	            0.000000	            0.000000	           -0.420249	            0.000000	           -0.253011	            0.000000	            0.000000	            0.000000	          -27.415823	           58.973632	           14.596455	           -1.403264	            0.000000	           -0.401824	            0.320061	           -0.823527	           -0.193503
            0.007000	            0.000000	            0.000000	            0.000000	           -0.420249	            0.000000	           -0.253011	            0.000000	            0.000000	            0.000000	          -31.252877	           71.193158	           15.775038	           -1.397748	            0.000000	           -0.405103	            0.313970	           -0.858960	           -0.166363
            0.008000	            0.000000	            0.000000	            0.000000	           -0.420249	            0.000000	           -0.253011	            0.000000	            0.000000	            0.000000	          -35.208700	           85.175989	           16.812569	           -1.392579	            0.000000	           -0.407814	            0.302791	           -0.878004	           -0.141242
            0.009000	            0.000000	            0.000000	            0.000000	           -0.420249	            0.000000	           -0.253011	            0.000000	            0.000000	            0.000000	          -39.248260	          101.059268	           17.683605	           -1.387855	            0.000000	           -0.409940	            0.286874	           -0.879735	           -0.118246
            0.010000	            0.000000	            0.000000	            0.000000	           -0.420249	            0.000000	           -0.253011	            0.000000	            0.000000	            0.000000	          -43.328398	          118.953095	           18.363536	           -1.383592	            0.000000	           -0.411496	            0.266675	           -0.863364	           -0.097449
            0.011000	            0.000000	            0.000000	            0.000000	           -0.420249	            0.000000	           -0.253011	            0.000000	            0.000000	            0.000000	          -47.398544	          138.935689	           18.829419	           -1.379746	            0.000000	           -0.412529	            0.242727	           -0.828234	           -0.078894
            0.012000	            0.000000	            0.000000	            0.000000	           -0.420249	            0.000000	           -0.253011	            0.000000	            0.000000	            0.000000	          -51.401874	          161.049182	           19.060859	           -1.376259	            0.000000	           -0.413125	            0.215624	           -0.773817	           -0.062595
            0.013000	            0.000000	            0.000000	            0.000000	           -0.420249	            0.000000	           -0.253011	            0.000000	            0.000000	            0.000000	          -55.276890	          185.296188	           19.040875	           -1.373080	            0.000000	           -0.413393	            0.185993	           -0.699718	           -0.048536
            0.014000	            0.000000	            0.000000	            0.000000	           -0.420249	            0.000000	           -0.253011	            0.000000	            0.000000	            0.000000	          -58.959398	          211.637296	           18.756747	           -1.370160	            0.000000	           -0.413432	            0.154475	           -0.605681	           -0.036669
            0.015000	            0.000000	            0.000000	            0.000000	           -0.420249	            0.000000	           -0.253011	            0.000000	            0.000000	            0.000000	          -62.384833	          239.989594	           18.200781	           -1.367459	            0.000000	           -0.413334	            0.121698	           -0.491603	           -0.026922
            0.016000	            0.000000	            0.000000	            0.000000	           -0.420249	            0.000000	           -0.253011	            0.000000	            0.000000	            0.000000	          -65.490842	          270.226336	           17.371002	           -1.364945	            0.000000	           -0.413173	            0.088264	           -0.357552	           -0.019190
            0.017000	            0.000000	            0.000000	            0.000000	           -0.420249	            0.000000	           -0.253011	            0.000000	            0.000000	            0.000000	          -68.220024	          302.177821	           16.271716	           -1.362589	            0.000000	           -0.412995	            0.054723	           -0.203794	           -0.013343
            0.018000	            0.000000	            0.000000	            0.000000	           -0.420249	            0.000000	           -0.253011	            0.000000	            0.000000	            0.000000	          -70.522704	          335.633514	           14.913943	           -1.360371	            0.000000	           -0.412825	            0.021569	           -0.030821	           -0.009223
            0.019000	            0.000000	            0.000000	            0.000000	           -0.420249	            0.000000	           -0.253011	            0.000000	            0.000000	            0.000000	          -72.359591	          370.345434	           13.315696	           -1.358276	            0.000000	           -0.412673	           -0.010778	            0.160612	           -0.006646
            0.020000	            0.000000	            0.000000	            0.000000	           -0.420249	            0.000000	           -0.253011	            0.000000	            0.000000	            0.000000	          -73.704189	          406.032759	           11.502104	           -1.356297	            0.000000	           -0.412539	           -0.041976	            0.369460	           -0.005406
            0.021000	            0.000000	            0.000000	            0.000000	           -0.420249	            0.000000	           -0.253011	            0.000000	            0.000000	            0.000000	          -74.544811	          442.387575	            9.505356	           -1.354426	            0.000000	           -0.412420	           -0.071762	            0.594344	           -0.005277
            0.022000	            0.000000	            0.000000	            0.000000	           -0.420249	            0.000000	           -0.253011	            0.000000	            0.000000	            0.000000	          -74.886085	          479.081651	            7.364482	           -1.352654	            0.000000	           -0.412312	           -0.099955	            0.833527	           -0.006015
            0.023000	            0.000000	            0.000000	            0.000000	           -0.420249	            0.000000	           -0.253011	            0.000000	            0.000000	            0.000000	          -74.749840	          515.774052	            5.124955	           -1.350974	            0.000000	           -0.412211	           -0.126446	            1.084890	           -0.007367
            0.024000	            0.000000	            0.000000	            0.000000	           -0.420249	            0.000000	           -0.253011	            0.000000	            0.000000	            0.000000	          -74.175321	          552.119398	            2.838126	           -1.349375	            0.000000	           -0.412119	           -0.151195	            1.345915	           -0.009074
            0.025000	            0.000000	            0.000000	            0.000000	           -0.420249	            0.000000	           -0.253011	            0.000000	            0.000000	            0.000000	          -73.218690	          587.776488	            0.560489	           -1.347851	            0.000000	           -0.412035	           -0.174215	            1.613684	           -0.010878
            0.026000	            0.000000	            0.000000	            0.000000	           -0.420249	            0.000000	           -0.253011	            0.000000	            0.000000	            0.000000	          -71.951826	          622.417019	           -1.647200	           -1.346391	            0.000000	           -0.411962	           -0.195565	            1.884889	           -0.012529
            0.027000	            0.000000	            0.000000	            0.000000	           -0.420249	            0.000000	           -0.253011	            0.000000	            0.000000	            0.000000	          -70.460469	          655.734097	           -3.720961	           -1.344988	            0.000000	           -0.411905	           -0.215328	            2.155865	           -0.013795
            0.028000	            0.000000	            0.000000	            0.000000	           -0.420249	            0.000000	           -0.253011	            0.000000	            0.000000	            0.000000	          -68.841774	          687.450207	           -5.594759	           -1.343631	            0.000000	           -0.411865	           -0.233601	            2.422625	           -0.014469
            0.029000	            0.000000	            0.000000	            0.000000	           -0.420249	            0.000000	           -0.253011	            0.000000	            0.000000	            0.000000	          -67.201396	          717.324361	           -7.201785	           -1.342312	            0.000000	           -0.411845	           -0.250476	            2.680934	           -0.014374
            0.030000	            0.000000	            0.000000	            0.000000	           -0.420249	            0.000000	           -0.253011	            0.000000	            0.000000	            0.000000	          -65.650215	          745.158135	           -8.475852	           -1.341022	            0.000000	           -0.411848	           -0.266025	            2.926379	           -0.013375
            0.031000	            0.000000	            0.000000	            0.000000	           -0.420249	            0.000000	           -0.253011	            0.000000	            0.000000	            0.000000	          -64.300848	          770.800344	           -9.352870	           -1.339758	            0.000000	           -0.411876	           -0.280291	            3.154470	           -0.011382
            0.032000	            0.000000	            0.000000	            0.000000	           -0.420249	            0.000000	           -0.253011	            0.000000	            0.000000	            0.000000	          -63.264082	          794.150180	           -9.772378	           -1.338512	            0.000000	           -0.411932	           -0.293272	            3.360749	           -0.008355
            0.033000	            0.000000	            0.000000	            0.000000	           -0.420249	            0.000000	           -0.253011	            0.000000	            0.000000	            0.000000	          -62.645380	          815.158677	           -9.679129	           -1.337280	            0.000000	           -0.412017	           -0.304919	            3.540908	           -0.004308
            0.034000	            0.000000	            0.000000	            0.000000	           -0.420249	            0.000000	           -0.253011	            0.000000	            0.000000	            0.000000	          -62.541574	          833.828454	           -9.024669	           -1.336051	            0.000000	           -0.412131	           -0.315129	            3.690916	            0.000688
            0.035000	            0.000000	            0.000000	            0.000000	           -0.420249	            0.000000	           -0.253011	            0.000000	            0.000000	            0.000000	          -63.037874	          850.211751	           -7.768906	           -1.334816	            0.000000	           -0.412273	           -0.323747	            3.807152	            0.006510
            0.036000	            0.000000	            0.000000	            0.000000	           -0.420249	            0.000000	           -0.253011	            0.000000	            0.000000	            0.000000	          -64.205275	          864.406862	           -5.881608	           -1.333563	            0.000000	           -0.412445	           -0.330573	            3.886528	            0.012984
            0.037000	            0.000000	            0.000000	            0.000000	           -0.420249	            0.000000	           -0.253011	            0.000000	            0.000000	            0.000000	          -66.098461	          876.553134	           -3.343793	           -1.332282	            0.000000	           -0.412649	           -0.335369	            3.926611	            0.019889
            0.038000	            0.000000	            0.000000	            0.000000	           -0.420249	            0.000000	           -0.253011	            0.000000	            0.000000	            0.000000	          -68.754227	          886.824772	           -0.148966	           -1.330959	            0.000000	           -0.412891	           -0.337873	            3.925728	            0.026970
            0.039000	            0.000000	            0.000000	            0.000000	           -0.420249	            0.000000	           -0.253011	            0.000000	            0.000000	            0.000000	          -72.190481	          895.423743	            3.695866	           -1.329571	            0.000000	           -0.413177	           -0.337817	            3.883050	            0.033942
            0.040000	            0.000000	            0.000000	            0.000000	           -0.420249	            0.000000	           -0.253011	            0.000000	            0.000000	            0.000000	          -76.405822	          902.572112	            8.169446	           -1.328089	            0.000000	           -0.413512	           -0.334941	            3.798658	            0.040508
            0.041000	            0.000000	            0.000000	            0.000000	           -0.420249	            0.000000	           -0.253011	            0.000000	            0.000000	            0.000000	          -81.379696	          908.504163	           13.235856	           -1.326484	            0.000000	           -0.413899	           -0.329015	            3.673578	            0.046369
            0.042000	            0.000000	            0.000000	            0.000000	           -0.420249	            0.000000	           -0.253011	            0.000000	            0.000000	            0.000000	          -87.073098	          913.458661	           18.844495	           -1.324724	            0.000000	           -0.414342	           -0.319857	            3.509778	            0.051235
            0.043000	            0.000000	            0.000000	            0.000000	           -0.420249	            0.000000	           -0.253011	            0.000000	            0.000000	            0.000000	          -93.429797	          917.671601	           24.930490	           -1.322782	            0.000000	           -0.414838	           -0.307351	            3.310143	            0.054845
            0.044000	            0.000000	            0.000000	            0.000000	           -0.420249	            0.000000	           -0.253011	            0.000000	            0.000000	            0.000000	         -100.378035	          921.369728	           31.415594	           -1.320642	            0.000000	           -0.415380	           -0.291459	            3.078404	            0.056976
            0.045000	            0.000000	            0.000000	            0.000000	           -0.420249	            0.000000	           -0.253011	            0.000000	            0.000000	            0.000000	         -107.832624	          924.765095	           38.209564	           -1.318299	            0.000000	           -0.415955	           -0.272235	            2.819041	            0.057454
            0.046000	            0.000000	            0.000000	            0.000000	           -0.420249	            0.000000	           -0.253011	            0.000000	            0.000000	            0.000000	         -115.697402	          928.050815	           45.212044	           -1.315767	            0.000000	           -0.416549	           -0.249829	            2.537149	            0.056164
            0.047000	            0.000000	            0.000000	            0.000000	           -0.420249	            0.000000	           -0.253011	            0.000000	            0.000000	            0.000000	         -123.867945	          931.398137	           52.314908	           -1.313069	            0.000000	           -0.417144	           -0.224487	            2.238283	            0.053059
            0.048000	            0.000000	            0.000000	            0.000000	           -0.420249	            0.000000	           -0.253011	            0.000000	            0.000000	            0.000000	         -132.234464	          934.954828	           59.405021	           -1.310240	            0.000000	           -0.417722	           -0.196549	            1.928280	            0.048158
            0.049000	            0.000000	            0.000000	            0.000000	           -0.420249	            0.000000	           -0.253011	            0.000000	            0.000000	            0.000000	         -140.684789	          938.844851	           66.367324	           -1.307317	            0.000000	           -0.418266	           -0.166434	            1.613062	            0.041551
            0.050000	            0.000000	            0.000000	            0.000000	           -0.420249	            0.000000	           -0.253011	            0.000000	            0.000000	            0.000000	         -149.107353	          943.169176	           73.088160	           -1.304338	            0.000000	           -0.418762	           -0.134629	            1.298441	            0.033387
            0.051000	            0.000000	            0.000000	            0.000000	           -0.420249	            0.000000	           -0.253011	            0.000000	            0.000000	            0.000000	         -157.394065	          948.007555	           79.458688	           -1.301335	            0.000000	           -0.419202	           -0.101664	            0.989923	            0.023875
            0.052000	            0.000000	            0.000000	            0.000000	           -0.420249	            0.000000	           -0.253011	            0.000000	            0.000000	            0.000000	         -165.442991	          953.421040	           85.378271	           -1.298341	            0.000000	           -0.419576	           -0.068095	            0.692518	            0.013266
            0.053000	            0.000000	            0.000000	            0.000000	           -0.420249	            0.000000	           -0.253011	            0.000000	            0.000000	            0.000000	         -173.160745	          959.454974	           90.757665	           -1.295384	            0.000000	           -0.419879	           -0.034472	            0.410577	            0.001841
            0.054000	            0.000000	            0.000000	            0.000000	           -0.420249	            0.000000	           -0.253011	            0.000000	            0.000000	            0.000000	         -180.464511	          966.142195	           95.521886	           -1.292489	            0.000000	           -0.420108	           -0.001319	            0.147649	           -0.010102
            0.055000	            0.000000	            0.000000	            0.000000	           -0.420249	            0.000000	           -0.253011	            0.000000	            0.000000	            0.000000	         -187.283636	          973.506204	           99.612589	           -1.289681	            0.000000	           -0.420265	            0.030891	           -0.093628	           -0.022267
            0.056000	            0.000000	            0.000000	            0.000000	           -0.420249	            0.000000	           -0.253011	            0.000000	            0.000000	            0.000000	         -193.560747	          981.564056	          102.989867	           -1.286975	            0.000000	           -0.420352	            0.061762	           -0.311593	           -0.034374
            0.057000	            0.000000	            0.000000	            0.000000	           -0.420249	            0.000000	           -0.253011	            0.000000	            0.000000	            0.000000	         -199.252361	          990.328773	          105.633347	           -1.284382	            0.000000	           -0.420373	            0.090986	           -0.505598	           -0.046175
            0.058000	            0.000000	            0.000000	            0.000000	           -0.420249	            0.000000	           -0.253011	            0.000000	            0.000000	            0.000000	         -204.328984	          999.811147	          107.542542	           -1.281899	            0.000000	           -0.420332	            0.118356	           -0.675983	           -0.057461
            0.059000	            0.000000	            0.000000	            0.000000	           -0.420249	            0.000000	           -0.253011	            0.000000	            0.000000	            0.000000	         -208.774720	         1010.020823	          108.736429	           -1.279513	            0.000000	           -0.420234	            0.143775	           -0.824025	           -0.068079
            0.060000	            0.000000	            0.000000	            0.000000	           -0.420249	            0.000000	           -0.253011	            0.000000	            0.000000	            0.000000	         -212.586418	         1020.966641	          109.252269	           -1.277210	            0.000000	           -0.420081	            0.167249	           -0.951836	           -0.077930
            0.061000	            0.000000	            0.000000	            0.000000	           -0.420249	            0.000000	           -0.253011	            0.000000	            0.000000	            0.000000	         -215.772423	         1032.656264	          109.143726	           -1.274971	            0.000000	           -0.419880	            0.188883	           -1.062224	           -0.086971
            0.062000	            0.000000	            0.000000	            0.000000	           -0.420249	            0.000000	           -0.253011	            0.000000	            0.000000	            0.000000	         -218.350995	         1045.095162	          108.478396	           -1.272782	            0.000000	           -0.419638	            0.208864	           -1.158530	           -0.095215
            0.063000	            0.000000	            0.000000	            0.000000	           -0.420249	            0.000000	           -0.253011	            0.000000	            0.000000	            0.000000	         -220.348484	         1058.285099	          107.334851	           -1.270631	            0.000000	           -0.419363	            0.227443	           -1.244440	           -0.102724
            0.064000	            0.000000	            0.000000	            0.000000	           -0.420249	            0.000000	           -0.253011	            0.000000	            0.000000	            0.000000	         -221.797355	         1072.222275	          105.799380	           -1.268511	            0.000000	           -0.419063	            0.244909	           -1.323789	           -0.109597
            0.065000	            0.000000	            0.000000	            0.000000	           -0.420249	            0.000000	           -0.253011	            0.000000	            0.000000	            0.000000	         -222.734162	         1086.895308	          103.962575	           -1.266425	            0.000000	           -0.418746	            0.261567	           -1.400363	           -0.115963
            0.066000	            0.000000	            0.000000	            0.000000	           -0.420249	            0.000000	           -0.253011	            0.000000	            0.000000	            0.000000	         -223.197566	         1102.283260	          101.915938	           -1.264379	            0.000000	           -0.418417	            0.277712	           -1.477709	           -0.121967
            0.067000	            0.000000	            0.000000	            0.000000	           -0.420249	            0.000000	           -0.253011	            0.000000	            0.000000	            0.000000	         -223.226497	         1118.353879	           99.748688	           -1.262386	            0.000000	           -0.418087	            0.293606	           -1.558974	           -0.127758
            0.068000	            0.000000	            0.000000	            0.000000	           -0.420249	            0.000000	           -0.253011	            0.000000	            0.000000	            0.000000	         -222.858535	         1135.062229	           97.544898	           -1.260461	            0.000000	           -0.417764	            0.309458	           -1.646767	           -0.133479
            0.069000	            0.000000	            0.000000	            0.000000	           -0.420249	            0.000000	           -0.253011	            0.000000	            0.000000	            0.000000	         -222.128593	         1152.349838	           95.381091	           -1.258617	            0.000000	           -0.417455	            0.325407	           -1.743058	           -0.139255
            0.070000	            0.000000	            0.000000	            0.000000	           -0.420249	            0.000000	           -0.253011	            0.000000	            0.000000	            0.000000	         -221.067932	         1170.144448	           93.324389	           -1.256864	            0.000000	           -0.417164	            0.341518	           -1.849117	           -0.145189
            0.071000	            0.000000	            0.000000	            0.000000	           -0.420249	            0.000000	           -0.253011	            0.000000	            0.000000	            0.000000	         -219.703550	         1188.360414	           91.431238	           -1.255207	            0.000000	           -0.416894	            0.357774	           -1.965500	           -0.151356
            0.072000	            0.000000	            0.000000	            0.000000	           -0.420249	            0.000000	           -0.253011	            0.000000	            0.000000	            0.000000	         -218.057944	         1206.899750	           89.746748	           -1.253646	            0.000000	           -0.416644	            0.374080	           -2.092067	           -0.157801
            0.073000	            0.000000	            0.000000	            0.000000	           -0.420249	            0.000000	           -0.253011	            0.000000	            0.000000	            0.000000	         -216.149210	         1225.653765	           88.304573	           -1.252177	            0.000000	           -0.416413	            0.390275	           -2.228039	           -0.164537
            0.074000	            0.000000	            0.000000	            0.000000	           -0.420249	            0.000000	           -0.253011	            0.000000	            0.000000	            0.000000	         -213.991463	         1244.505212	           87.127308	           -1.250792	            0.000000	           -0.416198	            0.406138	           -2.372086	           -0.171551
            0.075000	            0.000000	            0.000000	            0.000000	           -0.420249	            0.000000	           -0.253011	            0.000000	            0.000000	            0.000000	         -211.595480	         1263.330819	           86.227271	           -1.249478	            0.000000	           -0.415995	            0.421409	           -2.522431	           -0.178808
            0.076000	            0.000000	            0.000000	            0.000000	           -0.420249	            0.000000	           -0.253011	            0.000000	            0.000000	            0.000000	         -208.969534	         1282.004074	           85.607593	           -1.248225	            0.000000	           -0.415801	            0.435805	           -2.676975	           -0.186251
            0.077000	            0.000000	            0.000000	            0.000000	           -0.420249	            0.000000	           -0.253011	            0.000000	            0.000000	            0.000000	         -206.120306	         1300.398111	           85.263479	           -1.247018	            0.000000	           -0.415616	            0.449036	           -2.833415	           -0.193814
            0.078000	            0.000000	            0.000000	            0.000000	           -0.420249	            0.000000	           -0.253011	            0.000000	            0.000000	            0.000000	         -203.053830	         1318.388549	           85.183555	           -1.245846	            0.000000	           -0.415437	            0.460824	           -2.989367	           -0.201421
            0.079000	            0.000000	            0.000000	            0.000000	           -0.420249	            0.000000	           -0.253011	            0.000000	            0.000000	            0.000000	         -199.776376	         1335.856152	           85.351194	           -1.244696	            0.000000	           -0.415267	            0.470917	           -3.142477	           -0.208994
            0.080000	            0.000000	            0.000000	            0.000000	           -0.420249	            0.000000	           -0.253011	            0.000000	            0.000000	            0.000000	         -196.295246	         1352.689195	           85.745760	           -1.243557	            0.000000	           -0.415108	            0.479099	           -3.290512	           -0.216459
            0.081000	            0.000000	            0.000000	            0.000000	           -0.420249	            0.000000	           -0.253011	            0.000000	            0.000000	            0.000000	         -192.619413	         1368.785441	           86.343714	           -1.242419	            0.000000	           -0.414965	            0.485202	           -3.431442	           -0.223743
            0.082000	            0.000000	            0.000000	            0.000000	           -0.420249	            0.000000	           -0.253011	            0.000000	            0.000000	            0.000000	         -188.760002	         1384.053677	           87.119569	           -1.241273	            0.000000	           -0.414840	            0.489109	           -3.563493	           -0.230784
            0.083000	            0.000000	            0.000000	            0.000000	           -0.420249	            0.000000	           -0.253011	            0.000000	            0.000000	            0.000000	         -184.730588	         1398.414775	           88.046676	           -1.240113	            0.000000	           -0.414737	            0.490759	           -3.685183	           -0.237525
            0.084000	            0.000000	            0.000000	            0.000000	           -0.420249	            0.000000	           -0.253011	            0.000000	            0.000000	            0.000000	         -180.547312	         1411.802286	           89.097869	           -1.238936	            0.000000	           -0.414658	            0.490146	           -3.795351	           -0.243918
            0.085000	            0.000000	            0.000000	            0.000000	           -0.420249	            0.000000	           -0.253011	            0.000000	            0.000000	            0.000000	         -176.228841	         1424.162577	           90.245976	           -1.237743	            0.000000	           -0.414604	            0.487314	           -3.893148	           -0.249923
            0.086000	            0.000000	            0.000000	            0.000000	           -0.420249	            0.000000	           -0.253011	            0.000000	            0.000000	            0.000000	         -171.796167	         1435.454580	           91.464242	           -1.236535	            0.000000	           -0.414573	            0.482357	           -3.978037	           -0.255506
            0.087000	            0.000000	            0.000000	            0.000000	           -0.420249	            0.000000	           -0.253011	            0.000000	            0.000000	            0.000000	         -167.272289	         1445.649195	           92.726662	           -1.235316	            0.000000	           -0.414564	            0.475408	           -4.049763	           -0.260640
            0.088000	            0.000000	            0.000000	            0.000000	           -0.420249	            0.000000	           -0.253011	            0.000000	            0.000000	            0.000000	         -162.681787	         1454.728436	           94.008278	           -1.234089	            0.000000	           -0.414572	            0.466636	           -4.108326	           -0.265301
            0.089000	            0.000000	            0.000000	            0.000000	           -0.420249	            0.000000	           -0.253011	            0.000000	            0.000000	            0.000000	         -158.050311	         1462.684378	           95.285434	           -1.232857	            0.000000	           -0.414593	            0.456233	           -4.153942	           -0.269468
            0.090000	            0.000000	            0.000000	            0.000000	           -0.420249	            0.000000	           -0.253011	            0.000000	            0.000000	            0.000000	         -153.404015	         1469.517999	           96.536012	           -1.231621	            0.000000	           -0.414625	            0.444414	           -4.186994	           -0.273124
            0.091000	            0.000000	            0.000000	            0.000000	           -0.420249	            0.000000	           -0.253011	            0.000000	            0.000000	            0.000000	         -148.768953	         1475.237967	           97.739645	           -1.230382	            0.000000	           -0.414662	            0.431398	           -4.207996	           -0.276248
            0.092000	            0.000000	            0.000000	            0.000000	           -0.420249	            0.000000	           -0.253011	            0.000000	            0.000000	            0.000000	         -144.170451	         1479.859440	           98.877916	           -1.229140	            0.000000	           -0.414705	            0.417412	           -4.217535	           -0.278824
            0.093000	            0.000000	            0.000000	            0.000000	           -0.420249	            0.000000	           -0.253011	            0.000000	            0.000000	            0.000000	         -139.632487	         1483.402939	           99.934537	           -1.227893	            0.000000	           -0.414749	            0.402672	           -4.216233	           -0.280829
            0.094000	            0.000000	            0.000000	            0.000000	           -0.420249	            0.000000	           -0.253011	            0.000000	            0.000000	            0.000000	         -135.177086	         1485.893307	          100.895506	           -1.226637	            0.000000	           -0.414795	            0.387387	           -4.204700	           -0.282241
            0.095000	            0.000000	            0.000000	            0.000000	           -0.420249	            0.000000	           -0.253011	            0.000000	            0.000000	            0.000000	         -130.823767	         1487.358813	          101.749232	           -1.225368	            0.000000	           -0.414842	            0.371746	           -4.183499	           -0.283035
            0.096000	            0.000000	            0.000000	            0.000000	           -0.420249	            0.000000	           -0.253011	            0.000000	            0.000000	            0.000000	         -126.589042	         1487.830379	          102.486633	           -1.224077	            0.000000	           -0.414886	            0.355918	           -4.153110	           -0.283182
            0.097000	            0.000000	            0.000000	            0.000000	           -0.420249	            0.000000	           -0.253011	            0.000000	            0.000000	            0.000000	         -122.486003	         1487.340969	          103.101190	           -1.222759	            0.000000	           -0.414926	            0.340048	           -4.113912	           -0.282652
            0.098000	            0.000000	            0.000000	            0.000000	           -0.420249	            0.000000	           -0.253011	            0.000000	            0.000000	            0.000000	         -118.524012	         1485.925106	          103.588962	           -1.221408	            0.000000	           -0.414962	            0.324253	           -4.066163	           -0.281412
            0.099000	            0.000000	            0.000000	            0.000000	           -0.420249	            0.000000	           -0.253011	            0.000000	            0.000000	            0.000000	         -114.708490	         1483.618521	          103.948551	           -1.220024	            0.000000	           -0.414993	            0.308624	           -4.009996	           -0.279426
            0.100000	            0.000000	            0.000000	            0.000000	           -0.420249	            0.000000	           -0.253011	            0.000000	            0.000000	            0.000000	         -111.040846	         1480.457909	          104.181012	           -1.218608	            0.000000	           -0.415020	            0.293228	           -3.945422	           -0.276661
            0.101000	            0.000000	            0.000000	            0.000000	           -0.420249	            0.000000	           -0.253011	            0.000000	            0.000000	            0.000000	         -107.518515	         1476.480778	          104.289711	           -1.217165	            0.000000	           -0.415043	            0.278107	           -3.872342	           -0.273082
            0.102000	            0.000000	            0.000000	            0.000000	           -0.420249	            0.000000	           -0.253011	            0.000000	            0.000000	            0.000000	         -104.135125	         1471.725358	          104.280122	           -1.215698	            0.000000	           -0.415065	            0.263282	           -3.790567	           -0.268658
            0.103000	            0.000000	            0.000000	            0.000000	           -0.420249	            0.000000	           -0.253011	            0.000000	            0.000000	            0.000000	         -100.880778	         1466.230570	          104.159566	           -1.214211	            0.000000	           -0.415083	            0.248756	           -3.699844	           -0.263362
            0.104000	            0.000000	            0.000000	            0.000000	           -0.420249	            0.000000	           -0.253011	            0.000000	            0.000000	            0.000000	          -97.742428	         1460.036013	          103.936897	           -1.212709	            0.000000	           -0.415098	            0.234521	           -3.599894	           -0.257173
            0.105000	            0.000000	            0.000000	            0.000000	           -0.420249	            0.000000	           -0.253011	            0.000000	            0.000000	            0.000000	          -94.704331	         1453.181966	          103.622129	           -1.211195	            0.000000	           -0.415107	            0.220559	           -3.490444	           -0.250079
            0.106000	            0.000000	            0.000000	            0.000000	           -0.420249	            0.000000	           -0.253011	            0.000000	            0.000000	            0.000000	          -91.748563	         1445.709392	          103.226030	           -1.209672	            0.000000	           -0.415109	            0.206848	           -3.371272	           -0.242078
            0.107000	            0.000000	            0.000000	            0.000000	           -0.420249	            0.000000	           -0.253011	            0.000000	            0.000000	            0.000000	          -88.855554	         1437.659913	          102.759679	           -1.208143	            0.000000	           -0.415105	            0.193367	           -3.242247	           -0.233180
            0.108000	            0.000000	            0.000000	            0.000000	           -0.420249	            0.000000	           -0.253011	            0.000000	            0.000000	            0.000000	          -86.004637	         1429.075771	          102.234000	           -1.206610	            0.000000	           -0.415095	            0.180098	           -3.103366	           -0.223410
            0.109000	            0.000000	            0.000000	            0.000000	           -0.420249	            0.000000	           -0.253011	            0.000000	            0.000000	            0.000000	          -83.174571	         1419.999735	          101.659306	           -1.205074	            0.000000	           -0.415082	            0.167033	           -2.954796	           -0.212804
            0.110000	            0.000000	            0.000000	            0.000000	           -0.420249	            0.000000	           -0.253011	            0.000000	            0.000000	            0.000000	          -80.344026	         1410.474971	          101.044840	           -1.203534	            0.000000	           -0.415066	            0.154171	           -2.796899	           -0.201419
            0.111000	            0.000000	            0.000000	            0.000000	           -0.420249	            0.000000	           -0.253011	            0.000000	            0.000000	            0.000000	          -77.492007	         1400.544856	          100.398366	           -1.201992	            0.000000	           -0.415050	            0.141525	           -2.630263	           -0.189325
            0.112000	            0.000000	            0.000000	            0.000000	           -0.420249	            0.000000	           -0.253011	            0.000000	            0.000000	            0.000000	          -74.598207	         1390.252727	           99.725797	           -1.200448	            0.000000	           -0.415036	            0.129117	           -2.455713	           -0.176611
            0.113000	            0.000000	            0.000000	            0.000000	           -0.420249	            0.000000	           -0.253011	            0.000000	            0.000000	            0.000000	          -71.643290	         1379.641581	           99.030907	           -1.198902	            0.000000	           -0.415026	            0.116984	           -2.274321	           -0.163378
            0.114000	            0.000000	            0.000000	            0.000000	           -0.420249	            0.000000	           -0.253011	            0.000000	            0.000000	            0.000000	          -68.609083	         1368.753706	           98.315113	           -1.197358	            0.000000	           -0.415021	            0.105172	           -2.087404	           -0.149746
            0.115000	            0.000000	            0.000000	            0.000000	           -0.420249	            0.000000	           -0.253011	            0.000000	            0.000000	            0.000000	          -65.478716	         1357.630269	           97.577364	           -1.195819	            0.000000	           -0.415021	            0.093737	           -1.896508	           -0.135846
            0.116000	            0.000000	            0.000000	            0.000000	           -0.420249	            0.000000	           -0.253011	            0.000000	            0.000000	            0.000000	          -62.236688	         1346.310853	           96.814139	           -1.194288	            0.000000	           -0.415023	            0.082740	           -1.703388	           -0.121820
            0.117000	            0.000000	            0.000000	            0.000000	           -0.420249	            0.000000	           -0.253011	            0.000000	            0.000000	            0.000000	          -58.868898	         1334.832968	           96.019548	           -1.192766	            0.000000	           -0.415026	            0.072244	           -1.509971	           -0.107819
            0.118000	            0.000000	            0.000000	            0.000000	           -0.420249	            0.000000	           -0.253011	            0.000000	            0.000000	            0.000000	          -55.362652	         1323.231546	           95.185548	           -1.191256	            0.000000	           -0.415026	            0.062314	           -1.318317	           -0.093998
            0.119000	            0.000000	            0.000000	            0.000000	           -0.420249	            0.000000	           -0.253011	            0.000000	            0.000000	            0.000000	          -51.706663	         1311.538433	           94.302275	           -1.189759	            0.000000	           -0.415021	            0.053009	           -1.130566	           -0.080514
            0.120000	            0.000000	            0.000000	            0.000000	           -0.420249	            0.000000	           -0.253011	            0.000000	            0.000000	            0.000000	          -47.891071	         1299.781916	           93.358454	           -1.188278	            0.000000	           -0.415009	            0.044382	           -0.948886	           -0.067521
            0.121000	            0.000000	            0.000000	            0.000000	           -0.420249	            0.000000	           -0.253011	            0.000000	            0.000000	            0.000000	          -43.907486	         1287.986283	           92.341906	           -1.186814	            0.000000	           -0.414988	            0.036473	           -0.775407	           -0.055168
            0.122000	            0.000000	            0.000000	            0.000000	           -0.420249	            0.000000	           -0.253011	            0.000000	            0.000000	            0.000000	          -39.749084	         1276.171453	           91.240102	           -1.185371	            0.000000	           -0.414956	            0.029313	           -0.612165	           -0.043591
            0.123000	            0.000000	            0.000000	            0.000000	           -0.420249	            0.000000	           -0.253011	            0.000000	            0.000000	            0.000000	          -35.410746	         1264.352687	           90.040764	           -1.183953	            0.000000	           -0.414914	            0.022914	           -0.461033	           -0.032914
            0.124000	            0.000000	            0.000000	            0.000000	           -0.420249	            0.000000	           -0.253011	            0.000000	            0.000000	            0.000000	          -30.889242	         1252.540407	           88.732465	           -1.182567	            0.000000	           -0.414861	            0.017273	           -0.323670	           -0.023241
            0.125000	            0.000000	            0.000000	            0.000000	           -0.420249	            0.000000	           -0.253011	            0.000000	            0.000000	            0.000000	          -26.183461	         1240.740122	           87.305221	           -1.181222	            0.000000	           -0.414799	            0.012373	           -0.201460	           -0.014657
            0.126000	            0.000000	            0.000000	            0.000000	           -0.420249	            0.000000	           -0.253011	            0.000000	            0.000000	            0.000000	          -21.294660	         1228.952482	           85.751022	           -1.179928	            0.000000	           -0.414725	            0.008176	           -0.095468	           -0.007221
            0.127000	            0.000000	            0.000000	            0.000000	           -0.420249	            0.000000	           -0.253011	            0.000000	            0.000000	            0.000000	          -16.226721	         1217.173466	           84.064304	           -1.178696	            0.000000	           -0.414637	            0.004632	           -0.006406	           -0.000968
            0.128000	            0.000000	            0.000000	            0.000000	           -0.420249	            0.000000	           -0.253011	            0.000000	            0.000000	            0.000000	          -10.986385	         1205.394689	           82.242311	           -1.177534	            0.000000	           -0.414529	            0.001678	            0.065391	            0.004095
            0.129000	            0.000000	            0.000000	            0.000000	           -0.420249	            0.000000	           -0.253011	            0.000000	            0.000000	            0.000000	           -5.583443	         1193.603840	           80.285347	           -1.176447	            0.000000	           -0.414400	           -0.000761	            0.119979	            0.007986
            0.130000	            0.000000	            0.000000	            0.000000	           -0.420249	            0.000000	           -0.253011	            0.000000	            0.000000	            0.000000	           -0.030851	         1181.785223	           78.196896	           -1.175435	            0.000000	           -0.414246	           -0.002765	            0.157801	            0.010750
            0.131000	            0.000000	            0.000000	            0.000000	           -0.420249	            0.000000	           -0.253011	            0.000000	            0.000000	            0.000000	            5.655241	         1169.920383	           75.983610	           -1.174493	            0.000000	           -0.414069	           -0.004420	            0.179666	            0.012456
            0.132000	            0.000000	            0.000000	            0.000000	           -0.420249	            0.000000	           -0.253011	            0.000000	            0.000000	            0.000000	           11.455578	         1157.988803	           73.655160	           -1.173616	            0.000000	           -0.413873	           -0.005812	            0.186724	            0.013194
            0.133000	            0.000000	            0.000000	            0.000000	           -0.420249	            0.000000	           -0.253011	            0.000000	            0.000000	            0.000000	           17.348006	         1145.968636	           71.223969	           -1.172796	            0.000000	           -0.413660	           -0.007023	            0.180420	            0.013070
            0.134000	            0.000000	            0.000000	            0.000000	           -0.420249	            0.000000	           -0.253011	            0.000000	            0.000000	            0.000000	           23.307798	         1133.837437	           68.704828	           -1.172024	            0.000000	           -0.413435	           -0.008128	            0.162445	            0.012206
            0.135000	            0.000000	            0.000000	            0.000000	           -0.420249	            0.000000	           -0.253011	            0.000000	            0.000000	            0.000000	           29.308101	         1121.572888	           66.114433	           -1.171294	            0.000000	           -0.413200	           -0.009193	            0.134675	            0.010734
            0.136000	            0.000000	            0.000000	            0.000000	           -0.420249	            0.000000	           -0.253011	            0.000000	            0.000000	            0.000000	           35.320470	         1109.153462	           63.470856	           -1.170600	            0.000000	           -0.412958	           -0.010272	            0.099106	            0.008788
            0.137000	            0.000000	            0.000000	            0.000000	           -0.420249	            0.000000	           -0.253011	            0.000000	            0.000000	            0.000000	           41.315486	         1096.559027	           60.792979	           -1.169936	            0.000000	           -0.412714	           -0.011404	            0.057792	            0.006505
            0.138000	            0.000000	            0.000000	            0.000000	           -0.420249	            0.000000	           -0.253011	            0.000000	            0.000000	            0.000000	           47.263416	         1083.771354	           58.099920	           -1.169296	            0.000000	           -0.412469	           -0.012614	            0.012781	            0.004016
            0.139000	            0.000000	            0.000000	            0.000000	           -0.420249	            0.000000	           -0.253011	            0.000000	            0.000000	            0.000000	           53.134886	         1070.774532	           55.410476	           -1.168676	            0.000000	           -0.412225	           -0.013912	           -0.033949	            0.001444
            0.140000	            0.000000	            0.000000	            0.000000	           -0.420249	            0.000000	           -0.253011	            0.000000	            0.000000	            0.000000	           58.901532	         1057.555267	           52.742607	           -1.168072	            0.000000	           -0.411982	           -0.015290	           -0.080539	           -0.001096
            0.141000	            0.000000	            0.000000	            0.000000	           -0.420249	            0.000000	           -0.253011	            0.000000	            0.000000	            0.000000	           64.536608	         1044.103085	           50.112981	           -1.167483	            0.000000	           -0.411740	           -0.016728	           -0.125294	           -0.003506
            0.142000	            0.000000	            0.000000	            0.000000	           -0.420249	            0.000000	           -0.253011	            0.000000	            0.000000	            0.000000	           70.015505	         1030.410422	           47.536594	           -1.166906	            0.000000	           -0.411499	           -0.018190	           -0.166724	           -0.005704
            0.143000	            0.000000	            0.000000	            0.000000	           -0.420249	            0.000000	           -0.253011	            0.000000	            0.000000	            0.000000	           75.316172	         1016.472620	           45.026472	           -1.166340	            0.000000	           -0.411257	           -0.019632	           -0.203566	           -0.007623
            0.144000	            0.000000	            0.000000	            0.000000	           -0.420249	            0.000000	           -0.253011	            0.000000	            0.000000	            0.000000	           80.419423	         1002.287842	           42.593479	           -1.165781	            0.000000	           -0.411014	           -0.020996	           -0.234800	           -0.009214
            0.145000	            0.000000	            0.000000	            0.000000	           -0.420249	            0.000000	           -0.253011	            0.000000	            0.000000	            0.000000	           85.309108	          987.856918	           40.246206	           -1.165230	            0.000000	           -0.410771	           -0.022221	           -0.259656	           -0.010447
            0.146000	            0.000000	            0.000000	            0.000000	           -0.420249	            0.000000	           -0.253011	            0.000000	            0.000000	            0.000000	           89.972165	          973.183126	           37.990956	           -1.164685	            0.000000	           -0.410526	           -0.023237	           -0.277611	           -0.011307
            0.147000	            0.000000	            0.000000	            0.000000	           -0.420249	            0.000000	           -0.253011	            0.000000	            0.000000	            0.000000	           94.398539	          958.271946	           35.831817	           -1.164147	            0.000000	           -0.410281	           -0.023976	           -0.288378	           -0.011793
            0.148000	            0.000000	            0.000000	            0.000000	           -0.420249	            0.000000	           -0.253011	            0.000000	            0.000000	            0.000000	           98.580996	          943.130780	           33.770803	           -1.163617	            0.000000	           -0.410035	           -0.024368	           -0.291887	           -0.011921
            0.149000	            0.000000	            0.000000	            0.000000	           -0.420249	            0.000000	           -0.253011	            0.000000	            0.000000	            0.000000	          102.514836	          927.768663	           31.808066	           -1.163095	            0.000000	           -0.409788	           -0.024344	           -0.288262	           -0.011714
            0.150000	            0.000000	            0.000000	            0.000000	           -0.420249	            0.000000	           -0.253011	            0.000000	            0.000000	            0.000000	          106.197535	          912.195982	           29.942147	           -1.162582	            0.000000	           -0.409541	           -0.023841	           -0.277797	           -0.011207
            0.151000	            0.000000	            0.000000	            0.000000	           -0.420249	            0.000000	           -0.253011	            0.000000	            0.000000	            0.000000	          109.628335	          896.424200	           28.170268	           -1.162080	            0.000000	           -0.409293	           -0.022802	           -0.260923	           -0.010441
            0.152000	            0.000000	            0.000000	            0.000000	           -0.420249	            0.000000	           -0.253011	            0.000000	            0.000000	            0.000000	          112.807804	          880.465612	           26.488641	           -1.161588	            0.000000	           -0.409045	           -0.021177	           -0.238180	           -0.009462
            0.153000	            0.000000	            0.000000	            0.000000	           -0.420249	            0.000000	           -0.253011	            0.000000	            0.000000	            0.000000	          115.737407	          864.333122	           24.892779	           -1.161108	            0.000000	           -0.408798	           -0.018925	           -0.210188	           -0.008317
            0.154000	            0.000000	            0.000000	            0.000000	           -0.420249	            0.000000	           -0.253011	            0.000000	            0.000000	            0.000000	          118.419086	          848.040058	           23.377800	           -1.160639	            0.000000	           -0.408553	           -0.016016	           -0.177613	           -0.007054
            0.155000	            0.000000	            0.000000	            0.000000	           -0.420249	            0.000000	           -0.253011	            0.000000	            0.000000	            0.000000	          120.854903	          831.600023	           21.938705	           -1.160184	            0.000000	           -0.408311	           -0.012426	           -0.141146	           -0.005719
            0.156000	            0.000000	            0.000000	            0.000000	           -0.420249	            0.000000	           -0.253011	            0.000000	            0.000000	            0.000000	          123.046734	          815.026776	           20.570631	           -1.159742	            0.000000	           -0.408072	           -0.008146	           -0.101475	           -0.004356
            0.157000	            0.000000	            0.000000	            0.000000	           -0.420249	            0.000000	           -0.253011	            0.000000	            0.000000	            0.000000	          124.996051	          798.334149	           19.269058	           -1.159314	            0.000000	           -0.407834	           -0.003173	           -0.059264	           -0.003001
            0.158000	            0.000000	            0.000000	            0.000000	           -0.420249	            0.000000	           -0.253011	            0.000000	            0.000000	            0.000000	          126.703789	          781.535993	           18.029973	           -1.158898	            0.000000	           -0.407595	            0.002484	           -0.015140	           -0.001689
            0.159000	            0.000000	            0.000000	            0.000000	           -0.420249	            0.000000	           -0.253011	            0.000000	            0.000000	            0.000000	          128.170308	          764.646145	           16.849984	           -1.158493	            0.000000	           -0.407350	            0.008808	            0.030326	           -0.000445
            0.160000	            0.000000	            0.000000	            0.000000	           -0.420249	            0.000000	           -0.253011	            0.000000	            0.000000	            0.000000	          129.395444	          747.678419	           15.726388	           -1.158098	            0.000000	           -0.407096	            0.015774	            0.076624	            0.000711
            0.161000	            0.000000	            0.000000	            0.000000	           -0.420249	            0.000000	           -0.253011	            0.000000	            0.000000	            0.000000	          130.378649	          730.646605	           14.657188	           -1.157710	            0.000000	           -0.406833	            0.023351	            0.123312	            0.001766
            0.162000	            0.000000	            0.000000	            0.000000	           -0.420249	            0.000000	           -0.253011	            0.000000	            0.000000	            0.000000	          131.119202	          713.564482	           13.641075	           -1.157328	            0.000000	           -0.406563	            0.031500	            0.170018	            0.002715
            0.163000	            0.000000	            0.000000	            0.000000	           -0.420249	            0.000000	           -0.253011	            0.000000	            0.000000	            0.000000	          131.616482	          696.445824	           12.677362	           -1.156948	            0.000000	           -0.406290	            0.040176	            0.216438	            0.003556
            0.164000	            0.000000	            0.000000	            0.000000	           -0.420249	            0.000000	           -0.253011	            0.000000	            0.000000	            0.000000	          131.870280	          679.304418	           11.765899	           -1.156568	            0.000000	           -0.406017	            0.049333	            0.262331	            0.004294
            0.165000	            0.000000	            0.000000	            0.000000	           -0.420249	            0.000000	           -0.253011	            0.000000	            0.000000	            0.000000	          131.881131	          662.154066	           10.906959	           -1.156188	            0.000000	           -0.405745	            0.058920	            0.307512	            0.004939
            0.166000	            0.000000	            0.000000	            0.000000	           -0.420249	            0.000000	           -0.253011	            0.000000	            0.000000	            0.000000	          131.650639	          645.008585	           10.101117	           -1.155808	            0.000000	           -0.405475	            0.068882	            0.351845	            0.005504
            0.167000	            0.000000	            0.000000	            0.000000	           -0.420249	            0.000000	           -0.253011	            0.000000	            0.000000	            0.000000	          131.181790	          627.881802	            9.349115	           -1.155428	            0.000000	           -0.405208	            0.079167	            0.395234	            0.006004
            0.168000	            0.000000	            0.000000	            0.000000	           -0.420249	            0.000000	           -0.253011	            0.000000	            0.000000	            0.000000	          130.479206	          610.787543	            8.651732	           -1.155048	            0.000000	           -0.404944	            0.089717	            0.437610	            0.006457
            0.169000	            0.000000	            0.000000	            0.000000	           -0.420249	            0.000000	           -0.253011	            0.000000	            0.000000	            0.000000	          129.549349	          593.739613	            8.009669	           -1.154668	            0.000000	           -0.404687	            0.100480	            0.478923	            0.006879
            0.170000	            0.000000	            0.000000	            0.000000	           -0.420249	            0.000000	           -0.253011	            0.000000	            0.000000	            0.000000	          128.400640	          576.751784	            7.423433	           -1.154284	            0.000000	           -0.404443	            0.111401	            0.519136	            0.007286
            0.171000	            0.000000	            0.000000	            0.000000	           -0.420249	            0.000000	           -0.253011	            0.000000	            0.000000	            0.000000	          127.043505	          559.837775	            6.893254	           -1.153897	            0.000000	           -0.404212	            0.122427	            0.558211	            0.007693
            0.172000	            0.000000	            0.000000	            0.000000	           -0.420249	            0.000000	           -0.253011	            0.000000	            0.000000	            0.000000	          125.490323	          543.011239	            6.419005	           -1.153508	            0.000000	           -0.403995	            0.133510	            0.596106	            0.008111
            0.173000	            0.000000	            0.000000	            0.000000	           -0.420249	            0.000000	           -0.253011	            0.000000	            0.000000	            0.000000	          123.755286	          526.285763	            6.000163	           -1.153120	            0.000000	           -0.403793	            0.144601	            0.632771	            0.008550
            0.174000	            0.000000	            0.000000	            0.000000	           -0.420249	            0.000000	           -0.253011	            0.000000	            0.000000	            0.000000	          121.854185	          509.674859	            5.635773	           -1.152735	            0.000000	           -0.403603	            0.155658	            0.668141	            0.009013
            0.175000	            0.000000	            0.000000	            0.000000	           -0.420249	            0.000000	           -0.253011	            0.000000	            0.000000	            0.000000	          119.804109	          493.191981	            5.324445	           -1.152355	            0.000000	           -0.403424	            0.166640	            0.702136	            0.009503
            0.176000	            0.000000	            0.000000	            0.000000	           -0.420249	            0.000000	           -0.253011	            0.000000	            0.000000	            0.000000	          117.623103	          476.850528	            5.064365	           -1.151983	            0.000000	           -0.403250	            0.177510	            0.734664	            0.010015
            0.177000	            0.000000	            0.000000	            0.000000	           -0.420249	            0.000000	           -0.253011	            0.000000	            0.000000	            0.000000	          115.329765	          460.663867	            4.853325	           -1.151619	            0.000000	           -0.403079	            0.188234	            0.765615	            0.010543
            0.178000	            0.000000	            0.000000	            0.000000	           -0.420249	            0.000000	           -0.253011	            0.000000	            0.000000	            0.000000	          112.942834	          444.645345	            4.688765	           -1.151269	            0.000000	           -0.402909	            0.198783	            0.794871	            0.011077
            0.179000	            0.000000	            0.000000	            0.000000	           -0.420249	            0.000000	           -0.253011	            0.000000	            0.000000	            0.000000	          110.480765	          428.808305	            4.567828	           -1.150938	            0.000000	           -0.402742	            0.209128	            0.822304	            0.011604
            0.180000	            0.000000	            0.000000	            0.000000	           -0.420249	            0.000000	           -0.253011	            0.000000	            0.000000	            0.000000	          107.961316	          413.166090	            4.487417	           -1.150628	            0.000000	           -0.402580	            0.219245	            0.847784	            0.012109
            0.181000	            0.000000	            0.000000	            0.000000	           -0.420249	            0.000000	           -0.253011	            0.000000	            0.000000	            0.000000	          105.401172	          397.732043	            4.444265	           -1.150342	            0.000000	           -0.402429	            0.229109	            0.871182	            0.012577
            0.182000	            0.000000	            0.000000	            0.000000	           -0.420249	            0.000000	           -0.253011	            0.000000	            0.000000	            0.000000	          102.815601	          382.519495	            4.434993	           -1.150084	            0.000000	           -0.402291	            0.238698	            0.892374	            0.012994
            0.183000	            0.000000	            0.000000	            0.000000	           -0.420249	            0.000000	           -0.253011	            0.000000	            0.000000	            0.000000	          100.218173	          367.541731	            4.456179	           -1.149856	            0.000000	           -0.402166	            0.247988	            0.911248	            0.013349
            0.184000	            0.000000	            0.000000	            0.000000	           -0.420249	            0.000000	           -0.253011	            0.000000	            0.000000	            0.000000	           97.620539	          352.811954	            4.504414	           -1.149661	            0.000000	           -0.402051	            0.256954	            0.927708	            0.013633
            0.185000	            0.000000	            0.000000	            0.000000	           -0.420249	            0.000000	           -0.253011	            0.000000	            0.000000	            0.000000	           95.032272	          338.343224	            4.576352	           -1.149497	            0.000000	           -0.401943	            0.265570	            0.941679	            0.013842
            0.186000	            0.000000	            0.000000	            0.000000	           -0.420249	            0.000000	           -0.253011	            0.000000	            0.000000	            0.000000	           92.460784	          324.148393	            4.668760	           -1.149366	            0.000000	           -0.401836	            0.273805	            0.953108	            0.013981
            0.187000	            0.000000	            0.000000	            0.000000	           -0.420249	            0.000000	           -0.253011	            0.000000	            0.000000	            0.000000	           89.911309	          310.240027	            4.778552	           -1.149270	            0.000000	           -0.401727	            0.281626	            0.961972	            0.014061
            0.188000	            0.000000	            0.000000	            0.000000	           -0.420249	            0.000000	           -0.253011	            0.000000	            0.000000	            0.000000	           87.386955	          296.630317	            4.902824	           -1.149213	            0.000000	           -0.401615	            0.288993	            0.968274	            0.014102
            0.189000	            0.000000	            0.000000	            0.000000	           -0.420249	            0.000000	           -0.253011	            0.000000	            0.000000	            0.000000	           84.888815	          283.330994	            5.038877	           -1.149200	            0.000000	           -0.401498	            0.295862	            0.972048	            0.014134
            0.190000	            0.000000	            0.000000	            0.000000	           -0.420249	            0.000000	           -0.253011	            0.000000	            0.000000	            0.000000	           82.416142	          270.353237	            5.184239	           -1.149237	            0.000000	           -0.401374	            0.302184	            0.973356	            0.014198
            0.191000	            0.000000	            0.000000	            0.000000	           -0.420249	            0.000000	           -0.253011	            0.000000	            0.000000	            0.000000	           79.966567	          257.707587	            5.336677	           -1.149333	            0.000000	           -0.401237	            0.307901	            0.972288	            0.014344
            0.192000	            0.000000	            0.000000	            0.000000	           -0.420249	            0.000000	           -0.253011	            0.000000	            0.000000	            0.000000	           77.536369	          245.403868	            5.494212	           -1.149501	            0.000000	           -0.401084	            0.312953	            0.968955	            0.014632
            0.193000	            0.000000	            0.000000	            0.000000	           -0.420249	            0.000000	           -0.253011	            0.000000	            0.000000	            0.000000	           75.120771	          233.451104	            5.655124	           -1.149752	            0.000000	           -0.400915	            0.317271	            0.963489	            0.015127
            0.194000	            0.000000	            0.000000	            0.000000	           -0.420249	            0.000000	           -0.253011	            0.000000	            0.000000	            0.000000	           72.714269	          221.857457	            5.817957	           -1.150093	            0.000000	           -0.400730	            0.320782	            0.956033	            0.015905
            0.195000	            0.000000	            0.000000	            0.000000	           -0.420249	            0.000000	           -0.253011	            0.000000	            0.000000	            0.000000	           70.310974	          210.630158	            5.981523	           -1.150527	            0.000000	           -0.400537	            0.323411	            0.946739	            0.017041
            0.196000	            0.000000	            0.000000	            0.000000	           -0.420249	            0.000000	           -0.253011	            0.000000	            0.000000	            0.000000	           67.904955	          199.775453	            6.144898	           -1.151054	            0.000000	           -0.400337	            0.325078	            0.935757	            0.018613
            0.197000	            0.000000	            0.000000	            0.000000	           -0.420249	            0.000000	           -0.253011	            0.000000	            0.000000	            0.000000	           65.490589	          189.298547	            6.307421	           -1.151676	            0.000000	           -0.400127	            0.325705	            0.923232	            0.020692
            0.198000	            0.000000	            0.000000	            0.000000	           -0.420249	            0.000000	           -0.253011	            0.000000	            0.000000	            0.000000	           63.062879	          179.203558	            6.468678	           -1.152395	            0.000000	           -0.399903	            0.325214	            0.909292	            0.023345
            0.199000	            0.000000	            0.000000	            0.000000	           -0.420249	            0.000000	           -0.253011	            0.000000	            0.000000	            0.000000	           60.617765	          169.493469	            6.628493	           -1.153221	            0.000000	           -0.399660	            0.323535	            0.894045	            0.026622
            0.200000	            0.000000	            0.000000	            0.000000	           -0.420249	            0.000000	           -0.253011	            0.000000	            0.000000	            0.000000	           58.152377	          160.170085	            6.786903	           -1.154163	            0.000000	           -0.399400	            0.320603	            0.877573	            0.030558
            0.201000	            0.000000	            0.000000	            0.000000	           -0.420249	            0.000000	           -0.253011	            0.000000	            0.000000	            0.000000	           55.665262	          151.233991	            6.944127	           -1.155233	            0.000000	           -0.399125	            0.316364	            0.859926	            0.035162
            0.202000	            0.000000	            0.000000	            0.000000	           -0.420249	            0.000000	           -0.253011	            0.000000	            0.000000	            0.000000	           53.156540	          142.684511	            7.100529	           -1.156444	            0.000000	           -0.398842	            0.310780	            0.841118	            0.040417
            0.203000	            0.000000	            0.000000	            0.000000	           -0.420249	            0.000000	           -0.253011	            0.000000	            0.000000	            0.000000	           50.628011	          134.519673	            7.256572	           -1.157807	            0.000000	           -0.398554	            0.303831	            0.821128	            0.046270
            0.204000	            0.000000	            0.000000	            0.000000	           -0.420249	            0.000000	           -0.253011	            0.000000	            0.000000	            0.000000	           48.083186	          126.736169	            7.412761	           -1.159336	            0.000000	           -0.398253	            0.295516	            0.799897	            0.052634
            0.205000	            0.000000	            0.000000	            0.000000	           -0.420249	            0.000000	           -0.253011	            0.000000	            0.000000	            0.000000	           45.527260	          119.329330	            7.569577	           -1.161043	            0.000000	           -0.397932	            0.285859	            0.777335	            0.059380
            0.206000	            0.000000	            0.000000	            0.000000	           -0.420249	            0.000000	           -0.253011	            0.000000	            0.000000	            0.000000	           42.967015	          112.293088	            7.727404	           -1.162944	            0.000000	           -0.397591	            0.274911	            0.753321	            0.066338
            0.207000	            0.000000	            0.000000	            0.000000	           -0.420249	            0.000000	           -0.253011	            0.000000	            0.000000	            0.000000	           40.410660	          105.619959	            7.886453	           -1.165060	            0.000000	           -0.397235	            0.262750	            0.727717	            0.073295
            0.208000	            0.000000	            0.000000	            0.000000	           -0.420249	            0.000000	           -0.253011	            0.000000	            0.000000	            0.000000	           37.867621	           99.301019	            8.046678	           -1.167419	            0.000000	           -0.396878	            0.249486	            0.700370	            0.080000
            0.209000	            0.000000	            0.000000	            0.000000	           -0.420249	            0.000000	           -0.253011	            0.000000	            0.000000	            0.000000	           35.348280	           93.325899	            8.207693	           -1.170054	            0.000000	           -0.396530	            0.235257	            0.671128	            0.086164
            0.210000	            0.000000	            0.000000	            0.000000	           -0.420249	            0.000000	           -0.253011	            0.000000	            0.000000	            0.000000	           32.863688	           87.682784	            8.368691	           -1.172990	            0.000000	           -0.396191	            0.220231	            0.639854	            0.091466
            0.211000	            0.000000	            0.000000	            0.000000	           -0.420249	            0.000000	           -0.253011	            0.000000	            0.000000	            0.000000	           30.425248	           82.358431	            8.528377	           -1.176244	            0.000000	           -0.395850	            0.204605	            0.606437	            0.095565
            0.212000	            0.000000	            0.000000	            0.000000	           -0.420249	            0.000000	           -0.253011	            0.000000	            0.000000	            0.000000	           28.044395	           77.338207	            8.684899	           -1.179825	            0.000000	           -0.395491	            0.188602	            0.570812	            0.098107
            0.213000	            0.000000	            0.000000	            0.000000	           -0.420249	            0.000000	           -0.253011	            0.000000	            0.000000	            0.000000	           25.732276	           72.606164	            8.835817	           -1.183737	            0.000000	           -0.395098	            0.172467	            0.532968	            0.098738
            0.214000	            0.000000	            0.000000	            0.000000	           -0.420249	            0.000000	           -0.253011	            0.000000	            0.000000	            0.000000	           23.499451	           68.145136	            8.978073	           -1.187988	            0.000000	           -0.394656	            0.156460	            0.492967	            0.097120
            0.215000	            0.000000	            0.000000	            0.000000	           -0.420249	            0.000000	           -0.253011	            0.000000	            0.000000	            0.000000	           21.355614	           63.936891	            9.108007	           -1.192589	            0.000000	           -0.394159	            0.140852	            0.450950	            0.092942
            0.216000	            0.000000	            0.000000	            0.000000	           -0.463716	            0.000000	           -0.179385	            0.000000	            0.000000	            0.000000	           19.309363	           59.962329	            9.221397	           -1.197557	            0.000000	           -0.393617	            0.125916	            0.407150	            0.085945
            0.217000	            1.877032	           10.447223	            0.513913	           -0.463716	            0.000000	           -0.179385	           -0.114666	           -0.195019	           -0.053805	           17.368000	           56.201728	            9.313534	           -1.202926	            0.000000	           -0.393060	            0.111920	            0.361892	            0.075929
            0.218000	            0.862845	           11.864514	            0.114557	           -0.463716	            0.000000	           -0.179385	           -0.118886	           -0.191409	           -0.051504	           15.537394	           52.635062	            9.379337	           -1.208736	            0.000000	           -0.392530	            0.099115	            0.315593	            0.062777
            0.219000	           -0.555127	           13.443475	           -0.382111	           -0.463716	            0.000000	           -0.179385	           -0.120953	           -0.181482	           -0.048101	           13.821889	           49.242351	            9.413510	           -1.215029	            0.000000	           -0.392062	            0.087724	            0.268761	            0.046465
            0.220000	           -2.420464	           15.243019	           -0.973487	           -0.457072	            0.000000	           -0.183567	           -0.120869	           -0.165172	           -0.043705	           12.224270	           46.004078	            9.410719	           -1.221826	            0.000000	           -0.391672	            0.077937	            0.221976	            0.027080
            0.221000	           -4.769953	           17.339619	           -1.652525	           -0.450703	            0.000000	           -0.187614	           -0.118712	           -0.142723	           -0.038467	           10.745778	           42.901633	            9.365817	           -1.229118	            0.000000	           -0.391352	            0.069895	            0.175881	            0.004821
            0.222000	           -7.631382	           19.828544	           -2.407309	           -0.444312	            0.000000	           -0.191716	           -0.114620	           -0.114712	           -0.032573	            9.386178	           39.917777	            9.274079	           -1.236860	            0.000000	           -0.391100	            0.063685	            0.131158	           -0.019986
            0.223000	          -11.021346	           22.824417	           -3.220736	           -0.437771	            0.000000	           -0.195932	           -0.108761	           -0.082054	           -0.026235	            8.143859	           37.037115	            9.131449	           -1.244982	            0.000000	           -0.390912	            0.059333	            0.088503	           -0.046897
            0.224000	          -14.943179	           26.460963	           -4.070370	           -0.430990	            0.000000	           -0.200274	           -0.101322	           -0.046003	           -0.019686	            7.015980	           34.246535	            8.934794	           -1.253386	            0.000000	           -0.390780	            0.056795	            0.048597	           -0.075347
            0.225000	          -19.385096	           30.889803	           -4.928469	           -0.423917	            0.000000	           -0.204733	           -0.092487	           -0.008127	           -0.013168	            5.998630	           31.535602	            8.682134	           -1.261947	            0.000000	           -0.390683	            0.055958	            0.012079	           -0.104666
            0.226000	          -24.318654	           36.278244	           -5.762229	           -0.416580	            0.000000	           -0.209256	           -0.082423	            0.029721	           -0.006925	            5.087010	           28.896875	            8.372851	           -1.270530	            0.000000	           -0.390570	            0.056639	           -0.020489	           -0.134099
            0.227000	          -29.697648	           42.805983	           -6.534235	           -0.409093	            0.000000	           -0.213738	           -0.071273	            0.065455	           -0.001200	            4.275619	           26.326115	            8.007843	           -1.278976	            0.000000	           -0.390359	            0.058592	           -0.048643	           -0.162823
            0.228000	          -35.457541	           50.660776	           -7.203151	           -0.401634	            0.000000	           -0.218055	           -0.059155	            0.096817	            0.003774	            3.558437	           23.822370	            7.589631	           -1.287108	            0.000000	           -0.389962	            0.061512	           -0.072046	           -0.189982
            0.229000	          -41.515535	           60.033116	           -7.724633	           -0.394385	            0.000000	           -0.222101	           -0.046161	            0.121450	            0.007782	            2.929095	           21.387907	            7.122387	           -1.294768	            0.000000	           -0.389324	            0.065053	           -0.090506	           -0.214719
            0.230000	          -47.771350	           71.110036	           -8.052458	           -0.387475	            0.000000	           -0.225805	           -0.032365	            0.136981	            0.010627	            2.381038	           19.027994	            6.611885	           -1.301867	            0.000000	           -0.388450	            0.068839	           -0.103981	           -0.236217
            0.231000	          -54.108781	           84.068239	           -8.139846	           -0.380963	            0.000000	           -0.229139	           -0.017836	            0.141107	            0.012138	            1.907654	           16.750532	            6.065372	           -1.308396	            0.000000	           -0.387393	            0.072488	           -0.112588	           -0.253734
            0.232000	          -60.398049	           99.066760	           -7.940958	           -0.374845	            0.000000	           -0.232106	           -0.002647	            0.131685	            0.012177	            1.502391	           14.565528	            5.491361	           -1.308396	            0.000000	           -0.387393	            0.075628	           -0.116592	           -0.266647
            0.233000	          -66.498944	          116.239443	           -7.412503	           -0.369083	            0.000000	           -0.234735	            0.013114	            0.106827	            0.010635	            1.158847	           12.484469	            4.899349	           -1.308396	            0.000000	           -0.387393	            0.077924	           -0.116390	           -0.274488
            0.234000	          -72.264700	          135.687552	           -6.515429	           -0.363622	            0.000000	           -0.237066	            0.029333	            0.064979	            0.007445	            0.870838	           10.519591	            4.299479	           -1.190000	            0.000000	           -0.300000	            0.079097	           -0.112489	           -0.276970
            0.235000	          -77.546511	          157.472842	           -5.216624	           -0.358408	            0.000000	           -0.239138	            0.045862	            0.005003	            0.002580	            0.000000	            0.000000	            0.000000	           -1.190000	            0.000000	           -0.300000	            0.000000	            0.000000	            0.000000
            0.236000	          -82.198553	          181.611452	           -3.490567	           -0.353403	            0.000000	           -0.240975	            0.062515	           -0.073757	           -0.003941	            0.000000	            0.000000	            0.000000	           -1.190000	            0.000000	           -0.300000	            0.000000	            0.000000	            0.000000
            0.237000	          -86.083324	          208.068950	           -1.320867	           -0.348590	            0.000000	           -0.242598	            0.079071	           -0.171424	           -0.012052	            0.000000	            0.000000	            0.000000	           -1.190000	            0.000000	           -0.300000	            0.000000	            0.000000	            0.000000
            0.238000	          -89.077107	          236.756860	            1.298396	           -0.343973	            0.000000	           -0.244035	            0.095275	           -0.287550	           -0.021639	            0.000000	            0.000000	            0.000000	           -1.190000	            0.000000	           -0.300000	            0.000000	            0.000000	            0.000000
            0.239000	          -91.075305	          267.530933	            4.361566	           -0.339566	            0.000000	           -0.245315	            0.110851	           -0.421101	           -0.032536	            0.000000	            0.000000	            0.000000	           -1.190000	            0.000000	           -0.300000	            0.000000	            0.000000	            0.000000
            0.240000	          -91.997411	          300.191383	            7.850627	           -0.335386	            0.000000	           -0.246467	            0.125514	           -0.570455	           -0.044533	            0.000000	            0.000000	            0.000000	           -1.190000	            0.000000	           -0.300000	            0.000000	            0.000000	            0.000000
            0.241000	          -91.791363	          334.485218	           11.734766	           -0.331452	            0.000000	           -0.247511	            0.138981	           -0.733428	           -0.057371	            0.000000	            0.000000	            0.000000	           -1.190000	            0.000000	           -0.300000	            0.000000	            0.000000	            0.000000
            0.242000	          -90.437051	          370.110688	           15.970326	           -0.327778	            0.000000	           -0.248457	            0.150992	           -0.907312	           -0.070756	            0.000000	            0.000000	            0.000000	           -1.190000	            0.000000	           -0.300000	            0.000000	            0.000000	            0.000000
            0.243000	          -87.948788	          406.723798	           20.501171	           -0.324379	            0.000000	           -0.249310	            0.161321	           -1.088934	           -0.084359	            0.000000	            0.000000	            0.000000	           -1.190000	            0.000000	           -0.300000	            0.000000	            0.000000	            0.000000
            0.244000	          -84.376571	          443.946697	           25.259446	           -0.321261	            0.000000	           -0.250069	            0.169788	           -1.274722	           -0.097830	            0.000000	            0.000000	            0.000000	           -1.190000	            0.000000	           -0.300000	            0.000000	            0.000000	            0.000000
            0.245000	          -79.806043	          481.377677	           30.166731	           -0.318418	            0.000000	           -0.250735	            0.176271	           -1.460796	           -0.110808	            0.000000	            0.000000	            0.000000	           -1.190000	            0.000000	           -0.300000	            0.000000	            0.000000	            0.000000
            0.246000	          -74.357099	          518.602391	           35.135552	           -0.315842	            0.000000	           -0.251308	            0.180704	           -1.643054	           -0.122934	            0.000000	            0.000000	            0.000000	           -1.190000	            0.000000	           -0.300000	            0.000000	            0.000000	            0.000000
            0.247000	          -68.181169	          555.205869	           40.071192	           -0.313514	            0.000000	           -0.251794	            0.183081	           -1.817273	           -0.133864	            0.000000	            0.000000	            0.000000	           -1.190000	            0.000000	           -0.300000	            0.000000	            0.000000	            0.000000
            0.248000	          -61.457249	          590.784804	           44.873768	           -0.311411	            0.000000	           -0.252201	            0.183445	           -1.979201	           -0.143286	            0.000000	            0.000000	            0.000000	           -1.190000	            0.000000	           -0.300000	            0.000000	            0.000000	            0.000000
            0.249000	          -54.386824	          624.959598	           49.440480	           -0.309509	            0.000000	           -0.252537	            0.181881	           -2.124663	           -0.150929	            0.000000	            0.000000	            0.000000	           -1.190000	            0.000000	           -0.300000	            0.000000	            0.000000	            0.000000
            0.250000	          -47.187875	          657.385642	           53.668009	           -0.307783	            0.000000	           -0.252809	            0.178499	           -2.249647	           -0.156580	            0.000000	            0.000000	            0.000000	           -1.190000	            0.000000	           -0.300000	            0.000000	            0.000000	            0.000000
            0.251000	          -40.088207	          687.763339	           57.454951	           -0.306208	            0.000000	           -0.253022	            0.173415	           -2.350400	           -0.160093	            0.000000	            0.000000	            0.000000	           -1.190000	            0.000000	           -0.300000	            0.000000	            0.000000	            0.000000
            0.252000	          -33.318347	          715.846438	           60.704270	           -0.304760	            0.000000	           -0.253180	            0.166738	           -2.423507	           -0.161397	            0.000000	            0.000000	            0.000000	           -1.190000	            0.000000	           -0.300000	            0.000000	            0.000000	            0.000000
            0.253000	          -27.104299	          741.448346	           63.325682	           -0.303414	            0.000000	           -0.253282	            0.158550	           -2.465972	           -0.160505	            0.000000	            0.000000	            0.000000	           -1.190000	            0.000000	           -0.300000	            0.000000	            0.000000	            0.000000
            0.254000	          -21.660420	          764.446170	           65.237934	           -0.302145	            0.000000	           -0.253330	            0.148892	           -2.475281	           -0.157512	            0.000000	            0.000000	            0.000000	           -1.190000	            0.000000	           -0.300000	            0.000000	            0.000000	            0.000000
            0.255000	          -17.182700	          784.782389	           66.370926	           -0.300929	            0.000000	           -0.253325	            0.137754	           -2.449468	           -0.152600	            0.000000	            0.000000	            0.000000	           -1.190000	            0.000000	           -0.300000	            0.000000	            0.000000	            0.000000
            0.256000	          -13.842680	          802.464137	           66.667634	           -0.299742	            0.000000	           -0.253267	            0.125068	           -2.387167	           -0.146026	            0.000000	            0.000000	            0.000000	           -1.190000	            0.000000	           -0.300000	            0.000000	            0.000000	            0.000000
            0.257000	          -11.782219	          817.560244	           66.085801	           -0.298559	            0.000000	           -0.253158	            0.110709	           -2.287657	           -0.138121	            0.000000	            0.000000	            0.000000	           -1.190000	            0.000000	           -0.300000	            0.000000	            0.000000	            0.000000
            0.258000	          -11.109294	          830.196263	           64.599355	           -0.297356	            0.000000	           -0.253000	            0.094503	           -2.150895	           -0.129276	            0.000000	            0.000000	            0.000000	           -1.190000	            0.000000	           -0.300000	            0.000000	            0.000000	            0.000000
            0.259000	          -11.894946	          840.547807	           62.199516	           -0.296111	            0.000000	           -0.252793	            0.076235	           -1.977543	           -0.119925	            0.000000	            0.000000	            0.000000	           -1.190000	            0.000000	           -0.300000	            0.000000	            0.000000	            0.000000
            0.260000	          -14.171469	          848.832593	           58.895576	           -0.294799	            0.000000	           -0.252538	            0.055668	           -1.768975	           -0.110531	            0.000000	            0.000000	            0.000000	           -1.190000	            0.000000	           -0.300000	            0.000000	            0.000000	            0.000000
            0.261000	          -17.931865	          855.301642	           54.715291	           -0.293400	            0.000000	           -0.252232	            0.032563	           -1.527281	           -0.101568	            0.000000	            0.000000	            0.000000	           -1.190000	            0.000000	           -0.300000	            0.000000	            0.000000	            0.000000
            0.262000	          -23.130544	          860.230072	           49.704880	           -0.291895	            0.000000	           -0.251875	            0.006705	           -1.255240	           -0.093497	            0.000000	            0.000000	            0.000000	           -1.190000	            0.000000	           -0.300000	            0.000000	            0.000000	            0.000000
            0.263000	          -29.685233	          863.907935	           43.928588	           -0.290270	            0.000000	           -0.251469	           -0.022075	           -0.956289	           -0.086748	            0.000000	            0.000000	            0.000000	           -1.190000	            0.000000	           -0.300000	            0.000000	            0.000000	            0.000000
            0.264000	          -37.479967	          866.631493	           37.467803	           -0.288516	            0.000000	           -0.251020	           -0.053872	           -0.634460	           -0.081700	            0.000000	            0.000000	            0.000000	           -1.190000	            0.000000	           -0.300000	            0.000000	            0.000000	            0.000000
            0.265000	          -46.369069	          868.695263	           30.419693	           -0.286629	            0.000000	           -0.250533	           -0.088689	           -0.294303	           -0.078663	            0.000000	            0.000000	            0.000000	           -1.190000	            0.000000	           -0.300000	            0.000000	            0.000000	            0.000000
            0.266000	          -56.181925	          870.385106	           22.895398	           -0.284611	            0.000000	           -0.250021	           -0.126420	            0.059218	           -0.077861	            0.000000	            0.000000	            0.000000	           -1.190000	            0.000000	           -0.300000	            0.000000	            0.000000	            0.000000
            0.267000	          -66.728415	          871.972509	           15.017753	           -0.282469	            0.000000	           -0.249493	           -0.166834	            0.420842	           -0.079424	            0.000000	            0.000000	            0.000000	           -1.190000	            0.000000	           -0.300000	            0.000000	            0.000000	            0.000000
            0.268000	          -77.804784	          873.710173	            6.918607	           -0.280206	            0.000000	           -0.248959	           -0.209576	            0.785151	           -0.083374	            0.000000	            0.000000	            0.000000	           -1.190000	            0.000000	           -0.300000	            0.000000	            0.000000	            0.000000
            0.269000	          -89.199768	          875.828883	           -1.264236	           -0.277821	            0.000000	           -0.248427	           -0.254168	            1.146728	           -0.089629	            0.000000	            0.000000	            0.000000	           -1.190000	            0.000000	           -0.300000	            0.000000	            0.000000	            0.000000
            0.270000	         -100.700777	          878.535583	           -9.390358	           -0.275310	            0.000000	           -0.247900	           -0.300021	            1.500309	           -0.098000	            0.000000	            0.000000	            0.000000	           -1.190000	            0.000000	           -0.300000	            0.000000	            0.000000	            0.000000
            0.271000	         -112.099931	          882.012536	          -17.320276	           -0.272668	            0.000000	           -0.247379	           -0.346455	            1.840955	           -0.108201	            0.000000	            0.000000	            0.000000	           -1.190000	            0.000000	           -0.300000	            0.000000	            0.000000	            0.000000
            0.272000	         -123.199769	          886.417349	          -24.919084	           -0.269895	            0.000000	           -0.246867	           -0.392725	            2.164204	           -0.119866	            0.000000	            0.000000	            0.000000	           -1.190000	            0.000000	           -0.300000	            0.000000	            0.000000	            0.000000
            0.273000	         -133.818452	          891.883684	          -32.060069	           -0.266997	            0.000000	           -0.246366	           -0.438052	            2.466219	           -0.132557	            0.000000	            0.000000	            0.000000	           -1.190000	            0.000000	           -0.300000	            0.000000	            0.000000	            0.000000
            0.274000	         -143.794306	          898.522403	          -38.628158	           -0.263991	            0.000000	           -0.245880	           -0.481655	            2.743909	           -0.145793	            0.000000	            0.000000	            0.000000	           -1.190000	            0.000000	           -0.300000	            0.000000	            0.000000	            0.000000
            0.275000	         -152.989582	          906.422952	          -44.523085	           -0.260907	            0.000000	           -0.245413	           -0.522792	            2.995029	           -0.159070	            0.000000	            0.000000	            0.000000	           -1.190000	            0.000000	           -0.300000	            0.000000	            0.000000	            0.000000
            0.276000	         -161.293313	          915.654776	          -49.662123	           -0.257785	            0.000000	           -0.244973	           -0.560787	            3.218238	           -0.171885	            0.000000	            0.000000	            0.000000	           -1.190000	            0.000000	           -0.300000	            0.000000	            0.000000	            0.000000
            0.277000	         -168.623217	          926.268624	          -53.982284	           -0.254667	            0.000000	           -0.244565	           -0.595067	            3.413127	           -0.183761	            0.000000	            0.000000	            0.000000	           -1.190000	            0.000000	           -0.300000	            0.000000	            0.000000	            0.000000
            0.278000	         -174.926600	          938.297610	          -57.441865	           -0.251593	            0.000000	           -0.244197	           -0.625183	            3.580203	           -0.194264	            0.000000	            0.000000	            0.000000	           -1.190000	            0.000000	           -0.300000	            0.000000	            0.000000	            0.000000
            0.279000	         -180.180248	          951.757975	          -60.021284	           -0.248590	            0.000000	           -0.243875	           -0.650828	            3.720832	           -0.203028	            0.000000	            0.000000	            0.000000	           -1.190000	            0.000000	           -0.300000	            0.000000	            0.000000	            0.000000
            0.280000	         -184.389365	          966.649528	          -61.723137	           -0.245673	            0.000000	           -0.243602	           -0.671849	            3.837148	           -0.209764	            0.000000	            0.000000	            0.000000	           -1.190000	            0.000000	           -0.300000	            0.000000	            0.000000	            0.000000
            0.281000	         -187.585602	          982.955785	          -62.571490	           -0.242843	            0.000000	           -0.243381	           -0.688248	            3.931926	           -0.214275	            0.000000	            0.000000	            0.000000	           -1.190000	            0.000000	           -0.300000	            0.000000	            0.000000	            0.000000
            0.282000	         -189.824284	         1000.643876	          -62.610406	           -0.240092	            0.000000	           -0.243214	           -0.700172	            4.008429	           -0.216453	            0.000000	            0.000000	            0.000000	           -1.190000	            0.000000	           -0.300000	            0.000000	            0.000000	            0.000000
            0.283000	         -191.180974	         1019.664313	          -61.901793	           -0.237406	            0.000000	           -0.243099	           -0.707899	            4.070237	           -0.216286	            0.000000	            0.000000	            0.000000	           -1.190000	            0.000000	           -0.300000	            0.000000	            0.000000	            0.000000
            0.284000	         -191.747496	         1039.950742	          -60.522654	           -0.234770	            0.000000	           -0.243030	           -0.711818	            4.121073	           -0.213848	            0.000000	            0.000000	            0.000000	           -1.190000	            0.000000	           -0.300000	            0.000000	            0.000000	            0.000000
            0.285000	         -191.627616	         1061.419781	          -58.561886	           -0.232176	            0.000000	           -0.243001	           -0.712404	            4.164619	           -0.209290	            0.000000	            0.000000	            0.000000	           -1.190000	            0.000000	           -0.300000	            0.000000	            0.000000	            0.000000
            0.286000	         -190.932536	         1083.971103	          -56.116763	           -0.229624	            0.000000	           -0.243004	           -0.710185	            4.204353	           -0.202830	            0.000000	            0.000000	            0.000000	           -1.190000	            0.000000	           -0.300000	            0.000000	            0.000000	            0.000000
            0.287000	         -189.776388	         1107.487833	          -53.289278	           -0.227123	            0.000000	           -0.243032	           -0.705717	            4.243405	           -0.194737	            0.000000	            0.000000	            0.000000	           -1.190000	            0.000000	           -0.300000	            0.000000	            0.000000	            0.000000
            0.288000	         -188.271912	         1131.837389	          -50.182508	           -0.224686	            0.000000	           -0.243078	           -0.699553	            4.284433	           -0.185313	            0.000000	            0.000000	            0.000000	           -1.190000	            0.000000	           -0.300000	            0.000000	            0.000000	            0.000000
            0.289000	         -186.526470	         1156.872789	          -46.897165	           -0.222326	            0.000000	           -0.243138	           -0.692218	            4.329538	           -0.174882	            0.000000	            0.000000	            0.000000	           -1.190000	            0.000000	           -0.300000	            0.000000	            0.000000	            0.000000
            0.290000	         -184.638545	         1182.434493	          -43.528462	           -0.220051	            0.000000	           -0.243206	           -0.684187	            4.380214	           -0.163770	            0.000000	            0.000000	            0.000000	           -1.190000	            0.000000	           -0.300000	            0.000000	            0.000000	            0.000000
            0.291000	         -182.694836	         1208.352740	          -40.163431	           -0.217867	            0.000000	           -0.243276	           -0.675868	            4.437325	           -0.152295	            0.000000	            0.000000	            0.000000	           -1.190000	            0.000000	           -0.300000	            0.000000	            0.000000	            0.000000
            0.292000	         -180.768044	         1234.450365	          -36.878754	           -0.215776	            0.000000	           -0.243343	           -0.667591	            4.501122	           -0.140752	            0.000000	            0.000000	            0.000000	           -1.190000	            0.000000	           -0.300000	            0.000000	            0.000000	            0.000000
            0.293000	         -178.915385	         1260.546011	          -33.739184	           -0.213777	            0.000000	           -0.243404	           -0.659600	            4.571288	           -0.129407	            0.000000	            0.000000	            0.000000	           -1.190000	            0.000000	           -0.300000	            0.000000	            0.000000	            0.000000
            0.294000	         -177.177863	         1286.457642	          -30.796552	           -0.211863	            0.000000	           -0.243455	           -0.652051	            4.646999	           -0.118487	            0.000000	            0.000000	            0.000000	           -1.190000	            0.000000	           -0.300000	            0.000000	            0.000000	            0.000000
            0.295000	         -175.580265	         1312.006220	          -28.089364	           -0.210022	            0.000000	           -0.243495	           -0.645019	            4.727009	           -0.108176	            0.000000	            0.000000	            0.000000	           -1.190000	            0.000000	           -0.300000	            0.000000	            0.000000	            0.000000
            0.296000	         -174.131847	         1337.019419	          -25.642947	           -0.208238	            0.000000	           -0.243524	           -0.638497	            4.809739	           -0.098616	            0.000000	            0.000000	            0.000000	           -1.190000	            0.000000	           -0.300000	            0.000000	            0.000000	            0.000000
            0.297000	         -172.827620	         1361.335219	          -23.470080	           -0.206501	            0.000000	           -0.243540	           -0.632413	            4.893372	           -0.089902	            0.000000	            0.000000	            0.000000	           -1.190000	            0.000000	           -0.300000	            0.000000	            0.000000	            0.000000
            0.298000	         -171.650147	         1384.805225	          -21.572046	           -0.204799	            0.000000	           -0.243544	           -0.626638	            4.975946	           -0.082086	            0.000000	            0.000000	            0.000000	           -1.190000	            0.000000	           -0.300000	            0.000000	            0.000000	            0.000000
            0.299000	         -170.571729	         1407.297585	          -19.940019	           -0.203127	            0.000000	           -0.243537	           -0.620997	            5.055435	           -0.075181	            0.000000	            0.000000	            0.000000	           -1.190000	            0.000000	           -0.300000	            0.000000	            0.000000	            0.000000
            0.300000	         -169.556852	         1428.699381	          -18.556697	           -0.201483	            0.000000	           -0.243519	           -0.615286	            5.129825	           -0.069166	            0.000000	            0.000000	            0.000000	           -1.190000	            0.000000	           -0.300000	            0.000000	            0.000000	            0.000000
            0.301000	         -168.564775	         1448.918402	          -17.398098	           -0.199865	            0.000000	           -0.243492	           -0.609282	            5.197177	           -0.063988	            0.000000	            0.000000	            0.000000	           -1.190000	            0.000000	           -0.300000	            0.000000	            0.000000	            0.000000
            0.302000	         -167.552115	         1467.884234	          -16.435436	           -0.198271	            0.000000	           -0.243456	           -0.602758	            5.255679	           -0.059573	            0.000000	            0.000000	            0.000000	           -1.190000	            0.000000	           -0.300000	            0.000000	            0.000000	            0.000000
            0.303000	         -166.475321	         1485.548641	          -15.636996	           -0.196698	            0.000000	           -0.243412	           -0.595494	            5.303677	           -0.055827	            0.000000	            0.000000	            0.000000	           -1.190000	            0.000000	           -0.300000	            0.000000	            0.000000	            0.000000
            0.304000	         -165.292920	         1501.885234	          -14.969934	           -0.195141	            0.000000	           -0.243359	           -0.587284	            5.339708	           -0.052647	            0.000000	            0.000000	            0.000000	           -1.190000	            0.000000	           -0.300000	            0.000000	            0.000000	            0.000000
            0.305000	         -163.967440	         1516.888478	          -14.401936	           -0.193595	            0.000000	           -0.243299	           -0.577951	            5.362515	           -0.049925	            0.000000	            0.000000	            0.000000	           -1.190000	            0.000000	           -0.300000	            0.000000	            0.000000	            0.000000
            0.306000	         -162.466957	         1530.572076	          -13.902689	           -0.192056	            0.000000	           -0.243231	           -0.567347	            5.371053	           -0.047554	            0.000000	            0.000000	            0.000000	           -1.190000	            0.000000	           -0.300000	            0.000000	            0.000000	            0.000000
            0.307000	         -160.766189	         1542.966850	          -13.445099	           -0.190520	            0.000000	           -0.243156	           -0.555365	            5.364494	           -0.045430	            0.000000	            0.000000	            0.000000	           -1.190000	            0.000000	           -0.300000	            0.000000	            0.000000	            0.000000
            0.308000	         -158.847144	         1554.118203	          -13.006241	           -0.188990	            0.000000	           -0.243073	           -0.541935	            5.342222	           -0.043463	            0.000000	            0.000000	            0.000000	           -1.190000	            0.000000	           -0.300000	            0.000000	            0.000000	            0.000000
            0.309000	         -156.699310	         1564.083303	          -12.568001	           -0.187468	            0.000000	           -0.242986	           -0.527030	            5.303832	           -0.041572	            0.000000	            0.000000	            0.000000	           -1.190000	            0.000000	           -0.300000	            0.000000	            0.000000	            0.000000
            0.310000	         -154.319416	         1572.928104	          -12.117408	           -0.185958	            0.000000	           -0.242897	           -0.510664	            5.249120	           -0.039692	            0.000000	            0.000000	            0.000000	           -1.190000	            0.000000	           -0.300000	            0.000000	            0.000000	            0.000000
            0.311000	         -151.710818	         1580.724350	          -11.646658	           -0.184463	            0.000000	           -0.242809	           -0.492891	            5.178077	           -0.037777	            0.000000	            0.000000	            0.000000	           -1.190000	            0.000000	           -0.300000	            0.000000	            0.000000	            0.000000
            0.312000	         -148.882572	         1587.546680	          -11.152846	           -0.182986	            0.000000	           -0.242726	           -0.473799	            5.090881	           -0.035793	            0.000000	            0.000000	            0.000000	           -1.190000	            0.000000	           -0.300000	            0.000000	            0.000000	            0.000000
            0.313000	         -145.848282	         1593.469948	          -10.637436	           -0.181529	            0.000000	           -0.242648	           -0.453511	            4.987890	           -0.033724	            0.000000	            0.000000	            0.000000	           -1.190000	            0.000000	           -0.300000	            0.000000	            0.000000	            0.000000
            0.314000	         -142.624806	         1598.566865	          -10.105522	           -0.180092	            0.000000	           -0.242574	           -0.432173	            4.869636	           -0.031570	            0.000000	            0.000000	            0.000000	           -1.190000	            0.000000	           -0.300000	            0.000000	            0.000000	            0.000000
            0.315000	         -139.230911	         1602.906032	           -9.564917	           -0.178677	            0.000000	           -0.242503	           -0.409954	            4.736820	           -0.029339	            0.000000	            0.000000	            0.000000	           -1.190000	            0.000000	           -0.300000	            0.000000	            0.000000	            0.000000
            0.316000	         -135.685969	         1606.550418	           -9.025137	           -0.177282	            0.000000	           -0.242434	           -0.387040	            4.590308	           -0.027051	            0.000000	            0.000000	            0.000000	           -1.190000	            0.000000	           -0.300000	            0.000000	            0.000000	            0.000000
            0.317000	         -132.008766	         1609.556320	           -8.496355	           -0.175906	            0.000000	           -0.242364	           -0.363625	            4.431125	           -0.024734	            0.000000	            0.000000	            0.000000	           -1.190000	            0.000000	           -0.300000	            0.000000	            0.000000	            0.000000
            0.318000	         -128.216489	         1611.972791	           -7.988357	           -0.174549	            0.000000	           -0.242293	           -0.339907	            4.260449	           -0.022417	            0.000000	            0.000000	            0.000000	           -1.190000	            0.000000	           -0.300000	            0.000000	            0.000000	            0.000000
            0.319000	         -124.323933	         1613.841533	           -7.509591	           -0.173211	            0.000000	           -0.242217	           -0.316085	            4.079603	           -0.020135	            0.000000	            0.000000	            0.000000	           -1.190000	            0.000000	           -0.300000	            0.000000	            0.000000	            0.000000
            0.320000	         -120.342963	         1615.197184	           -7.066340	           -0.171889	            0.000000	           -0.242134	           -0.292354	            3.890049	           -0.017917	            0.000000	            0.000000	            0.000000	           -1.190000	            0.000000	           -0.300000	            0.000000	            0.000000	            0.000000
            0.321000	         -116.282221	         1616.067957	           -6.662061	           -0.170581	            0.000000	           -0.242044	           -0.268898	            3.693369	           -0.015793	            0.000000	            0.000000	            0.000000	           -1.190000	            0.000000	           -0.300000	            0.000000	            0.000000	            0.000000
            0.322000	         -112.147083	         1616.476536	           -6.296930	           -0.169284	            0.000000	           -0.241949	           -0.245892	            3.491250	           -0.013788	            0.000000	            0.000000	            0.000000	           -1.190000	            0.000000	           -0.300000	            0.000000	            0.000000	            0.000000
            0.323000	         -107.939823	         1616.441149	           -5.967604	           -0.167992	            0.000000	           -0.241848	           -0.223495	            3.285465	           -0.011918	            0.000000	            0.000000	            0.000000	           -1.190000	            0.000000	           -0.300000	            0.000000	            0.000000	            0.000000
            0.324000	         -103.659952	         1615.976719	           -5.667193	           -0.166703	            0.000000	           -0.241745	           -0.201849	            3.077844	           -0.010197	            0.000000	            0.000000	            0.000000	           -1.190000	            0.000000	           -0.300000	            0.000000	            0.000000	            0.000000
            0.325000	          -99.304681	         1615.096020	           -5.385457	           -0.165416	            0.000000	           -0.241641	           -0.181080	            2.870248	           -0.008631	            0.000000	            0.000000	            0.000000	           -1.190000	            0.000000	           -0.300000	            0.000000	            0.000000	            0.000000
            0.326000	          -94.869457	         1613.810737	           -5.109186	           -0.164134	            0.000000	           -0.241539	           -0.161294	            2.664528	           -0.007219	            0.000000	            0.000000	            0.000000	           -1.190000	            0.000000	           -0.300000	            0.000000	            0.000000	            0.000000
            0.327000	          -90.348522	         1612.132378	           -4.822748	           -0.162858	            0.000000	           -0.241442	           -0.142576	            2.462496	           -0.005954	            0.000000	            0.000000	            0.000000	           -1.190000	            0.000000	           -0.300000	            0.000000	            0.000000	            0.000000
            0.328000	          -85.735460	         1610.072984	           -4.508766	           -0.161590	            0.000000	           -0.241351	           -0.124994	            2.265880	           -0.004826	            0.000000	            0.000000	            0.000000	           -1.190000	            0.000000	           -0.300000	            0.000000	            0.000000	            0.000000
            0.329000	          -81.023686	         1607.645595	           -4.148887	           -0.160333	            0.000000	           -0.241269	           -0.108594	            2.076288	           -0.003821	            0.000000	            0.000000	            0.000000	           -1.190000	            0.000000	           -0.300000	            0.000000	            0.000000	            0.000000
            0.330000	          -76.206860	         1604.864470	           -3.724592	           -0.159091	            0.000000	           -0.241195	           -0.093402	            1.895167	           -0.002922	            0.000000	            0.000000	            0.000000	           -1.190000	            0.000000	           -0.300000	            0.000000	            0.000000	            0.000000
            0.331000	          -71.279219	         1601.745055	           -3.218019	           -0.157865	            0.000000	           -0.241128	           -0.079429	            1.723770	           -0.002109	            0.000000	            0.000000	            0.000000	           -1.190000	            0.000000	           -0.300000	            0.000000	            0.000000	            0.000000
            0.332000	          -66.235812	         1598.303729	           -2.612752	           -0.156659	            0.000000	           -0.241067	           -0.066668	            1.563120	           -0.001366	            0.000000	            0.000000	            0.000000	           -1.190000	            0.000000	           -0.300000	            0.000000	            0.000000	            0.000000
            0.333000	          -61.072651	         1594.557361	           -1.894535	           -0.155475	            0.000000	           -0.241010	           -0.055094	            1.413984	           -0.000675	            0.000000	            0.000000	            0.000000	           -1.190000	            0.000000	           -0.300000	            0.000000	            0.000000	            0.000000
            0.334000	          -55.786797	         1590.522723	           -1.051893	           -0.154316	            0.000000	           -0.240956	           -0.044673	            1.276857	           -0.000021	            0.000000	            0.000000	            0.000000	           -1.190000	            0.000000	           -0.300000	            0.000000	            0.000000	            0.000000
            0.335000	          -50.376386	         1586.215817	           -0.076616	           -0.153187	            0.000000	           -0.240906	           -0.035359	            1.151942	            0.000609	            0.000000	            0.000000	            0.000000	           -1.190000	            0.000000	           -0.300000	            0.000000	            0.000000	            0.000000
            0.336000	          -44.840620	         1581.651172	            1.035891	           -0.152095	            0.000000	           -0.240860	           -0.027096	            1.039155	            0.001221	            0.000000	            0.000000	            0.000000	           -1.190000	            0.000000	           -0.300000	            0.000000	            0.000000	            0.000000
            0.337000	          -39.179741	         1576.841172	            2.286428	           -0.151045	            0.000000	           -0.240819	           -0.019826	            0.938123	            0.001821	            0.000000	            0.000000	            0.000000	           -1.190000	            0.000000	           -0.300000	            0.000000	            0.000000	            0.000000
            0.338000	          -33.394996	         1571.795455	            3.671974	           -0.150041	            0.000000	           -0.240784	           -0.013485	            0.848202	            0.002408	            0.000000	            0.000000	            0.000000	           -1.190000	            0.000000	           -0.300000	            0.000000	            0.000000	            0.000000
            0.339000	          -27.488615	         1566.520435	            5.185822	           -0.149085	            0.000000	           -0.240758	           -0.008012	            0.768499	            0.002977	            0.000000	            0.000000	            0.000000	           -1.190000	            0.000000	           -0.300000	            0.000000	            0.000000	            0.000000
            0.340000	          -21.463792	         1561.018977	            6.817871	           -0.148176	            0.000000	           -0.240741	           -0.003348	            0.697904	            0.003519	            0.000000	            0.000000	            0.000000	           -1.190000	            0.000000	           -0.300000	            0.000000	            0.000000	            0.000000
            0.341000	          -15.324686	         1555.290240	            8.555039	           -0.147309	            0.000000	           -0.240737	            0.000561	            0.635127	            0.004021	            0.000000	            0.000000	            0.000000	           -1.190000	            0.000000	           -0.300000	            0.000000	            0.000000	            0.000000
            0.342000	           -9.076432	         1549.329695	           10.381792	           -0.146480	            0.000000	           -0.240747	            0.003762	            0.578740	            0.004465	            0.000000	            0.000000	            0.000000	           -1.190000	            0.000000	           -0.300000	            0.000000	            0.000000	            0.000000
            0.343000	           -2.725162	         1543.129317	           12.280759	           -0.145681	            0.000000	           -0.240773	            0.006292	            0.527229	            0.004832	            0.000000	            0.000000	            0.000000	           -1.190000	            0.000000	           -0.300000	            0.000000	            0.000000	            0.000000
            0.344000	            3.721972	         1536.677928	           14.233383	           -0.144909	            0.000000	           -0.240813	            0.008177	            0.479039	            0.005099	            0.000000	            0.000000	            0.000000	           -1.190000	            0.000000	           -0.300000	            0.000000	            0.000000	            0.000000
            0.345000	           10.256781	         1529.961667	           16.220602	           -0.144161	            0.000000	           -0.240867	            0.009436	            0.432628	            0.005242	            0.000000	            0.000000	            0.000000	           -1.190000	            0.000000	           -0.300000	            0.000000	            0.000000	            0.000000
            0.346000	           16.870023	         1522.964559	           18.223506	           -0.143435	            0.000000	           -0.240930	            0.010072	            0.386510	            0.005236	            0.000000	            0.000000	            0.000000	           -1.190000	            0.000000	           -0.300000	            0.000000	            0.000000	            0.000000
            0.347000	           23.551416	         1515.669142	           20.223952	           -0.142730	            0.000000	           -0.240999	            0.010082	            0.339302	            0.005057	            0.000000	            0.000000	            0.000000	           -1.190000	            0.000000	           -0.300000	            0.000000	            0.000000	            0.000000
            0.348000	           30.289655	         1508.057127	           22.205096	           -0.142045	            0.000000	           -0.241070	            0.009449	            0.289761	            0.004681	            0.000000	            0.000000	            0.000000	           -1.190000	            0.000000	           -0.300000	            0.000000	            0.000000	            0.000000
            0.349000	           37.072465	         1500.110044	           24.151845	           -0.141376	            0.000000	           -0.241141	            0.008151	            0.236815	            0.004084	            0.000000	            0.000000	            0.000000	           -1.190000	            0.000000	           -0.300000	            0.000000	            0.000000	            0.000000
            0.350000	           43.886677	         1491.809854	           26.051185	           -0.140722	            0.000000	           -0.241213	            0.006158	            0.179590	            0.003248	            0.000000	            0.000000	            0.000000	           -1.190000	            0.000000	           -0.300000	            0.000000	            0.000000	            0.000000
            0.351000	           50.718327	         1483.139493	           27.892403	           -0.140083	            0.000000	           -0.241287	            0.003433	            0.117422	            0.002155	            0.000000	            0.000000	            0.000000	           -1.190000	            0.000000	           -0.300000	            0.000000	            0.000000	            0.000000
            0.352000	           57.552792	         1474.083341	           29.667192	           -0.139461	            0.000000	           -0.241362	           -0.000061	            0.049866	            0.000789	            0.000000	            0.000000	            0.000000	           -1.190000	            0.000000	           -0.300000	            0.000000	            0.000000	            0.000000
            0.353000	           64.374949	         1464.627579	           31.369635	           -0.138860	            0.000000	           -0.241441	           -0.004365	           -0.023303	           -0.000859	            0.000000	            0.000000	            0.000000	           -1.190000	            0.000000	           -0.300000	            0.000000	            0.000000	            0.000000
            0.354000	           71.169352	         1454.760455	           32.996098	           -0.138280	            0.000000	           -0.241524	           -0.009518	           -0.102106	           -0.002798	            0.000000	            0.000000	            0.000000	           -1.190000	            0.000000	           -0.300000	            0.000000	            0.000000	            0.000000
            0.355000	           77.920440	         1444.472433	           34.545038	           -0.137719	            0.000000	           -0.241608	           -0.015559	           -0.186366	           -0.005031	            0.000000	            0.000000	            0.000000	           -1.190000	            0.000000	           -0.300000	            0.000000	            0.000000	            0.000000
            0.356000	           84.612742	         1433.756245	           36.016734	           -0.137173	            0.000000	           -0.241695	           -0.022521	           -0.275738	           -0.007559	            0.000000	            0.000000	            0.000000	           -1.190000	            0.000000	           -0.300000	            0.000000	            0.000000	            0.000000
            0.357000	           91.231093	         1422.606843	           37.412977	           -0.136638	            0.000000	           -0.241783	           -0.030434	           -0.369731	           -0.010378	            0.000000	            0.000000	            0.000000	           -1.190000	            0.000000	           -0.300000	            0.000000	            0.000000	            0.000000
            0.358000	           97.760837	         1411.021280	           38.736729	           -0.136111	            0.000000	           -0.241871	           -0.039322	           -0.467735	           -0.013484	            0.000000	            0.000000	            0.000000	           -1.190000	            0.000000	           -0.300000	            0.000000	            0.000000	            0.000000
            0.359000	          104.188014	         1398.998517	           39.991766	           -0.135593	            0.000000	           -0.241961	           -0.049203	           -0.569057	           -0.016869	            0.000000	            0.000000	            0.000000	           -1.190000	            0.000000	           -0.300000	            0.000000	            0.000000	            0.000000
            0.360000	          110.499506	         1386.539191	           41.182326	           -0.135085	            0.000000	           -0.242051	           -0.060090	           -0.672949	           -0.020521	            0.000000	            0.000000	            0.000000	           -1.190000	            0.000000	           -0.300000	            0.000000	            0.000000	            0.000000
            0.361000	          116.683154	         1373.645354	           42.312781	           -0.134592	            0.000000	           -0.242142	           -0.071988	           -0.778637	           -0.024428	            0.000000	            0.000000	            0.000000	           -1.190000	            0.000000	           -0.300000	            0.000000	            0.000000	            0.000000
            0.362000	          122.727815	         1360.320204	           43.387334	           -0.134117	            0.000000	           -0.242235	           -0.084898	           -0.885351	           -0.028578	            0.000000	            0.000000	            0.000000	           -1.190000	            0.000000	           -0.300000	            0.000000	            0.000000	            0.000000
            0.363000	          128.623366	         1346.567833	           44.409758	           -0.133662	            0.000000	           -0.242330	           -0.098815	           -0.992348	           -0.032956	            0.000000	            0.000000	            0.000000	           -1.190000	            0.000000	           -0.300000	            0.000000	            0.000000	            0.000000
            0.364000	          134.360653	         1332.392990	           45.383179	           -0.133228	            0.000000	           -0.242429	           -0.113727	           -1.098936	           -0.037547	            0.000000	            0.000000	            0.000000	           -1.190000	            0.000000	           -0.300000	            0.000000	            0.000000	            0.000000
            0.365000	          139.931374	         1317.800897	           46.309910	           -0.132816	            0.000000	           -0.242533	           -0.129622	           -1.204486	           -0.042334	            0.000000	            0.000000	            0.000000	           -1.190000	            0.000000	           -0.300000	            0.000000	            0.000000	            0.000000
            0.366000	          145.327922	         1302.797105	           47.191338	           -0.132420	            0.000000	           -0.242643	           -0.146481	           -1.308452	           -0.047304	            0.000000	            0.000000	            0.000000	           -1.190000	            0.000000	           -0.300000	            0.000000	            0.000000	            0.000000
            0.367000	          150.543176	         1287.387409	           48.027854	           -0.132039	            0.000000	           -0.242758	           -0.164282	           -1.410371	           -0.052439	            0.000000	            0.000000	            0.000000	           -1.190000	            0.000000	           -0.300000	            0.000000	            0.000000	            0.000000
            0.368000	          155.570274	         1271.577818	           48.818837	           -0.131669	            0.000000	           -0.242877	           -0.183002	           -1.509876	           -0.057725	            0.000000	            0.000000	            0.000000	           -1.190000	            0.000000	           -0.300000	            0.000000	            0.000000	            0.000000
            0.369000	          160.402361	         1255.374581	           49.562684	           -0.131306	            0.000000	           -0.242997	           -0.202614	           -1.606690	           -0.063146	            0.000000	            0.000000	            0.000000	           -1.190000	            0.000000	           -0.300000	            0.000000	            0.000000	            0.000000
            0.370000	          165.032352	         1238.784257	           50.256867	           -0.130946	            0.000000	           -0.243116	           -0.223088	           -1.700626	           -0.068685	            0.000000	            0.000000	            0.000000	           -1.190000	            0.000000	           -0.300000	            0.000000	            0.000000	            0.000000
            0.371000	          169.452717	         1221.813830	           50.898037	           -0.130584	            0.000000	           -0.243231	           -0.244394	           -1.791578	           -0.074327	            0.000000	            0.000000	            0.000000	           -1.190000	            0.000000	           -0.300000	            0.000000	            0.000000	            0.000000
            0.372000	          173.655299	         1204.470848	           51.482145	           -0.130221	            0.000000	           -0.243343	           -0.266495	           -1.879520	           -0.080056	            0.000000	            0.000000	            0.000000	           -1.190000	            0.000000	           -0.300000	            0.000000	            0.000000	            0.000000
            0.373000	          177.631196	         1186.763584	           52.004592	           -0.129859	            0.000000	           -0.243454	           -0.289356	           -1.964485	           -0.085854	            0.000000	            0.000000	            0.000000	           -1.190000	            0.000000	           -0.300000	            0.000000	            0.000000	            0.000000
            0.374000	          181.370703	         1168.701203	           52.460383	           -0.129502	            0.000000	           -0.243565	           -0.312935	           -2.046564	           -0.091703	            0.000000	            0.000000	            0.000000	           -1.190000	            0.000000	           -0.300000	            0.000000	            0.000000	            0.000000
            0.375000	          184.863335	         1150.293914	           52.844298	           -0.129153	            0.000000	           -0.243679	           -0.337186	           -2.125884	           -0.097585	            0.000000	            0.000000	            0.000000	           -1.190000	            0.000000	           -0.300000	            0.000000	            0.000000	            0.000000
            0.376000	          188.097924	         1131.553122	           53.151063	           -0.128812	            0.000000	           -0.243798	           -0.362060	           -2.202601	           -0.103480	            0.000000	            0.000000	            0.000000	           -1.190000	            0.000000	           -0.300000	            0.000000	            0.000000	            0.000000
            0.377000	          191.062791	         1112.491536	           53.375515	           -0.128475	            0.000000	           -0.243921	           -0.387500	           -2.276883	           -0.109364	            0.000000	            0.000000	            0.000000	           -1.190000	            0.000000	           -0.300000	            0.000000	            0.000000	            0.000000
            0.378000	          193.745988	         1093.123259	           53.512768	           -0.128140	            0.000000	           -0.244047	           -0.413445	           -2.348901	           -0.115216	            0.000000	            0.000000	            0.000000	           -1.190000	            0.000000	           -0.300000	            0.000000	            0.000000	            0.000000
            0.379000	          196.135595	         1073.463839	           53.558358	           -0.127802	            0.000000	           -0.244171	           -0.439824	           -2.418812	           -0.121008	            0.000000	            0.000000	            0.000000	           -1.190000	            0.000000	           -0.300000	            0.000000	            0.000000	            0.000000
            0.380000	          198.220064	         1053.530283	           53.508384	           -0.127457	            0.000000	           -0.244291	           -0.466561	           -2.486751	           -0.126715	            0.000000	            0.000000	            0.000000	           -1.190000	            0.000000	           -0.300000	            0.000000	            0.000000	            0.000000
            0.381000	          199.988577	         1033.341035	           53.359625	           -0.127102	            0.000000	           -0.244404	           -0.493571	           -2.552822	           -0.132306	            0.000000	            0.000000	            0.000000	           -1.190000	            0.000000	           -0.300000	            0.000000	            0.000000	            0.000000
            0.382000	          201.431427	         1012.915922	           53.109639	           -0.126737	            0.000000	           -0.244511	           -0.520758	           -2.617086	           -0.137750	            0.000000	            0.000000	            0.000000	           -1.190000	            0.000000	           -0.300000	            0.000000	            0.000000	            0.000000
            0.383000	          202.540368	          992.276076	           52.756845	           -0.126359	            0.000000	           -0.244615	           -0.548022	           -2.679562	           -0.143014	            0.000000	            0.000000	            0.000000	           -1.190000	            0.000000	           -0.300000	            0.000000	            0.000000	            0.000000
            0.384000	          203.308954	          971.443824	           52.300580	           -0.125969	            0.000000	           -0.244715	           -0.575249	           -2.740219	           -0.148064	            0.000000	            0.000000	            0.000000	           -1.190000	            0.000000	           -0.300000	            0.000000	            0.000000	            0.000000
            0.385000	          203.732828	          950.442573	           51.741130	           -0.125569	            0.000000	           -0.244811	           -0.602322	           -2.798973	           -0.152865	            0.000000	            0.000000	            0.000000	           -1.190000	            0.000000	           -0.300000	            0.000000	            0.000000	            0.000000
            0.386000	          203.809958	          929.296671	           51.079744	           -0.125166	            0.000000	           -0.244901	           -0.629113	           -2.855693	           -0.157380	            0.000000	            0.000000	            0.000000	           -1.190000	            0.000000	           -0.300000	            0.000000	            0.000000	            0.000000
            0.387000	          203.540814	          908.031272	           50.318627	           -0.124764	            0.000000	           -0.244983	           -0.655488	           -2.910200	           -0.161574	            0.000000	            0.000000	            0.000000	           -1.190000	            0.000000	           -0.300000	            0.000000	            0.000000	            0.000000
            0.388000	          202.928484	          886.672186	           49.460902	           -0.124367	            0.000000	           -0.245052	           -0.681311	           -2.962271	           -0.165413	            0.000000	            0.000000	            0.000000	           -1.190000	            0.000000	           -0.300000	            0.000000	            0.000000	            0.000000
            0.389000	          201.978721	          865.245745	           48.510569	           -0.123977	            0.000000	           -0.245104	           -0.706439	           -3.011646	           -0.168860	            0.000000	            0.000000	            0.000000	           -1.190000	            0.000000	           -0.300000	            0.000000	            0.000000	            0.000000
            0.390000	          200.699932	          843.778650	           47.472432	           -0.123594	            0.000000	           -0.245140	           -0.730731	           -3.058039	           -0.171885	            0.000000	            0.000000	            0.000000	           -1.190000	            0.000000	           -0.300000	            0.000000	            0.000000	            0.000000
            0.391000	          199.103106	          822.297839	           46.352021	           -0.123217	            0.000000	           -0.245160	           -0.754043	           -3.101138	           -0.174458	            0.000000	            0.000000	            0.000000	           -1.190000	            0.000000	           -0.300000	            0.000000	            0.000000	            0.000000
            0.392000	          197.201695	          800.830343	           45.155504	           -0.122844	            0.000000	           -0.245166	           -0.776240	           -3.140625	           -0.176552	            0.000000	            0.000000	            0.000000	           -1.190000	            0.000000	           -0.300000	            0.000000	            0.000000	            0.000000
            0.393000	          195.011451	          779.403152	           43.889584	           -0.122474	            0.000000	           -0.245161	           -0.797186	           -3.176176	           -0.178145	            0.000000	            0.000000	            0.000000	           -1.190000	            0.000000	           -0.300000	            0.000000	            0.000000	            0.000000
            0.394000	          192.550219	          758.043074	           42.561395	           -0.122102	            0.000000	           -0.245146	           -0.816761	           -3.207476	           -0.179218	            0.000000	            0.000000	            0.000000	           -1.190000	            0.000000	           -0.300000	            0.000000	            0.000000	            0.000000
            0.395000	          189.837713	          736.776604	           41.178397	           -0.121725	            0.000000	           -0.245123	           -0.834850	           -3.234227	           -0.179757	            0.000000	            0.000000	            0.000000	           -1.190000	            0.000000	           -0.300000	            0.000000	            0.000000	            0.000000
            0.396000	          186.895251	          715.629784	           39.748267	           -0.121338	            0.000000	           -0.245090	           -0.851356	           -3.256155	           -0.179754	            0.000000	            0.000000	            0.000000	           -1.190000	            0.000000	           -0.300000	            0.000000	            0.000000	            0.000000
            0.397000	          183.745485	          694.628072	           38.278797	           -0.120942	            0.000000	           -0.245048	           -0.866198	           -3.273021	           -0.179205	            0.000000	            0.000000	            0.000000	           -1.190000	            0.000000	           -0.300000	            0.000000	            0.000000	            0.000000
            0.398000	          180.412105	          673.796209	           36.777790	           -0.120540	            0.000000	           -0.244996	           -0.879312	           -3.284629	           -0.178112	            0.000000	            0.000000	            0.000000	           -1.190000	            0.000000	           -0.300000	            0.000000	            0.000000	            0.000000
            0.399000	          176.919531	          653.158099	           35.252968	           -0.120140	            0.000000	           -0.244933	           -0.890657	           -3.290827	           -0.176481	            0.000000	            0.000000	            0.000000	           -1.190000	            0.000000	           -0.300000	            0.000000	            0.000000	            0.000000
            0.400000	          173.292602	          632.736697	           33.711883	           -0.119754	            0.000000	           -0.244861	           -0.900213	           -3.291518	           -0.174325	            0.000000	            0.000000	            0.000000	           -1.190000	            0.000000	           -0.300000	            0.000000	            0.000000	            0.000000
            0.401000	          169.556244	          612.553904	           32.161836	           -0.119396	            0.000000	           -0.244778	           -0.907986	           -3.286663	           -0.171660	            0.000000	            0.000000	            0.000000	           -1.190000	            0.000000	           -0.300000	            0.000000	            0.000000	            0.000000
            0.402000	          165.735143	          592.630492	           30.609810	           -0.119077	            0.000000	           -0.244685	           -0.914005	           -3.276282	           -0.168508	            0.000000	            0.000000	            0.000000	           -1.190000	            0.000000	           -0.300000	            0.000000	            0.000000	            0.000000
            0.403000	          161.853414	          572.986024	           29.062405	           -0.118805	            0.000000	           -0.244578	           -0.918323	           -3.260456	           -0.164893	            0.000000	            0.000000	            0.000000	           -1.190000	            0.000000	           -0.300000	            0.000000	            0.000000	            0.000000
            0.404000	          157.934269	          553.638814	           27.525784	           -0.118580	            0.000000	           -0.244454	           -0.921018	           -3.239329	           -0.160844	            0.000000	            0.000000	            0.000000	           -1.190000	            0.000000	           -0.300000	            0.000000	            0.000000	            0.000000
            0.405000	          153.999707	          534.605880	           26.005632	           -0.118390	            0.000000	           -0.244310	           -0.922191	           -3.213106	           -0.156391	            0.000000	            0.000000	            0.000000	           -1.190000	            0.000000	           -0.300000	            0.000000	            0.000000	            0.000000
            0.406000	          150.070207	          515.902918	           24.507121	           -0.118215	            0.000000	           -0.244145	           -0.921963	           -3.182049	           -0.151568	            0.000000	            0.000000	            0.000000	           -1.190000	            0.000000	           -0.300000	            0.000000	            0.000000	            0.000000
            0.407000	          146.164464	          497.544276	           23.034885	           -0.118035	            0.000000	           -0.243958	           -0.920474	           -3.146477	           -0.146407	            0.000000	            0.000000	            0.000000	           -1.190000	            0.000000	           -0.300000	            0.000000	            0.000000	            0.000000
            0.408000	          142.299147	          479.542932	           21.593005	           -0.117842	            0.000000	           -0.243749	           -0.917879	           -3.106755	           -0.140943	            0.000000	            0.000000	            0.000000	           -1.190000	            0.000000	           -0.300000	            0.000000	            0.000000	            0.000000
            0.409000	          138.488713	          461.910467	           20.184997	           -0.117641	            0.000000	           -0.243519	           -0.914345	           -3.063290	           -0.135209	            0.000000	            0.000000	            0.000000	           -1.190000	            0.000000	           -0.300000	            0.000000	            0.000000	            0.000000
            0.410000	          134.745256	          444.657028	           18.813820	           -0.117445	            0.000000	           -0.243274	           -0.910046	           -3.016525	           -0.129238	            0.000000	            0.000000	            0.000000	           -1.190000	            0.000000	           -0.300000	            0.000000	            0.000000	            0.000000
            0.411000	          131.078425	          427.791289	           17.481881	           -0.117271	            0.000000	           -0.243017	           -0.905159	           -2.966927	           -0.123061	            0.000000	            0.000000	            0.000000	           -1.190000	            0.000000	           -0.300000	            0.000000	            0.000000	            0.000000
            0.412000	          127.495387	          411.320412	           16.191054	           -0.117133	            0.000000	           -0.242752	           -0.899860	           -2.914977	           -0.116708	            0.000000	            0.000000	            0.000000	           -1.190000	            0.000000	           -0.300000	            0.000000	            0.000000	            0.000000
            0.413000	          124.000851	          395.250000	           14.942706	           -0.117043	            0.000000	           -0.242478	           -0.894316	           -2.861161	           -0.110205	            0.000000	            0.000000	            0.000000	           -1.190000	            0.000000	           -0.300000	            0.000000	            0.000000	            0.000000
            0.414000	          120.597142	          379.584066	           13.737728	           -0.117001	            0.000000	           -0.242197	           -0.888685	           -2.805958	           -0.103578	            0.000000	            0.000000	            0.000000	           -1.190000	            0.000000	           -0.300000	            0.000000	            0.000000	            0.000000
            0.415000	          117.284325	          364.325017	           12.576574	           -0.117008	            0.000000	           -0.241906	           -0.883105	           -2.749827	           -0.096847	            0.000000	            0.000000	            0.000000	           -1.190000	            0.000000	           -0.300000	            0.000000	            0.000000	            0.000000
            0.416000	          114.060371	          349.473663	           11.459300	           -0.117059	            0.000000	           -0.241606	           -0.877694	           -2.693198	           -0.090032	            0.000000	            0.000000	            0.000000	           -1.190000	            0.000000	           -0.300000	            0.000000	            0.000000	            0.000000
            0.417000	          110.921364	          335.029261	           10.385615	           -0.117149	            0.000000	           -0.241294	           -0.872542	           -2.636459	           -0.083152	            0.000000	            0.000000	            0.000000	           -1.190000	            0.000000	           -0.300000	            0.000000	            0.000000	            0.000000
            0.418000	          107.861739	          320.989594	            9.354922	           -0.117274	            0.000000	           -0.240972	           -0.867708	           -2.579952	           -0.076221	            0.000000	            0.000000	            0.000000	           -1.190000	            0.000000	           -0.300000	            0.000000	            0.000000	            0.000000
            0.419000	          104.874551	          307.351103	            8.366369	           -0.117428	            0.000000	           -0.240643	           -0.863218	           -2.523955	           -0.069256	            0.000000	            0.000000	            0.000000	           -1.190000	            0.000000	           -0.300000	            0.000000	            0.000000	            0.000000
            0.420000	          101.951766	          294.109051	            7.418891	           -0.117614	            0.000000	           -0.240308	           -0.859060	           -2.468686	           -0.062268	            0.000000	            0.000000	            0.000000	           -1.190000	            0.000000	           -0.300000	            0.000000	            0.000000	            0.000000
            0.421000	           99.084574	          281.257737	            6.511254	           -0.117845	            0.000000	           -0.239966	           -0.855186	           -2.414295	           -0.055271	            0.000000	            0.000000	            0.000000	           -1.190000	            0.000000	           -0.300000	            0.000000	            0.000000	            0.000000
            0.422000	           96.263723	          268.790740	            5.642098	           -0.118134	            0.000000	           -0.239612	           -0.851509	           -2.360862	           -0.048279	            0.000000	            0.000000	            0.000000	           -1.190000	            0.000000	           -0.300000	            0.000000	            0.000000	            0.000000
            0.423000	           93.479865	          256.701187	            4.809971	           -0.118494	            0.000000	           -0.239241	           -0.847909	           -2.308403	           -0.041307	            0.000000	            0.000000	            0.000000	           -1.190000	            0.000000	           -0.300000	            0.000000	            0.000000	            0.000000
            0.424000	           90.723904	          244.982035	            4.013369	           -0.118918	            0.000000	           -0.238853	           -0.844232	           -2.256868	           -0.034368	            0.000000	            0.000000	            0.000000	           -1.190000	            0.000000	           -0.300000	            0.000000	            0.000000	            0.000000
            0.425000	           87.987354	          233.626345	            3.250766	           -0.119399	            0.000000	           -0.238450	           -0.840299	           -2.206154	           -0.027481	            0.000000	            0.000000	            0.000000	           -1.190000	            0.000000	           -0.300000	            0.000000	            0.000000	            0.000000
            0.426000	           85.262678	          222.627549	            2.520648	           -0.119930	            0.000000	           -0.238034	           -0.835909	           -2.156112	           -0.020663	            0.000000	            0.000000	            0.000000	           -1.190000	            0.000000	           -0.300000	            0.000000	            0.000000	            0.000000
            0.427000	           82.543604	          211.979677	            1.821545	           -0.120514	            0.000000	           -0.237603	           -0.830850	           -2.106558	           -0.013933	            0.000000	            0.000000	            0.000000	           -1.190000	            0.000000	           -0.300000	            0.000000	            0.000000	            0.000000
            0.428000	           79.825411	          201.677545	            1.152064	           -0.121162	            0.000000	           -0.237153	           -0.824906	           -2.057283	           -0.007313	            0.000000	            0.000000	            0.000000	           -1.190000	            0.000000	           -0.300000	            0.000000	            0.000000	            0.000000
            0.429000	           77.105152	          191.716882	            0.510913	           -0.121892	            0.000000	           -0.236677	           -0.817869	           -2.008069	           -0.000825	            0.000000	            0.000000	            0.000000	           -1.190000	            0.000000	           -0.300000	            0.000000	            0.000000	            0.000000
            0.430000	           74.381815	          182.094396	           -0.103061	           -0.122733	            0.000000	           -0.236171	           -0.809543	           -1.958701	            0.005509	            0.000000	            0.000000	            0.000000	           -1.190000	            0.000000	           -0.300000	            0.000000	            0.000000	            0.000000
            0.431000	           71.656399	          172.807774	           -0.690847	           -0.123720	            0.000000	           -0.235631	           -0.799760	           -1.908978	            0.011668	            0.000000	            0.000000	            0.000000	           -1.190000	            0.000000	           -0.300000	            0.000000	            0.000000	            0.000000
            0.432000	           68.931898	          163.855601	           -1.253243	           -0.124892	            0.000000	           -0.235054	           -0.788383	           -1.858721	            0.017632	            0.000000	            0.000000	            0.000000	           -1.190000	            0.000000	           -0.300000	            0.000000	            0.000000	            0.000000
            0.433000	           66.213184	          155.237223	           -1.790833	           -0.126280	            0.000000	           -0.234436	           -0.775317	           -1.807785	            0.023382	            0.000000	            0.000000	            0.000000	           -1.190000	            0.000000	           -0.300000	            0.000000	            0.000000	            0.000000
            0.434000	           63.506798	          146.952537	           -2.303958	           -0.127906	            0.000000	           -0.233769	           -0.760512	           -1.756064	            0.028906	            0.000000	            0.000000	            0.000000	           -1.190000	            0.000000	           -0.300000	            0.000000	            0.000000	            0.000000
            0.435000	           60.820643	          139.001732	           -2.792710	           -0.129774	            0.000000	           -0.233047	           -0.743968	           -1.703490	            0.034194	            0.000000	            0.000000	            0.000000	           -1.190000	            0.000000	           -0.300000	            0.000000	            0.000000	            0.000000
            0.436000	           58.163603	          131.384982	           -3.256913	           -0.131882	            0.000000	           -0.232262	           -0.725733	           -1.650039	            0.039242	            0.000000	            0.000000	            0.000000	           -1.190000	            0.000000	           -0.300000	            0.000000	            0.000000	            0.000000
            0.437000	           55.545108	          124.102107	           -3.696118	           -0.134214	            0.000000	           -0.231409	           -0.705909	           -1.595723	            0.044056	            0.000000	            0.000000	            0.000000	           -1.190000	            0.000000	           -0.300000	            0.000000	            0.000000	            0.000000
            0.438000	           52.974655	          117.152221	           -4.109610	           -0.136761	            0.000000	           -0.230485	           -0.684642	           -1.540590	            0.048646	            0.000000	            0.000000	            0.000000	           -1.190000	            0.000000	           -0.300000	            0.000000	            0.000000	            0.000000
            0.439000	           50.461339	          110.533375	           -4.496413	           -0.139527	            0.000000	           -0.229489	           -0.662121	           -1.484714	            0.053030	            0.000000	            0.000000	            0.000000	           -1.190000	            0.000000	           -0.300000	            0.000000	            0.000000	            0.000000
            0.440000	           48.013387	          104.242211	           -4.855307	           -0.142546	            0.000000	           -0.228415	           -0.638573	           -1.428191	            0.057235	            0.000000	            0.000000	            0.000000	           -1.190000	            0.000000	           -0.300000	            0.000000	            0.000000	            0.000000
            0.441000	           45.637759	           98.273654	           -5.184857	           -0.145866	            0.000000	           -0.227249	           -0.614252	           -1.371127	            0.061295	            0.000000	            0.000000	            0.000000	           -1.190000	            0.000000	           -0.300000	            0.000000	            0.000000	            0.000000
            0.442000	           43.339815	           92.620646	           -5.483445	           -0.149536	            0.000000	           -0.225980	           -0.589436	           -1.313632	            0.065247	            0.000000	            0.000000	            0.000000	           -1.190000	            0.000000	           -0.300000	            0.000000	            0.000000	            0.000000
            0.443000	           41.123072	           87.273949	           -5.749316	           -0.153598	            0.000000	           -0.224612	           -0.564414	           -1.255816	            0.069133	            0.000000	            0.000000	            0.000000	           -1.190000	            0.000000	           -0.300000	            0.000000	            0.000000	            0.000000
            0.444000	           38.989073	           82.222022	           -5.980625	           -0.158085	            0.000000	           -0.223167	           -0.539479	           -1.197779	            0.072998	            0.000000	            0.000000	            0.000000	           -1.190000	            0.000000	           -0.300000	            0.000000	            0.000000	            0.000000
            0.445000	           36.937366	           77.451000	           -6.175501	           -0.163015	            0.000000	           -0.221672	           -0.514919	           -1.139611	            0.076882	            0.000000	            0.000000	            0.000000	           -1.190000	            0.000000	           -0.300000	            0.000000	            0.000000	            0.000000
            0.446000	           34.965589	           72.944768	           -6.332113	           -0.168397	            0.000000	           -0.220145	           -0.491011	           -1.081390	            0.080823	            0.000000	            0.000000	            0.000000	           -1.190000	            0.000000	           -0.300000	            0.000000	            0.000000	            0.000000
            0.447000	           33.069664	           68.685151	           -6.448740	           -0.174234	            0.000000	           -0.218580	           -0.468006	           -1.023183	            0.084847	            0.000000	            0.000000	            0.000000	           -1.190000	            0.000000	           -0.300000	            0.000000	            0.000000	            0.000000
            0.448000	           31.244078	           64.652216	           -6.523857	           -0.180531	            0.000000	           -0.216966	           -0.446130	           -0.965049	            0.088968	            0.000000	            0.000000	            0.000000	           -1.190000	            0.000000	           -0.300000	            0.000000	            0.000000	            0.000000
            0.449000	           29.482236	           60.824682	           -6.556213	           -0.187325	            0.000000	           -0.215299	           -0.425566	           -0.907044	            0.093183	            0.000000	            0.000000	            0.000000	           -1.190000	            0.000000	           -0.300000	            0.000000	            0.000000	            0.000000
            0.450000	           27.776865	           57.180432	           -6.544918	           -0.194688	            0.000000	           -0.213573	           -0.406457	           -0.849226	            0.097469	            0.000000	            0.000000	            0.000000	           -1.190000	            0.000000	           -0.300000	            0.000000	            0.000000	            0.000000
            0.451000	           26.120450	           53.697104	           -6.489522	           -0.202723	            0.000000	           -0.211776	           -0.388893	           -0.791666	            0.101777	            0.000000	            0.000000	            0.000000	           -1.190000	            0.000000	           -0.300000	            0.000000	            0.000000	            0.000000
            0.452000	           24.505677	           50.352756	           -6.390100	           -0.211528	            0.000000	           -0.209877	           -0.372906	           -0.734450	            0.106032	            0.000000	            0.000000	            0.000000	           -1.190000	            0.000000	           -0.300000	            0.000000	            0.000000	            0.000000
            0.453000	           22.925853	           47.126554	           -6.247315	           -0.221167	            0.000000	           -0.207828	           -0.358470	           -0.677692	            0.110129	            0.000000	            0.000000	            0.000000	           -1.190000	            0.000000	           -0.300000	            0.000000	            0.000000	            0.000000
            0.454000	           21.375295	           43.999475	           -6.062478	           -0.231654	            0.000000	           -0.205580	           -0.345494	           -0.621538	            0.113938	            0.000000	            0.000000	            0.000000	           -1.190000	            0.000000	           -0.300000	            0.000000	            0.000000	            0.000000
            0.455000	           19.849661	           40.954974	           -5.837590	           -0.242968	            0.000000	           -0.203106	           -0.333824	           -0.566169	            0.117298	            0.000000	            0.000000	            0.000000	           -1.190000	            0.000000	           -0.300000	            0.000000	            0.000000	            0.000000
            0.456000	           18.346209	           37.979584	           -5.575360	           -0.255029	            0.000000	           -0.200429	           -0.323246	           -0.511807	            0.120026	            0.000000	            0.000000	            0.000000	           -1.190000	            0.000000	           -0.300000	            0.000000	            0.000000	            0.000000
            0.457000	           16.863967	           35.063412	           -5.279203	           -0.267648	            0.000000	           -0.197607	           -0.313489	           -0.458711	            0.121922	            0.000000	            0.000000	            0.000000	           -1.190000	            0.000000	           -0.300000	            0.000000	            0.000000	            0.000000
            0.458000	           15.403811	           32.200497	           -4.953209	           -0.280524	            0.000000	           -0.194722	           -0.304235	           -0.407178	            0.122771	            0.000000	            0.000000	            0.000000	           -1.190000	            0.000000	           -0.300000	            0.000000	            0.000000	            0.000000
            0.459000	           13.968441	           29.388998	           -4.602087	           -0.293304	            0.000000	           -0.191860	           -0.295132	           -0.357534	            0.122361	            0.000000	            0.000000	            0.000000	           -1.190000	            0.000000	           -0.300000	            0.000000	            0.000000	            0.000000
            0.460000	           12.562262	           26.631190	           -4.231079	           -0.305667	            0.000000	           -0.189101	           -0.285810	           -0.310127	            0.120487	            0.000000	            0.000000	            0.000000	           -1.190000	            0.000000	           -0.300000	            0.000000	            0.000000	            0.000000
            0.461000	           11.191161	           23.933255	           -3.845844	           -0.317374	            0.000000	           -0.186503	           -0.275896	           -0.265308	            0.116970	            0.000000	            0.000000	            0.000000	           -1.190000	            0.000000	           -0.300000	            0.000000	            0.000000	            0.000000
            0.462000	            9.862210	           21.304874	           -3.452321	           -0.328302	            0.000000	           -0.184101	           -0.265041	           -0.223424	            0.111665	            0.000000	            0.000000	            0.000000	           -1.190000	            0.000000	           -0.300000	            0.000000	            0.000000	            0.000000
            0.463000	            8.583291	           18.758617	           -3.056571	           -0.338453	            0.000000	           -0.181915	           -0.252943	           -0.184793	            0.104481	            0.000000	            0.000000	            0.000000	           -1.190000	            0.000000	           -0.300000	            0.000000	            0.000000	            0.000000
            0.464000	            7.362672	           16.309172	           -2.664602	           -0.338453	            0.000000	           -0.181915	           -0.239365	           -0.149690	            0.095388	            0.000000	            0.000000	            0.000000	           -1.190000	            0.000000	           -0.300000	            0.000000	            0.000000	            0.000000
            0.465000	            6.208562	           13.972451	           -2.282191	           -0.338453	            0.000000	           -0.181915	           -0.224166	           -0.118328	            0.084435	            0.000000	            0.000000	            0.000000	           -1.190000	            0.000000	           -0.300000	            0.000000	            0.000000	            0.000000
            0.466000	            5.128656	           11.764610	           -1.914707	           -0.338453	            0.000000	           -0.181915	           -0.207315	           -0.090837	            0.071753	            0.000000	            0.000000	            0.000000	           -1.190000	            0.000000	           -0.300000	            0.000000	            0.000000	            0.000000
            0.467000	            0.000000	            0.000000	            0.000000	           -0.420249	            0.000000	           -0.253011	            0.000000	            0.000000	            0.000000	            0.000000	            0.000000	            0.000000	           -1.190000	            0.000000	           -0.300000	            0.000000	            0.000000	            0.000000
            0.468000	            0.000000	            0.000000	            0.000000	           -0.420249	            0.000000	           -0.253011	            0.000000	            0.000000	            0.000000	            0.000000	            0.000000	            0.000000	           -1.190000	            0.000000	           -0.300000	            0.000000	            0.000000	            0.000000
            0.469000	            0.000000	            0.000000	            0.000000	           -0.420249	            0.000000	           -0.253011	            0.000000	            0.000000	            0.000000	            0.000000	            0.000000	            0.000000	           -1.190000	            0.000000	           -0.300000	            0.000000	            0.000000	            0.000000
            0.470000	            0.000000	            0.000000	            0.000000	           -0.420249	            0.000000	           -0.253011	            0.000000	            0.000000	            0.000000	            0.000000	            0.000000	            0.000000	           -1.190000	            0.000000	           -0.300000	            0.000000	            0.000000	            0.000000
