name=P9 -130r2 03_force.mot
nRows=366
nColumns=19
range=0.000000 0.365000
endheader
time	1_force_vx	1_force_vy	1_force_vz	1_force_px	1_force_py	1_force_pz	1_torque_x	1_torque_y	1_torque_z	2_force_vx	2_force_vy	2_force_vz	2_force_px	2_force_py	2_force_pz	2_torque_x	2_torque_y	2_torque_z
            0.000000	            0.000000	            0.000000	            0.000000	           -0.364721	            0.000000	           -0.445720	            0.000000	            0.000000	            0.000000	          -67.478113	           62.334370	           28.461588	           -1.306305	            0.000000	           -0.507575	            0.267328	           -0.784906	           -0.583302
            0.001000	            0.000000	            0.000000	            0.000000	           -0.364721	            0.000000	           -0.445720	            0.000000	            0.000000	            0.000000	          -85.359660	           96.859840	           35.548468	           -1.306305	            0.000000	           -0.507575	            0.444865	           -0.806371	           -0.565077
            0.002000	            0.000000	            0.000000	            0.000000	           -0.364721	            0.000000	           -0.445720	            0.000000	            0.000000	            0.000000	         -102.962661	          135.015848	           42.384251	           -1.306305	            0.000000	           -0.507575	            0.586974	           -0.796141	           -0.539218
            0.003000	            0.000000	            0.000000	            0.000000	           -0.364721	            0.000000	           -0.445720	            0.000000	            0.000000	            0.000000	         -119.983965	          177.015060	           48.830299	           -1.306305	            0.000000	           -0.507575	            0.691344	           -0.752304	           -0.505750
            0.004000	            0.000000	            0.000000	            0.000000	           -0.364721	            0.000000	           -0.445720	            0.000000	            0.000000	            0.000000	         -136.087009	          222.954554	           54.735774	           -1.306305	            0.000000	           -0.507575	            0.757344	           -0.674193	           -0.465166
            0.005000	            0.000000	            0.000000	            0.000000	           -0.364721	            0.000000	           -0.445720	            0.000000	            0.000000	            0.000000	         -150.910948	          272.804628	           59.942370	           -1.293383	            0.000000	           -0.502760	            0.785971	           -0.562431	           -0.418382
            0.006000	            0.000000	            0.000000	            0.000000	           -0.364721	            0.000000	           -0.445720	            0.000000	            0.000000	            0.000000	         -164.082527	          326.403422	           64.290181	           -1.284582	            0.000000	           -0.498326	            0.779710	           -0.418909	           -0.366671
            0.007000	            0.000000	            0.000000	            0.000000	           -0.364721	            0.000000	           -0.445720	            0.000000	            0.000000	            0.000000	         -175.230283	          383.457621	           67.624431	           -1.278612	            0.000000	           -0.494350	            0.742319	           -0.246692	           -0.311578
            0.008000	            0.000000	            0.000000	            0.000000	           -0.364721	            0.000000	           -0.445720	            0.000000	            0.000000	            0.000000	         -184.000464	          443.549194	           69.802729	           -1.274685	            0.000000	           -0.490812	            0.678567	           -0.049859	           -0.254822
            0.009000	            0.000000	            0.000000	            0.000000	           -0.364721	            0.000000	           -0.445720	            0.000000	            0.000000	            0.000000	         -190.073899	          506.147753	           70.702413	           -1.272299	            0.000000	           -0.487683	            0.593928	            0.166707	           -0.198194
            0.010000	            0.000000	            0.000000	            0.000000	           -0.364721	            0.000000	           -0.445720	            0.000000	            0.000000	            0.000000	         -193.182919	          570.627850	           70.227547	           -1.271122	            0.000000	           -0.484924	            0.494265	            0.397560	           -0.143459
            0.011000	            0.000000	            0.000000	            0.000000	           -0.364721	            0.000000	           -0.445720	            0.000000	            0.000000	            0.000000	         -193.127376	          636.290275	           68.315084	           -1.270904	            0.000000	           -0.482468	            0.385526	            0.636952	           -0.092265
            0.012000	            0.000000	            0.000000	            0.000000	           -0.364721	            0.000000	           -0.445720	            0.000000	            0.000000	            0.000000	         -189.788776	          702.386238	           64.939792	           -1.271444	            0.000000	           -0.480229	            0.273451	            0.879080	           -0.046058
            0.013000	            0.000000	            0.000000	            0.000000	           -0.364721	            0.000000	           -0.445720	            0.000000	            0.000000	            0.000000	         -183.141621	          768.143233	           60.117557	           -1.272554	            0.000000	           -0.478127	            0.163332	            1.118324	           -0.006028
            0.014000	            0.000000	            0.000000	            0.000000	           -0.364721	            0.000000	           -0.445720	            0.000000	            0.000000	            0.000000	         -173.261146	          832.791328	           53.906794	           -1.274056	            0.000000	           -0.476106	            0.059804	            1.349441	            0.026944
            0.015000	            0.000000	            0.000000	            0.000000	           -0.364721	            0.000000	           -0.445720	            0.000000	            0.000000	            0.000000	         -160.326826	          895.588684	           46.407823	           -1.275775	            0.000000	           -0.474155	           -0.033296	            1.567715	            0.052304
            0.016000	            0.000000	            0.000000	            0.000000	           -0.364721	            0.000000	           -0.445720	            0.000000	            0.000000	            0.000000	         -144.621266	          955.845194	           37.760196	           -1.277551	            0.000000	           -0.472305	           -0.113027	            1.769067	            0.069834
            0.017000	            0.000000	            0.000000	            0.000000	           -0.364721	            0.000000	           -0.445720	            0.000000	            0.000000	            0.000000	         -126.524318	         1012.943279	           28.138079	           -1.279253	            0.000000	           -0.470603	           -0.177377	            1.950113	            0.079639
            0.018000	            0.000000	            0.000000	            0.000000	           -0.364721	            0.000000	           -0.445720	            0.000000	            0.000000	            0.000000	         -106.502560	         1066.355042	           17.743958	           -1.280775	            0.000000	           -0.469084	           -0.225257	            2.108184	            0.082117
            0.019000	            0.000000	            0.000000	            0.000000	           -0.364721	            0.000000	           -0.445720	            0.000000	            0.000000	            0.000000	          -85.094527	         1115.655216	            6.801005	           -1.282042	            0.000000	           -0.467766	           -0.256446	            2.241314	            0.077925
            0.020000	            0.000000	            0.000000	            0.000000	           -0.364721	            0.000000	           -0.445720	            0.000000	            0.000000	            0.000000	          -62.892344	         1160.529514	           -4.455447	           -1.283006	            0.000000	           -0.466654	           -0.271500	            2.348205	            0.067924
            0.021000	            0.000000	            0.000000	            0.000000	           -0.364721	            0.000000	           -0.445720	            0.000000	            0.000000	            0.000000	          -40.520587	         1200.778297	          -15.786869	           -1.283644	            0.000000	           -0.465740	           -0.271643	            2.428171	            0.053134
            0.022000	            0.000000	            0.000000	            0.000000	           -0.364721	            0.000000	           -0.445720	            0.000000	            0.000000	            0.000000	          -18.613391	         1236.315604	          -26.960445	           -1.283954	            0.000000	           -0.465008	           -0.258628	            2.481087	            0.034669
            0.023000	            0.000000	            0.000000	            0.000000	           -0.364721	            0.000000	           -0.445720	            0.000000	            0.000000	            0.000000	            2.209123	         1267.163906	          -37.757464	           -1.283944	            0.000000	           -0.464439	           -0.234600	            2.507325	            0.013688
            0.024000	            0.000000	            0.000000	            0.000000	           -0.364721	            0.000000	           -0.445720	            0.000000	            0.000000	            0.000000	           21.363980	         1293.445046	          -47.980807	           -1.283627	            0.000000	           -0.464018	           -0.201948	            2.507701	           -0.008661
            0.025000	            0.000000	            0.000000	            0.000000	           -0.364721	            0.000000	           -0.445720	            0.000000	            0.000000	            0.000000	           38.326938	         1315.368036	          -57.461172	           -1.283011	            0.000000	           -0.463730	           -0.163172	            2.483425	           -0.031283
            0.026000	            0.000000	            0.000000	            0.000000	           -0.364721	            0.000000	           -0.445720	            0.000000	            0.000000	            0.000000	           52.651557	         1333.214492	          -66.061815	           -1.282101	            0.000000	           -0.463554	           -0.120751	            2.436054	           -0.053186
            0.027000	            0.000000	            0.000000	            0.000000	           -0.364721	            0.000000	           -0.445720	            0.000000	            0.000000	            0.000000	           63.984871	         1347.322521	          -73.681630	           -1.280896	            0.000000	           -0.463471	           -0.077032	            2.367453	           -0.073503
            0.028000	            0.000000	            0.000000	            0.000000	           -0.364721	            0.000000	           -0.445720	            0.000000	            0.000000	            0.000000	           72.078989	         1358.069944	          -80.256523	           -1.279400	            0.000000	           -0.463461	           -0.034143	            2.279752	           -0.091522
            0.029000	            0.000000	            0.000000	            0.000000	           -0.364721	            0.000000	           -0.445720	            0.000000	            0.000000	            0.000000	           76.798159	         1365.857694	          -85.759125	           -1.277624	            0.000000	           -0.463509	            0.006084	            2.175309	           -0.106699
            0.030000	            0.000000	            0.000000	            0.000000	           -0.364721	            0.000000	           -0.445720	            0.000000	            0.000000	            0.000000	           78.121047	         1371.094142	          -90.196933	           -1.275590	            0.000000	           -0.463599	            0.042155	            2.056664	           -0.118663
            0.031000	            0.000000	            0.000000	            0.000000	           -0.364721	            0.000000	           -0.445720	            0.000000	            0.000000	            0.000000	           76.138221	         1374.181043	          -93.609094	           -1.273330	            0.000000	           -0.463716	            0.072944	            1.926498	           -0.127217
            0.032000	            0.000000	            0.000000	            0.000000	           -0.364721	            0.000000	           -0.445720	            0.000000	            0.000000	            0.000000	           71.045080	         1375.501605	          -96.062059	           -1.270886	            0.000000	           -0.463843	            0.097695	            1.787587	           -0.132322
            0.033000	            0.000000	            0.000000	            0.000000	           -0.364721	            0.000000	           -0.445720	            0.000000	            0.000000	            0.000000	           63.130643	         1375.411079	          -97.644385	           -1.268298	            0.000000	           -0.463964	            0.116010	            1.642748	           -0.134090
            0.034000	            0.000000	            0.000000	            0.000000	           -0.364721	            0.000000	           -0.445720	            0.000000	            0.000000	            0.000000	           52.762856	         1374.230047	          -98.460999	           -1.265611	            0.000000	           -0.464067	            0.127820	            1.494797	           -0.132757
            0.035000	            0.000000	            0.000000	            0.000000	           -0.364721	            0.000000	           -0.445720	            0.000000	            0.000000	            0.000000	           40.371188	         1372.240454	          -98.627219	           -1.262867	            0.000000	           -0.464146	            0.133346	            1.346499	           -0.128663
            0.036000	            0.000000	            0.000000	            0.000000	           -0.364721	            0.000000	           -0.445720	            0.000000	            0.000000	            0.000000	           26.427415	         1369.684237	          -98.262825	           -1.260110	            0.000000	           -0.464200	            0.133048	            1.200525	           -0.122224
            0.037000	            0.000000	            0.000000	            0.000000	           -0.364721	            0.000000	           -0.445720	            0.000000	            0.000000	            0.000000	           11.425558	         1366.764274	          -97.486455	           -1.257379	            0.000000	           -0.464233	            0.127570	            1.059415	           -0.113912
            0.038000	            0.000000	            0.000000	            0.000000	           -0.364721	            0.000000	           -0.445720	            0.000000	            0.000000	            0.000000	           -4.138061	         1363.647259	          -96.410553	           -1.254712	            0.000000	           -0.464253	            0.117691	            0.925545	           -0.104224
            0.039000	            0.000000	            0.000000	            0.000000	           -0.364721	            0.000000	           -0.445720	            0.000000	            0.000000	            0.000000	          -19.783709	         1360.468014	          -95.137056	           -1.252140	            0.000000	           -0.464269	            0.104265	            0.801102	           -0.093663
            0.040000	            0.000000	            0.000000	            0.000000	           -0.364721	            0.000000	           -0.445720	            0.000000	            0.000000	            0.000000	          -35.065258	         1357.334712	          -93.753952	           -1.249683	            0.000000	           -0.464293	            0.088174	            0.688063	           -0.082714
            0.041000	            0.000000	            0.000000	            0.000000	           -0.364721	            0.000000	           -0.445720	            0.000000	            0.000000	            0.000000	          -49.584607	         1354.334481	          -92.332816	           -1.247354	            0.000000	           -0.464331	            0.070285	            0.588180	           -0.071830
            0.042000	            0.000000	            0.000000	            0.000000	           -0.364721	            0.000000	           -0.445720	            0.000000	            0.000000	            0.000000	          -63.002993	         1351.538899	          -90.927328	           -1.245155	            0.000000	           -0.464389	            0.051411	            0.502967	           -0.061415
            0.043000	            0.000000	            0.000000	            0.000000	           -0.364721	            0.000000	           -0.445720	            0.000000	            0.000000	            0.000000	          -75.048847	         1349.008938	          -89.572789	           -1.243080	            0.000000	           -0.464473	            0.032285	            0.433695	           -0.051813
            0.044000	            0.000000	            0.000000	            0.000000	           -0.364721	            0.000000	           -0.445720	            0.000000	            0.000000	            0.000000	          -85.522063	         1346.799029	          -88.286571	           -1.241119	            0.000000	           -0.464586	            0.013537	            0.381383	           -0.043303
            0.045000	            0.000000	            0.000000	            0.000000	           -0.364721	            0.000000	           -0.445720	            0.000000	            0.000000	            0.000000	          -94.294752	         1344.960041	          -87.069396	           -1.239258	            0.000000	           -0.464730	           -0.004315	            0.346797	           -0.036091
            0.046000	            0.000000	            0.000000	            0.000000	           -0.364721	            0.000000	           -0.445720	            0.000000	            0.000000	            0.000000	         -101.308725	         1343.541042	          -85.907342	           -1.237480	            0.000000	           -0.464904	           -0.020876	            0.330443	           -0.030313
            0.047000	            0.000000	            0.000000	            0.000000	           -0.364721	            0.000000	           -0.445720	            0.000000	            0.000000	            0.000000	         -106.570134	         1342.589883	          -84.774412	           -1.235767	            0.000000	           -0.465103	           -0.035865	            0.332567	           -0.026036
            0.048000	            0.000000	            0.000000	            0.000000	           -0.364721	            0.000000	           -0.445720	            0.000000	            0.000000	            0.000000	         -110.141794	         1342.152700	          -83.635505	           -1.234104	            0.000000	           -0.465322	           -0.049116	            0.353154	           -0.023260
            0.049000	            0.000000	            0.000000	            0.000000	           -0.364721	            0.000000	           -0.445720	            0.000000	            0.000000	            0.000000	         -112.133811	         1342.272536	          -82.449632	           -1.232484	            0.000000	           -0.465554	           -0.060559	            0.391924	           -0.021929
            0.050000	            0.000000	            0.000000	            0.000000	           -0.364721	            0.000000	           -0.445720	            0.000000	            0.000000	            0.000000	         -112.693158	         1342.987344	          -81.173195	           -1.230901	            0.000000	           -0.465794	           -0.070210	            0.448338	           -0.021934
            0.051000	            0.000000	            0.000000	            0.000000	           -0.364721	            0.000000	           -0.445720	            0.000000	            0.000000	            0.000000	         -111.992837	         1344.327633	          -79.763173	           -1.229361	            0.000000	           -0.466034	           -0.078152	            0.521596	           -0.023128
            0.052000	            0.000000	            0.000000	            0.000000	           -0.364721	            0.000000	           -0.445720	            0.000000	            0.000000	            0.000000	         -110.221230	         1346.314076	          -78.180079	           -1.227869	            0.000000	           -0.466272	           -0.084520	            0.610639	           -0.025331
            0.053000	            0.000000	            0.000000	            0.000000	           -0.364721	            0.000000	           -0.445720	            0.000000	            0.000000	            0.000000	         -107.572140	         1348.955312	          -76.390553	           -1.226436	            0.000000	           -0.466504	           -0.089482	            0.714161	           -0.028341
            0.054000	            0.000000	            0.000000	            0.000000	           -0.364721	            0.000000	           -0.445720	            0.000000	            0.000000	            0.000000	         -104.235942	         1352.246187	          -74.369507	           -1.225071	            0.000000	           -0.466728	           -0.093222	            0.830609	           -0.031948
            0.055000	            0.000000	            0.000000	            0.000000	           -0.364721	            0.000000	           -0.445720	            0.000000	            0.000000	            0.000000	         -100.392134	         1356.166602	          -72.101741	           -1.223785	            0.000000	           -0.466947	           -0.095929	            0.958201	           -0.035938
            0.056000	            0.000000	            0.000000	            0.000000	           -0.364721	            0.000000	           -0.445720	            0.000000	            0.000000	            0.000000	          -96.203477	         1360.681071	          -69.582995	           -1.222582	            0.000000	           -0.467163	           -0.097781	            1.094944	           -0.040102
            0.057000	            0.000000	            0.000000	            0.000000	           -0.364721	            0.000000	           -0.445720	            0.000000	            0.000000	            0.000000	          -91.811787	         1365.739021	          -66.820423	           -1.221465	            0.000000	           -0.467378	           -0.098936	            1.238653	           -0.044248
            0.058000	            0.000000	            0.000000	            0.000000	           -0.364721	            0.000000	           -0.445720	            0.000000	            0.000000	            0.000000	          -87.335341	         1371.275838	          -63.832495	           -1.220431	            0.000000	           -0.467595	           -0.099529	            1.386984	           -0.048201
            0.059000	            0.000000	            0.000000	            0.000000	           -0.364721	            0.000000	           -0.445720	            0.000000	            0.000000	            0.000000	          -82.867796	         1377.214557	          -60.648372	           -1.219472	            0.000000	           -0.467817	           -0.099661	            1.537476	           -0.051813
            0.060000	            0.000000	            0.000000	            0.000000	           -0.364721	            0.000000	           -0.445720	            0.000000	            0.000000	            0.000000	          -78.478419	         1383.468096	          -57.306789	           -1.218578	            0.000000	           -0.468043	           -0.099405	            1.687591	           -0.054962
            0.061000	            0.000000	            0.000000	            0.000000	           -0.364721	            0.000000	           -0.445720	            0.000000	            0.000000	            0.000000	          -74.213418	         1389.941880	          -53.854545	           -1.217741	            0.000000	           -0.468277	           -0.098804	            1.834771	           -0.057560
            0.062000	            0.000000	            0.000000	            0.000000	           -0.364721	            0.000000	           -0.445720	            0.000000	            0.000000	            0.000000	          -70.098116	         1396.536683	          -50.344650	           -1.216949	            0.000000	           -0.468516	           -0.097871	            1.976502	           -0.059544
            0.063000	            0.000000	            0.000000	            0.000000	           -0.364721	            0.000000	           -0.445720	            0.000000	            0.000000	            0.000000	          -66.139718	         1403.151540	          -46.834251	           -1.216194	            0.000000	           -0.468761	           -0.096597	            2.110372	           -0.060887
            0.064000	            0.000000	            0.000000	            0.000000	           -0.364721	            0.000000	           -0.445720	            0.000000	            0.000000	            0.000000	          -62.330422	         1409.686549	          -43.382416	           -1.215468	            0.000000	           -0.469006	           -0.094959	            2.234141	           -0.061587
            0.065000	            0.000000	            0.000000	            0.000000	           -0.364721	            0.000000	           -0.445720	            0.000000	            0.000000	            0.000000	          -58.650668	         1416.045450	          -40.047888	           -1.214761	            0.000000	           -0.469247	           -0.092917	            2.345808	           -0.061671
            0.066000	            0.000000	            0.000000	            0.000000	           -0.364721	            0.000000	           -0.445720	            0.000000	            0.000000	            0.000000	          -55.072314	         1422.137848	          -36.886897	           -1.214067	            0.000000	           -0.469480	           -0.090431	            2.443672	           -0.061186
            0.067000	            0.000000	            0.000000	            0.000000	           -0.364721	            0.000000	           -0.445720	            0.000000	            0.000000	            0.000000	          -51.561625	         1427.881031	          -33.951132	           -1.213382	            0.000000	           -0.469701	           -0.087457	            2.526385	           -0.060198
            0.068000	            0.000000	            0.000000	            0.000000	           -0.364721	            0.000000	           -0.445720	            0.000000	            0.000000	            0.000000	          -48.081930	         1433.201311	          -31.285957	           -1.212704	            0.000000	           -0.469906	           -0.083959	            2.592995	           -0.058790
            0.069000	            0.000000	            0.000000	            0.000000	           -0.364721	            0.000000	           -0.445720	            0.000000	            0.000000	            0.000000	          -44.595914	         1438.034898	          -28.928934	           -1.212029	            0.000000	           -0.470091	           -0.079908	            2.642978	           -0.057050
            0.070000	            0.000000	            0.000000	            0.000000	           -0.364721	            0.000000	           -0.445720	            0.000000	            0.000000	            0.000000	          -41.067487	         1442.328326	          -26.908712	           -1.211358	            0.000000	           -0.470252	           -0.075287	            2.676250	           -0.055075
            0.071000	            0.000000	            0.000000	            0.000000	           -0.364721	            0.000000	           -0.445720	            0.000000	            0.000000	            0.000000	          -37.463247	         1446.038453	          -25.244317	           -1.210690	            0.000000	           -0.470389	           -0.070092	            2.693168	           -0.052959
            0.072000	            0.000000	            0.000000	            0.000000	           -0.364721	            0.000000	           -0.445720	            0.000000	            0.000000	            0.000000	          -33.753556	         1449.132123	          -23.944863	           -1.210023	            0.000000	           -0.470501	           -0.064334	            2.694508	           -0.050797
            0.073000	            0.000000	            0.000000	            0.000000	           -0.364721	            0.000000	           -0.445720	            0.000000	            0.000000	            0.000000	          -29.913260	         1451.585540	          -23.009669	           -1.209358	            0.000000	           -0.470590	           -0.058034	            2.681432	           -0.048673
            0.074000	            0.000000	            0.000000	            0.000000	           -0.364721	            0.000000	           -0.445720	            0.000000	            0.000000	            0.000000	          -25.922125	         1453.383444	          -22.428769	           -1.208694	            0.000000	           -0.470660	           -0.051228	            2.655439	           -0.046665
            0.075000	            0.000000	            0.000000	            0.000000	           -0.364721	            0.000000	           -0.445720	            0.000000	            0.000000	            0.000000	          -21.765017	         1454.518149	          -22.183768	           -1.208032	            0.000000	           -0.470714	           -0.043959	            2.618299	           -0.044839
            0.076000	            0.000000	            0.000000	            0.000000	           -0.364721	            0.000000	           -0.445720	            0.000000	            0.000000	            0.000000	          -17.431898	         1454.988525	          -22.248979	           -1.207375	            0.000000	           -0.470758	           -0.036281	            2.571988	           -0.043247
            0.077000	            0.000000	            0.000000	            0.000000	           -0.364721	            0.000000	           -0.445720	            0.000000	            0.000000	            0.000000	          -12.917667	         1454.798970	          -22.592796	           -1.206723	            0.000000	           -0.470796	           -0.028250	            2.518606	           -0.041929
            0.078000	            0.000000	            0.000000	            0.000000	           -0.364721	            0.000000	           -0.445720	            0.000000	            0.000000	            0.000000	           -8.221886	         1453.958412	          -23.179201	           -1.206080	            0.000000	           -0.470834	           -0.019925	            2.460303	           -0.040912
            0.079000	            0.000000	            0.000000	            0.000000	           -0.364721	            0.000000	           -0.445720	            0.000000	            0.000000	            0.000000	           -3.348421	         1452.479397	          -23.969349	           -1.205449	            0.000000	           -0.470874	           -0.011367	            2.399199	           -0.040211
            0.080000	            0.000000	            0.000000	            0.000000	           -0.364721	            0.000000	           -0.445720	            0.000000	            0.000000	            0.000000	            1.694986	         1450.377246	          -24.923149	           -1.204831	            0.000000	           -0.470917	           -0.002633	            2.337316	           -0.039829
            0.081000	            0.000000	            0.000000	            0.000000	           -0.364721	            0.000000	           -0.445720	            0.000000	            0.000000	            0.000000	            6.897200	         1447.669332	          -26.000769	           -1.204227	            0.000000	           -0.470966	            0.006224	            2.276515	           -0.039759
            0.082000	            0.000000	            0.000000	            0.000000	           -0.364721	            0.000000	           -0.445720	            0.000000	            0.000000	            0.000000	           12.244224	         1444.374440	          -27.164013	           -1.203638	            0.000000	           -0.471019	            0.015157	            2.218445	           -0.039988
            0.083000	            0.000000	            0.000000	            0.000000	           -0.364721	            0.000000	           -0.445720	            0.000000	            0.000000	            0.000000	           17.719753	         1440.512243	          -28.377514	           -1.203064	            0.000000	           -0.471077	            0.024126	            2.164508	           -0.040494
            0.084000	            0.000000	            0.000000	            0.000000	           -0.364721	            0.000000	           -0.445720	            0.000000	            0.000000	            0.000000	           23.305753	         1436.102862	          -29.609708	           -1.202505	            0.000000	           -0.471139	            0.033100	            2.115835	           -0.041252
            0.085000	            0.000000	            0.000000	            0.000000	           -0.364721	            0.000000	           -0.445720	            0.000000	            0.000000	            0.000000	           28.983037	         1431.166515	          -30.833563	           -1.201959	            0.000000	           -0.471207	            0.042056	            2.073277	           -0.042235
            0.086000	            0.000000	            0.000000	            0.000000	           -0.364721	            0.000000	           -0.445720	            0.000000	            0.000000	            0.000000	           34.731823	         1425.723242	          -32.027057	           -1.201424	            0.000000	           -0.471281	            0.050983	            2.037411	           -0.043416
            0.087000	            0.000000	            0.000000	            0.000000	           -0.364721	            0.000000	           -0.445720	            0.000000	            0.000000	            0.000000	           40.532251	         1419.792714	          -33.173395	           -1.200898	            0.000000	           -0.471361	            0.059879	            2.008555	           -0.044769
            0.088000	            0.000000	            0.000000	            0.000000	           -0.364721	            0.000000	           -0.445720	            0.000000	            0.000000	            0.000000	           46.364838	         1413.394085	          -34.260987	           -1.200378	            0.000000	           -0.471447	            0.068752	            1.986798	           -0.046269
            0.089000	            0.000000	            0.000000	            0.000000	           -0.364721	            0.000000	           -0.445720	            0.000000	            0.000000	            0.000000	           52.210854	         1406.545924	          -35.283190	           -1.199864	            0.000000	           -0.471538	            0.077620	            1.972032	           -0.047897
            0.090000	            0.000000	            0.000000	            0.000000	           -0.364721	            0.000000	           -0.445720	            0.000000	            0.000000	            0.000000	           58.052603	         1399.266175	          -36.237860	           -1.199351	            0.000000	           -0.471634	            0.086511	            1.963995	           -0.049637
            0.091000	            0.000000	            0.000000	            0.000000	           -0.364721	            0.000000	           -0.445720	            0.000000	            0.000000	            0.000000	           63.873601	         1391.572168	          -37.126741	           -1.198840	            0.000000	           -0.471733	            0.095460	            1.962304	           -0.051478
            0.092000	            0.000000	            0.000000	            0.000000	           -0.364721	            0.000000	           -0.445720	            0.000000	            0.000000	            0.000000	           69.658662	         1383.480647	          -37.954720	           -1.198329	            0.000000	           -0.471833	            0.104512	            1.966505	           -0.053415
            0.093000	            0.000000	            0.000000	            0.000000	           -0.364721	            0.000000	           -0.445720	            0.000000	            0.000000	            0.000000	           75.393892	         1375.007813	          -38.729016	           -1.197819	            0.000000	           -0.471932	            0.113716	            1.976101	           -0.055447
            0.094000	            0.000000	            0.000000	            0.000000	           -0.364721	            0.000000	           -0.445720	            0.000000	            0.000000	            0.000000	           81.066618	         1366.169369	          -39.458320	           -1.197313	            0.000000	           -0.472030	            0.123127	            1.990592	           -0.057575
            0.095000	            0.000000	            0.000000	            0.000000	           -0.364721	            0.000000	           -0.445720	            0.000000	            0.000000	            0.000000	           86.665271	         1356.980538	          -40.151958	           -1.196811	            0.000000	           -0.472126	            0.132804	            2.009495	           -0.059806
            0.096000	            0.000000	            0.000000	            0.000000	           -0.364721	            0.000000	           -0.445720	            0.000000	            0.000000	            0.000000	           92.179254	         1347.456065	          -40.819099	           -1.196314	            0.000000	           -0.472219	            0.142806	            2.032365	           -0.062147
            0.097000	            0.000000	            0.000000	            0.000000	           -0.364721	            0.000000	           -0.445720	            0.000000	            0.000000	            0.000000	           97.598819	         1337.610171	          -41.468063	           -1.195823	            0.000000	           -0.472306	            0.153192	            2.058807	           -0.064606
            0.098000	            0.000000	            0.000000	            0.000000	           -0.364721	            0.000000	           -0.445720	            0.000000	            0.000000	            0.000000	          102.914983	         1327.456466	          -42.105749	           -1.195339	            0.000000	           -0.472385	            0.164022	            2.088480	           -0.067193
            0.099000	            0.000000	            0.000000	            0.000000	           -0.364721	            0.000000	           -0.445720	            0.000000	            0.000000	            0.000000	          108.119495	         1317.007813	          -42.737215	           -1.194861	            0.000000	           -0.472456	            0.175351	            2.121097	           -0.069913
            0.100000	            0.000000	            0.000000	            0.000000	           -0.364721	            0.000000	           -0.445720	            0.000000	            0.000000	            0.000000	          113.204861	         1306.276161	          -43.365429	           -1.194390	            0.000000	           -0.472518	            0.187229	            2.156421	           -0.072772
            0.101000	            0.000000	            0.000000	            0.000000	           -0.364721	            0.000000	           -0.445720	            0.000000	            0.000000	            0.000000	          118.164435	         1295.272331	          -43.991178	           -1.193924	            0.000000	           -0.472571	            0.199702	            2.194250	           -0.075772
            0.102000	            0.000000	            0.000000	            0.000000	           -0.364721	            0.000000	           -0.445720	            0.000000	            0.000000	            0.000000	          122.992560	         1284.005802	          -44.613150	           -1.193461	            0.000000	           -0.472617	            0.212810	            2.234411	           -0.078911
            0.103000	            0.000000	            0.000000	            0.000000	           -0.364721	            0.000000	           -0.445720	            0.000000	            0.000000	            0.000000	          127.684735	         1272.484487	          -45.228156	           -1.193002	            0.000000	           -0.472656	            0.226587	            2.276745	           -0.082186
            0.104000	            0.000000	            0.000000	            0.000000	           -0.364721	            0.000000	           -0.445720	            0.000000	            0.000000	            0.000000	          132.237793	         1260.714536	          -45.831475	           -1.192543	            0.000000	           -0.472690	            0.241058	            2.321097	           -0.085587
            0.105000	            0.000000	            0.000000	            0.000000	           -0.364721	            0.000000	           -0.445720	            0.000000	            0.000000	            0.000000	          136.650044	         1248.700185	          -46.417296	           -1.192087	            0.000000	           -0.472721	            0.256243	            2.367304	           -0.089106
            0.106000	            0.000000	            0.000000	            0.000000	           -0.364721	            0.000000	           -0.445720	            0.000000	            0.000000	            0.000000	          140.921375	         1236.443662	          -46.979203	           -1.191633	            0.000000	           -0.472750	            0.272157	            2.415186	           -0.092730
            0.107000	            0.000000	            0.000000	            0.000000	           -0.364721	            0.000000	           -0.445720	            0.000000	            0.000000	            0.000000	          145.053265	         1223.945170	          -47.510688	           -1.191183	            0.000000	           -0.472778	            0.288807	            2.464540	           -0.096445
            0.108000	            0.000000	            0.000000	            0.000000	           -0.364721	            0.000000	           -0.445720	            0.000000	            0.000000	            0.000000	          149.048694	         1211.202956	          -48.005641	           -1.190737	            0.000000	           -0.472808	            0.306195	            2.515138	           -0.100240
            0.109000	            0.000000	            0.000000	            0.000000	           -0.364721	            0.000000	           -0.445720	            0.000000	            0.000000	            0.000000	          152.911956	         1198.213466	          -48.458788	           -1.190294	            0.000000	           -0.472842	            0.324317	            2.566723	           -0.104101
            0.110000	            0.000000	            0.000000	            0.000000	           -0.364721	            0.000000	           -0.445720	            0.000000	            0.000000	            0.000000	          156.648355	         1184.971583	          -48.866058	           -1.189855	            0.000000	           -0.472880	            0.343165	            2.619013	           -0.108017
            0.111000	            0.000000	            0.000000	            0.000000	           -0.364721	            0.000000	           -0.445720	            0.000000	            0.000000	            0.000000	          160.263806	         1171.470939	          -49.224842	           -1.189421	            0.000000	           -0.472922	            0.362724	            2.671701	           -0.111981
            0.112000	            0.000000	            0.000000	            0.000000	           -0.364721	            0.000000	           -0.445720	            0.000000	            0.000000	            0.000000	          163.764374	         1157.704269	          -49.534156	           -1.188994	            0.000000	           -0.472968	            0.382974	            2.724464	           -0.115988
            0.113000	            0.000000	            0.000000	            0.000000	           -0.364721	            0.000000	           -0.445720	            0.000000	            0.000000	            0.000000	          167.155757	         1143.663809	          -49.794688	           -1.188575	            0.000000	           -0.473017	            0.403889	            2.776963	           -0.120036
            0.114000	            0.000000	            0.000000	            0.000000	           -0.364721	            0.000000	           -0.445720	            0.000000	            0.000000	            0.000000	          170.442777	         1129.341694	          -50.008739	           -1.188167	            0.000000	           -0.473070	            0.425436	            2.828851	           -0.124126
            0.115000	            0.000000	            0.000000	            0.000000	           -0.364721	            0.000000	           -0.445720	            0.000000	            0.000000	            0.000000	          173.628896	         1114.730332	          -50.180071	           -1.187770	            0.000000	           -0.473126	            0.447574	            2.879778	           -0.128264
            0.116000	            0.000000	            0.000000	            0.000000	           -0.364721	            0.000000	           -0.445720	            0.000000	            0.000000	            0.000000	          176.715805	         1099.822738	          -50.313680	           -1.187386	            0.000000	           -0.473185	            0.470254	            2.929396	           -0.132458
            0.117000	            0.000000	            0.000000	            0.000000	           -0.364721	            0.000000	           -0.445720	            0.000000	            0.000000	            0.000000	          179.703118	         1084.612808	          -50.415507	           -1.187015	            0.000000	           -0.473248	            0.493419	            2.977363	           -0.136719
            0.118000	            0.000000	            0.000000	            0.000000	           -0.364721	            0.000000	           -0.445720	            0.000000	            0.000000	            0.000000	          182.588178	         1069.095510	          -50.492120	           -1.186657	            0.000000	           -0.473312	            0.517000	            3.023346	           -0.141056
            0.119000	            0.000000	            0.000000	            0.000000	           -0.364721	            0.000000	           -0.445720	            0.000000	            0.000000	            0.000000	          185.366014	         1053.266995	          -50.550371	           -1.186312	            0.000000	           -0.473377	            0.540920	            3.067019	           -0.145482
            0.120000	            0.000000	            0.000000	            0.000000	           -0.364721	            0.000000	           -0.445720	            0.000000	            0.000000	            0.000000	          188.029428	         1037.124619	          -50.597064	           -1.185975	            0.000000	           -0.473439	            0.565089	            3.108068	           -0.150007
            0.121000	            0.000000	            0.000000	            0.000000	           -0.364721	            0.000000	           -0.445720	            0.000000	            0.000000	            0.000000	          190.569212	         1020.666888	          -50.638640	           -1.185643	            0.000000	           -0.473501	            0.589410	            3.146188	           -0.154640
            0.122000	            0.000000	            0.000000	            0.000000	           -0.364721	            0.000000	           -0.445720	            0.000000	            0.000000	            0.000000	          192.974479	         1003.893346	          -50.680894	           -1.185314	            0.000000	           -0.473561	            0.613772	            3.181079	           -0.159386
            0.123000	            0.000000	            0.000000	            0.000000	           -0.364721	            0.000000	           -0.445720	            0.000000	            0.000000	            0.000000	          195.233075	          986.804403	          -50.728732	           -1.184984	            0.000000	           -0.473622	            0.638057	            3.212447	           -0.164244
            0.124000	            0.000000	            0.000000	            0.000000	           -0.364721	            0.000000	           -0.445720	            0.000000	            0.000000	            0.000000	          197.332043	          969.401153	          -50.785981	           -1.184651	            0.000000	           -0.473686	            0.662137	            3.239998	           -0.169210
            0.125000	            0.000000	            0.000000	            0.000000	           -0.364721	            0.000000	           -0.445720	            0.000000	            0.000000	            0.000000	          199.258109	          951.685181	          -50.855242	           -1.184314	            0.000000	           -0.473753	            0.685874	            3.263440	           -0.174271
            0.126000	            0.000000	            0.000000	            0.000000	           -0.364721	            0.000000	           -0.445720	            0.000000	            0.000000	            0.000000	          200.998151	          933.658397	          -50.937802	           -1.183973	            0.000000	           -0.473823	            0.709126	            3.282475	           -0.179409
            0.127000	            0.000000	            0.000000	            0.000000	           -0.364721	            0.000000	           -0.445720	            0.000000	            0.000000	            0.000000	          202.539618	          915.322909	          -51.033588	           -1.183630	            0.000000	           -0.473896	            0.731746	            3.296804	           -0.184597
            0.128000	            0.000000	            0.000000	            0.000000	           -0.364721	            0.000000	           -0.445720	            0.000000	            0.000000	            0.000000	          203.870894	          896.680962	          -51.141174	           -1.183285	            0.000000	           -0.473971	            0.753580	            3.306124	           -0.189798
            0.129000	            0.000000	            0.000000	            0.000000	           -0.364721	            0.000000	           -0.445720	            0.000000	            0.000000	            0.000000	          204.981558	          877.734944	          -51.257827	           -1.182941	            0.000000	           -0.474050	            0.774476	            3.310131	           -0.194972
            0.130000	            0.000000	            0.000000	            0.000000	           -0.364721	            0.000000	           -0.445720	            0.000000	            0.000000	            0.000000	          205.862562	          858.487478	          -51.379591	           -1.182599	            0.000000	           -0.474131	            0.794281	            3.308526	           -0.200067
            0.131000	            0.000000	            0.000000	            0.000000	           -0.364721	            0.000000	           -0.445720	            0.000000	            0.000000	            0.000000	          206.506298	          838.941593	          -51.501406	           -1.182261	            0.000000	           -0.474216	            0.812843	            3.301017	           -0.205027
            0.132000	            0.000000	            0.000000	            0.000000	           -0.364721	            0.000000	           -0.445720	            0.000000	            0.000000	            0.000000	          206.906578	          819.100975	          -51.617254	           -1.181925	            0.000000	           -0.474303	            0.830017	            3.287333	           -0.209788
            0.133000	            0.000000	            0.000000	            0.000000	           -0.364721	            0.000000	           -0.445720	            0.000000	            0.000000	            0.000000	          207.058531	          798.970286	          -51.720323	           -1.181591	            0.000000	           -0.474394	            0.845664	            3.267227	           -0.214286
            0.134000	            0.000000	            0.000000	            0.000000	           -0.364721	            0.000000	           -0.445720	            0.000000	            0.000000	            0.000000	          206.958428	          778.555543	          -51.803189	           -1.181258	            0.000000	           -0.474491	            0.859655	            3.240491	           -0.218450
            0.135000	            0.000000	            0.000000	            0.000000	           -0.364721	            0.000000	           -0.445720	            0.000000	            0.000000	            0.000000	          206.603465	          757.864529	          -51.858013	           -1.180922	            0.000000	           -0.474596	            0.871872	            3.206964	           -0.222212
            0.136000	            0.000000	            0.000000	            0.000000	           -0.364721	            0.000000	           -0.445720	            0.000000	            0.000000	            0.000000	          205.991527	          736.907223	          -51.876736	           -1.180579	            0.000000	           -0.474715	            0.882213	            3.166551	           -0.225505
            0.137000	            0.000000	            0.000000	            0.000000	           -0.513860	            0.000000	           -0.436566	            0.000000	            0.000000	            0.000000	          205.120938	          715.696230	          -51.851281	           -1.180226	            0.000000	           -0.474847	            0.890592	            3.119227	           -0.228265
            0.138000	           -2.907157	           10.125746	           -0.735716	           -0.513860	            0.000000	           -0.436566	            0.121078	            0.178936	           -0.080518	          203.990248	          694.247187	          -51.773744	           -1.179860	            0.000000	           -0.474995	            0.896939	            3.065055	           -0.230437
            0.139000	           -2.663208	           11.850663	            0.116200	           -0.513860	            0.000000	           -0.436566	            0.151480	            0.180210	           -0.089304	          202.598051	          672.579114	          -51.636587	           -1.179478	            0.000000	           -0.475157	            0.901210	            3.004194	           -0.231974
            0.140000	           -2.408524	           13.419496	            1.136185	           -0.513860	            0.000000	           -0.436566	            0.181962	            0.175299	           -0.096686	          200.942867	          650.714721	          -51.432811	           -1.179079	            0.000000	           -0.475333	            0.903377	            2.936903	           -0.232841
            0.141000	           -2.194460	           14.761382	            2.309858	           -0.513860	            0.000000	           -0.436566	            0.211581	            0.163959	           -0.102359	          199.023090	          628.680621	          -51.156125	           -1.178662	            0.000000	           -0.475520	            0.903440	            2.863556	           -0.233016
            0.142000	           -2.087733	           15.811016	            3.613768	           -0.513860	            0.000000	           -0.436566	            0.239347	            0.146302	           -0.106086	          196.837020	          606.507462	          -50.801095	           -1.178225	            0.000000	           -0.475717	            0.901417	            2.784633	           -0.232494
            0.143000	           -2.171086	           16.513903	            5.014965	           -0.513860	            0.000000	           -0.436566	            0.264250	            0.122844	           -0.107711	          194.382970	          584.229964	          -50.363279	           -1.177768	            0.000000	           -0.475924	            0.897354	            2.700726	           -0.231285
            0.144000	           -2.543360	           16.832112	            6.470928	           -0.513860	            0.000000	           -0.436566	            0.285290	            0.094523	           -0.107171	          191.659448	          561.886843	          -49.839346	           -1.177287	            0.000000	           -0.476144	            0.891315	            2.612530	           -0.229418
            0.145000	           -3.318822	           16.750331	            7.929895	           -0.513860	            0.000000	           -0.436566	            0.301499	            0.062707	           -0.104503	          188.665412	          539.520645	          -49.227179	           -1.176782	            0.000000	           -0.476381	            0.883385	            2.520834	           -0.226939
            0.146000	           -4.625639	           16.282005	            9.331647	           -0.513860	            0.000000	           -0.436566	            0.311966	            0.029162	           -0.099842	          185.400574	          517.177462	          -48.525956	           -1.176256	            0.000000	           -0.476635	            0.873665	            2.426504	           -0.223913
            0.147000	           -6.603405	           15.475258	           10.608774	           -0.509838	            0.000000	           -0.436350	            0.315851	           -0.004006	           -0.093414	          181.865737	          494.906556	          -47.736209	           -1.175709	            0.000000	           -0.476905	            0.862273	            2.330469	           -0.220420
            0.148000	           -9.399648	           14.418306	           11.688448	           -0.505905	            0.000000	           -0.436070	            0.312399	           -0.034429	           -0.085522	          178.063150	          472.759885	          -46.859868	           -1.175144	            0.000000	           -0.477187	            0.849336	            2.233693	           -0.216553
            0.149000	          -13.165313	           13.244041	           12.494689	           -0.502115	            0.000000	           -0.435755	            0.300954	           -0.059577	           -0.076533	          173.996854	          450.791543	          -45.900270	           -1.174559	            0.000000	           -0.477479	            0.834984	            2.137153	           -0.212421
            0.150000	          -18.049251	           12.133436	           12.951115	           -0.498541	            0.000000	           -0.435423	            0.280977	           -0.076879	           -0.066852	          169.673003	          429.057116	          -44.862144	           -1.173951	            0.000000	           -0.477781	            0.819355	            2.041812	           -0.208139
            0.151000	          -24.191825	           11.317473	           12.984117	           -0.495200	            0.000000	           -0.435078	            0.252066	           -0.083845	           -0.056912	          165.100126	          407.612977	          -43.751565	           -1.173311	            0.000000	           -0.478100	            0.802582	            1.948591	           -0.203826
            0.152000	          -31.717802	           11.077301	           12.526400	           -0.492025	            0.000000	           -0.434716	            0.213977	           -0.078197	           -0.047148	          160.289333	          386.515516	          -42.575869	           -1.172630	            0.000000	           -0.478446	            0.784795	            1.858340	           -0.199606
            0.153000	          -40.728781	           11.742379	           11.520773	           -0.488887	            0.000000	           -0.434344	            0.166652	           -0.057999	           -0.037982	          155.254428	          365.820332	          -41.343533	           -1.171897	            0.000000	           -0.478835	            0.766116	            1.771814	           -0.195596
            0.154000	          -51.295458	           13.686418	            9.924085	           -0.485665	            0.000000	           -0.433989	            0.110247	           -0.021783	           -0.029807	          150.011941	          345.581392	          -40.064017	           -1.171104	            0.000000	           -0.479280	            0.746662	            1.689648	           -0.191906
            0.155000	          -63.450096	           17.321042	            7.711135	           -0.482273	            0.000000	           -0.433689	            0.045163	            0.031343	           -0.022973	          144.581062	          325.850187	          -38.747566	           -1.170248	            0.000000	           -0.479797	            0.726541	            1.612337	           -0.188633
            0.156000	          -77.179600	           23.087140	            4.878387	           -0.478644	            0.000000	           -0.433483	           -0.027935	            0.101595	           -0.017774	          138.983474	          306.674882	          -37.404974	           -1.169327	            0.000000	           -0.480396	            0.705858	            1.540224	           -0.185857
            0.157000	          -92.419635	           31.444028	            1.447300	           -0.474673	            0.000000	           -0.433409	           -0.108094	            0.188438	           -0.014443	          133.243111	          288.099511	          -36.047322	           -1.168345	            0.000000	           -0.481089	            0.684716	            1.473491	           -0.183636
            0.158000	         -109.050212	           42.856619	           -2.532942	           -0.470187	            0.000000	           -0.433510	           -0.194065	            0.290540	           -0.013144	          127.385824	          270.163211	          -34.685684	           -1.167302	            0.000000	           -0.481880	            0.663219	            1.412151	           -0.182006
            0.159000	         -126.893148	           57.780938	           -6.983512	           -0.464965	            0.000000	           -0.433825	           -0.284306	            0.405754	           -0.013967	          121.438995	          252.899537	          -33.330825	           -1.166199	            0.000000	           -0.482777	            0.641484	            1.356056	           -0.180972
            0.160000	         -145.711754	           76.648428	          -11.795029	           -0.458814	            0.000000	           -0.434374	           -0.376998	            0.531140	           -0.016932	          115.431097	          236.335878	          -31.992886	           -1.165037	            0.000000	           -0.483787	            0.619640	            1.304901	           -0.180511
            0.161000	         -165.213048	           99.849595	          -16.827858	           -0.451647	            0.000000	           -0.435141	           -0.470080	            0.663019	           -0.021987	          109.391220	          220.492988	          -30.681080	           -1.163814	            0.000000	           -0.484922	            0.597837	            1.258242	           -0.180569
            0.162000	         -185.052633	          127.717618	          -21.913755	           -0.443547	            0.000000	           -0.436085	           -0.561299	            0.797071	           -0.029013	          103.348592	          205.384663	          -29.403406	           -1.162529	            0.000000	           -0.486195	            0.576252	            1.215510	           -0.181062
            0.163000	         -204.842319	          160.512647	          -26.858980	           -0.434764	            0.000000	           -0.437143	           -0.648280	            0.928474	           -0.037832	           97.332104	          191.017576	          -28.166393	           -1.161176	            0.000000	           -0.487628	            0.555089	            1.176037	           -0.181878
            0.164000	         -224.160370	          198.407498	          -31.448906	           -0.425661	            0.000000	           -0.438257	           -0.728609	            1.052076	           -0.048214	           91.369843	          177.391281	          -26.974893	           -1.159754	            0.000000	           -0.489241	            0.534583	            1.139077	           -0.182875
            0.165000	         -242.564124	          241.475501	          -35.454097	           -0.416628	            0.000000	           -0.439383	           -0.799929	            1.162603	           -0.059889	           85.488679	          164.498399	          -25.831925	           -1.158264	            0.000000	           -0.491051	            0.514998	            1.103839	           -0.183888
            0.166000	         -259.604585	          289.681164	          -38.637733	           -0.408003	            0.000000	           -0.440493	           -0.860038	            1.254893	           -0.072556	           79.713887	          152.324984	          -24.738591	           -1.156719	            0.000000	           -0.493071	            0.496619	            1.069511	           -0.184737
            0.167000	         -274.842413	          342.874268	          -40.764168	           -0.400029	            0.000000	           -0.441572	           -0.907003	            1.324140	           -0.085893	           74.068824	          140.851066	          -23.694053	           -1.155133	            0.000000	           -0.495307	            0.479748	            1.035290	           -0.185223
            0.168000	         -287.864645	          400.787845	          -41.608313	           -0.392838	            0.000000	           -0.442604	           -0.939247	            1.366156	           -0.099574	           68.574680	          130.051367	          -22.695606	           -1.153524	            0.000000	           -0.497766	            0.464686	            1.000414	           -0.185144
            0.169000	         -298.301371	          463.040356	          -40.965437	           -0.386471	            0.000000	           -0.443580	           -0.955645	            1.377605	           -0.113275	           63.250288	          119.896153	          -21.738819	           -1.151908	            0.000000	           -0.500466	            0.451724	            0.964181	           -0.184299
            0.170000	         -305.841541	          529.142147	          -38.660929	           -0.380903	            0.000000	           -0.444491	           -0.955587	            1.356233	           -0.126682	           58.112007	          110.352226	          -20.817758	           -1.150297	            0.000000	           -0.503453	            0.441120	            0.925983	           -0.182495
            0.171000	         -310.247094	          598.506074	          -34.559485	           -0.376078	            0.000000	           -0.445344	           -0.939023	            1.301046	           -0.139500	           53.173678	          101.383993	          -19.925286	           -1.148695	            0.000000	           -0.506789	            0.433080	            0.885322	           -0.179557
            0.172000	         -311.364650	          670.461956	          -28.573174	           -0.371947	            0.000000	           -0.446165	           -0.906481	            1.212437	           -0.151458	           48.446641	           92.954602	          -19.053429	           -1.147104	            0.000000	           -0.510543	            0.427738	            0.841833	           -0.175337
            0.173000	         -309.134097	          744.274288	          -20.667852	           -0.368497	            0.000000	           -0.446994	           -0.859049	            1.092256	           -0.162305	           43.939816	           85.027084	          -18.193787	           -1.145529	            0.000000	           -0.514794	            0.425134	            0.795296	           -0.169722
            0.174000	         -303.593602	          819.162474	          -10.867449	           -0.365744	            0.000000	           -0.447881	           -0.798333	            0.943796	           -0.171813	           39.659842	           77.565465	          -17.337988	           -1.143982	            0.000000	           -0.519617	            0.425196	            0.745649	           -0.162642
            0.175000	         -294.880702	          894.322683	            0.744271	           -0.363698	            0.000000	           -0.448865	           -0.726384	            0.771708	           -0.179770	           35.611254	           70.535798	          -16.478153	           -1.142471	            0.000000	           -0.525080	            0.427725	            0.692995	           -0.154077
            0.176000	         -283.229380	          968.950329	           14.024714	           -0.362329	            0.000000	           -0.449965	           -0.645604	            0.581831	           -0.185977	           31.796697	           63.907084	          -15.607347	           -1.141003	            0.000000	           -0.531230	            0.432385	            0.637599	           -0.144062
            0.177000	         -268.963229	         1042.262171	           28.776318	           -0.361540	            0.000000	           -0.451174	           -0.558636	            0.380958	           -0.190245	           28.217163	           57.652018	          -14.720004	           -1.139585	            0.000000	           -0.538073	            0.438696	            0.579886	           -0.132691
            0.178000	         -252.484974	         1113.517021	           44.753173	           -0.361186	            0.000000	           -0.452471	           -0.468243	            0.176539	           -0.192389	           24.872228	           51.747546	          -13.812289	           -1.138225	            0.000000	           -0.545563	            0.446044	            0.520429	           -0.120117
            0.179000	         -234.262834	         1182.034189	           61.670117	           -0.361133	            0.000000	           -0.453838	           -0.377185	           -0.023661	           -0.192232	           21.760284	           46.175199	          -12.882377	           -1.136939	            0.000000	           -0.553614	            0.453690	            0.459931	           -0.106549
            0.180000	         -214.814300	         1247.208920	           79.213835	           -0.361276	            0.000000	           -0.455266	           -0.288109	           -0.211920	           -0.189604	           18.878739	           40.921182	          -11.930637	           -1.135748	            0.000000	           -0.562136	            0.460795	            0.399199	           -0.092249
            0.181000	         -194.688036	         1308.524296	           97.055350	           -0.361515	            0.000000	           -0.456742	           -0.203443	           -0.380922	           -0.184355	           16.224190	           35.976222	          -10.959692	           -1.134670	            0.000000	           -0.571043	            0.466452	            0.339120	           -0.077522
            0.182000	         -174.444640	         1365.559310	          114.863193	           -0.361727	            0.000000	           -0.458230	           -0.125314	           -0.524086	           -0.176356	           13.792540	           31.335174	           -9.974362	           -1.133708	            0.000000	           -0.580250	            0.469726	            0.280620	           -0.062704
            0.183000	         -154.637055	         1417.993043	          132.316473	           -0.361785	            0.000000	           -0.459673	           -0.055482	           -0.635862	           -0.165518	           11.579067	           26.996410	           -8.981487	           -1.132868	            0.000000	           -0.589668	            0.469707	            0.224630	           -0.048149
            0.184000	         -135.791401	         1465.605096	          149.117108	           -0.361581	            0.000000	           -0.461013	            0.004697	           -0.711948	           -0.151797	            9.578443	           22.961023	           -7.989626	           -1.132165	            0.000000	           -0.599232	            0.465567	            0.172040	           -0.034210
            0.185000	         -118.388975	         1508.272651	          165.000525	           -0.361050	            0.000000	           -0.462200	            0.054291	           -0.749448	           -0.135207	            7.784704	           19.231894	           -7.008667	           -1.132165	            0.000000	           -0.599232	            0.456611	            0.123664	           -0.021223
            0.186000	         -102.850126	         1545.964627	          179.744272	           -0.360171	            0.000000	           -0.463205	            0.092793	           -0.746929	           -0.115825	            6.191192	           15.812680	           -6.049361	           -1.132165	            0.000000	           -0.599232	            0.442344	            0.080195	           -0.009491
            0.187000	          -89.520636	         1578.733530	          193.174126	           -0.358968	            0.000000	           -0.464017	            0.120094	           -0.704411	           -0.093795	            4.790471	           12.706779	           -5.122805	           -1.190000	            0.000000	           -0.300000	            0.422513	            0.042173	            0.000740
            0.188000	          -78.661165	         1606.705631	          205.167491	           -0.357496	            0.000000	           -0.464647	            0.136450	           -0.623271	           -0.069324	            0.000000	            0.000000	            0.000000	           -1.190000	            0.000000	           -0.463490	            0.000000	            0.000000	            0.000000
            0.189000	          -70.440178	         1630.070084	          215.654029	           -0.355818	            0.000000	           -0.465117	            0.142438	           -0.506085	           -0.042679	            0.000000	            0.000000	            0.000000	           -1.190000	            0.000000	           -0.463490	            0.000000	            0.000000	            0.000000
            0.190000	          -64.930659	         1649.067583	          224.613664	           -0.353992	            0.000000	           -0.465461	            0.138896	           -0.356419	           -0.014174	            0.000000	            0.000000	            0.000000	           -1.190000	            0.000000	           -0.463490	            0.000000	            0.000000	            0.000000
            0.191000	          -62.110746	         1663.979065	          232.072265	           -0.352057	            0.000000	           -0.465713	            0.126871	           -0.178590	            0.015839	            0.000000	            0.000000	            0.000000	           -1.190000	            0.000000	           -0.463490	            0.000000	            0.000000	            0.000000
            0.192000	          -61.868235	         1675.114911	          238.095406	           -0.350029	            0.000000	           -0.465908	            0.107553	            0.022591	            0.046984	            0.000000	            0.000000	            0.000000	           -1.190000	            0.000000	           -0.463490	            0.000000	            0.000000	            0.000000
            0.193000	          -64.008715	         1682.804971	          242.780709	           -0.347914	            0.000000	           -0.466070	            0.082224	            0.242057	            0.078874	            0.000000	            0.000000	            0.000000	           -1.190000	            0.000000	           -0.463490	            0.000000	            0.000000	            0.000000
            0.194000	          -68.266927	         1687.389660	          246.249325	           -0.345715	            0.000000	           -0.466216	            0.052204	            0.474722	            0.111120	            0.000000	            0.000000	            0.000000	           -1.190000	            0.000000	           -0.463490	            0.000000	            0.000000	            0.000000
            0.195000	          -74.320730	         1689.212297	          248.637089	           -0.343442	            0.000000	           -0.466357	            0.018802	            0.715661	            0.143342	            0.000000	            0.000000	            0.000000	           -1.190000	            0.000000	           -0.463490	            0.000000	            0.000000	            0.000000
            0.196000	          -81.806978	         1688.612713	          250.085884	           -0.341116	            0.000000	           -0.466495	           -0.016725	            0.960265	            0.175174	            0.000000	            0.000000	            0.000000	           -1.190000	            0.000000	           -0.463490	            0.000000	            0.000000	            0.000000
            0.197000	          -90.338458	         1685.922138	          250.735660	           -0.338761	            0.000000	           -0.466634	           -0.053200	            1.204340	            0.206267	            0.000000	            0.000000	            0.000000	           -1.190000	            0.000000	           -0.463490	            0.000000	            0.000000	            0.000000
            0.198000	          -99.521048	         1681.459260	          250.717491	           -0.336404	            0.000000	           -0.466774	           -0.089558	            1.444155	            0.236287	            0.000000	            0.000000	            0.000000	           -1.190000	            0.000000	           -0.463490	            0.000000	            0.000000	            0.000000
            0.199000	         -108.970222	         1675.527324	          250.147947	           -0.334069	            0.000000	           -0.466917	           -0.124856	            1.676461	            0.264916	            0.000000	            0.000000	            0.000000	           -1.190000	            0.000000	           -0.463490	            0.000000	            0.000000	            0.000000
            0.200000	         -118.326112	         1668.412092	          249.124932	           -0.331770	            0.000000	           -0.467059	           -0.158288	            1.898456	            0.291848	            0.000000	            0.000000	            0.000000	           -1.190000	            0.000000	           -0.463490	            0.000000	            0.000000	            0.000000
            0.201000	         -127.266435	         1660.380461	          247.725077	           -0.329514	            0.000000	           -0.467188	           -0.189188	            2.107740	            0.316787	            0.000000	            0.000000	            0.000000	           -1.190000	            0.000000	           -0.463490	            0.000000	            0.000000	            0.000000
            0.202000	         -135.516759	         1651.679580	          246.002626	           -0.327302	            0.000000	           -0.467293	           -0.217027	            2.302241	            0.339442	            0.000000	            0.000000	            0.000000	           -1.190000	            0.000000	           -0.463490	            0.000000	            0.000000	            0.000000
            0.203000	         -142.857712	         1642.536257	          243.989729	           -0.325134	            0.000000	           -0.467360	           -0.241408	            2.480142	            0.359531	            0.000000	            0.000000	            0.000000	           -1.190000	            0.000000	           -0.463490	            0.000000	            0.000000	            0.000000
            0.204000	         -149.128988	         1633.156557	          241.697938	           -0.323007	            0.000000	           -0.467379	           -0.262054	            2.639807	            0.376781	            0.000000	            0.000000	            0.000000	           -1.190000	            0.000000	           -0.463490	            0.000000	            0.000000	            0.000000
            0.205000	         -154.230136	         1623.725471	          239.120707	           -0.320917	            0.000000	           -0.467345	           -0.278801	            2.779721	            0.390931	            0.000000	            0.000000	            0.000000	           -1.190000	            0.000000	           -0.463490	            0.000000	            0.000000	            0.000000
            0.206000	         -158.118349	         1614.406617	          236.236635	           -0.318860	            0.000000	           -0.467262	           -0.291580	            2.898440	            0.401743	            0.000000	            0.000000	            0.000000	           -1.190000	            0.000000	           -0.463490	            0.000000	            0.000000	            0.000000
            0.207000	         -160.803600	         1605.341955	          233.013205	           -0.316830	            0.000000	           -0.467133	           -0.300404	            2.994566	            0.409004	            0.000000	            0.000000	            0.000000	           -1.190000	            0.000000	           -0.463490	            0.000000	            0.000000	            0.000000
            0.208000	         -162.341612	         1596.651553	          229.410777	           -0.314822	            0.000000	           -0.466963	           -0.305355	            3.066736	            0.412545	            0.000000	            0.000000	            0.000000	           -1.190000	            0.000000	           -0.463490	            0.000000	            0.000000	            0.000000
            0.209000	         -162.825242	         1588.433455	          225.386610	           -0.312829	            0.000000	           -0.466756	           -0.306569	            3.113636	            0.412244	            0.000000	            0.000000	            0.000000	           -1.190000	            0.000000	           -0.463490	            0.000000	            0.000000	            0.000000
            0.210000	         -162.374898	         1580.763726	          220.898714	           -0.310844	            0.000000	           -0.466517	           -0.304227	            3.134026	            0.408042	            0.000000	            0.000000	            0.000000	           -1.190000	            0.000000	           -0.463490	            0.000000	            0.000000	            0.000000
            0.211000	         -161.128633	         1573.696754	          215.909371	           -0.308865	            0.000000	           -0.466247	           -0.298540	            3.126781	            0.399947	            0.000000	            0.000000	            0.000000	           -1.190000	            0.000000	           -0.463490	            0.000000	            0.000000	            0.000000
            0.212000	         -159.232499	         1567.265885	          210.388194	           -0.306892	            0.000000	           -0.465952	           -0.289743	            3.090942	            0.388048	            0.000000	            0.000000	            0.000000	           -1.190000	            0.000000	           -0.463490	            0.000000	            0.000000	            0.000000
            0.213000	         -156.831701	         1561.484438	          204.314642	           -0.304923	            0.000000	           -0.465633	           -0.278085	            3.025768	            0.372512	            0.000000	            0.000000	            0.000000	           -1.190000	            0.000000	           -0.463490	            0.000000	            0.000000	            0.000000
            0.214000	         -154.062966	         1556.347144	          197.679909	           -0.302958	            0.000000	           -0.465292	           -0.263827	            2.930792	            0.353588	            0.000000	            0.000000	            0.000000	           -1.190000	            0.000000	           -0.463490	            0.000000	            0.000000	            0.000000
            0.215000	         -151.048446	         1551.831985	          190.488186	           -0.301001	            0.000000	           -0.464930	           -0.247236	            2.805874	            0.331606	            0.000000	            0.000000	            0.000000	           -1.190000	            0.000000	           -0.463490	            0.000000	            0.000000	            0.000000
            0.216000	         -147.891339	         1547.902426	          182.757267	           -0.299055	            0.000000	           -0.464545	           -0.228583	            2.651245	            0.306966	            0.000000	            0.000000	            0.000000	           -1.190000	            0.000000	           -0.463490	            0.000000	            0.000000	            0.000000
            0.217000	         -144.673263	         1544.509943	          174.518548	           -0.297131	            0.000000	           -0.464136	           -0.208143	            2.467546	            0.280133	            0.000000	            0.000000	            0.000000	           -1.190000	            0.000000	           -0.463490	            0.000000	            0.000000	            0.000000
            0.218000	         -141.453341	         1541.596781	          165.816451	           -0.295236	            0.000000	           -0.463705	           -0.186195	            2.255852	            0.251623	            0.000000	            0.000000	            0.000000	           -1.190000	            0.000000	           -0.463490	            0.000000	            0.000000	            0.000000
            0.219000	         -138.268806	         1539.098794	          156.707342	           -0.293382	            0.000000	           -0.463252	           -0.163022	            2.017690	            0.221986	            0.000000	            0.000000	            0.000000	           -1.190000	            0.000000	           -0.463490	            0.000000	            0.000000	            0.000000
            0.220000	         -135.136882	         1536.948275	          147.258029	           -0.291575	            0.000000	           -0.462782	           -0.138911	            1.755039	            0.191793	            0.000000	            0.000000	            0.000000	           -1.190000	            0.000000	           -0.463490	            0.000000	            0.000000	            0.000000
            0.221000	         -132.057630	         1535.076615	          137.543924	           -0.289822	            0.000000	           -0.462300	           -0.114157	            1.470320	            0.161617	            0.000000	            0.000000	            0.000000	           -1.190000	            0.000000	           -0.463490	            0.000000	            0.000000	            0.000000
            0.222000	         -129.017426	         1533.416691	          127.646978	           -0.288126	            0.000000	           -0.461812	           -0.089058	            1.166373	            0.132016	            0.000000	            0.000000	            0.000000	           -1.190000	            0.000000	           -0.463490	            0.000000	            0.000000	            0.000000
            0.223000	         -125.992730	         1531.904866	          117.653477	           -0.286488	            0.000000	           -0.461324	           -0.063918	            0.846422	            0.103514	            0.000000	            0.000000	            0.000000	           -1.190000	            0.000000	           -0.463490	            0.000000	            0.000000	            0.000000
            0.224000	         -122.953837	         1530.482531	          107.651812	           -0.284902	            0.000000	           -0.460842	           -0.039042	            0.514025	            0.076592	            0.000000	            0.000000	            0.000000	           -1.190000	            0.000000	           -0.463490	            0.000000	            0.000000	            0.000000
            0.225000	         -119.868337	         1529.097142	           97.730303	           -0.283357	            0.000000	           -0.460372	           -0.014734	            0.173015	            0.051668	            0.000000	            0.000000	            0.000000	           -1.190000	            0.000000	           -0.463490	            0.000000	            0.000000	            0.000000
            0.226000	         -116.704087	         1527.702727	           87.975154	           -0.281843	            0.000000	           -0.459923	            0.008705	           -0.172568	            0.029091	            0.000000	            0.000000	            0.000000	           -1.190000	            0.000000	           -0.463490	            0.000000	            0.000000	            0.000000
            0.227000	         -113.431547	         1526.259909	           78.468617	           -0.280352	            0.000000	           -0.459499	            0.030984	           -0.518553	            0.009132	            0.000000	            0.000000	            0.000000	           -1.190000	            0.000000	           -0.463490	            0.000000	            0.000000	            0.000000
            0.228000	         -110.025409	         1524.735480	           69.287396	           -0.278886	            0.000000	           -0.459104	            0.051828	           -0.860728	           -0.008023	            0.000000	            0.000000	            0.000000	           -1.190000	            0.000000	           -0.463490	            0.000000	            0.000000	            0.000000
            0.229000	         -106.465540	         1523.101628	           60.501327	           -0.277453	            0.000000	           -0.458739	            0.070980	           -1.194923	           -0.022273	            0.000000	            0.000000	            0.000000	           -1.190000	            0.000000	           -0.463490	            0.000000	            0.000000	            0.000000
            0.230000	         -102.737280	         1521.334918	           52.172350	           -0.276073	            0.000000	           -0.458401	            0.088208	           -1.517107	           -0.033599	            0.000000	            0.000000	            0.000000	           -1.190000	            0.000000	           -0.463490	            0.000000	            0.000000	            0.000000
            0.231000	          -98.831211	         1519.415156	           44.353761	           -0.274760	            0.000000	           -0.458087	            0.103312	           -1.823472	           -0.042063	            0.000000	            0.000000	            0.000000	           -1.190000	            0.000000	           -0.463490	            0.000000	            0.000000	            0.000000
            0.232000	          -94.742548	         1517.324243	           37.089742	           -0.273524	            0.000000	           -0.457795	            0.116126	           -2.110523	           -0.047802	            0.000000	            0.000000	            0.000000	           -1.190000	            0.000000	           -0.463490	            0.000000	            0.000000	            0.000000
            0.233000	          -90.470288	         1515.045153	           30.415124	           -0.272364	            0.000000	           -0.457525	            0.126522	           -2.375156	           -0.051017	            0.000000	            0.000000	            0.000000	           -1.190000	            0.000000	           -0.463490	            0.000000	            0.000000	            0.000000
            0.234000	          -86.016288	         1512.561126	           24.355376	           -0.271272	            0.000000	           -0.457278	            0.134414	           -2.614723	           -0.051960	            0.000000	            0.000000	            0.000000	           -1.190000	            0.000000	           -0.463490	            0.000000	            0.000000	            0.000000
            0.235000	          -81.384393	         1509.855138	           18.926768	           -0.270238	            0.000000	           -0.457057	            0.139760	           -2.827093	           -0.050929	            0.000000	            0.000000	            0.000000	           -1.190000	            0.000000	           -0.463490	            0.000000	            0.000000	            0.000000
            0.236000	          -76.579738	         1506.909692	           14.136686	           -0.269251	            0.000000	           -0.456862	            0.142563	           -3.010686	           -0.048250	            0.000000	            0.000000	            0.000000	           -1.190000	            0.000000	           -0.463490	            0.000000	            0.000000	            0.000000
            0.237000	          -71.608271	         1503.706950	            9.984066	           -0.268302	            0.000000	           -0.456694	            0.142867	           -3.164498	           -0.044265	            0.000000	            0.000000	            0.000000	           -1.190000	            0.000000	           -0.463490	            0.000000	            0.000000	            0.000000
            0.238000	          -66.476545	         1500.229142	            6.459936	           -0.267382	            0.000000	           -0.456550	            0.140762	           -3.288106	           -0.039323	            0.000000	            0.000000	            0.000000	           -1.190000	            0.000000	           -0.463490	            0.000000	            0.000000	            0.000000
            0.239000	          -61.191754	         1496.459237	            3.548021	           -0.266483	            0.000000	           -0.456428	            0.136378	           -3.381654	           -0.033761	            0.000000	            0.000000	            0.000000	           -1.190000	            0.000000	           -0.463490	            0.000000	            0.000000	            0.000000
            0.240000	          -55.761967	         1492.381758	            1.225437	           -0.265600	            0.000000	           -0.456324	            0.129883	           -3.445823	           -0.027901	            0.000000	            0.000000	            0.000000	           -1.190000	            0.000000	           -0.463490	            0.000000	            0.000000	            0.000000
            0.241000	          -50.196489	         1487.983675	           -0.536571	           -0.264727	            0.000000	           -0.456235	            0.121479	           -3.481784	           -0.022036	            0.000000	            0.000000	            0.000000	           -1.190000	            0.000000	           -0.463490	            0.000000	            0.000000	            0.000000
            0.242000	          -44.506256	         1483.255253	           -1.771829	           -0.263861	            0.000000	           -0.456162	            0.111395	           -3.491137	           -0.016424	            0.000000	            0.000000	            0.000000	           -1.190000	            0.000000	           -0.463490	            0.000000	            0.000000	            0.000000
            0.243000	          -38.704175	         1478.190787	           -2.518374	           -0.263002	            0.000000	           -0.456104	            0.099885	           -3.475847	           -0.011282	            0.000000	            0.000000	            0.000000	           -1.190000	            0.000000	           -0.463490	            0.000000	            0.000000	            0.000000
            0.244000	          -32.805324	         1472.789114	           -2.817559	           -0.262149	            0.000000	           -0.456066	            0.087220	           -3.438161	           -0.006783	            0.000000	            0.000000	            0.000000	           -1.190000	            0.000000	           -0.463490	            0.000000	            0.000000	            0.000000
            0.245000	          -26.826952	         1467.053873	           -2.713112	           -0.261306	            0.000000	           -0.456048	            0.073680	           -3.380530	           -0.003054	            0.000000	            0.000000	            0.000000	           -1.190000	            0.000000	           -0.463490	            0.000000	            0.000000	            0.000000
            0.246000	          -20.788242	         1460.993453	           -2.250171	           -0.260474	            0.000000	           -0.456050	            0.059549	           -3.305530	           -0.000179	            0.000000	            0.000000	            0.000000	           -1.190000	            0.000000	           -0.463490	            0.000000	            0.000000	            0.000000
            0.247000	          -14.709827	         1454.620637	           -1.474308	           -0.259658	            0.000000	           -0.456069	            0.045107	           -3.215783	            0.001805	            0.000000	            0.000000	            0.000000	           -1.190000	            0.000000	           -0.463490	            0.000000	            0.000000	            0.000000
            0.248000	           -8.613091	         1447.951969	           -0.430566	           -0.258858	            0.000000	           -0.456102	            0.030624	           -3.113888	            0.002899	            0.000000	            0.000000	            0.000000	           -1.190000	            0.000000	           -0.463490	            0.000000	            0.000000	            0.000000
            0.249000	           -2.519304	         1441.006870	            0.837459	           -0.258078	            0.000000	           -0.456146	            0.016352	           -3.002353	            0.003137	            0.000000	            0.000000	            0.000000	           -1.190000	            0.000000	           -0.463490	            0.000000	            0.000000	            0.000000
            0.250000	            3.551331	         1433.806584	            2.288472	           -0.257321	            0.000000	           -0.456199	            0.002523	           -2.883544	            0.002585	            0.000000	            0.000000	            0.000000	           -1.190000	            0.000000	           -0.463490	            0.000000	            0.000000	            0.000000
            0.251000	            9.580647	         1426.373030	            3.884234	           -0.256590	            0.000000	           -0.456259	           -0.010660	           -2.759641	            0.001332	            0.000000	            0.000000	            0.000000	           -1.190000	            0.000000	           -0.463490	            0.000000	            0.000000	            0.000000
            0.252000	           15.553387	         1418.727627	            5.590193	           -0.255888	            0.000000	           -0.456326	           -0.023024	           -2.632608	           -0.000515	            0.000000	            0.000000	            0.000000	           -1.190000	            0.000000	           -0.463490	            0.000000	            0.000000	            0.000000
            0.253000	           21.457922	         1410.890186	            7.375969	           -0.255215	            0.000000	           -0.456398	           -0.034428	           -2.504165	           -0.002841	            0.000000	            0.000000	            0.000000	           -1.190000	            0.000000	           -0.463490	            0.000000	            0.000000	            0.000000
            0.254000	           27.286730	         1402.877938	            9.215670	           -0.254565	            0.000000	           -0.456476	           -0.044764	           -2.375785	           -0.005522	            0.000000	            0.000000	            0.000000	           -1.190000	            0.000000	           -0.463490	            0.000000	            0.000000	            0.000000
            0.255000	           33.036598	         1394.704737	           11.088049	           -0.253933	            0.000000	           -0.456559	           -0.053958	           -2.248687	           -0.008436	            0.000000	            0.000000	            0.000000	           -1.190000	            0.000000	           -0.463490	            0.000000	            0.000000	            0.000000
            0.256000	           38.708524	         1386.380511	           12.976472	           -0.253315	            0.000000	           -0.456646	           -0.061968	           -2.123844	           -0.011465	            0.000000	            0.000000	            0.000000	           -1.190000	            0.000000	           -0.463490	            0.000000	            0.000000	            0.000000
            0.257000	           44.307314	         1377.910940	           14.868736	           -0.252711	            0.000000	           -0.456734	           -0.068780	           -2.001998	           -0.014499	            0.000000	            0.000000	            0.000000	           -1.190000	            0.000000	           -0.463490	            0.000000	            0.000000	            0.000000
            0.258000	           49.840920	         1369.297402	           16.756732	           -0.252122	            0.000000	           -0.456823	           -0.074406	           -1.883674	           -0.017439	            0.000000	            0.000000	            0.000000	           -1.190000	            0.000000	           -0.463490	            0.000000	            0.000000	            0.000000
            0.259000	           55.319554	         1360.537141	           18.635980	           -0.251552	            0.000000	           -0.456910	           -0.078879	           -1.769208	           -0.020200	            0.000000	            0.000000	            0.000000	           -1.190000	            0.000000	           -0.463490	            0.000000	            0.000000	            0.000000
            0.260000	           60.754655	         1351.623643	           20.505070	           -0.251003	            0.000000	           -0.456995	           -0.082249	           -1.658768	           -0.022708	            0.000000	            0.000000	            0.000000	           -1.190000	            0.000000	           -0.463490	            0.000000	            0.000000	            0.000000
            0.261000	           66.157780	         1342.547174	           22.365033	           -0.250476	            0.000000	           -0.457080	           -0.084577	           -1.552379	           -0.024908	            0.000000	            0.000000	            0.000000	           -1.190000	            0.000000	           -0.463490	            0.000000	            0.000000	            0.000000
            0.262000	           71.539506	         1333.295424	           24.218680	           -0.249969	            0.000000	           -0.457168	           -0.085932	           -1.449951	           -0.026754	            0.000000	            0.000000	            0.000000	           -1.190000	            0.000000	           -0.463490	            0.000000	            0.000000	            0.000000
            0.263000	           76.908413	         1323.854215	           26.069940	           -0.249480	            0.000000	           -0.457261	           -0.086385	           -1.351302	           -0.028216	            0.000000	            0.000000	            0.000000	           -1.190000	            0.000000	           -0.463490	            0.000000	            0.000000	            0.000000
            0.264000	           82.270223	         1314.208215	           27.923224	           -0.249010	            0.000000	           -0.457360	           -0.086006	           -1.256179	           -0.029277	            0.000000	            0.000000	            0.000000	           -1.190000	            0.000000	           -0.463490	            0.000000	            0.000000	            0.000000
            0.265000	           87.627139	         1304.341612	           29.782853	           -0.248560	            0.000000	           -0.457465	           -0.084859	           -1.164280	           -0.029926	            0.000000	            0.000000	            0.000000	           -1.190000	            0.000000	           -0.463490	            0.000000	            0.000000	            0.000000
            0.266000	           92.977437	         1294.238717	           31.652556	           -0.248132	            0.000000	           -0.457575	           -0.083003	           -1.075272	           -0.030164	            0.000000	            0.000000	            0.000000	           -1.190000	            0.000000	           -0.463490	            0.000000	            0.000000	            0.000000
            0.267000	           98.315308	         1283.884458	           33.535072	           -0.247722	            0.000000	           -0.457688	           -0.080483	           -0.988805	           -0.029996	            0.000000	            0.000000	            0.000000	           -1.190000	            0.000000	           -0.463490	            0.000000	            0.000000	            0.000000
            0.268000	          103.630966	         1273.264754	           35.431844	           -0.247328	            0.000000	           -0.457804	           -0.077338	           -0.904527	           -0.029435	            0.000000	            0.000000	            0.000000	           -1.190000	            0.000000	           -0.463490	            0.000000	            0.000000	            0.000000
            0.269000	          108.910992	         1262.366766	           37.342835	           -0.246942	            0.000000	           -0.457924	           -0.073592	           -0.822095	           -0.028492	            0.000000	            0.000000	            0.000000	           -1.190000	            0.000000	           -0.463490	            0.000000	            0.000000	            0.000000
            0.270000	          114.138888	         1251.179020	           39.266440	           -0.246561	            0.000000	           -0.458047	           -0.069259	           -0.741185	           -0.027185	            0.000000	            0.000000	            0.000000	           -1.190000	            0.000000	           -0.463490	            0.000000	            0.000000	            0.000000
            0.271000	          119.295780	         1239.691423	           41.199493	           -0.246185	            0.000000	           -0.458175	           -0.064346	           -0.661501	           -0.025529	            0.000000	            0.000000	            0.000000	           -1.190000	            0.000000	           -0.463490	            0.000000	            0.000000	            0.000000
            0.272000	          124.361234	         1227.895191	           43.137375	           -0.245813	            0.000000	           -0.458308	           -0.058848	           -0.582780	           -0.023539	            0.000000	            0.000000	            0.000000	           -1.190000	            0.000000	           -0.463490	            0.000000	            0.000000	            0.000000
            0.273000	          129.314115	         1215.782706	           45.074176	           -0.245446	            0.000000	           -0.458445	           -0.052758	           -0.504802	           -0.021230	            0.000000	            0.000000	            0.000000	           -1.190000	            0.000000	           -0.463490	            0.000000	            0.000000	            0.000000
            0.274000	          134.133437	         1203.347336	           47.002923	           -0.245085	            0.000000	           -0.458585	           -0.046062	           -0.427394	           -0.018615	            0.000000	            0.000000	            0.000000	           -1.190000	            0.000000	           -0.463490	            0.000000	            0.000000	            0.000000
            0.275000	          138.799151	         1190.583242	           48.915846	           -0.244731	            0.000000	           -0.458726	           -0.038749	           -0.350436	           -0.015708	            0.000000	            0.000000	            0.000000	           -1.190000	            0.000000	           -0.463490	            0.000000	            0.000000	            0.000000
            0.276000	          143.292830	         1177.485192	           50.804657	           -0.244386	            0.000000	           -0.458869	           -0.030808	           -0.273863	           -0.012520	            0.000000	            0.000000	            0.000000	           -1.190000	            0.000000	           -0.463490	            0.000000	            0.000000	            0.000000
            0.277000	          147.598214	         1164.048407	           52.660844	           -0.244049	            0.000000	           -0.459013	           -0.022235	           -0.197670	           -0.009063	            0.000000	            0.000000	            0.000000	           -1.190000	            0.000000	           -0.463490	            0.000000	            0.000000	            0.000000
            0.278000	          151.701598	         1150.268440	           54.475943	           -0.243721	            0.000000	           -0.459158	           -0.013032	           -0.121911	           -0.005350	            0.000000	            0.000000	            0.000000	           -1.190000	            0.000000	           -0.463490	            0.000000	            0.000000	            0.000000
            0.279000	          155.592052	         1136.141121	           56.241797	           -0.243399	            0.000000	           -0.459304	           -0.003213	           -0.046704	           -0.001393	            0.000000	            0.000000	            0.000000	           -1.190000	            0.000000	           -0.463490	            0.000000	            0.000000	            0.000000
            0.280000	          159.261474	         1121.662544	           57.950776	           -0.243076	            0.000000	           -0.459449	            0.007198	            0.027777	            0.002790	            0.000000	            0.000000	            0.000000	           -1.190000	            0.000000	           -0.463490	            0.000000	            0.000000	            0.000000
            0.281000	          162.704488	         1106.829107	           59.595950	           -0.242749	            0.000000	           -0.459593	            0.018161	            0.101300	            0.007182	            0.000000	            0.000000	            0.000000	           -1.190000	            0.000000	           -0.463490	            0.000000	            0.000000	            0.000000
            0.282000	          165.918213	         1091.637601	           61.171225	           -0.242412	            0.000000	           -0.459733	            0.029626	            0.173585	            0.011760	            0.000000	            0.000000	            0.000000	           -1.190000	            0.000000	           -0.463490	            0.000000	            0.000000	            0.000000
            0.283000	          168.901927	         1076.085330	           62.671419	           -0.242066	            0.000000	           -0.459868	            0.041524	            0.244306	            0.016499	            0.000000	            0.000000	            0.000000	           -1.190000	            0.000000	           -0.463490	            0.000000	            0.000000	            0.000000
            0.284000	          171.656651	         1060.170246	           64.092295	           -0.241716	            0.000000	           -0.459994	            0.053777	            0.313102	            0.021370	            0.000000	            0.000000	            0.000000	           -1.190000	            0.000000	           -0.463490	            0.000000	            0.000000	            0.000000
            0.285000	          174.184695	         1043.891107	           65.430542	           -0.241367	            0.000000	           -0.460106	            0.066292	            0.379586	            0.026336	            0.000000	            0.000000	            0.000000	           -1.190000	            0.000000	           -0.463490	            0.000000	            0.000000	            0.000000
            0.286000	          176.489186	         1027.247615	           66.683718	           -0.241027	            0.000000	           -0.460202	            0.078964	            0.443358	            0.031362	            0.000000	            0.000000	            0.000000	           -1.190000	            0.000000	           -0.463490	            0.000000	            0.000000	            0.000000
            0.287000	          178.573615	         1010.240553	           67.850154	           -0.240695	            0.000000	           -0.460280	            0.091682	            0.504011	            0.036406	            0.000000	            0.000000	            0.000000	           -1.190000	            0.000000	           -0.463490	            0.000000	            0.000000	            0.000000
            0.288000	          180.441419	          992.871890	           68.928843	           -0.240369	            0.000000	           -0.460340	            0.104327	            0.561148	            0.041423	            0.000000	            0.000000	            0.000000	           -1.190000	            0.000000	           -0.463490	            0.000000	            0.000000	            0.000000
            0.289000	          182.095617	          975.144859	           69.919296	           -0.240042	            0.000000	           -0.460386	            0.116779	            0.614392	            0.046367	            0.000000	            0.000000	            0.000000	           -1.190000	            0.000000	           -0.463490	            0.000000	            0.000000	            0.000000
            0.290000	          183.538517	          957.064012	           70.821406	           -0.239705	            0.000000	           -0.460425	            0.128915	            0.663400	            0.051193	            0.000000	            0.000000	            0.000000	           -1.190000	            0.000000	           -0.463490	            0.000000	            0.000000	            0.000000
            0.291000	          184.771496	          938.635235	           71.635304	           -0.239353	            0.000000	           -0.460462	            0.140619	            0.707871	            0.055853	            0.000000	            0.000000	            0.000000	           -1.190000	            0.000000	           -0.463490	            0.000000	            0.000000	            0.000000
            0.292000	          185.794857	          919.865749	           72.361230	           -0.238983	            0.000000	           -0.460500	            0.151783	            0.747559	            0.060305	            0.000000	            0.000000	            0.000000	           -1.190000	            0.000000	           -0.463490	            0.000000	            0.000000	            0.000000
            0.293000	          186.607761	          900.764085	           72.999417	           -0.238599	            0.000000	           -0.460541	            0.162309	            0.782285	            0.064509	            0.000000	            0.000000	            0.000000	           -1.190000	            0.000000	           -0.463490	            0.000000	            0.000000	            0.000000
            0.294000	          187.208220	          881.340059	           73.549993	           -0.238203	            0.000000	           -0.460583	            0.172113	            0.811941	            0.068430	            0.000000	            0.000000	            0.000000	           -1.190000	            0.000000	           -0.463490	            0.000000	            0.000000	            0.000000
            0.295000	          187.593163	          861.604745	           74.012912	           -0.237799	            0.000000	           -0.460624	            0.181131	            0.836497	            0.072040	            0.000000	            0.000000	            0.000000	           -1.190000	            0.000000	           -0.463490	            0.000000	            0.000000	            0.000000
            0.296000	          187.758534	          841.570463	           74.387902	           -0.237386	            0.000000	           -0.460664	            0.189319	            0.856010	            0.075322	            0.000000	            0.000000	            0.000000	           -1.190000	            0.000000	           -0.463490	            0.000000	            0.000000	            0.000000
            0.297000	          187.699446	          821.250790	           74.674447	           -0.236962	            0.000000	           -0.460701	            0.196652	            0.870619	            0.078265	            0.000000	            0.000000	            0.000000	           -1.190000	            0.000000	           -0.463490	            0.000000	            0.000000	            0.000000
            0.298000	          187.410354	          800.660599	           74.871783	           -0.236526	            0.000000	           -0.460736	            0.203134	            0.880548	            0.080871	            0.000000	            0.000000	            0.000000	           -1.190000	            0.000000	           -0.463490	            0.000000	            0.000000	            0.000000
            0.299000	          186.885252	          779.816135	           74.978923	           -0.236078	            0.000000	           -0.460768	            0.208786	            0.886101	            0.083152	            0.000000	            0.000000	            0.000000	           -1.190000	            0.000000	           -0.463490	            0.000000	            0.000000	            0.000000
            0.300000	          186.117893	          758.735127	           74.994692	           -0.235624	            0.000000	           -0.460797	            0.213659	            0.887655	            0.085133	            0.000000	            0.000000	            0.000000	           -1.190000	            0.000000	           -0.463490	            0.000000	            0.000000	            0.000000
            0.301000	          185.102008	          737.436931	           74.917786	           -0.235167	            0.000000	           -0.460820	            0.217818	            0.885650	            0.086847	            0.000000	            0.000000	            0.000000	           -1.190000	            0.000000	           -0.463490	            0.000000	            0.000000	            0.000000
            0.302000	          183.831543	          715.942709	           74.746839	           -0.234708	            0.000000	           -0.460837	            0.221353	            0.880582	            0.088341	            0.000000	            0.000000	            0.000000	           -1.190000	            0.000000	           -0.463490	            0.000000	            0.000000	            0.000000
            0.303000	          182.300892	          694.275615	           74.480498	           -0.234245	            0.000000	           -0.460848	            0.224365	            0.872982	            0.089668	            0.000000	            0.000000	            0.000000	           -1.190000	            0.000000	           -0.463490	            0.000000	            0.000000	            0.000000
            0.304000	          180.505138	          672.460998	           74.117504	           -0.233770	            0.000000	           -0.460856	            0.226969	            0.863408	            0.090891	            0.000000	            0.000000	            0.000000	           -1.190000	            0.000000	           -0.463490	            0.000000	            0.000000	            0.000000
            0.305000	          178.440297	          650.526592	           73.656778	           -0.233276	            0.000000	           -0.460863	            0.229285	            0.852423	            0.092077	            0.000000	            0.000000	            0.000000	           -1.190000	            0.000000	           -0.463490	            0.000000	            0.000000	            0.000000
            0.306000	          176.103561	          628.502688	           73.097506	           -0.232758	            0.000000	           -0.460871	            0.231434	            0.840582	            0.093297	            0.000000	            0.000000	            0.000000	           -1.190000	            0.000000	           -0.463490	            0.000000	            0.000000	            0.000000
            0.307000	          173.493543	          606.422253	           72.439221	           -0.232211	            0.000000	           -0.460881	            0.233535	            0.828413	            0.094621	            0.000000	            0.000000	            0.000000	           -1.190000	            0.000000	           -0.463490	            0.000000	            0.000000	            0.000000
            0.308000	          170.610517	          584.321010	           71.681881	           -0.231638	            0.000000	           -0.460889	            0.235695	            0.816400	            0.096115	            0.000000	            0.000000	            0.000000	           -1.190000	            0.000000	           -0.463490	            0.000000	            0.000000	            0.000000
            0.309000	          167.456656	          562.237435	           70.825944	           -0.231043	            0.000000	           -0.460891	            0.238006	            0.804969	            0.097842	            0.000000	            0.000000	            0.000000	           -1.190000	            0.000000	           -0.463490	            0.000000	            0.000000	            0.000000
            0.310000	          164.036253	          540.212675	           69.872433	           -0.230432	            0.000000	           -0.460881	            0.240540	            0.794476	            0.099853	            0.000000	            0.000000	            0.000000	           -1.190000	            0.000000	           -0.463490	            0.000000	            0.000000	            0.000000
            0.311000	          160.355932	          518.290375	           68.822995	           -0.229807	            0.000000	           -0.460855	            0.243346	            0.785192	            0.102187	            0.000000	            0.000000	            0.000000	           -1.190000	            0.000000	           -0.463490	            0.000000	            0.000000	            0.000000
            0.312000	          156.424828	          496.516410	           67.679947	           -0.229168	            0.000000	           -0.460812	            0.246445	            0.777300	            0.104869	            0.000000	            0.000000	            0.000000	           -1.190000	            0.000000	           -0.463490	            0.000000	            0.000000	            0.000000
            0.313000	          152.254734	          474.938513	           66.446315	           -0.228511	            0.000000	           -0.460754	            0.249826	            0.770886	            0.107905	            0.000000	            0.000000	            0.000000	           -1.190000	            0.000000	           -0.463490	            0.000000	            0.000000	            0.000000
            0.314000	          147.860212	          453.605814	           65.125861	           -0.227829	            0.000000	           -0.460680	            0.253451	            0.765944	            0.111284	            0.000000	            0.000000	            0.000000	           -1.190000	            0.000000	           -0.463490	            0.000000	            0.000000	            0.000000
            0.315000	          143.258643	          432.568289	           63.723095	           -0.227110	            0.000000	           -0.460592	            0.257252	            0.762379	            0.114974	            0.000000	            0.000000	            0.000000	           -1.190000	            0.000000	           -0.463490	            0.000000	            0.000000	            0.000000
            0.316000	          138.470223	          411.876130	           62.243280	           -0.226344	            0.000000	           -0.460492	            0.261132	            0.760011	            0.118922	            0.000000	            0.000000	            0.000000	           -1.190000	            0.000000	           -0.463490	            0.000000	            0.000000	            0.000000
            0.317000	          133.517886	          391.579061	           60.692416	           -0.225518	            0.000000	           -0.460384	            0.264974	            0.758595	            0.123059	            0.000000	            0.000000	            0.000000	           -1.190000	            0.000000	           -0.463490	            0.000000	            0.000000	            0.000000
            0.318000	          128.427151	          371.725604	           59.077211	           -0.224629	            0.000000	           -0.460272	            0.268644	            0.757832	            0.127296	            0.000000	            0.000000	            0.000000	           -1.190000	            0.000000	           -0.463490	            0.000000	            0.000000	            0.000000
            0.319000	          123.225885	          352.362327	           57.405037	           -0.223681	            0.000000	           -0.460157	            0.271996	            0.757389	            0.131532	            0.000000	            0.000000	            0.000000	           -1.190000	            0.000000	           -0.463490	            0.000000	            0.000000	            0.000000
            0.320000	          117.943989	          333.533095	           55.683862	           -0.222690	            0.000000	           -0.460039	            0.274883	            0.756921	            0.135652	            0.000000	            0.000000	            0.000000	           -1.190000	            0.000000	           -0.463490	            0.000000	            0.000000	            0.000000
            0.321000	          112.612990	          315.278346	           53.922166	           -0.221667	            0.000000	           -0.459917	            0.277164	            0.756092	            0.139538	            0.000000	            0.000000	            0.000000	           -1.190000	            0.000000	           -0.463490	            0.000000	            0.000000	            0.000000
            0.322000	          107.265562	          297.634412	           52.128838	           -0.220619	            0.000000	           -0.459797	            0.278712	            0.754596	            0.143070	            0.000000	            0.000000	            0.000000	           -1.190000	            0.000000	           -0.463490	            0.000000	            0.000000	            0.000000
            0.323000	          101.934968	          280.632914	           50.313054	           -0.219548	            0.000000	           -0.459684	            0.279423	            0.752179	            0.146130	            0.000000	            0.000000	            0.000000	           -1.190000	            0.000000	           -0.463490	            0.000000	            0.000000	            0.000000
            0.324000	           96.654451	          264.300247	           48.484129	           -0.218449	            0.000000	           -0.459586	            0.279224	            0.748651	            0.148611	            0.000000	            0.000000	            0.000000	           -1.190000	            0.000000	           -0.463490	            0.000000	            0.000000	            0.000000
            0.325000	           91.456579	          248.657166	           46.651363	           -0.217316	            0.000000	           -0.459508	            0.278078	            0.743904	            0.150423	            0.000000	            0.000000	            0.000000	           -1.190000	            0.000000	           -0.463490	            0.000000	            0.000000	            0.000000
            0.326000	           86.372562	          233.718495	           44.823871	           -0.216147	            0.000000	           -0.459447	            0.275988	            0.737917	            0.151493	            0.000000	            0.000000	            0.000000	           -1.190000	            0.000000	           -0.463490	            0.000000	            0.000000	            0.000000
            0.327000	           81.431582	          219.492957	           43.010412	           -0.214953	            0.000000	           -0.459395	            0.273001	            0.730760	            0.151775	            0.000000	            0.000000	            0.000000	           -1.190000	            0.000000	           -0.463490	            0.000000	            0.000000	            0.000000
            0.328000	           76.660142	          205.983136	           41.219209	           -0.213755	            0.000000	           -0.459333	            0.269211	            0.722589	            0.151254	            0.000000	            0.000000	            0.000000	           -1.190000	            0.000000	           -0.463490	            0.000000	            0.000000	            0.000000
            0.329000	           72.081472	          193.185559	           39.457785	           -0.212580	            0.000000	           -0.459245	            0.264750	            0.713638	            0.149945	            0.000000	            0.000000	            0.000000	           -1.190000	            0.000000	           -0.463490	            0.000000	            0.000000	            0.000000
            0.330000	           67.715011	          181.090906	           37.732815	           -0.211450	            0.000000	           -0.459126	            0.259792	            0.704206	            0.147899	            0.000000	            0.000000	            0.000000	           -1.190000	            0.000000	           -0.463490	            0.000000	            0.000000	            0.000000
            0.331000	           63.575996	          169.684331	           36.049990	           -0.210383	            0.000000	           -0.458981	            0.254544	            0.694632	            0.145203	            0.000000	            0.000000	            0.000000	           -1.190000	            0.000000	           -0.463490	            0.000000	            0.000000	            0.000000
            0.332000	           59.675162	          158.945878	           34.413919	           -0.209391	            0.000000	           -0.458820	            0.249237	            0.685277	            0.141979	            0.000000	            0.000000	            0.000000	           -1.190000	            0.000000	           -0.463490	            0.000000	            0.000000	            0.000000
            0.333000	           56.018584	          148.850992	           32.828055	           -0.208481	            0.000000	           -0.458648	            0.244120	            0.676496	            0.138385	            0.000000	            0.000000	            0.000000	           -1.190000	            0.000000	           -0.463490	            0.000000	            0.000000	            0.000000
            0.334000	           52.607652	          139.371090	           31.294659	           -0.207645	            0.000000	           -0.458464	            0.239449	            0.668609	            0.134610	            0.000000	            0.000000	            0.000000	           -1.190000	            0.000000	           -0.463490	            0.000000	            0.000000	            0.000000
            0.335000	           49.439191	          130.474201	           29.814801	           -0.206866	            0.000000	           -0.458263	            0.235473	            0.661878	            0.130868	            0.000000	            0.000000	            0.000000	           -1.190000	            0.000000	           -0.463490	            0.000000	            0.000000	            0.000000
            0.336000	           46.505714	          122.125635	           28.388395	           -0.206115	            0.000000	           -0.458040	            0.232430	            0.656475	            0.127401	            0.000000	            0.000000	            0.000000	           -1.190000	            0.000000	           -0.463490	            0.000000	            0.000000	            0.000000
            0.337000	           43.795806	          114.288696	           27.014269	           -0.205354	            0.000000	           -0.457792	            0.230531	            0.652469	            0.124464	            0.000000	            0.000000	            0.000000	           -1.190000	            0.000000	           -0.463490	            0.000000	            0.000000	            0.000000
            0.338000	           41.294614	          106.925395	           25.690270	           -0.204532	            0.000000	           -0.457525	            0.229953	            0.649803	            0.122322	            0.000000	            0.000000	            0.000000	           -1.190000	            0.000000	           -0.463490	            0.000000	            0.000000	            0.000000
            0.339000	           38.984435	           99.997183	           24.413396	           -0.203594	            0.000000	           -0.457252	            0.230828	            0.648287	            0.121242	            0.000000	            0.000000	            0.000000	           -1.190000	            0.000000	           -0.463490	            0.000000	            0.000000	            0.000000
            0.340000	           36.845374	           93.465670	           23.179959	           -0.202506	            0.000000	           -0.456976	            0.233242	            0.647595	            0.121483	            0.000000	            0.000000	            0.000000	           -1.190000	            0.000000	           -0.463490	            0.000000	            0.000000	            0.000000
            0.341000	           34.856064	           87.293337	           21.985763	           -0.201261	            0.000000	           -0.456684	            0.237223	            0.647268	            0.123288	            0.000000	            0.000000	            0.000000	           -1.190000	            0.000000	           -0.463490	            0.000000	            0.000000	            0.000000
            0.342000	           32.994402	           81.444223	           20.826310	           -0.199888	            0.000000	           -0.456359	            0.242743	            0.646732	            0.126874	            0.000000	            0.000000	            0.000000	           -1.190000	            0.000000	           -0.463490	            0.000000	            0.000000	            0.000000
            0.343000	           31.238304	           75.884576	           19.697010	           -0.198460	            0.000000	           -0.455983	            0.249718	            0.645316	            0.132424	            0.000000	            0.000000	            0.000000	           -1.190000	            0.000000	           -0.463490	            0.000000	            0.000000	            0.000000
            0.344000	           29.566440	           70.583466	           18.593405	           -0.197084	            0.000000	           -0.455546	            0.258007	            0.642283	            0.140075	            0.000000	            0.000000	            0.000000	           -1.190000	            0.000000	           -0.463490	            0.000000	            0.000000	            0.000000
            0.345000	           27.958921	           65.513332	           17.511391	           -0.195864	            0.000000	           -0.455045	            0.267421	            0.636865	            0.149914	            0.000000	            0.000000	            0.000000	           -1.190000	            0.000000	           -0.463490	            0.000000	            0.000000	            0.000000
            0.346000	           26.397938	           60.650459	           16.447429	           -0.194878	            0.000000	           -0.454479	            0.277723	            0.628304	            0.161968	            0.000000	            0.000000	            0.000000	           -1.190000	            0.000000	           -0.463490	            0.000000	            0.000000	            0.000000
            0.347000	           24.868304	           55.975365	           15.398746	           -0.194178	            0.000000	           -0.453839	            0.288644	            0.615894	            0.176198	            0.000000	            0.000000	            0.000000	           -1.190000	            0.000000	           -0.463490	            0.000000	            0.000000	            0.000000
            0.348000	           23.357892	           51.473077	           14.363508	           -0.193797	            0.000000	           -0.453123	            0.299886	            0.599028	            0.192497	            0.000000	            0.000000	            0.000000	           -1.190000	            0.000000	           -0.463490	            0.000000	            0.000000	            0.000000
            0.349000	           21.857965	           47.133275	           13.340955	           -0.193736	            0.000000	           -0.452344	            0.311138	            0.577233	            0.210687	            0.000000	            0.000000	            0.000000	           -1.190000	            0.000000	           -0.463490	            0.000000	            0.000000	            0.000000
            0.350000	           20.363351	           42.950295	           12.331497	           -0.193950	            0.000000	           -0.451533	            0.322085	            0.550213	            0.230518	            0.000000	            0.000000	            0.000000	           -1.190000	            0.000000	           -0.463490	            0.000000	            0.000000	            0.000000
            0.351000	           18.872487	           38.922970	           11.336753	           -0.194370	            0.000000	           -0.450715	            0.332421	            0.517873	            0.251675	            0.000000	            0.000000	            0.000000	           -1.190000	            0.000000	           -0.463490	            0.000000	            0.000000	            0.000000
            0.352000	           17.387308	           35.054296	           10.359532	           -0.194934	            0.000000	           -0.449892	            0.341862	            0.480346	            0.273782	            0.000000	            0.000000	            0.000000	           -1.190000	            0.000000	           -0.463490	            0.000000	            0.000000	            0.000000
            0.353000	           15.912985	           31.350935	            9.403751	           -0.195615	            0.000000	           -0.449036	            0.350153	            0.437993	            0.296416	            0.000000	            0.000000	            0.000000	           -1.190000	            0.000000	           -0.463490	            0.000000	            0.000000	            0.000000
            0.354000	           14.457525	           27.822541	            8.474291	           -0.196403	            0.000000	           -0.448116	            0.357083	            0.391403	            0.319116	            0.000000	            0.000000	            0.000000	           -1.190000	            0.000000	           -0.463490	            0.000000	            0.000000	            0.000000
            0.355000	           13.031241	           24.480951	            7.576779	           -0.197268	            0.000000	           -0.447130	            0.362493	            0.341376	            0.341405	            0.000000	            0.000000	            0.000000	           -1.190000	            0.000000	           -0.463490	            0.000000	            0.000000	            0.000000
            0.356000	           11.646112	           21.339244	            6.717335	           -0.198148	            0.000000	           -0.446096	            0.366279	            0.288883	            0.362810	            0.000000	            0.000000	            0.000000	           -1.190000	            0.000000	           -0.463490	            0.000000	            0.000000	            0.000000
            0.357000	           10.315074	           18.410732	            5.902259	           -0.198982	            0.000000	           -0.445020	            0.368402	            0.235030	            0.382883	            0.000000	            0.000000	            0.000000	           -1.190000	            0.000000	           -0.463490	            0.000000	            0.000000	            0.000000
            0.358000	            9.051251	           15.707915	            5.137698	           -0.198982	            0.000000	           -0.445020	            0.368892	            0.180995	            0.401228	            0.000000	            0.000000	            0.000000	           -1.190000	            0.000000	           -0.463490	            0.000000	            0.000000	            0.000000
            0.359000	            7.867201	           13.241461	            4.429309	           -0.198982	            0.000000	           -0.445020	            0.367844	            0.127968	            0.417522	            0.000000	            0.000000	            0.000000	           -1.190000	            0.000000	           -0.463490	            0.000000	            0.000000	            0.000000
            0.360000	            6.774180	           11.019278	            3.781923	           -0.198982	            0.000000	           -0.445020	            0.365418	            0.077089	            0.431541	            0.000000	            0.000000	            0.000000	           -1.190000	            0.000000	           -0.463490	            0.000000	            0.000000	            0.000000
            0.361000	            0.000000	            0.000000	            0.000000	           -0.364721	            0.000000	           -0.445720	            0.000000	            0.000000	            0.000000	            0.000000	            0.000000	            0.000000	           -1.190000	            0.000000	           -0.463490	            0.000000	            0.000000	            0.000000
            0.362000	            0.000000	            0.000000	            0.000000	           -0.364721	            0.000000	           -0.445720	            0.000000	            0.000000	            0.000000	            0.000000	            0.000000	            0.000000	           -1.190000	            0.000000	           -0.463490	            0.000000	            0.000000	            0.000000
            0.363000	            0.000000	            0.000000	            0.000000	           -0.364721	            0.000000	           -0.445720	            0.000000	            0.000000	            0.000000	            0.000000	            0.000000	            0.000000	           -1.190000	            0.000000	           -0.463490	            0.000000	            0.000000	            0.000000
            0.364000	            0.000000	            0.000000	            0.000000	           -0.364721	            0.000000	           -0.445720	            0.000000	            0.000000	            0.000000	            0.000000	            0.000000	            0.000000	           -1.190000	            0.000000	           -0.463490	            0.000000	            0.000000	            0.000000
            0.365000	            0.000000	            0.000000	            0.000000	           -0.364721	            0.000000	           -0.445720	            0.000000	            0.000000	            0.000000	            0.000000	            0.000000	            0.000000	           -1.190000	            0.000000	           -0.463490	            0.000000	            0.000000	            0.000000
