name=P13 65r2 01_force.mot
nRows=341
nColumns=19
range=0.000000 0.340000
endheader
time	1_force_vx	1_force_vy	1_force_vz	1_force_px	1_force_py	1_force_pz	1_torque_x	1_torque_y	1_torque_z	2_force_vx	2_force_vy	2_force_vz	2_force_px	2_force_py	2_force_pz	2_torque_x	2_torque_y	2_torque_z
            0.000000	            0.000000	            0.000000	            0.000000	           -0.330656	            0.000000	           -0.269034	            0.000000	            0.000000	            0.000000	          -31.153650	           82.049705	           27.103097	           -1.382719	            0.000000	           -0.512723	            1.863582	           -1.951470	           -2.056472
            0.001000	            0.000000	            0.000000	            0.000000	           -0.330656	            0.000000	           -0.269034	            0.000000	            0.000000	            0.000000	          -35.012376	          113.898776	           32.270025	           -1.368815	            0.000000	           -0.516167	            1.809336	           -2.698802	           -1.930787
            0.002000	            0.000000	            0.000000	            0.000000	           -0.330656	            0.000000	           -0.269034	            0.000000	            0.000000	            0.000000	          -38.376482	          147.741941	           37.174638	           -1.356272	            0.000000	           -0.514839	            1.742138	           -3.348616	           -1.801639
            0.003000	            0.000000	            0.000000	            0.000000	           -0.330656	            0.000000	           -0.269034	            0.000000	            0.000000	            0.000000	          -41.167114	          183.582306	           41.757325	           -1.344701	            0.000000	           -0.510802	            1.661545	           -3.890156	           -1.669359
            0.004000	            0.000000	            0.000000	            0.000000	           -0.330656	            0.000000	           -0.269034	            0.000000	            0.000000	            0.000000	          -43.316825	          221.345816	           45.962883	           -1.334130	            0.000000	           -0.505588	            1.567845	           -4.316200	           -1.534553
            0.005000	            0.000000	            0.000000	            0.000000	           -0.330656	            0.000000	           -0.269034	            0.000000	            0.000000	            0.000000	          -44.771697	          260.875031	           49.741704	           -1.324625	            0.000000	           -0.500152	            1.462010	           -4.623195	           -1.398080
            0.006000	            0.000000	            0.000000	            0.000000	           -0.330656	            0.000000	           -0.269034	            0.000000	            0.000000	            0.000000	          -45.493116	          301.926748	           53.050892	           -1.316200	            0.000000	           -0.495005	            1.345611	           -4.811217	           -1.261017
            0.007000	            0.000000	            0.000000	            0.000000	           -0.330656	            0.000000	           -0.269034	            0.000000	            0.000000	            0.000000	          -45.459142	          344.173685	           55.855294	           -1.308835	            0.000000	           -0.490386	            1.220704	           -4.883795	           -1.124606
            0.008000	            0.000000	            0.000000	            0.000000	           -0.330656	            0.000000	           -0.269034	            0.000000	            0.000000	            0.000000	          -44.665437	          387.210290	           58.128408	           -1.302458	            0.000000	           -0.486368	            1.089699	           -4.847605	           -0.990194
            0.009000	            0.000000	            0.000000	            0.000000	           -0.330656	            0.000000	           -0.269034	            0.000000	            0.000000	            0.000000	          -43.125737	          430.562503	           59.853175	           -1.296965	            0.000000	           -0.482936	            0.955220	           -4.712070	           -0.859172
            0.010000	            0.000000	            0.000000	            0.000000	           -0.330656	            0.000000	           -0.269034	            0.000000	            0.000000	            0.000000	          -40.871837	          473.701112	           61.022609	           -1.292247	            0.000000	           -0.480041	            0.819967	           -4.488884	           -0.732913
            0.011000	            0.000000	            0.000000	            0.000000	           -0.330656	            0.000000	           -0.269034	            0.000000	            0.000000	            0.000000	          -37.953095	          516.058160	           61.640275	           -1.288208	            0.000000	           -0.477622	            0.686589	           -4.191499	           -0.612718
            0.012000	            0.000000	            0.000000	            0.000000	           -0.330656	            0.000000	           -0.269034	            0.000000	            0.000000	            0.000000	          -34.435464	          557.045699	           61.720582	           -1.284763	            0.000000	           -0.475614	            0.557572	           -3.834590	           -0.499766
            0.013000	            0.000000	            0.000000	            0.000000	           -0.330656	            0.000000	           -0.269034	            0.000000	            0.000000	            0.000000	          -30.400075	          596.076086	           61.288897	           -1.281829	            0.000000	           -0.473956	            0.435147	           -3.433538	           -0.395082
            0.014000	            0.000000	            0.000000	            0.000000	           -0.330656	            0.000000	           -0.269034	            0.000000	            0.000000	            0.000000	          -25.941408	          632.582894	           60.381437	           -1.279334	            0.000000	           -0.472594	            0.321225	           -3.003920	           -0.299509
            0.015000	            0.000000	            0.000000	            0.000000	           -0.330656	            0.000000	           -0.269034	            0.000000	            0.000000	            0.000000	          -21.165103	          666.041515	           59.044947	           -1.277207	            0.000000	           -0.471478	            0.217350	           -2.561062	           -0.213695
            0.016000	            0.000000	            0.000000	            0.000000	           -0.330656	            0.000000	           -0.269034	            0.000000	            0.000000	            0.000000	          -16.185468	          695.988519	           57.336139	           -1.275386	            0.000000	           -0.470567	            0.124675	           -2.119624	           -0.138089
            0.017000	            0.000000	            0.000000	            0.000000	           -0.330656	            0.000000	           -0.269034	            0.000000	            0.000000	            0.000000	          -11.122773	          722.038906	           55.320867	           -1.273814	            0.000000	           -0.469827	            0.043968	           -1.693257	           -0.072950
            0.018000	            0.000000	            0.000000	            0.000000	           -0.330656	            0.000000	           -0.269034	            0.000000	            0.000000	            0.000000	           -6.100388	          743.900477	           53.073049	           -1.272446	            0.000000	           -0.469234	           -0.024377	           -1.294315	           -0.018359
            0.019000	            0.000000	            0.000000	            0.000000	           -0.330656	            0.000000	           -0.269034	            0.000000	            0.000000	            0.000000	           -1.241874	          761.384703	           50.673312	           -1.271243	            0.000000	           -0.468770	           -0.080302	           -0.933634	            0.025763
            0.020000	            0.000000	            0.000000	            0.000000	           -0.330656	            0.000000	           -0.269034	            0.000000	            0.000000	            0.000000	            3.331908	          774.413654	           48.207380	           -1.270175	            0.000000	           -0.468420	           -0.124043	           -0.620372	            0.059632
            0.021000	            0.000000	            0.000000	            0.000000	           -0.330656	            0.000000	           -0.269034	            0.000000	            0.000000	            0.000000	            7.505565	          783.022691	           45.764199	           -1.269213	            0.000000	           -0.468169	           -0.156079	           -0.361904	            0.083574
            0.022000	            0.000000	            0.000000	            0.000000	           -0.330656	            0.000000	           -0.269034	            0.000000	            0.000000	            0.000000	           11.171757	          787.358897	           43.433847	           -1.268335	            0.000000	           -0.468004	           -0.177077	           -0.163772	            0.098005
            0.023000	            0.000000	            0.000000	            0.000000	           -0.330656	            0.000000	           -0.269034	            0.000000	            0.000000	            0.000000	           14.233524	          787.675360	           41.305252	           -1.267520	            0.000000	           -0.467915	           -0.187837	           -0.029681	            0.103409
            0.024000	            0.000000	            0.000000	            0.000000	           -0.330656	            0.000000	           -0.269034	            0.000000	            0.000000	            0.000000	           16.606308	          784.321627	           39.463771	           -1.266754	            0.000000	           -0.467894	           -0.189240	            0.038460	            0.100318
            0.025000	            0.000000	            0.000000	            0.000000	           -0.330656	            0.000000	           -0.269034	            0.000000	            0.000000	            0.000000	           18.219631	          777.730825	           37.988703	           -1.266025	            0.000000	           -0.467936	           -0.182204	            0.040466	            0.089303
            0.026000	            0.000000	            0.000000	            0.000000	           -0.330656	            0.000000	           -0.269034	            0.000000	            0.000000	            0.000000	           19.018407	          768.404060	           36.950804	           -1.265320	            0.000000	           -0.468038	           -0.167645	           -0.022229	            0.070957
            0.027000	            0.000000	            0.000000	            0.000000	           -0.330656	            0.000000	           -0.269034	            0.000000	            0.000000	            0.000000	           18.963892	          756.892809	           36.409894	           -1.264619	            0.000000	           -0.468196	           -0.146449	           -0.146698	            0.045898
            0.028000	            0.000000	            0.000000	            0.000000	           -0.330656	            0.000000	           -0.269034	            0.000000	            0.000000	            0.000000	           18.034266	          743.780093	           36.412655	           -1.263896	            0.000000	           -0.468409	           -0.119452	           -0.328673	            0.014765
            0.029000	            0.000000	            0.000000	            0.000000	           -0.330656	            0.000000	           -0.269034	            0.000000	            0.000000	            0.000000	           16.224885	          729.661227	           36.990712	           -1.263117	            0.000000	           -0.468672	           -0.087427	           -0.562707	           -0.021780
            0.030000	            0.000000	            0.000000	            0.000000	           -0.330656	            0.000000	           -0.269034	            0.000000	            0.000000	            0.000000	           13.548201	          715.124935	           38.159100	           -1.262241	            0.000000	           -0.468982	           -0.051090	           -0.842352	           -0.063045
            0.031000	            0.000000	            0.000000	            0.000000	           -0.330656	            0.000000	           -0.269034	            0.000000	            0.000000	            0.000000	           10.033398	          700.735566	           39.915211	           -1.261221	            0.000000	           -0.469330	           -0.011099	           -1.160347	           -0.108303
            0.032000	            0.000000	            0.000000	            0.000000	           -0.330656	            0.000000	           -0.269034	            0.000000	            0.000000	            0.000000	            5.725738	          687.017075	           42.238306	           -1.260008	            0.000000	           -0.469706	            0.031933	           -1.508811	           -0.156782
            0.033000	            0.000000	            0.000000	            0.000000	           -0.330656	            0.000000	           -0.269034	            0.000000	            0.000000	            0.000000	            0.685662	          674.439289	           45.089646	           -1.258556	            0.000000	           -0.470098	            0.077422	           -1.879447	           -0.207670
            0.034000	            0.000000	            0.000000	            0.000000	           -0.330656	            0.000000	           -0.269034	            0.000000	            0.000000	            0.000000	           -5.012370	          663.406906	           48.413301	           -1.256833	            0.000000	           -0.470491	            0.124796	           -2.263744	           -0.260104
            0.035000	            0.000000	            0.000000	            0.000000	           -0.330656	            0.000000	           -0.269034	            0.000000	            0.000000	            0.000000	          -11.281283	          654.251489	           52.137635	           -1.254828	            0.000000	           -0.470868	            0.173483	           -2.653183	           -0.313181
            0.036000	            0.000000	            0.000000	            0.000000	           -0.330656	            0.000000	           -0.269034	            0.000000	            0.000000	            0.000000	          -18.023033	          647.226585	           56.177460	           -1.252552	            0.000000	           -0.471212	            0.222892	           -3.039447	           -0.365962
            0.037000	            0.000000	            0.000000	            0.000000	           -0.330656	            0.000000	           -0.269034	            0.000000	            0.000000	            0.000000	          -25.130494	          642.505979	           60.436803	           -1.250043	            0.000000	           -0.471507	            0.272408	           -3.414616	           -0.417489
            0.038000	            0.000000	            0.000000	            0.000000	           -0.330656	            0.000000	           -0.269034	            0.000000	            0.000000	            0.000000	          -32.489582	          640.184917	           64.812194	           -1.247353	            0.000000	           -0.471741	            0.321389	           -3.771363	           -0.466806
            0.039000	            0.000000	            0.000000	            0.000000	           -0.330656	            0.000000	           -0.269034	            0.000000	            0.000000	            0.000000	          -39.981581	          640.284055	           69.196358	           -1.244548	            0.000000	           -0.471906	            0.369165	           -4.103131	           -0.512979
            0.040000	            0.000000	            0.000000	            0.000000	           -0.330656	            0.000000	           -0.269034	            0.000000	            0.000000	            0.000000	          -47.485665	          642.755754	           73.482164	           -1.241690	            0.000000	           -0.471996	            0.415050	           -4.404294	           -0.555128
            0.041000	            0.000000	            0.000000	            0.000000	           -0.330656	            0.000000	           -0.269034	            0.000000	            0.000000	            0.000000	          -54.881535	          647.492296	           77.566647	           -1.238833	            0.000000	           -0.472013	            0.458354	           -4.670290	           -0.592458
            0.042000	            0.000000	            0.000000	            0.000000	           -0.330656	            0.000000	           -0.269034	            0.000000	            0.000000	            0.000000	          -62.052137	          654.335517	           81.354939	           -1.236022	            0.000000	           -0.471958	            0.498407	           -4.897727	           -0.624287
            0.043000	            0.000000	            0.000000	            0.000000	           -0.330656	            0.000000	           -0.269034	            0.000000	            0.000000	            0.000000	          -68.886356	          663.087339	           84.763897	           -1.233286	            0.000000	           -0.471838	            0.534576	           -5.084447	           -0.650077
            0.044000	            0.000000	            0.000000	            0.000000	           -0.330656	            0.000000	           -0.269034	            0.000000	            0.000000	            0.000000	          -75.281612	          673.520693	           87.725266	           -1.230650	            0.000000	           -0.471658	            0.566292	           -5.229552	           -0.669455
            0.045000	            0.000000	            0.000000	            0.000000	           -0.330656	            0.000000	           -0.269034	            0.000000	            0.000000	            0.000000	          -81.146238	          685.390336	           90.188203	           -1.228131	            0.000000	           -0.471427	            0.593077	           -5.333390	           -0.682237
            0.046000	            0.000000	            0.000000	            0.000000	           -0.330656	            0.000000	           -0.269034	            0.000000	            0.000000	            0.000000	          -86.401557	          698.443110	           92.121038	           -1.225740	            0.000000	           -0.471151	            0.614559	           -5.397488	           -0.688431
            0.047000	            0.000000	            0.000000	            0.000000	           -0.330656	            0.000000	           -0.269034	            0.000000	            0.000000	            0.000000	          -90.983562	          712.427278	           93.512168	           -1.223486	            0.000000	           -0.470836	            0.630491	           -5.424447	           -0.688246
            0.048000	            0.000000	            0.000000	            0.000000	           -0.330656	            0.000000	           -0.269034	            0.000000	            0.000000	            0.000000	          -94.844109	          727.100618	           94.370045	           -1.221368	            0.000000	           -0.470485	            0.640762	           -5.417795	           -0.682077
            0.049000	            0.000000	            0.000000	            0.000000	           -0.330656	            0.000000	           -0.269034	            0.000000	            0.000000	            0.000000	          -97.951588	          742.237073	           94.722244	           -1.219382	            0.000000	           -0.470104	            0.645404	           -5.381799	           -0.670490
            0.050000	            0.000000	            0.000000	            0.000000	           -0.330656	            0.000000	           -0.269034	            0.000000	            0.000000	            0.000000	         -100.291019	          757.631824	           94.613690	           -1.217518	            0.000000	           -0.469699	            0.644582	           -5.321262	           -0.654197
            0.051000	            0.000000	            0.000000	            0.000000	           -0.330656	            0.000000	           -0.269034	            0.000000	            0.000000	            0.000000	         -101.863595	          773.104755	           94.104113	           -1.215762	            0.000000	           -0.469277	            0.638588	           -5.241291	           -0.634019
            0.052000	            0.000000	            0.000000	            0.000000	           -0.330656	            0.000000	           -0.269034	            0.000000	            0.000000	            0.000000	         -102.685694	          788.502350	           93.264911	           -1.214099	            0.000000	           -0.468850	            0.627824	           -5.147064	           -0.610851
            0.053000	            0.000000	            0.000000	            0.000000	           -0.330656	            0.000000	           -0.269034	            0.000000	            0.000000	            0.000000	         -102.787415	          803.698148	           92.175578	           -1.212513	            0.000000	           -0.468430	            0.612782	           -5.043611	           -0.585621
            0.054000	            0.000000	            0.000000	            0.000000	           -0.330656	            0.000000	           -0.269034	            0.000000	            0.000000	            0.000000	         -102.210736	          818.591928	           90.919915	           -1.210990	            0.000000	           -0.468032	            0.594016	           -4.935595	           -0.559246
            0.055000	            0.000000	            0.000000	            0.000000	           -0.330656	            0.000000	           -0.269034	            0.000000	            0.000000	            0.000000	         -101.007383	          833.107849	           89.582229	           -1.209513	            0.000000	           -0.467667	            0.572121	           -4.827147	           -0.532595
            0.056000	            0.000000	            0.000000	            0.000000	           -0.330656	            0.000000	           -0.269034	            0.000000	            0.000000	            0.000000	          -99.236531	          847.191788	           88.243738	           -1.208068	            0.000000	           -0.467350	            0.547705	           -4.721715	           -0.506457
            0.057000	            0.000000	            0.000000	            0.000000	           -0.330656	            0.000000	           -0.269034	            0.000000	            0.000000	            0.000000	          -96.962447	          860.808145	           86.979346	           -1.206645	            0.000000	           -0.467090	            0.521368	           -4.621975	           -0.481513
            0.058000	            0.000000	            0.000000	            0.000000	           -0.330656	            0.000000	           -0.269034	            0.000000	            0.000000	            0.000000	          -94.252181	          873.936351	           85.854960	           -1.205234	            0.000000	           -0.466892	            0.493678	           -4.529785	           -0.458314
            0.059000	            0.000000	            0.000000	            0.000000	           -0.330656	            0.000000	           -0.269034	            0.000000	            0.000000	            0.000000	          -91.173401	          886.567326	           84.925451	           -1.203827	            0.000000	           -0.466759	            0.465161	           -4.446180	           -0.437270
            0.060000	            0.000000	            0.000000	            0.000000	           -0.330656	            0.000000	           -0.269034	            0.000000	            0.000000	            0.000000	          -87.792454	          898.700081	           84.233309	           -1.202421	            0.000000	           -0.466686	            0.436284	           -4.371425	           -0.418649
            0.061000	            0.000000	            0.000000	            0.000000	           -0.330656	            0.000000	           -0.269034	            0.000000	            0.000000	            0.000000	          -84.172696	          910.338633	           83.808015	           -1.201017	            0.000000	           -0.466661	            0.407451	           -4.305092	           -0.402579
            0.062000	            0.000000	            0.000000	            0.000000	           -0.330656	            0.000000	           -0.269034	            0.000000	            0.000000	            0.000000	          -80.373140	          921.489339	           83.666090	           -1.199621	            0.000000	           -0.466672	            0.379000	           -4.246178	           -0.389058
            0.063000	            0.000000	            0.000000	            0.000000	           -0.330656	            0.000000	           -0.269034	            0.000000	            0.000000	            0.000000	          -76.447428	          932.158739	           83.811732	           -1.198239	            0.000000	           -0.466704	            0.351203	           -4.193237	           -0.377974
            0.064000	            0.000000	            0.000000	            0.000000	           -0.330656	            0.000000	           -0.269034	            0.000000	            0.000000	            0.000000	          -72.443124	          942.351926	           84.237957	           -1.196879	            0.000000	           -0.466747	            0.324270	           -4.144526	           -0.369121
            0.065000	            0.000000	            0.000000	            0.000000	           -0.330656	            0.000000	           -0.269034	            0.000000	            0.000000	            0.000000	          -68.401304	          952.071441	           84.928091	           -1.195541	            0.000000	           -0.466795	            0.298356	           -4.098143	           -0.362225
            0.066000	            0.000000	            0.000000	            0.000000	           -0.330656	            0.000000	           -0.269034	            0.000000	            0.000000	            0.000000	          -64.356422	          961.316648	           85.857508	           -1.194225	            0.000000	           -0.466841	            0.273564	           -4.052164	           -0.356961
            0.067000	            0.000000	            0.000000	            0.000000	           -0.330656	            0.000000	           -0.269034	            0.000000	            0.000000	            0.000000	          -60.336407	          970.083534	           86.995467	           -1.192926	            0.000000	           -0.466885	            0.249957	           -4.004763	           -0.352981
            0.068000	            0.000000	            0.000000	            0.000000	           -0.330656	            0.000000	           -0.269034	            0.000000	            0.000000	            0.000000	          -56.362942	          978.364852	           88.306950	           -1.191635	            0.000000	           -0.466926	            0.227564	           -3.954302	           -0.349929
            0.069000	            0.000000	            0.000000	            0.000000	           -0.330656	            0.000000	           -0.269034	            0.000000	            0.000000	            0.000000	          -52.451905	          986.150532	           89.754390	           -1.190346	            0.000000	           -0.466970	            0.206386	           -3.899406	           -0.347462
            0.070000	            0.000000	            0.000000	            0.000000	           -0.330656	            0.000000	           -0.269034	            0.000000	            0.000000	            0.000000	          -48.613914	          993.428267	           91.299249	           -1.189051	            0.000000	           -0.467021	            0.186404	           -3.839010	           -0.345258
            0.071000	            0.000000	            0.000000	            0.000000	           -0.330656	            0.000000	           -0.269034	            0.000000	            0.000000	            0.000000	          -44.854949	         1000.184219	           92.903378	           -1.187744	            0.000000	           -0.467085	            0.167584	           -3.772381	           -0.343033
            0.072000	            0.000000	            0.000000	            0.000000	           -0.330656	            0.000000	           -0.269034	            0.000000	            0.000000	            0.000000	          -41.177027	         1006.403764	           94.530152	           -1.186421	            0.000000	           -0.467169	            0.149883	           -3.699115	           -0.340543
            0.073000	            0.000000	            0.000000	            0.000000	           -0.330656	            0.000000	           -0.269034	            0.000000	            0.000000	            0.000000	          -37.578902	         1012.072245	           96.145370	           -1.185081	            0.000000	           -0.467277	            0.133249	           -3.619124	           -0.337590
            0.074000	            0.000000	            0.000000	            0.000000	           -0.330656	            0.000000	           -0.269034	            0.000000	            0.000000	            0.000000	          -34.056775	         1017.175683	           97.717952	           -1.183726	            0.000000	           -0.467412	            0.117628	           -3.532601	           -0.334023
            0.075000	            0.000000	            0.000000	            0.000000	           -0.330656	            0.000000	           -0.269034	            0.000000	            0.000000	            0.000000	          -30.604993	         1021.701430	           99.220428	           -1.182358	            0.000000	           -0.467571	            0.102967	           -3.439976	           -0.329734
            0.076000	            0.000000	            0.000000	            0.000000	           -0.330656	            0.000000	           -0.269034	            0.000000	            0.000000	            0.000000	          -27.216729	         1025.638758	          100.629269	           -1.180981	            0.000000	           -0.467752	            0.089212	           -3.341868	           -0.324659
            0.077000	            0.000000	            0.000000	            0.000000	           -0.330656	            0.000000	           -0.269034	            0.000000	            0.000000	            0.000000	          -23.884630	         1028.979359	          101.925071	           -1.179598	            0.000000	           -0.467948	            0.076313	           -3.239034	           -0.318772
            0.078000	            0.000000	            0.000000	            0.000000	           -0.330656	            0.000000	           -0.269034	            0.000000	            0.000000	            0.000000	          -20.601413	         1031.717775	          103.092627	           -1.178207	            0.000000	           -0.468155	            0.064221	           -3.132311	           -0.312078
            0.079000	            0.000000	            0.000000	            0.000000	           -0.330656	            0.000000	           -0.269034	            0.000000	            0.000000	            0.000000	          -17.360399	         1033.851753	          104.120894	           -1.176808	            0.000000	           -0.468367	            0.052895	           -3.022574	           -0.304609
            0.080000	            0.000000	            0.000000	            0.000000	           -0.330656	            0.000000	           -0.269034	            0.000000	            0.000000	            0.000000	          -14.155968	         1035.382532	          105.002885	           -1.175395	            0.000000	           -0.468577	            0.042297	           -2.910685	           -0.296419
            0.081000	            0.000000	            0.000000	            0.000000	           -0.330656	            0.000000	           -0.269034	            0.000000	            0.000000	            0.000000	          -10.983927	         1036.315048	          105.735482	           -1.173968	            0.000000	           -0.468782	            0.032393	           -2.797454	           -0.287575
            0.082000	            0.000000	            0.000000	            0.000000	           -0.330656	            0.000000	           -0.269034	            0.000000	            0.000000	            0.000000	           -7.841760	         1036.658094	          106.319189	           -1.172523	            0.000000	           -0.468977	            0.023157	           -2.683611	           -0.278154
            0.083000	            0.000000	            0.000000	            0.000000	           -0.330656	            0.000000	           -0.269034	            0.000000	            0.000000	            0.000000	           -4.728773	         1036.424392	          106.757824	           -1.171060	            0.000000	           -0.469160	            0.014568	           -2.569779	           -0.268239
            0.084000	            0.000000	            0.000000	            0.000000	           -0.330656	            0.000000	           -0.269034	            0.000000	            0.000000	            0.000000	           -1.646110	         1035.630618	          107.058154	           -1.169579	            0.000000	           -0.469330	            0.006608	           -2.456460	           -0.257910
            0.085000	            0.000000	            0.000000	            0.000000	           -0.330656	            0.000000	           -0.269034	            0.000000	            0.000000	            0.000000	            1.403363	         1034.297341	          107.229491	           -1.168079	            0.000000	           -0.469486	           -0.000732	           -2.344022	           -0.247246
            0.086000	            0.000000	            0.000000	            0.000000	           -0.330656	            0.000000	           -0.269034	            0.000000	            0.000000	            0.000000	            4.415283	         1032.448909	          107.283233	           -1.166561	            0.000000	           -0.469630	           -0.007461	           -2.232708	           -0.236318
            0.087000	            0.000000	            0.000000	            0.000000	           -0.330656	            0.000000	           -0.269034	            0.000000	            0.000000	            0.000000	            7.384135	         1030.113251	          107.232387	           -1.165026	            0.000000	           -0.469767	           -0.013579	           -2.122634	           -0.225190
            0.088000	            0.000000	            0.000000	            0.000000	           -0.330656	            0.000000	           -0.269034	            0.000000	            0.000000	            0.000000	           10.303696	         1027.321616	          107.091053	           -1.163475	            0.000000	           -0.469898	           -0.019086	           -2.013805	           -0.213915
            0.089000	            0.000000	            0.000000	            0.000000	           -0.330656	            0.000000	           -0.269034	            0.000000	            0.000000	            0.000000	           13.167548	         1024.108238	          106.873915	           -1.161908	            0.000000	           -0.470028	           -0.023978	           -1.906134	           -0.202539
            0.090000	            0.000000	            0.000000	            0.000000	           -0.330656	            0.000000	           -0.269034	            0.000000	            0.000000	            0.000000	           15.969647	         1020.509934	          106.595721	           -1.160327	            0.000000	           -0.470155	           -0.028246	           -1.799458	           -0.191096
            0.091000	            0.000000	            0.000000	            0.000000	           -0.330656	            0.000000	           -0.269034	            0.000000	            0.000000	            0.000000	           18.704909	         1016.565636	          106.270791	           -1.158731	            0.000000	           -0.470282	           -0.031882	           -1.693566	           -0.179613
            0.092000	            0.000000	            0.000000	            0.000000	           -0.330656	            0.000000	           -0.269034	            0.000000	            0.000000	            0.000000	           21.369796	         1012.315866	          105.912553	           -1.157120	            0.000000	           -0.470407	           -0.034878	           -1.588218	           -0.168107
            0.093000	            0.000000	            0.000000	            0.000000	           -0.330656	            0.000000	           -0.269034	            0.000000	            0.000000	            0.000000	           23.962855	         1007.802160	          105.533127	           -1.155496	            0.000000	           -0.470533	           -0.037221	           -1.483171	           -0.156592
            0.094000	            0.000000	            0.000000	            0.000000	           -0.330656	            0.000000	           -0.269034	            0.000000	            0.000000	            0.000000	           26.485186	         1003.066453	          105.142971	           -1.153861	            0.000000	           -0.470661	           -0.038904	           -1.378197	           -0.145076
            0.095000	            0.000000	            0.000000	            0.000000	           -0.330656	            0.000000	           -0.269034	            0.000000	            0.000000	            0.000000	           28.940816	          998.150432	          104.750587	           -1.152217	            0.000000	           -0.470792	           -0.039916	           -1.273104	           -0.133564
            0.096000	            0.000000	            0.000000	            0.000000	           -0.330656	            0.000000	           -0.269034	            0.000000	            0.000000	            0.000000	           31.336949	          993.094878	          104.362319	           -1.150567	            0.000000	           -0.470930	           -0.040251	           -1.167747	           -0.122063
            0.097000	            0.000000	            0.000000	            0.000000	           -0.330656	            0.000000	           -0.269034	            0.000000	            0.000000	            0.000000	           33.684073	          987.939006	          103.982217	           -1.148913	            0.000000	           -0.471072	           -0.039901	           -1.062042	           -0.110576
            0.098000	            0.000000	            0.000000	            0.000000	           -0.330656	            0.000000	           -0.269034	            0.000000	            0.000000	            0.000000	           35.995914	          982.719822	          103.612002	           -1.147259	            0.000000	           -0.471217	           -0.038862	           -0.955972	           -0.099113
            0.099000	            0.000000	            0.000000	            0.000000	           -0.330656	            0.000000	           -0.269034	            0.000000	            0.000000	            0.000000	           38.289226	          977.471518	          103.251100	           -1.145610	            0.000000	           -0.471363	           -0.037135	           -0.849591	           -0.087683
            0.100000	            0.000000	            0.000000	            0.000000	           -0.330656	            0.000000	           -0.269034	            0.000000	            0.000000	            0.000000	           40.583433	          972.224908	          102.896766	           -1.143971	            0.000000	           -0.471507	           -0.034720	           -0.743024	           -0.076301
            0.101000	            0.000000	            0.000000	            0.000000	           -0.330656	            0.000000	           -0.269034	            0.000000	            0.000000	            0.000000	           42.900117	          967.006938	          102.544277	           -1.142347	            0.000000	           -0.471647	           -0.031622	           -0.636463	           -0.064985
            0.102000	            0.000000	            0.000000	            0.000000	           -0.330656	            0.000000	           -0.269034	            0.000000	            0.000000	            0.000000	           45.262380	          961.840275	          102.187190	           -1.140745	            0.000000	           -0.471781	           -0.027850	           -0.530163	           -0.053761
            0.103000	            0.000000	            0.000000	            0.000000	           -0.330656	            0.000000	           -0.269034	            0.000000	            0.000000	            0.000000	           47.694108	          956.742983	          101.817659	           -1.139176	            0.000000	           -0.471908	           -0.023416	           -0.424432	           -0.042656
            0.104000	            0.000000	            0.000000	            0.000000	           -0.330656	            0.000000	           -0.269034	            0.000000	            0.000000	            0.000000	           50.219161	          951.728313	          101.426788	           -1.137647	            0.000000	           -0.472025	           -0.018338	           -0.319626	           -0.031704
            0.105000	            0.000000	            0.000000	            0.000000	           -0.330656	            0.000000	           -0.269034	            0.000000	            0.000000	            0.000000	           52.860528	          946.804595	          101.005014	           -1.136168	            0.000000	           -0.472131	           -0.012637	           -0.216134	           -0.020941
            0.106000	            0.000000	            0.000000	            0.000000	           -0.330656	            0.000000	           -0.269034	            0.000000	            0.000000	            0.000000	           55.639494	          941.975244	          100.542511	           -1.134748	            0.000000	           -0.472224	           -0.006340	           -0.114371	           -0.010408
            0.107000	            0.000000	            0.000000	            0.000000	           -0.330656	            0.000000	           -0.269034	            0.000000	            0.000000	            0.000000	           58.574849	          937.238884	          100.029580	           -1.133395	            0.000000	           -0.472303	            0.000521	           -0.014764	           -0.000150
            0.108000	            0.000000	            0.000000	            0.000000	           -0.330656	            0.000000	           -0.269034	            0.000000	            0.000000	            0.000000	           61.682175	          932.589575	           99.457036	           -1.132117	            0.000000	           -0.472367	            0.007908	            0.082257	            0.009790
            0.109000	            0.000000	            0.000000	            0.000000	           -0.330656	            0.000000	           -0.269034	            0.000000	            0.000000	            0.000000	           64.973266	          928.017150	           98.816558	           -1.130920	            0.000000	           -0.472414	            0.015780	            0.176270	            0.019366
            0.110000	            0.000000	            0.000000	            0.000000	           -0.330656	            0.000000	           -0.269034	            0.000000	            0.000000	            0.000000	           68.455677	          923.507624	           98.100999	           -1.129810	            0.000000	           -0.472441	            0.024088	            0.266870	            0.028533
            0.111000	            0.000000	            0.000000	            0.000000	           -0.330656	            0.000000	           -0.269034	            0.000000	            0.000000	            0.000000	           72.132458	          919.043690	           97.304646	           -1.128784	            0.000000	           -0.472446	            0.032782	            0.353684	            0.037247
            0.112000	            0.000000	            0.000000	            0.000000	           -0.330656	            0.000000	           -0.269034	            0.000000	            0.000000	            0.000000	           76.002052	          914.605261	           96.423414	           -1.127834	            0.000000	           -0.472429	            0.041808	            0.436377	            0.045468
            0.113000	            0.000000	            0.000000	            0.000000	           -0.330656	            0.000000	           -0.269034	            0.000000	            0.000000	            0.000000	           80.058384	          910.170041	           95.454981	           -1.126951	            0.000000	           -0.472394	            0.051110	            0.514661	            0.053161
            0.114000	            0.000000	            0.000000	            0.000000	           -0.330656	            0.000000	           -0.269034	            0.000000	            0.000000	            0.000000	           84.291108	          905.714112	           94.398844	           -1.126120	            0.000000	           -0.472346	            0.060633	            0.588307	            0.060295
            0.115000	            0.000000	            0.000000	            0.000000	           -0.330656	            0.000000	           -0.269034	            0.000000	            0.000000	            0.000000	           88.686016	          901.212505	           93.256314	           -1.125334	            0.000000	           -0.472287	            0.070324	            0.657154	            0.066848
            0.116000	            0.000000	            0.000000	            0.000000	           -0.330656	            0.000000	           -0.269034	            0.000000	            0.000000	            0.000000	           93.225567	          896.639743	           92.030444	           -1.124585	            0.000000	           -0.472216	            0.080139	            0.721115	            0.072803
            0.117000	            0.000000	            0.000000	            0.000000	           -0.330656	            0.000000	           -0.269034	            0.000000	            0.000000	            0.000000	           97.889501	          891.970340	           90.725891	           -1.123866	            0.000000	           -0.472136	            0.090039	            0.780186	            0.078156
            0.118000	            0.000000	            0.000000	            0.000000	           -0.330656	            0.000000	           -0.269034	            0.000000	            0.000000	            0.000000	          102.655519	          887.179231	           89.348740	           -1.123169	            0.000000	           -0.472051	            0.099999	            0.834456	            0.082909
            0.119000	            0.000000	            0.000000	            0.000000	           -0.330656	            0.000000	           -0.269034	            0.000000	            0.000000	            0.000000	          107.499968	          882.242147	           87.906270	           -1.122488	            0.000000	           -0.471964	            0.110008	            0.884108	            0.087078
            0.120000	            0.000000	            0.000000	            0.000000	           -0.330656	            0.000000	           -0.269034	            0.000000	            0.000000	            0.000000	          112.398526	          877.135900	           86.406705	           -1.121820	            0.000000	           -0.471874	            0.120075	            0.929426	            0.090690
            0.121000	            0.000000	            0.000000	            0.000000	           -0.330656	            0.000000	           -0.269034	            0.000000	            0.000000	            0.000000	          117.326813	          871.838605	           84.858935	           -1.121162	            0.000000	           -0.471783	            0.130228	            0.970795	            0.093782
            0.122000	            0.000000	            0.000000	            0.000000	           -0.410530	            0.000000	           -0.253199	            0.000000	            0.000000	            0.000000	          122.260954	          866.329824	           83.272236	           -1.120515	            0.000000	           -0.471688	            0.140523	            1.008704	            0.096404
            0.123000	            0.439684	           10.079932	           -0.194950	           -0.410530	            0.000000	           -0.253199	           -0.212444	            0.006137	           -0.074098	          127.178024	          860.590628	           81.655998	           -1.119878	            0.000000	           -0.471588	            0.151038	            1.043740	            0.098615
            0.124000	            0.019586	           10.544012	           -0.323185	           -0.410530	            0.000000	           -0.253199	           -0.271769	            0.028957	           -0.081005	          132.056402	          854.603610	           80.019457	           -1.119253	            0.000000	           -0.471482	            0.161880	            1.076583	            0.100487
            0.125000	           -0.626198	           10.677387	           -0.460358	           -0.410530	            0.000000	           -0.253199	           -0.334055	            0.055432	           -0.086670	          136.876002	          848.352826	           78.371464	           -1.118640	            0.000000	           -0.471371	            0.173182	            1.107996	            0.102101
            0.126000	           -1.543061	           10.444145	           -0.601333	           -0.410530	            0.000000	           -0.253199	           -0.398048	            0.085188	           -0.090855	          141.618403	          841.823688	           76.720272	           -1.118039	            0.000000	           -0.471260	            0.185106	            1.138815	            0.103544
            0.127000	            0.000000	            0.000000	            0.000000	           -0.410530	            0.000000	           -0.253199	            0.000000	            0.000000	            0.000000	          146.266863	          835.002813	           75.073371	           -1.117450	            0.000000	           -0.471153	            0.197837	            1.169933	            0.104911
            0.128000	            0.000000	            0.000000	            0.000000	           -0.410530	            0.000000	           -0.253199	            0.000000	            0.000000	            0.000000	          150.806255	          827.877832	           73.437352	           -1.116871	            0.000000	           -0.471055	            0.211581	            1.202280	            0.106301
            0.129000	            0.000000	            0.000000	            0.000000	           -0.410530	            0.000000	           -0.253199	            0.000000	            0.000000	            0.000000	          155.222912	          820.437171	           71.817814	           -1.116301	            0.000000	           -0.470966	            0.226565	            1.236803	            0.107814
            0.130000	            0.000000	            0.000000	            0.000000	           -0.410530	            0.000000	           -0.253199	            0.000000	            0.000000	            0.000000	          159.504419	          812.669816	           70.219314	           -1.115740	            0.000000	           -0.470885	            0.243026	            1.274442	            0.109550
            0.131000	            0.000000	            0.000000	            0.000000	           -0.410530	            0.000000	           -0.253199	            0.000000	            0.000000	            0.000000	          163.639357	          804.565060	           68.645352	           -1.115186	            0.000000	           -0.470810	            0.261210	            1.316109	            0.111607
            0.132000	            0.000000	            0.000000	            0.000000	           -0.410530	            0.000000	           -0.253199	            0.000000	            0.000000	            0.000000	          167.617024	          796.112260	           67.098380	           -1.114638	            0.000000	           -0.470740	            0.281363	            1.362656	            0.114075
            0.133000	            0.000000	            0.000000	            0.000000	           -0.410530	            0.000000	           -0.253199	            0.000000	            0.000000	            0.000000	          171.427145	          787.300601	           65.579857	           -1.114094	            0.000000	           -0.470678	            0.303725	            1.414855	            0.117036
            0.134000	            0.000000	            0.000000	            0.000000	           -0.410530	            0.000000	           -0.253199	            0.000000	            0.000000	            0.000000	          175.059584	          778.118890	           64.090310	           -1.113552	            0.000000	           -0.470623	            0.328520	            1.473368	            0.120561
            0.135000	            0.000000	            0.000000	            0.000000	           -0.410530	            0.000000	           -0.253199	            0.000000	            0.000000	            0.000000	          178.504079	          768.555390	           62.629421	           -1.113010	            0.000000	           -0.470573	            0.355954	            1.538731	            0.124705
            0.136000	            0.000000	            0.000000	            0.000000	           -0.410530	            0.000000	           -0.253199	            0.000000	            0.000000	            0.000000	          181.750006	          758.597705	           61.196129	           -1.112468	            0.000000	           -0.470526	            0.386202	            1.611324	            0.129510
            0.137000	            0.000000	            0.000000	            0.000000	           -0.410530	            0.000000	           -0.253199	            0.000000	            0.000000	            0.000000	          184.786177	          748.232740	           59.788732	           -1.111929	            0.000000	           -0.470476	            0.419408	            1.691361	            0.134997
            0.138000	            0.000000	            0.000000	            0.000000	           -0.410530	            0.000000	           -0.253199	            0.000000	            0.000000	            0.000000	          187.600696	          737.446732	           58.404999	           -1.111396	            0.000000	           -0.470423	            0.455674	            1.778876	            0.141168
            0.139000	            0.000000	            0.000000	            0.000000	           -0.410530	            0.000000	           -0.253199	            0.000000	            0.000000	            0.000000	          190.180856	          726.225371	           57.042285	           -1.110871	            0.000000	           -0.470367	            0.495058	            1.873712	            0.148003
            0.140000	          -64.410293	           17.089039	            2.226776	           -0.410530	            0.000000	           -0.253199	           -0.813948	            0.462516	           -0.001611	          192.513107	          714.554023	           55.697633	           -1.110355	            0.000000	           -0.470314	            0.537573	            1.975522	            0.155465
            0.141000	          -72.649308	           27.804279	            3.188618	           -0.410530	            0.000000	           -0.253199	           -0.789721	            0.475343	            0.007496	          194.583081	          702.418039	           54.367887	           -1.109850	            0.000000	           -0.470267	            0.583185	            2.083774	            0.163491
            0.142000	          -81.077558	           41.749783	            4.290438	           -0.405388	            0.000000	           -0.255029	           -0.760524	            0.490281	            0.015835	          196.375684	          689.803165	           53.049791	           -1.109358	            0.000000	           -0.470231	            0.631811	            2.197758	            0.172001
            0.143000	          -89.557594	           59.258618	            5.532033	           -0.400240	            0.000000	           -0.256919	           -0.727443	            0.509195	            0.023339	          197.875254	          676.696038	           51.740087	           -1.108882	            0.000000	           -0.470207	            0.683328	            2.316607	            0.180897
            0.144000	          -97.936100	           80.611501	            6.910877	           -0.394982	            0.000000	           -0.258839	           -0.691583	            0.534049	            0.029990	          199.065788	          663.084753	           50.435606	           -1.108421	            0.000000	           -0.470199	            0.737572	            2.439320	            0.190067
            0.145000	         -106.047417	          106.021137	            8.422208	           -0.389573	            0.000000	           -0.260751	           -0.654017	            0.566813	            0.035820	          199.931229	          648.959500	           49.133353	           -1.107975	            0.000000	           -0.470212	            0.794347	            2.564787	            0.199386
            0.146000	         -113.718013	          135.617479	           10.059221	           -0.384050	            0.000000	           -0.262612	           -0.615747	            0.609372	            0.040905	          200.455806	          634.313231	           47.830588	           -1.107539	            0.000000	           -0.470252	            0.853432	            2.691829	            0.208721
            0.147000	         -120.771754	          169.434641	           11.813362	           -0.378504	            0.000000	           -0.264377	           -0.577665	            0.663427	            0.045363	          200.624424	          619.142355	           46.524897	           -1.107109	            0.000000	           -0.470323	            0.914593	            2.819227	            0.217938
            0.148000	         -127.035822	          207.400195	           13.674710	           -0.373052	            0.000000	           -0.266002	           -0.540524	            0.730403	            0.049345	          200.423090	          603.447429	           45.214260	           -1.106683	            0.000000	           -0.470431	            0.977586	            2.945773	            0.226907
            0.149000	         -132.347012	          249.327528	           15.632428	           -0.367815	            0.000000	           -0.267445	           -0.504918	            0.811375	            0.053026	          199.839344	          587.233815	           43.897103	           -1.106260	            0.000000	           -0.470581	            1.042173	            3.070298	            0.235504
            0.150000	         -136.558147	          294.911860	           17.675247	           -0.362896	            0.000000	           -0.268675	           -0.471270	            0.906997	            0.056601	          198.862703	          570.512287	           42.572350	           -1.105836	            0.000000	           -0.470774	            1.108128	            3.191720	            0.243623
            0.151000	         -139.544284	          343.730390	           19.791951	           -0.358362	            0.000000	           -0.269677	           -0.439839	            1.017456	            0.060274	          197.485072	          553.299563	           41.239460	           -1.105411	            0.000000	           -0.471013	            1.175247	            3.309077	            0.251176
            0.152000	         -141.208366	          395.246877	           21.971804	           -0.354238	            0.000000	           -0.270447	           -0.410720	            1.142454	            0.064249	          195.701121	          535.618725	           39.898448	           -1.104982	            0.000000	           -0.471299	            1.243349	            3.421559	            0.258104
            0.153000	         -141.486019	          448.820789	           24.204877	           -0.350512	            0.000000	           -0.270999	           -0.383876	            1.281202	            0.068725	          193.508596	          517.499530	           38.549910	           -1.104547	            0.000000	           -0.471634	            1.312285	            3.528533	            0.264376
            0.154000	         -140.349175	          503.720907	           26.482225	           -0.347139	            0.000000	           -0.271356	           -0.359152	            1.432447	            0.073887	          190.908549	          498.978561	           37.195019	           -1.104104	            0.000000	           -0.472021	            1.381936	            3.629559	            0.270001
            0.155000	         -137.808304	          559.143099	           28.795847	           -0.344056	            0.000000	           -0.271546	           -0.336314	            1.594527	            0.079898	          187.905484	          480.099227	           35.835522	           -1.103653	            0.000000	           -0.472463	            1.452209	            3.724398	            0.275022
            0.156000	         -133.913061	          614.231715	           31.138422	           -0.341190	            0.000000	           -0.271598	           -0.315081	            1.765431	            0.086891	          184.507399	          460.911593	           34.473724	           -1.103196	            0.000000	           -0.472961	            1.523029	            3.813010	            0.279527
            0.157000	         -128.751296	          668.103908	           33.502774	           -0.338469	            0.000000	           -0.271538	           -0.295154	            1.942896	            0.094967	          180.725722	          441.472015	           33.112453	           -1.102735	            0.000000	           -0.473517	            1.594333	            3.895539	            0.283643
            0.158000	         -122.446411	          719.875970	           35.881078	           -0.335831	            0.000000	           -0.271393	           -0.276255	            2.124499	            0.104181	          176.575154	          421.842609	           31.755024	           -1.102273	            0.000000	           -0.474130	            1.666051	            3.972286	            0.287534
            0.159000	         -115.153211	          768.690685	           38.263842	           -0.333234	            0.000000	           -0.271190	           -0.258146	            2.307764	            0.114543	          172.073417	          402.090522	           30.405184	           -1.101811	            0.000000	           -0.474805	            1.738090	            4.043677	            0.291404
            0.160000	         -107.052437	          813.744581	           40.638703	           -0.330656	            0.000000	           -0.270960	           -0.240655	            2.490270	            0.126010	          167.240939	          382.287047	           29.067041	           -1.101347	            0.000000	           -0.475550	            1.810316	            4.110217	            0.295483
            0.161000	          -98.344292	          854.313977	           42.989138	           -0.328098	            0.000000	           -0.270733	           -0.223690	            2.669741	            0.138477	          162.100469	          362.506576	           27.744987	           -1.100875	            0.000000	           -0.476377	            1.882534	            4.172436	            0.300027
            0.162000	          -89.241307	          889.778694	           45.293181	           -0.325584	            0.000000	           -0.270539	           -0.207245	            2.844139	            0.151781	          156.676674	          342.825432	           26.443596	           -1.100387	            0.000000	           -0.477301	            1.954466	            4.230834	            0.305303
            0.163000	          -79.960951	          919.642437	           47.522287	           -0.323153	            0.000000	           -0.270405	           -0.191402	            3.011728	            0.165692	          150.995724	          323.320595	           25.167517	           -1.099878	            0.000000	           -0.478342	            2.025731	            4.285818	            0.311580
            0.164000	          -70.718395	          943.548929	           49.640458	           -0.320854	            0.000000	           -0.270345	           -0.176325	            3.171122	            0.179916	          145.084900	          304.068375	           23.921346	           -1.099349	            0.000000	           -0.479519	            2.095833	            4.337646	            0.319118
            0.165000	          -61.719808	          961.293113	           51.603780	           -0.318743	            0.000000	           -0.270362	           -0.162251	            3.321312	            0.194098	          138.972236	          285.143069	           22.709487	           -1.098806	            0.000000	           -0.480845	            2.164148	            4.386367	            0.328151
            0.166000	          -53.156514	          972.826907	           53.360467	           -0.316878	            0.000000	           -0.270444	           -0.149474	            3.461668	            0.207823	          132.686230	          266.615635	           21.536012	           -1.098258	            0.000000	           -0.482327	            2.229917	            4.431779	            0.338874
            0.167000	          -45.200292	          978.259292	           54.851498	           -0.315303	            0.000000	           -0.270574	           -0.138332	            3.591910	            0.220629	          126.255620	          248.552451	           20.404510	           -1.097712	            0.000000	           -0.483970	            2.292252	            4.473383	            0.351428
            0.168000	          -37.999958	          977.850723	           56.011898	           -0.314036	            0.000000	           -0.270729	           -0.129183	            3.712078	            0.232016	          119.709245	          231.014188	           19.317949	           -1.097172	            0.000000	           -0.485778	            2.350139	            4.510369	            0.365888
            0.169000	          -31.679306	          972.002174	           56.772645	           -0.313049	            0.000000	           -0.270892	           -0.122392	            3.822463	            0.241461	          113.075974	          214.054842	           18.278545	           -1.096634	            0.000000	           -0.487761	            2.402462	            4.541599	            0.382246
            0.170000	          -26.336370	          961.239328	           57.063140	           -0.312264	            0.000000	           -0.271048	           -0.118312	            3.923540	            0.248436	          106.384717	          197.720977	           17.287652	           -1.096096	            0.000000	           -0.489932	            2.448024	            4.565626	            0.400405
            0.171000	          -22.043864	          946.192671	           56.814146	           -0.311574	            0.000000	           -0.271184	           -0.117268	            4.015890	            0.252432	           99.664475	          182.051179	           16.345680	           -1.095559	            0.000000	           -0.492309	            2.485583	            4.580719	            0.420169
            0.172000	          -18.850594	          927.574426	           55.961033	           -0.310860	            0.000000	           -0.271282	           -0.119540	            4.100119	            0.252974	           92.944428	          167.075769	           15.452048	           -1.095031	            0.000000	           -0.494922	            2.513893	            4.584917	            0.441238
            0.173000	          -16.783596	          906.153359	           54.447143	           -0.310008	            0.000000	           -0.271325	           -0.125354	            4.176780	            0.249650	           86.254027	          152.816770	           14.605178	           -1.094516	            0.000000	           -0.497822	            2.531743	            4.576095	            0.463209
            0.174000	          -15.850702	          882.728579	           52.227092	           -0.308919	            0.000000	           -0.271293	           -0.134869	            4.246305	            0.242131	           79.623069	          139.288121	           13.802533	           -1.094020	            0.000000	           -0.501090	            2.538011	            4.552054	            0.485577
            0.175000	          -16.043267	          858.103440	           49.269784	           -0.307525	            0.000000	           -0.271167	           -0.148170	            4.308955	            0.230189	           73.081719	          126.496130	           13.040698	           -1.093546	            0.000000	           -0.504831	            2.531708	            4.510620	            0.507751
            0.176000	          -17.338820	          833.060594	           45.560975	           -0.305793	            0.000000	           -0.270935	           -0.165262	            4.364778	            0.213718	           66.660467	          114.440134	           12.315518	           -1.093103	            0.000000	           -0.509171	            2.512025	            4.449755	            0.529062
            0.177000	          -19.703420	          808.339134	           41.105194	           -0.303731	            0.000000	           -0.270593	           -0.186064	            4.413595	            0.192742	           60.390000	          103.113331	           11.622266	           -1.092709	            0.000000	           -0.514264	            2.478376	            4.367676	            0.548785
            0.178000	          -23.093612	          784.614621	           35.926928	           -0.301375	            0.000000	           -0.270149	           -0.210409	            4.455003	            0.167427	           54.300968	           92.503729	           10.955853	           -1.092394	            0.000000	           -0.520291	            2.430429	            4.262973	            0.566164
            0.179000	          -27.457889	          762.482599	           30.070951	           -0.298776	            0.000000	           -0.269621	           -0.238045	            4.488403	            0.138083	           48.423653	           82.595174	           10.311070	           -1.092207	            0.000000	           -0.527469	            2.368139	            4.134715	            0.580436
            0.180000	          -32.737670	          742.446021	           23.601790	           -0.295987	            0.000000	           -0.269034	           -0.268636	            4.513038	            0.105153	           42.787533	           73.368390	            9.682844	           -1.092213	            0.000000	           -0.536061	            2.291753	            3.982550	            0.590868
            0.181000	          -38.867842	          724.906800	           16.602318	           -0.293052	            0.000000	           -0.268416	           -0.301769	            4.528060	            0.069208	           37.420759	           64.801975	            9.066496	           -1.092477	            0.000000	           -0.546378	            2.201823	            3.806783	            0.596785
            0.182000	          -45.776955	          710.161512	            9.171540	           -0.290002	            0.000000	           -0.267793	           -0.336962	            4.532598	            0.030929	           32.349563	           56.873309	            8.457991	           -1.093045	            0.000000	           -0.558756	            2.099188	            3.608423	            0.597606
            0.183000	          -53.387199	          698.401109	            1.421659	           -0.286856	            0.000000	           -0.267185	           -0.373675	            4.525837	           -0.008921	           27.597628	           49.559329	            7.854164	           -1.093922	            0.000000	           -0.573516	            1.984962	            3.389206	            0.592870
            0.184000	          -61.614296	          689.714342	           -6.525430	           -0.283628	            0.000000	           -0.266606	           -0.411325	            4.507099	           -0.049520	           23.185437	           42.837125	            7.252901	           -1.095063	            0.000000	           -0.590894	            1.860499	            3.151576	            0.582271
            0.185000	          -70.367428	          684.094467	          -14.542067	           -0.280327	            0.000000	           -0.266061	           -0.449301	            4.475916	           -0.090018	           19.129663	           36.684348	            6.653271	           -1.096373	            0.000000	           -0.610960	            1.727356	            2.898634	            0.565673
            0.186000	          -79.549341	          681.448728	          -22.498979	           -0.276962	            0.000000	           -0.265547	           -0.486980	            4.432093	           -0.129572	           15.442606	           31.079406	            6.055585	           -1.097706	            0.000000	           -0.633555	            1.587252	            2.634049	            0.543132
            0.187000	          -89.056694	          681.610009	          -30.269476	           -0.273548	            0.000000	           -0.265060	           -0.523747	            4.375758	           -0.167373	           12.131744	           26.001480	            5.461390	           -1.098866	            0.000000	           -0.658348	            1.442025	            2.361933	            0.514898
            0.188000	          -98.780728	          684.350052	          -37.733479	           -0.270114	            0.000000	           -0.264596	           -0.559010	            4.307391	           -0.202681	            9.199403	           21.430347	            4.873389	           -1.099624	            0.000000	           -0.685109	            1.293590	            2.086692	            0.481416
            0.189000	         -108.608289	          689.393594	          -44.781217	           -0.266704	            0.000000	           -0.264158	           -0.592220	            4.227828	           -0.234847	            6.642590	           17.346078	            4.295283	           -1.099624	            0.000000	           -0.685109	            1.143902	            1.812864	            0.443312
            0.190000	         -118.423190	          696.432792	          -51.316412	           -0.263376	            0.000000	           -0.263755	           -0.622883	            4.138252	           -0.263338	            4.452997	           13.728638	            3.731559	           -1.099624	            0.000000	           -0.685109	            0.994923	            1.544933	            0.401377
            0.191000	         -128.107878	          705.141357	          -57.258835	           -0.260191	            0.000000	           -0.263400	           -0.650572	            4.040153	           -0.287747	            2.617186	           10.557445	            3.187230	           -1.190000	            0.000000	           -0.300000	            0.848595	            1.287164	            0.356534
            0.192000	         -137.545363	          715.187861	          -62.546126	           -0.257198	            0.000000	           -0.263103	           -0.674938	            3.935274	           -0.307808	            0.000000	            0.000000	            0.000000	           -1.190000	            0.000000	           -0.467667	            0.000000	            0.000000	            0.000000
            0.193000	         -146.621303	          726.247765	          -67.134848	           -0.254425	            0.000000	           -0.262871	           -0.695711	            3.825550	           -0.323393	            0.000000	            0.000000	            0.000000	           -1.190000	            0.000000	           -0.467667	            0.000000	            0.000000	            0.000000
            0.194000	         -155.226181	          738.013794	          -71.000735	           -0.251874	            0.000000	           -0.262702	           -0.712704	            3.713021	           -0.334508	            0.000000	            0.000000	            0.000000	           -1.190000	            0.000000	           -0.467667	            0.000000	            0.000000	            0.000000
            0.195000	         -163.257455	          750.204415	          -74.138194	           -0.249518	            0.000000	           -0.262589	           -0.725813	            3.599758	           -0.341287	            0.000000	            0.000000	            0.000000	           -1.190000	            0.000000	           -0.467667	            0.000000	            0.000000	            0.000000
            0.196000	         -170.621598	          762.570267	          -76.559118	           -0.247308	            0.000000	           -0.262521	           -0.735007	            3.487775	           -0.343973	            0.000000	            0.000000	            0.000000	           -1.190000	            0.000000	           -0.467667	            0.000000	            0.000000	            0.000000
            0.197000	         -177.235939	          774.898488	          -78.291108	           -0.245188	            0.000000	           -0.262487	           -0.740327	            3.378960	           -0.342903	            0.000000	            0.000000	            0.000000	           -1.190000	            0.000000	           -0.467667	            0.000000	            0.000000	            0.000000
            0.198000	         -183.030228	          787.015039	          -79.375240	           -0.243108	            0.000000	           -0.262475	           -0.741877	            3.275002	           -0.338486	            0.000000	            0.000000	            0.000000	           -1.190000	            0.000000	           -0.467667	            0.000000	            0.000000	            0.000000
            0.199000	         -187.947873	          798.785140	          -79.863504	           -0.241033	            0.000000	           -0.262473	           -0.739810	            3.177340	           -0.331180	            0.000000	            0.000000	            0.000000	           -1.190000	            0.000000	           -0.467667	            0.000000	            0.000000	            0.000000
            0.200000	         -191.946808	          810.112068	          -79.816074	           -0.238953	            0.000000	           -0.262475	           -0.734323	            3.087122	           -0.321475	            0.000000	            0.000000	            0.000000	           -1.190000	            0.000000	           -0.467667	            0.000000	            0.000000	            0.000000
            0.201000	         -194.999975	          820.934582	          -79.298544	           -0.236876	            0.000000	           -0.262472	           -0.725647	            3.005180	           -0.309868	            0.000000	            0.000000	            0.000000	           -1.190000	            0.000000	           -0.467667	            0.000000	            0.000000	            0.000000
            0.202000	         -197.095413	          831.223269	          -78.379261	           -0.234825	            0.000000	           -0.262461	           -0.714037	            2.932019	           -0.296848	            0.000000	            0.000000	            0.000000	           -1.190000	            0.000000	           -0.467667	            0.000000	            0.000000	            0.000000
            0.203000	         -198.235985	          840.976115	          -77.126870	           -0.232824	            0.000000	           -0.262441	           -0.699764	            2.867824	           -0.282877	            0.000000	            0.000000	            0.000000	           -1.190000	            0.000000	           -0.467667	            0.000000	            0.000000	            0.000000
            0.204000	         -198.438741	          850.213609	          -75.608155	           -0.230894	            0.000000	           -0.262410	           -0.683106	            2.812475	           -0.268381	            0.000000	            0.000000	            0.000000	           -1.190000	            0.000000	           -0.467667	            0.000000	            0.000000	            0.000000
            0.205000	         -197.733979	          858.973623	          -73.886238	           -0.229044	            0.000000	           -0.262369	           -0.664349	            2.765570	           -0.253737	            0.000000	            0.000000	            0.000000	           -1.190000	            0.000000	           -0.467667	            0.000000	            0.000000	            0.000000
            0.206000	         -196.164018	          867.306344	          -72.019176	           -0.227278	            0.000000	           -0.262319	           -0.643773	            2.726469	           -0.239268	            0.000000	            0.000000	            0.000000	           -1.190000	            0.000000	           -0.467667	            0.000000	            0.000000	            0.000000
            0.207000	         -193.781750	          875.269421	          -70.058946	           -0.225594	            0.000000	           -0.262266	           -0.621653	            2.694323	           -0.225241	            0.000000	            0.000000	            0.000000	           -1.190000	            0.000000	           -0.467667	            0.000000	            0.000000	            0.000000
            0.208000	         -190.648989	          882.923520	          -68.050821	           -0.223991	            0.000000	           -0.262215	           -0.598256	            2.668121	           -0.211860	            0.000000	            0.000000	            0.000000	           -1.190000	            0.000000	           -0.467667	            0.000000	            0.000000	            0.000000
            0.209000	         -186.834686	          890.328395	          -66.033091	           -0.222467	            0.000000	           -0.262170	           -0.573835	            2.646735	           -0.199276	            0.000000	            0.000000	            0.000000	           -1.190000	            0.000000	           -0.467667	            0.000000	            0.000000	            0.000000
            0.210000	         -182.413045	          897.539555	          -64.037088	           -0.221015	            0.000000	           -0.262135	           -0.548629	            2.628954	           -0.187584	            0.000000	            0.000000	            0.000000	           -1.190000	            0.000000	           -0.467667	            0.000000	            0.000000	            0.000000
            0.211000	         -177.461582	          904.605588	          -62.087455	           -0.219631	            0.000000	           -0.262109	           -0.522862	            2.613531	           -0.176830	            0.000000	            0.000000	            0.000000	           -1.190000	            0.000000	           -0.467667	            0.000000	            0.000000	            0.000000
            0.212000	         -172.059193	          911.566150	          -60.202615	           -0.218311	            0.000000	           -0.262094	           -0.496739	            2.599213	           -0.167018	            0.000000	            0.000000	            0.000000	           -1.190000	            0.000000	           -0.467667	            0.000000	            0.000000	            0.000000
            0.213000	         -166.284255	          918.450606	          -58.395368	           -0.217049	            0.000000	           -0.262086	           -0.470447	            2.584775	           -0.158116	            0.000000	            0.000000	            0.000000	           -1.190000	            0.000000	           -0.467667	            0.000000	            0.000000	            0.000000
            0.214000	         -160.212827	          925.277302	          -56.673577	           -0.215841	            0.000000	           -0.262087	           -0.444154	            2.569051	           -0.150064	            0.000000	            0.000000	            0.000000	           -1.190000	            0.000000	           -0.467667	            0.000000	            0.000000	            0.000000
            0.215000	         -153.916989	          932.053409	          -55.040895	           -0.214684	            0.000000	           -0.262095	           -0.418009	            2.550954	           -0.142777	            0.000000	            0.000000	            0.000000	           -1.190000	            0.000000	           -0.467667	            0.000000	            0.000000	            0.000000
            0.216000	         -147.463361	          938.775280	          -53.497497	           -0.213571	            0.000000	           -0.262107	           -0.392141	            2.529503	           -0.136158	            0.000000	            0.000000	            0.000000	           -1.190000	            0.000000	           -0.467667	            0.000000	            0.000000	            0.000000
            0.217000	         -140.911841	          945.429248	          -52.040782	           -0.212502	            0.000000	           -0.262121	           -0.366664	            2.503838	           -0.130101	            0.000000	            0.000000	            0.000000	           -1.190000	            0.000000	           -0.467667	            0.000000	            0.000000	            0.000000
            0.218000	         -134.314604	          951.992789	          -50.666033	           -0.211470	            0.000000	           -0.262135	           -0.341672	            2.473234	           -0.124498	            0.000000	            0.000000	            0.000000	           -1.190000	            0.000000	           -0.467667	            0.000000	            0.000000	            0.000000
            0.219000	         -127.715372	          958.435966	          -49.367012	           -0.210470	            0.000000	           -0.262147	           -0.317246	            2.437115	           -0.119243	            0.000000	            0.000000	            0.000000	           -1.190000	            0.000000	           -0.467667	            0.000000	            0.000000	            0.000000
            0.220000	         -121.148997	          964.723074	          -48.136487	           -0.209492	            0.000000	           -0.262156	           -0.293453	            2.395062	           -0.114237	            0.000000	            0.000000	            0.000000	           -1.190000	            0.000000	           -0.467667	            0.000000	            0.000000	            0.000000
            0.221000	         -114.641328	          970.814402	          -46.966679	           -0.208528	            0.000000	           -0.262164	           -0.270349	            2.346815	           -0.109393	            0.000000	            0.000000	            0.000000	           -1.190000	            0.000000	           -0.467667	            0.000000	            0.000000	            0.000000
            0.222000	         -108.209392	          976.668036	          -45.849642	           -0.207573	            0.000000	           -0.262173	           -0.247979	            2.292273	           -0.104634	            0.000000	            0.000000	            0.000000	           -1.190000	            0.000000	           -0.467667	            0.000000	            0.000000	            0.000000
            0.223000	         -101.861853	          982.241635	          -44.777562	           -0.206622	            0.000000	           -0.262184	           -0.226383	            2.231493	           -0.099899	            0.000000	            0.000000	            0.000000	           -1.190000	            0.000000	           -0.467667	            0.000000	            0.000000	            0.000000
            0.224000	          -95.599728	          987.494096	          -43.742995	           -0.205674	            0.000000	           -0.262198	           -0.205591	            2.164680	           -0.095144	            0.000000	            0.000000	            0.000000	           -1.190000	            0.000000	           -0.467667	            0.000000	            0.000000	            0.000000
            0.225000	          -89.417318	          992.387066	          -42.739043	           -0.204723	            0.000000	           -0.262215	           -0.185631	            2.092180	           -0.090337	            0.000000	            0.000000	            0.000000	           -1.190000	            0.000000	           -0.467667	            0.000000	            0.000000	            0.000000
            0.226000	          -83.303314	          996.886245	          -41.759469	           -0.203767	            0.000000	           -0.262233	           -0.166527	            2.014459	           -0.085464	            0.000000	            0.000000	            0.000000	           -1.190000	            0.000000	           -0.467667	            0.000000	            0.000000	            0.000000
            0.227000	          -77.242027	         1000.962433	          -40.798772	           -0.202806	            0.000000	           -0.262250	           -0.148302	            1.932093	           -0.080522	            0.000000	            0.000000	            0.000000	           -1.190000	            0.000000	           -0.467667	            0.000000	            0.000000	            0.000000
            0.228000	          -71.214680	         1004.592304	          -39.852215	           -0.201838	            0.000000	           -0.262264	           -0.130974	            1.845745	           -0.075522	            0.000000	            0.000000	            0.000000	           -1.190000	            0.000000	           -0.467667	            0.000000	            0.000000	            0.000000
            0.229000	          -65.200704	         1007.758879	          -38.915821	           -0.200863	            0.000000	           -0.262275	           -0.114564	            1.756141	           -0.070482	            0.000000	            0.000000	            0.000000	           -1.190000	            0.000000	           -0.467667	            0.000000	            0.000000	            0.000000
            0.230000	          -59.178997	         1010.451709	          -37.986337	           -0.199881	            0.000000	           -0.262279	           -0.099089	            1.664056	           -0.065431	            0.000000	            0.000000	            0.000000	           -1.190000	            0.000000	           -0.467667	            0.000000	            0.000000	            0.000000
            0.231000	          -53.129077	         1012.666754	          -37.061180	           -0.198892	            0.000000	           -0.262277	           -0.084567	            1.570284	           -0.060402	            0.000000	            0.000000	            0.000000	           -1.190000	            0.000000	           -0.467667	            0.000000	            0.000000	            0.000000
            0.232000	          -47.032100	         1014.406007	          -36.138361	           -0.197897	            0.000000	           -0.262266	           -0.071012	            1.475618	           -0.055434	            0.000000	            0.000000	            0.000000	           -1.190000	            0.000000	           -0.467667	            0.000000	            0.000000	            0.000000
            0.233000	          -40.871702	         1015.676863	          -35.216400	           -0.196899	            0.000000	           -0.262249	           -0.058437	            1.380832	           -0.050563	            0.000000	            0.000000	            0.000000	           -1.190000	            0.000000	           -0.467667	            0.000000	            0.000000	            0.000000
            0.234000	          -34.634639	         1016.491299	          -34.294236	           -0.195907	            0.000000	           -0.262228	           -0.046855	            1.286656	           -0.045828	            0.000000	            0.000000	            0.000000	           -1.190000	            0.000000	           -0.467667	            0.000000	            0.000000	            0.000000
            0.235000	          -28.311220	         1016.864897	          -33.371126	           -0.194932	            0.000000	           -0.262207	           -0.036271	            1.193766	           -0.041266	            0.000000	            0.000000	            0.000000	           -1.190000	            0.000000	           -0.467667	            0.000000	            0.000000	            0.000000
            0.236000	          -21.895523	         1016.815762	          -32.446561	           -0.193983	            0.000000	           -0.262190	           -0.026690	            1.102764	           -0.036908	            0.000000	            0.000000	            0.000000	           -1.190000	            0.000000	           -0.467667	            0.000000	            0.000000	            0.000000
            0.237000	          -15.385407	         1016.363400	          -31.520173	           -0.193071	            0.000000	           -0.262180	           -0.018109	            1.014175	           -0.032783	            0.000000	            0.000000	            0.000000	           -1.190000	            0.000000	           -0.467667	            0.000000	            0.000000	            0.000000
            0.238000	           -8.782329	         1015.527593	          -30.591661	           -0.192199	            0.000000	           -0.262179	           -0.010521	            0.928430	           -0.028912	            0.000000	            0.000000	            0.000000	           -1.190000	            0.000000	           -0.467667	            0.000000	            0.000000	            0.000000
            0.239000	           -2.091010	         1014.327334	          -29.660730	           -0.191370	            0.000000	           -0.262188	           -0.003914	            0.845872	           -0.025311	            0.000000	            0.000000	            0.000000	           -1.190000	            0.000000	           -0.467667	            0.000000	            0.000000	            0.000000
            0.240000	            4.681041	         1012.779860	          -28.727033	           -0.190580	            0.000000	           -0.262207	            0.001731	            0.766750	           -0.021992	            0.000000	            0.000000	            0.000000	           -1.190000	            0.000000	           -0.467667	            0.000000	            0.000000	            0.000000
            0.241000	           11.524095	         1010.899817	          -27.790142	           -0.189824	            0.000000	           -0.262234	            0.006440	            0.691224	           -0.018956	            0.000000	            0.000000	            0.000000	           -1.190000	            0.000000	           -0.467667	            0.000000	            0.000000	            0.000000
            0.242000	           18.426827	         1008.698596	          -26.849525	           -0.189093	            0.000000	           -0.262269	            0.010244	            0.619370	           -0.016203	            0.000000	            0.000000	            0.000000	           -1.190000	            0.000000	           -0.467667	            0.000000	            0.000000	            0.000000
            0.243000	           25.376960	         1006.183847	          -25.904544	           -0.188382	            0.000000	           -0.262309	            0.013180	            0.551188	           -0.013726	            0.000000	            0.000000	            0.000000	           -1.190000	            0.000000	           -0.467667	            0.000000	            0.000000	            0.000000
            0.244000	           32.361889	         1003.359183	          -24.954461	           -0.187689	            0.000000	           -0.262352	            0.015290	            0.486612	           -0.011511	            0.000000	            0.000000	            0.000000	           -1.190000	            0.000000	           -0.467667	            0.000000	            0.000000	            0.000000
            0.245000	           39.369246	         1000.224081	          -23.998465	           -0.187013	            0.000000	           -0.262397	            0.016620	            0.425522	           -0.009544	            0.000000	            0.000000	            0.000000	           -1.190000	            0.000000	           -0.467667	            0.000000	            0.000000	            0.000000
            0.246000	           46.387392	          996.773960	          -23.035709	           -0.186355	            0.000000	           -0.262443	            0.017219	            0.367753	           -0.007806	            0.000000	            0.000000	            0.000000	           -1.190000	            0.000000	           -0.467667	            0.000000	            0.000000	            0.000000
            0.247000	           53.405779	          993.000435	          -22.065351	           -0.185713	            0.000000	           -0.262488	            0.017140	            0.313108	           -0.006276	            0.000000	            0.000000	            0.000000	           -1.190000	            0.000000	           -0.467667	            0.000000	            0.000000	            0.000000
            0.248000	           60.415204	          988.891707	          -21.086615	           -0.185088	            0.000000	           -0.262535	            0.016434	            0.261370	           -0.004933	            0.000000	            0.000000	            0.000000	           -1.190000	            0.000000	           -0.467667	            0.000000	            0.000000	            0.000000
            0.249000	           67.407915	          984.433082	          -20.098845	           -0.184474	            0.000000	           -0.262584	            0.015150	            0.212312	           -0.003754	            0.000000	            0.000000	            0.000000	           -1.190000	            0.000000	           -0.467667	            0.000000	            0.000000	            0.000000
            0.250000	           74.377573	          979.607569	          -19.101570	           -0.183870	            0.000000	           -0.262637	            0.013337	            0.165707	           -0.002718	            0.000000	            0.000000	            0.000000	           -1.190000	            0.000000	           -0.467667	            0.000000	            0.000000	            0.000000
            0.251000	           81.319093	          974.396540	          -18.094566	           -0.183270	            0.000000	           -0.262691	            0.011038	            0.121331	           -0.001806	            0.000000	            0.000000	            0.000000	           -1.190000	            0.000000	           -0.467667	            0.000000	            0.000000	            0.000000
            0.252000	           88.228343	          968.780426	          -17.077919	           -0.182676	            0.000000	           -0.262744	            0.008288	            0.078971	           -0.000999	            0.000000	            0.000000	            0.000000	           -1.190000	            0.000000	           -0.467667	            0.000000	            0.000000	            0.000000
            0.253000	           95.101753	          962.739391	          -16.052075	           -0.182086	            0.000000	           -0.262795	            0.005114	            0.038426	           -0.000283	            0.000000	            0.000000	            0.000000	           -1.190000	            0.000000	           -0.467667	            0.000000	            0.000000	            0.000000
            0.254000	          101.935832	          956.253998	          -15.017895	           -0.181501	            0.000000	           -0.262844	            0.001535	           -0.000495	            0.000354	            0.000000	            0.000000	            0.000000	           -1.190000	            0.000000	           -0.467667	            0.000000	            0.000000	            0.000000
            0.255000	          108.726634	          949.305811	          -13.976684	           -0.180922	            0.000000	           -0.262894	           -0.002444	           -0.037970	            0.000922	            0.000000	            0.000000	            0.000000	           -1.190000	            0.000000	           -0.467667	            0.000000	            0.000000	            0.000000
            0.256000	          115.469186	          941.877933	          -12.930225	           -0.180351	            0.000000	           -0.262947	           -0.006832	           -0.074176	            0.001427	            0.000000	            0.000000	            0.000000	           -1.190000	            0.000000	           -0.467667	            0.000000	            0.000000	            0.000000
            0.257000	          122.156926	          933.955466	          -11.880782	           -0.179789	            0.000000	           -0.263006	           -0.011649	           -0.109286	            0.001870	            0.000000	            0.000000	            0.000000	           -1.190000	            0.000000	           -0.467667	            0.000000	            0.000000	            0.000000
            0.258000	          128.781164	          925.525885	          -10.831103	           -0.179234	            0.000000	           -0.263071	           -0.016933	           -0.143481	            0.002250	            0.000000	            0.000000	            0.000000	           -1.190000	            0.000000	           -0.467667	            0.000000	            0.000000	            0.000000
            0.259000	          135.330595	          916.579313	           -9.784394	           -0.178682	            0.000000	           -0.263140	           -0.022733	           -0.176951	            0.002565	            0.000000	            0.000000	            0.000000	           -1.190000	            0.000000	           -0.467667	            0.000000	            0.000000	            0.000000
            0.260000	          141.790896	          907.108716	           -8.744285	           -0.178131	            0.000000	           -0.263212	           -0.029115	           -0.209902	            0.002808	            0.000000	            0.000000	            0.000000	           -1.190000	            0.000000	           -0.467667	            0.000000	            0.000000	            0.000000
            0.261000	          148.144428	          897.110014	           -7.714773	           -0.177578	            0.000000	           -0.263285	           -0.036155	           -0.242557	            0.002971	            0.000000	            0.000000	            0.000000	           -1.190000	            0.000000	           -0.467667	            0.000000	            0.000000	            0.000000
            0.262000	          154.370052	          886.582100	           -6.700157	           -0.177022	            0.000000	           -0.263357	           -0.043938	           -0.275158	            0.003045	            0.000000	            0.000000	            0.000000	           -1.190000	            0.000000	           -0.467667	            0.000000	            0.000000	            0.000000
            0.263000	          160.443084	          875.526804	           -5.704950	           -0.176463	            0.000000	           -0.263428	           -0.052558	           -0.307964	            0.003019	            0.000000	            0.000000	            0.000000	           -1.190000	            0.000000	           -0.467667	            0.000000	            0.000000	            0.000000
            0.264000	          166.335398	          863.948779	           -4.733784	           -0.175901	            0.000000	           -0.263495	           -0.062107	           -0.341242	            0.002884	            0.000000	            0.000000	            0.000000	           -1.190000	            0.000000	           -0.467667	            0.000000	            0.000000	            0.000000
            0.265000	          172.015677	          851.855339	           -3.791307	           -0.175337	            0.000000	           -0.263559	           -0.072679	           -0.375266	            0.002629	            0.000000	            0.000000	            0.000000	           -1.190000	            0.000000	           -0.467667	            0.000000	            0.000000	            0.000000
            0.266000	          177.449815	          839.256249	           -2.882064	           -0.174769	            0.000000	           -0.263621	           -0.084358	           -0.410298	            0.002248	            0.000000	            0.000000	            0.000000	           -1.190000	            0.000000	           -0.467667	            0.000000	            0.000000	            0.000000
            0.267000	          182.601462	          826.163477	           -2.010383	           -0.174195	            0.000000	           -0.263682	           -0.097214	           -0.446581	            0.001734	            0.000000	            0.000000	            0.000000	           -1.190000	            0.000000	           -0.467667	            0.000000	            0.000000	            0.000000
            0.268000	          187.432701	          812.590917	           -1.180253	           -0.173610	            0.000000	           -0.263742	           -0.111297	           -0.484324	            0.001084	            0.000000	            0.000000	            0.000000	           -1.190000	            0.000000	           -0.467667	            0.000000	            0.000000	            0.000000
            0.269000	          191.904844	          798.554098	           -0.395207	           -0.173012	            0.000000	           -0.263802	           -0.126633	           -0.523681	            0.000299	            0.000000	            0.000000	            0.000000	           -1.190000	            0.000000	           -0.467667	            0.000000	            0.000000	            0.000000
            0.270000	          195.979309	          784.069883	            0.341794	           -0.172401	            0.000000	           -0.263860	           -0.143215	           -0.564740	           -0.000615	            0.000000	            0.000000	            0.000000	           -1.190000	            0.000000	           -0.467667	            0.000000	            0.000000	            0.000000
            0.271000	          199.618575	          769.156174	            1.028459	           -0.171778	            0.000000	           -0.263914	           -0.160999	           -0.607504	           -0.001650	            0.000000	            0.000000	            0.000000	           -1.190000	            0.000000	           -0.467667	            0.000000	            0.000000	            0.000000
            0.272000	          202.787155	          753.831634	            1.663262	           -0.171146	            0.000000	           -0.263962	           -0.179900	           -0.651883	           -0.002791	            0.000000	            0.000000	            0.000000	           -1.190000	            0.000000	           -0.467667	            0.000000	            0.000000	            0.000000
            0.273000	          205.452582	          738.115434	            2.245517	           -0.170505	            0.000000	           -0.264000	           -0.199792	           -0.697675	           -0.004019	            0.000000	            0.000000	            0.000000	           -1.190000	            0.000000	           -0.467667	            0.000000	            0.000000	            0.000000
            0.274000	          207.586349	          722.027044	            2.775426	           -0.169855	            0.000000	           -0.264025	           -0.220502	           -0.744569	           -0.005308	            0.000000	            0.000000	            0.000000	           -1.190000	            0.000000	           -0.467667	            0.000000	            0.000000	            0.000000
            0.275000	          209.164783	          705.586067	            3.254117	           -0.169194	            0.000000	           -0.264034	           -0.241814	           -0.792136	           -0.006630	            0.000000	            0.000000	            0.000000	           -1.190000	            0.000000	           -0.467667	            0.000000	            0.000000	            0.000000
            0.276000	          210.169817	          688.812138	            3.683634	           -0.168516	            0.000000	           -0.264024	           -0.263469	           -0.839836	           -0.007952	            0.000000	            0.000000	            0.000000	           -1.190000	            0.000000	           -0.467667	            0.000000	            0.000000	            0.000000
            0.277000	          210.589623	          671.724877	            4.066918	           -0.167816	            0.000000	           -0.263995	           -0.285175	           -0.887025	           -0.009237	            0.000000	            0.000000	            0.000000	           -1.190000	            0.000000	           -0.467667	            0.000000	            0.000000	            0.000000
            0.278000	          210.419090	          654.343911	            4.407742	           -0.167090	            0.000000	           -0.263945	           -0.306608	           -0.932973	           -0.010448	            0.000000	            0.000000	            0.000000	           -1.190000	            0.000000	           -0.467667	            0.000000	            0.000000	            0.000000
            0.279000	          209.660113	          636.688963	            4.710612	           -0.166336	            0.000000	           -0.263877	           -0.327424	           -0.976883	           -0.011544	            0.000000	            0.000000	            0.000000	           -1.190000	            0.000000	           -0.467667	            0.000000	            0.000000	            0.000000
            0.280000	          208.321694	          618.780003	            4.980646	           -0.165551	            0.000000	           -0.263789	           -0.347268	           -1.017915	           -0.012487	            0.000000	            0.000000	            0.000000	           -1.190000	            0.000000	           -0.467667	            0.000000	            0.000000	            0.000000
            0.281000	          206.419836	          600.637451	            5.223406	           -0.164735	            0.000000	           -0.263680	           -0.365788	           -1.055219	           -0.013244	            0.000000	            0.000000	            0.000000	           -1.190000	            0.000000	           -0.467667	            0.000000	            0.000000	            0.000000
            0.282000	          203.977239	          582.282434	            5.444713	           -0.163887	            0.000000	           -0.263548	           -0.382648	           -1.087963	           -0.013782	            0.000000	            0.000000	            0.000000	           -1.190000	            0.000000	           -0.467667	            0.000000	            0.000000	            0.000000
            0.283000	          201.022805	          563.737073	            5.650433	           -0.163007	            0.000000	           -0.263393	           -0.397536	           -1.115373	           -0.014079	            0.000000	            0.000000	            0.000000	           -1.190000	            0.000000	           -0.467667	            0.000000	            0.000000	            0.000000
            0.284000	          197.590965	          545.024796	            5.846244	           -0.162095	            0.000000	           -0.263212	           -0.410184	           -1.136763	           -0.014120	            0.000000	            0.000000	            0.000000	           -1.190000	            0.000000	           -0.467667	            0.000000	            0.000000	            0.000000
            0.285000	          193.720860	          526.170657	            6.037398	           -0.161149	            0.000000	           -0.263003	           -0.420374	           -1.151568	           -0.013902	            0.000000	            0.000000	            0.000000	           -1.190000	            0.000000	           -0.467667	            0.000000	            0.000000	            0.000000
            0.286000	          189.455406	          507.201639	            6.228483	           -0.160169	            0.000000	           -0.262763	           -0.427952	           -1.159373	           -0.013433	            0.000000	            0.000000	            0.000000	           -1.190000	            0.000000	           -0.467667	            0.000000	            0.000000	            0.000000
            0.287000	          184.840272	          488.146936	            6.423198	           -0.159151	            0.000000	           -0.262492	           -0.432835	           -1.159938	           -0.012738	            0.000000	            0.000000	            0.000000	           -1.190000	            0.000000	           -0.467667	            0.000000	            0.000000	            0.000000
            0.288000	          179.922809	          469.038177	            6.624153	           -0.158096	            0.000000	           -0.262190	           -0.435014	           -1.153215	           -0.011855	            0.000000	            0.000000	            0.000000	           -1.190000	            0.000000	           -0.467667	            0.000000	            0.000000	            0.000000
            0.289000	          174.750980	          449.909592	            6.832712	           -0.157006	            0.000000	           -0.261856	           -0.434558	           -1.139354	           -0.010838	            0.000000	            0.000000	            0.000000	           -1.190000	            0.000000	           -0.467667	            0.000000	            0.000000	            0.000000
            0.290000	          169.372310	          430.798093	            7.048874	           -0.155881	            0.000000	           -0.261488	           -0.431615	           -1.118712	           -0.009758	            0.000000	            0.000000	            0.000000	           -1.190000	            0.000000	           -0.467667	            0.000000	            0.000000	            0.000000
            0.291000	          163.832909	          411.743261	            7.271225	           -0.154714	            0.000000	           -0.261081	           -0.426402	           -1.091839	           -0.008698	            0.000000	            0.000000	            0.000000	           -1.190000	            0.000000	           -0.467667	            0.000000	            0.000000	            0.000000
            0.292000	          158.176583	          392.787220	            7.496941	           -0.153493	            0.000000	           -0.260632	           -0.419202	           -1.059465	           -0.007758	            0.000000	            0.000000	            0.000000	           -1.190000	            0.000000	           -0.467667	            0.000000	            0.000000	            0.000000
            0.293000	          152.444068	          373.974407	            7.721867	           -0.152203	            0.000000	           -0.260142	           -0.410349	           -1.022476	           -0.007043	            0.000000	            0.000000	            0.000000	           -1.190000	            0.000000	           -0.467667	            0.000000	            0.000000	            0.000000
            0.294000	          146.672408	          355.351221	            7.940656	           -0.150837	            0.000000	           -0.259615	           -0.400217	           -0.981881	           -0.006669	            0.000000	            0.000000	            0.000000	           -1.190000	            0.000000	           -0.467667	            0.000000	            0.000000	            0.000000
            0.295000	          140.894481	          336.965570	            8.146972	           -0.149392	            0.000000	           -0.259057	           -0.389204	           -0.938781	           -0.006752	            0.000000	            0.000000	            0.000000	           -1.190000	            0.000000	           -0.467667	            0.000000	            0.000000	            0.000000
            0.296000	          135.138693	          318.866315	            8.333734	           -0.147876	            0.000000	           -0.258474	           -0.377712	           -0.894321	           -0.007405	            0.000000	            0.000000	            0.000000	           -1.190000	            0.000000	           -0.467667	            0.000000	            0.000000	            0.000000
            0.297000	          129.428824	          301.102624	            8.493413	           -0.146297	            0.000000	           -0.257872	           -0.366135	           -0.849653	           -0.008730	            0.000000	            0.000000	            0.000000	           -1.190000	            0.000000	           -0.467667	            0.000000	            0.000000	            0.000000
            0.298000	          123.784038	          283.723270	            8.618346	           -0.144657	            0.000000	           -0.257256	           -0.354838	           -0.805891	           -0.010816	            0.000000	            0.000000	            0.000000	           -1.190000	            0.000000	           -0.467667	            0.000000	            0.000000	            0.000000
            0.299000	          118.219037	          266.775877	            8.701056	           -0.142948	            0.000000	           -0.256633	           -0.344146	           -0.764074	           -0.013725	            0.000000	            0.000000	            0.000000	           -1.190000	            0.000000	           -0.467667	            0.000000	            0.000000	            0.000000
            0.300000	          112.744344	          250.306142	            8.734577	           -0.141153	            0.000000	           -0.256008	           -0.334327	           -0.725125	           -0.017489	            0.000000	            0.000000	            0.000000	           -1.190000	            0.000000	           -0.467667	            0.000000	            0.000000	            0.000000
            0.301000	          107.366697	          234.357063	            8.712748	           -0.139254	            0.000000	           -0.255384	           -0.325586	           -0.689822	           -0.022103	            0.000000	            0.000000	            0.000000	           -1.190000	            0.000000	           -0.467667	            0.000000	            0.000000	            0.000000
            0.302000	          102.089540	          218.968184	            8.630484	           -0.137231	            0.000000	           -0.254758	           -0.318055	           -0.658773	           -0.027516	            0.000000	            0.000000	            0.000000	           -1.190000	            0.000000	           -0.467667	            0.000000	            0.000000	            0.000000
            0.303000	           96.913580	          204.174888	            8.483996	           -0.135076	            0.000000	           -0.254124	           -0.311792	           -0.632399	           -0.033626	            0.000000	            0.000000	            0.000000	           -1.190000	            0.000000	           -0.467667	            0.000000	            0.000000	            0.000000
            0.304000	           91.837396	          190.007748	            8.270963	           -0.132787	            0.000000	           -0.253471	           -0.306782	           -0.610921	           -0.040276	            0.000000	            0.000000	            0.000000	           -1.190000	            0.000000	           -0.467667	            0.000000	            0.000000	            0.000000
            0.305000	           86.858076	          176.491966	            7.990648	           -0.130372	            0.000000	           -0.252792	           -0.302940	           -0.594363	           -0.047252	            0.000000	            0.000000	            0.000000	           -1.190000	            0.000000	           -0.467667	            0.000000	            0.000000	            0.000000
            0.306000	           81.971855	          163.646897	            7.643957	           -0.127842	            0.000000	           -0.252087	           -0.300119	           -0.582553	           -0.054281	            0.000000	            0.000000	            0.000000	           -1.190000	            0.000000	           -0.467667	            0.000000	            0.000000	            0.000000
            0.307000	           77.174743	          151.485693	            7.233444	           -0.125205	            0.000000	           -0.251358	           -0.298123	           -0.575139	           -0.061031	            0.000000	            0.000000	            0.000000	           -1.190000	            0.000000	           -0.467667	            0.000000	            0.000000	            0.000000
            0.308000	           72.463114	          140.015071	            6.763259	           -0.122460	            0.000000	           -0.250605	           -0.296717	           -0.571604	           -0.067123	            0.000000	            0.000000	            0.000000	           -1.190000	            0.000000	           -0.467667	            0.000000	            0.000000	            0.000000
            0.309000	           67.834246	          129.235197	            6.239052	           -0.119600	            0.000000	           -0.249824	           -0.295643	           -0.571292	           -0.072128	            0.000000	            0.000000	            0.000000	           -1.190000	            0.000000	           -0.467667	            0.000000	            0.000000	            0.000000
            0.310000	           63.286787	          119.139735	            5.667830	           -0.116589	            0.000000	           -0.249003	           -0.294633	           -0.573435	           -0.075589	            0.000000	            0.000000	            0.000000	           -1.190000	            0.000000	           -0.467667	            0.000000	            0.000000	            0.000000
            0.311000	           58.821140	          109.716017	            5.057781	           -0.113365	            0.000000	           -0.248123	           -0.293426	           -0.577182	           -0.077028	            0.000000	            0.000000	            0.000000	           -1.190000	            0.000000	           -0.467667	            0.000000	            0.000000	            0.000000
            0.312000	           54.439738	          100.945376	            4.418072	           -0.109852	            0.000000	           -0.247160	           -0.291780	           -0.581632	           -0.075965	            0.000000	            0.000000	            0.000000	           -1.190000	            0.000000	           -0.467667	            0.000000	            0.000000	            0.000000
            0.313000	           50.147223	           92.803615	            3.758614	           -0.105983	            0.000000	           -0.246084	           -0.289485	           -0.585869	           -0.071937	            0.000000	            0.000000	            0.000000	           -1.190000	            0.000000	           -0.467667	            0.000000	            0.000000	            0.000000
            0.314000	           45.950495	           85.261618	            3.089819	           -0.101731	            0.000000	           -0.244866	           -0.286372	           -0.588992	           -0.064524	            0.000000	            0.000000	            0.000000	           -1.190000	            0.000000	           -0.467667	            0.000000	            0.000000	            0.000000
            0.315000	           41.858649	           78.286087	            2.422337	           -0.097126	            0.000000	           -0.243471	           -0.282322	           -0.590147	           -0.053366	            0.000000	            0.000000	            0.000000	           -1.190000	            0.000000	           -0.467667	            0.000000	            0.000000	            0.000000
            0.316000	           37.882781	           71.840394	            1.766794	           -0.092231	            0.000000	           -0.241859	           -0.277265	           -0.588560	           -0.038192	            0.000000	            0.000000	            0.000000	           -1.190000	            0.000000	           -0.467667	            0.000000	            0.000000	            0.000000
            0.317000	           34.035689	           65.885518	            1.133522	           -0.087101	            0.000000	           -0.239987	           -0.271186	           -0.583559	           -0.018843	            0.000000	            0.000000	            0.000000	           -1.190000	            0.000000	           -0.467667	            0.000000	            0.000000	            0.000000
            0.318000	           30.331458	           60.381054	            0.532290	           -0.081740	            0.000000	           -0.237813	           -0.264117	           -0.574603	            0.004710	            0.000000	            0.000000	            0.000000	           -1.190000	            0.000000	           -0.467667	            0.000000	            0.000000	            0.000000
            0.319000	           26.784959	           55.286251	           -0.027939	           -0.076108	            0.000000	           -0.235294	           -0.256137	           -0.561298	            0.032342	            0.000000	            0.000000	            0.000000	           -1.190000	            0.000000	           -0.467667	            0.000000	            0.000000	            0.000000
            0.320000	           23.411277	           50.561055	           -0.539257	           -0.070140	            0.000000	           -0.232389	           -0.247357	           -0.543415	            0.063765	            0.000000	            0.000000	            0.000000	           -1.190000	            0.000000	           -0.467667	            0.000000	            0.000000	            0.000000
            0.321000	           20.225095	           46.167108	           -0.995017	           -0.063763	            0.000000	           -0.229056	           -0.237916	           -0.520896	            0.098515	            0.000000	            0.000000	            0.000000	           -1.190000	            0.000000	           -0.467667	            0.000000	            0.000000	            0.000000
            0.322000	           17.240055	           42.068683	           -1.390014	           -0.056934	            0.000000	           -0.225270	           -0.227964	           -0.493860	            0.135954	            0.000000	            0.000000	            0.000000	           -1.190000	            0.000000	           -0.467667	            0.000000	            0.000000	            0.000000
            0.323000	           14.468137	           38.233488	           -1.720631	           -0.049711	            0.000000	           -0.221066	           -0.217654	           -0.462601	            0.175276	            0.000000	            0.000000	            0.000000	           -1.190000	            0.000000	           -0.467667	            0.000000	            0.000000	            0.000000
            0.324000	           11.919078	           34.633335	           -1.984927	           -0.042292	            0.000000	           -0.216587	           -0.207128	           -0.427572	            0.215524	            0.000000	            0.000000	            0.000000	           -1.190000	            0.000000	           -0.467667	            0.000000	            0.000000	            0.000000
            0.325000	            9.599863	           31.244617	           -2.182679	           -0.035007	            0.000000	           -0.212100	           -0.196508	           -0.389375	            0.255618	            0.000000	            0.000000	            0.000000	           -1.190000	            0.000000	           -0.467667	            0.000000	            0.000000	            0.000000
            0.326000	            7.514323	           28.048582	           -2.315369	           -0.028205	            0.000000	           -0.207933	           -0.185889	           -0.348731	            0.294392	            0.000000	            0.000000	            0.000000	           -1.190000	            0.000000	           -0.467667	            0.000000	            0.000000	            0.000000
            0.327000	            5.662848	           25.031379	           -2.386102	           -0.022137	            0.000000	           -0.204344	           -0.175333	           -0.306454	            0.330639	            0.000000	            0.000000	            0.000000	           -1.190000	            0.000000	           -0.467667	            0.000000	            0.000000	            0.000000
            0.328000	            4.042245	           22.183873	           -2.399472	           -0.016893	            0.000000	           -0.201426	           -0.164870	           -0.263414	            0.363174	            0.000000	            0.000000	            0.000000	           -1.190000	            0.000000	           -0.467667	            0.000000	            0.000000	            0.000000
            0.329000	            2.645745	           19.501239	           -2.361371	           -0.012401	            0.000000	           -0.199110	           -0.154502	           -0.220499	            0.390890	            0.000000	            0.000000	            0.000000	           -1.190000	            0.000000	           -0.467667	            0.000000	            0.000000	            0.000000
            0.330000	            1.463166	           16.982341	           -2.278748	           -0.008481	            0.000000	           -0.197252	           -0.144210	           -0.178576	            0.412829	            0.000000	            0.000000	            0.000000	           -1.190000	            0.000000	           -0.467667	            0.000000	            0.000000	            0.000000
            0.331000	            0.481215	           14.628946	           -2.159327	           -0.008481	            0.000000	           -0.197252	           -0.133964	           -0.138451	            0.428250	            0.000000	            0.000000	            0.000000	           -1.190000	            0.000000	           -0.467667	            0.000000	            0.000000	            0.000000
            0.332000	           -0.316071	           12.444806	           -2.011298	           -0.008481	            0.000000	           -0.197252	           -0.123738	           -0.100837	            0.436692	            0.000000	            0.000000	            0.000000	           -1.190000	            0.000000	           -0.467667	            0.000000	            0.000000	            0.000000
            0.333000	           -0.946782	           10.434669	           -1.842998	           -0.008481	            0.000000	           -0.197252	           -0.113524	           -0.066317	            0.438023	            0.000000	            0.000000	            0.000000	           -1.190000	            0.000000	           -0.467667	            0.000000	            0.000000	            0.000000
            0.334000	            0.000000	            0.000000	            0.000000	           -0.330656	            0.000000	           -0.269034	            0.000000	            0.000000	            0.000000	            0.000000	            0.000000	            0.000000	           -1.190000	            0.000000	           -0.467667	            0.000000	            0.000000	            0.000000
            0.335000	            0.000000	            0.000000	            0.000000	           -0.330656	            0.000000	           -0.269034	            0.000000	            0.000000	            0.000000	            0.000000	            0.000000	            0.000000	           -1.190000	            0.000000	           -0.467667	            0.000000	            0.000000	            0.000000
            0.336000	            0.000000	            0.000000	            0.000000	           -0.330656	            0.000000	           -0.269034	            0.000000	            0.000000	            0.000000	            0.000000	            0.000000	            0.000000	           -1.190000	            0.000000	           -0.467667	            0.000000	            0.000000	            0.000000
            0.337000	            0.000000	            0.000000	            0.000000	           -0.330656	            0.000000	           -0.269034	            0.000000	            0.000000	            0.000000	            0.000000	            0.000000	            0.000000	           -1.190000	            0.000000	           -0.467667	            0.000000	            0.000000	            0.000000
            0.338000	            0.000000	            0.000000	            0.000000	           -0.330656	            0.000000	           -0.269034	            0.000000	            0.000000	            0.000000	            0.000000	            0.000000	            0.000000	           -1.190000	            0.000000	           -0.467667	            0.000000	            0.000000	            0.000000
            0.339000	            0.000000	            0.000000	            0.000000	           -0.330656	            0.000000	           -0.269034	            0.000000	            0.000000	            0.000000	            0.000000	            0.000000	            0.000000	           -1.190000	            0.000000	           -0.467667	            0.000000	            0.000000	            0.000000
            0.340000	            0.000000	            0.000000	            0.000000	           -0.330656	            0.000000	           -0.269034	            0.000000	            0.000000	            0.000000	            0.000000	            0.000000	            0.000000	           -1.190000	            0.000000	           -0.467667	            0.000000	            0.000000	            0.000000
