PathFileType	4	(X/Y/Z)	 P13 -130r1 03.trc
DataRate	CameraRate	NumFrames	NumMarkers	Units	OrigDataRate	OrigDataStartFrame	OrigNumFrames
200	200	89	38	m	200	1	89
Frame#	Time	RASIS			LASIS			RPSIS			LPSIS			RThighRear1			RThighFront1			RThighRear2			RThighFront2			RKneeLat			RKneeMed			RShankRear1			RShankFront1			RShankRear2			RShankFront2			RAnkleLat			RAnkleMed			RM5			RM1			RMid			RHeel			LThighRear1			LThighFront1			LThighRear2			LThighFront2			LKneeLat			LKneeMed			LShankRear1			LShankFront1			LShankRear2			LShankFront2			LAnkleLat			LAnkleMed			LM5			LM1			LMid			LHeel			RShoulder			LShoulder			
		X1	Y1	Z1	X2	Y2	Z2	X3	Y3	Z3	X4	Y4	Z4	X5	Y5	Z5	X6	Y6	Z6	X7	Y7	Z7	X8	Y8	Z8	X9	Y9	Z9	X10	Y10	Z10	X11	Y11	Z11	X12	Y12	Z12	X13	Y13	Z13	X14	Y14	Z14	X15	Y15	Z15	X16	Y16	Z16	X17	Y17	Z17	X18	Y18	Z18	X19	Y19	Z19	X20	Y20	Z20	X21	Y21	Z21	X22	Y22	Z22	X23	Y23	Z23	X24	Y24	Z24	X25	Y25	Z25	X26	Y26	Z26	X27	Y27	Z27	X28	Y28	Z28	X29	Y29	Z29	X30	Y30	Z30	X31	Y31	Z31	X32	Y32	Z32	X33	Y33	Z33	X34	Y34	Z34	X35	Y35	Z35	X36	Y36	Z36	X37	Y37	Z37	X38	Y38	Z38	
1	0.0000	-1.466582	0.928905	-0.276131	-1.448797	0.916843	-0.500062	-1.611830	0.967703	-0.361646	-1.608659	0.963165	-0.455604	-1.570626	0.730070	-0.230094	-1.515556	0.722944	-0.231212	-1.569673	0.674347	-0.231067	-1.514188	0.666327	-0.232867	-1.587699	0.453451	-0.262742	-1.582943	0.445849	-0.359216	-1.707065	0.445389	-0.237024	-1.686576	0.406836	-0.238127	-1.743254	0.418301	-0.234641	-1.713910	0.380422	-0.242683	-1.924128	0.263962	-0.266456	-1.923599	0.255233	-0.345005	-1.963388	0.133981	-0.240197	-1.955552	0.125763	-0.345198	-1.918892	0.064725	-0.293481	-1.969934	0.321438	-0.311919	-1.463195	0.721506	-0.561995	-1.412178	0.736551	-0.550042	-1.452707	0.679491	-0.558291	-1.400728	0.697666	-0.550025	-1.352113	0.507957	-0.510449	-1.357498	0.506374	-0.417504	-1.389495	0.389350	-0.533222	-1.343200	0.396498	-0.517792	-1.387228	0.342963	-0.534638	-1.341669	0.351105	-0.517838	-1.357604	0.099506	-0.478896	-1.329767	0.113551	-0.401354	-1.232082	0.058721	-0.517038	-1.221083	0.058299	-0.411848	-1.165264	0.092817	-0.469695	-1.415302	0.073668	-0.441847	-1.312346	1.328671	-0.256002	-1.316358	1.348999	-0.558114	
2	0.0050	-1.454261	0.928151	-0.276093	-1.436076	0.916404	-0.500279	-1.599855	0.966084	-0.361913	-1.596520	0.962017	-0.455899	-1.555938	0.728122	-0.230464	-1.500868	0.721868	-0.231174	-1.554126	0.672503	-0.231356	-1.498589	0.665333	-0.232809	-1.568751	0.451952	-0.263017	-1.563623	0.444144	-0.359480	-1.687883	0.444894	-0.237724	-1.667708	0.406166	-0.238410	-1.724337	0.418208	-0.235248	-1.695250	0.379994	-0.242951	-1.906278	0.265973	-0.266969	-1.905586	0.256433	-0.345461	-1.943955	0.136925	-0.238938	-1.936204	0.127033	-0.343585	-1.898845	0.067448	-0.291319	-1.952639	0.322656	-0.313206	-1.451147	0.720521	-0.562027	-1.400113	0.735541	-0.550394	-1.440824	0.678507	-0.558198	-1.388847	0.696593	-0.550349	-1.341082	0.506555	-0.510583	-1.345962	0.505222	-0.418024	-1.380196	0.388719	-0.533124	-1.333893	0.394857	-0.517548	-1.378968	0.342438	-0.534470	-1.333470	0.349512	-0.517536	-1.356344	0.099582	-0.478321	-1.328294	0.112825	-0.400542	-1.231478	0.057583	-0.516905	-1.220388	0.056561	-0.411514	-1.164371	0.089753	-0.469564	-1.414730	0.074307	-0.441425	-1.301402	1.327544	-0.255872	-1.305617	1.344829	-0.560123	
3	0.0100	-1.441773	0.927401	-0.276067	-1.423185	0.915977	-0.500504	-1.587707	0.964474	-0.362189	-1.584205	0.960886	-0.456202	-1.541034	0.726172	-0.230851	-1.485963	0.720805	-0.231143	-1.538344	0.670660	-0.231657	-1.482755	0.664356	-0.232759	-1.549487	0.450466	-0.263302	-1.543992	0.442456	-0.359752	-1.668387	0.444399	-0.238444	-1.648523	0.405498	-0.238705	-1.705107	0.418114	-0.235873	-1.676272	0.379562	-0.243230	-1.888114	0.267956	-0.267496	-1.887253	0.257595	-0.345930	-1.924137	0.139847	-0.237664	-1.916462	0.128259	-0.341954	-1.878368	0.070166	-0.289144	-1.935066	0.323814	-0.314511	-1.438978	0.719524	-0.562067	-1.387924	0.734501	-0.550760	-1.428833	0.677508	-0.558111	-1.376854	0.695489	-0.550683	-1.329985	0.505108	-0.510721	-1.334364	0.504027	-0.418540	-1.370843	0.388055	-0.533028	-1.324535	0.393176	-0.517306	-1.370664	0.341883	-0.534301	-1.325229	0.347882	-0.517231	-1.355089	0.099648	-0.477741	-1.326829	0.112097	-0.399723	-1.230873	0.056467	-0.516768	-1.219690	0.054847	-0.411182	-1.163478	0.086710	-0.469436	-1.414166	0.074926	-0.440999	-1.290298	1.326424	-0.255742	-1.294733	1.340615	-0.562146	
4	0.0150	-1.429130	0.926669	-0.276061	-1.410141	0.915572	-0.500739	-1.575396	0.962893	-0.362475	-1.571725	0.959788	-0.456513	-1.525920	0.724244	-0.231259	-1.470847	0.719777	-0.231125	-1.522332	0.668844	-0.231974	-1.466693	0.663423	-0.232720	-1.529904	0.449023	-0.263602	-1.524053	0.440821	-0.360038	-1.648576	0.443913	-0.239187	-1.629013	0.404841	-0.239019	-1.685559	0.418018	-0.236516	-1.656965	0.379132	-0.243527	-1.869609	0.269866	-0.268042	-1.868572	0.258681	-0.346419	-1.903886	0.142699	-0.236393	-1.896276	0.129405	-0.340325	-1.857399	0.072847	-0.286982	-1.917202	0.324863	-0.315831	-1.426724	0.718522	-0.562114	-1.375644	0.733433	-0.551141	-1.416774	0.676500	-0.558032	-1.364785	0.694351	-0.551029	-1.318881	0.503614	-0.510865	-1.322766	0.502784	-0.419047	-1.361488	0.387356	-0.532934	-1.315178	0.391455	-0.517067	-1.362364	0.341296	-0.534133	-1.316995	0.346220	-0.516926	-1.353849	0.099708	-0.477160	-1.325387	0.111381	-0.398902	-1.230274	0.055388	-0.516628	-1.218998	0.053180	-0.410855	-1.162595	0.083724	-0.469311	-1.413618	0.075520	-0.440573	-1.279044	1.325327	-0.255614	-1.283710	1.336389	-0.564169	
5	0.0200	-1.416341	0.925966	-0.276079	-1.396957	0.915199	-0.500987	-1.562927	0.961356	-0.362771	-1.559085	0.958740	-0.456830	-1.510597	0.722360	-0.231689	-1.455523	0.718807	-0.231125	-1.506089	0.667079	-0.232308	-1.450402	0.662559	-0.232698	-1.509991	0.447656	-0.263923	-1.503801	0.439272	-0.360342	-1.628440	0.443442	-0.239957	-1.609161	0.404208	-0.239360	-1.665680	0.417918	-0.237181	-1.637306	0.378709	-0.243848	-1.850724	0.271658	-0.268613	-1.849503	0.259655	-0.346936	-1.883141	0.145430	-0.235143	-1.875578	0.130433	-0.338719	-1.835866	0.075458	-0.284862	-1.899016	0.325746	-0.317165	-1.414415	0.717521	-0.562172	-1.363302	0.732335	-0.551537	-1.404681	0.675489	-0.557963	-1.352675	0.693179	-0.551388	-1.307822	0.502073	-0.511012	-1.311228	0.501491	-0.419539	-1.352179	0.386622	-0.532845	-1.305873	0.389700	-0.516836	-1.354112	0.340678	-0.533969	-1.308813	0.344531	-0.516625	-1.352634	0.099765	-0.476583	-1.323978	0.110688	-0.398086	-1.229687	0.054360	-0.516486	-1.218321	0.051580	-0.410537	-1.161730	0.080826	-0.469191	-1.413092	0.076087	-0.440151	-1.267644	1.324272	-0.255489	-1.272541	1.332185	-0.566177	
6	0.0250	-1.403408	0.925305	-0.276127	-1.383641	0.914866	-0.501251	-1.550300	0.959882	-0.363076	-1.546286	0.957756	-0.457152	-1.495059	0.720544	-0.232144	-1.439985	0.717922	-0.231146	-1.489607	0.665391	-0.232662	-1.433877	0.661793	-0.232699	-1.489733	0.446396	-0.264269	-1.483226	0.437847	-0.360668	-1.607964	0.442993	-0.240755	-1.588943	0.403610	-0.239733	-1.645448	0.417813	-0.237872	-1.617267	0.378297	-0.244202	-1.831413	0.273286	-0.269217	-1.830000	0.260479	-0.347490	-1.861834	0.147990	-0.233933	-1.854296	0.131307	-0.337159	-1.813685	0.077967	-0.282813	-1.880475	0.326408	-0.318512	-1.402074	0.716528	-0.562241	-1.350922	0.731206	-0.551949	-1.392583	0.674481	-0.557908	-1.340551	0.691973	-0.551759	-1.296858	0.500483	-0.511163	-1.299804	0.500146	-0.420011	-1.342961	0.385854	-0.532763	-1.296664	0.387914	-0.516615	-1.345949	0.340032	-0.533810	-1.300725	0.342823	-0.516330	-1.351450	0.099823	-0.476017	-1.322614	0.110028	-0.397283	-1.229117	0.053395	-0.516343	-1.217664	0.050065	-0.410234	-1.160893	0.078047	-0.469076	-1.412595	0.076626	-0.439736	-1.256096	1.323277	-0.255371	-1.261217	1.328040	-0.568155	
7	0.0300	-1.390330	0.924699	-0.276211	-1.370195	0.914582	-0.501532	-1.537514	0.958487	-0.363389	-1.533328	0.956852	-0.457478	-1.479297	0.718820	-0.232627	-1.424225	0.717144	-0.231195	-1.472874	0.663807	-0.233038	-1.417108	0.661152	-0.232727	-1.469111	0.445278	-0.264647	-1.462311	0.436581	-0.361022	-1.587128	0.442574	-0.241586	-1.568333	0.403057	-0.240147	-1.624838	0.417703	-0.238592	-1.596816	0.377901	-0.244595	-1.811625	0.274703	-0.269861	-1.810010	0.261115	-0.348091	-1.839891	0.150327	-0.232785	-1.832353	0.131993	-0.335671	-1.790775	0.080341	-0.280867	-1.861535	0.326794	-0.319871	-1.389723	0.715550	-0.562323	-1.338522	0.730047	-0.552377	-1.380505	0.673483	-0.557867	-1.328436	0.690731	-0.552141	-1.286036	0.498846	-0.511318	-1.288546	0.498747	-0.420459	-1.333877	0.385054	-0.532688	-1.287597	0.386102	-0.516408	-1.337914	0.339361	-0.533658	-1.292770	0.341101	-0.516044	-1.350304	0.099887	-0.475467	-1.321304	0.109415	-0.396499	-1.228572	0.052501	-0.516203	-1.217038	0.048650	-0.409949	-1.160091	0.075414	-0.468968	-1.412132	0.077138	-0.439334	-1.244398	1.322360	-0.255260	-1.249724	1.323993	-0.570088	
8	0.0350	-1.377106	0.924161	-0.276334	-1.356624	0.914354	-0.501834	-1.524564	0.957185	-0.363710	-1.520207	0.956038	-0.457807	-1.463301	0.717209	-0.233138	-1.408234	0.716500	-0.231275	-1.455880	0.662350	-0.233438	-1.400085	0.660664	-0.232788	-1.448105	0.444334	-0.265061	-1.441043	0.435510	-0.361408	-1.565913	0.442191	-0.242452	-1.547304	0.402562	-0.240608	-1.603827	0.417587	-0.239343	-1.575921	0.377527	-0.245035	-1.791309	0.275864	-0.270554	-1.789482	0.261528	-0.348747	-1.817242	0.152394	-0.231722	-1.809673	0.132458	-0.334279	-1.767053	0.082553	-0.279055	-1.842152	0.326850	-0.321242	-1.377378	0.714593	-0.562416	-1.326119	0.728859	-0.552818	-1.368468	0.672501	-0.557842	-1.316350	0.689455	-0.552534	-1.275396	0.497164	-0.511476	-1.277500	0.497295	-0.420877	-1.324965	0.384227	-0.532623	-1.278711	0.384272	-0.516218	-1.330044	0.338668	-0.533514	-1.284985	0.339374	-0.515770	-1.349202	0.099965	-0.474938	-1.320057	0.108859	-0.395741	-1.228056	0.051687	-0.516067	-1.216447	0.047349	-0.409687	-1.159332	0.072952	-0.468867	-1.411709	0.077626	-0.438949	-1.232548	1.321541	-0.255160	-1.238043	1.320085	-0.571962	
9	0.0400	-1.363730	0.923702	-0.276501	-1.342928	0.914189	-0.502158	-1.511446	0.955989	-0.364037	-1.506920	0.955327	-0.458136	-1.447060	0.715735	-0.233679	-1.392002	0.716012	-0.231390	-1.438611	0.661047	-0.233864	-1.382799	0.660355	-0.232886	-1.426699	0.443594	-0.265517	-1.419409	0.434668	-0.361831	-1.544302	0.441853	-0.243354	-1.525830	0.402135	-0.241122	-1.582391	0.417463	-0.240129	-1.554551	0.377180	-0.245527	-1.770412	0.276725	-0.271303	-1.768363	0.261685	-0.349469	-1.793819	0.154143	-0.230767	-1.786183	0.132672	-0.333010	-1.742445	0.084574	-0.277409	-1.822281	0.326524	-0.322625	-1.365053	0.713665	-0.562523	-1.313726	0.727644	-0.553271	-1.356489	0.671542	-0.557835	-1.304309	0.688147	-0.552936	-1.264974	0.495439	-0.511636	-1.266709	0.495791	-0.421262	-1.316260	0.383378	-0.532568	-1.270041	0.382432	-0.516048	-1.322370	0.337963	-0.533380	-1.277402	0.337652	-0.515512	-1.348147	0.100064	-0.474437	-1.318876	0.108372	-0.395017	-1.227575	0.050956	-0.515937	-1.215901	0.046171	-0.409452	-1.158624	0.070680	-0.468772	-1.411329	0.078097	-0.438584	-1.220540	1.320836	-0.255073	-1.226156	1.316356	-0.573761	
10	0.0450	-1.350201	0.923335	-0.276715	-1.329110	0.914090	-0.502507	-1.498159	0.954912	-0.364369	-1.493467	0.954727	-0.458464	-1.430567	0.714419	-0.234249	-1.375524	0.715702	-0.231545	-1.421060	0.659919	-0.234314	-1.365243	0.660250	-0.233026	-1.404885	0.443090	-0.266020	-1.397402	0.434086	-0.362296	-1.522283	0.441564	-0.244294	-1.503894	0.401787	-0.241698	-1.560513	0.417329	-0.240951	-1.532684	0.376865	-0.246080	-1.748889	0.277246	-0.272116	-1.746608	0.261555	-0.350265	-1.769562	0.155533	-0.229943	-1.761821	0.132611	-0.331893	-1.716887	0.086382	-0.275961	-1.801879	0.325770	-0.324018	-1.352758	0.712773	-0.562641	-1.301353	0.726404	-0.553732	-1.344581	0.670614	-0.557845	-1.292328	0.686809	-0.553345	-1.254803	0.493678	-0.511797	-1.256208	0.494242	-0.421609	-1.307794	0.382516	-0.532524	-1.261620	0.380592	-0.515900	-1.314921	0.337252	-0.533257	-1.270048	0.335946	-0.515272	-1.347139	0.100194	-0.473969	-1.317764	0.107965	-0.394333	-1.227133	0.050311	-0.515816	-1.215404	0.045122	-0.409246	-1.157971	0.068614	-0.468684	-1.410992	0.078561	-0.438246	-1.208372	1.320263	-0.255001	-1.214043	1.312850	-0.575472	
11	0.0500	-1.336516	0.923069	-0.276977	-1.315171	0.914063	-0.502881	-1.484699	0.953963	-0.364703	-1.479846	0.954247	-0.458789	-1.413815	0.713279	-0.234847	-1.358796	0.715592	-0.231742	-1.403221	0.658989	-0.234790	-1.347412	0.660371	-0.233212	-1.382658	0.442847	-0.266574	-1.375021	0.433793	-0.362806	-1.499850	0.441330	-0.245273	-1.481483	0.401527	-0.242338	-1.538181	0.417184	-0.241811	-1.510300	0.376588	-0.246698	-1.726700	0.277391	-0.273000	-1.724178	0.261112	-0.351145	-1.744421	0.156526	-0.229276	-1.736535	0.132257	-0.330955	-1.690327	0.087956	-0.274744	-1.780905	0.324545	-0.325422	-1.340502	0.711924	-0.562770	-1.289009	0.725144	-0.554200	-1.332755	0.669724	-0.557872	-1.280416	0.685447	-0.553756	-1.244907	0.491889	-0.511958	-1.246028	0.492652	-0.421916	-1.299592	0.381651	-0.532492	-1.253472	0.378764	-0.515778	-1.307720	0.336548	-0.533147	-1.262947	0.334269	-0.515053	-1.346178	0.100363	-0.473541	-1.316722	0.107648	-0.393696	-1.226735	0.049750	-0.515707	-1.214964	0.044205	-0.409074	-1.157380	0.066762	-0.468602	-1.410697	0.079030	-0.437937	-1.196043	1.319840	-0.254947	-1.201684	1.309609	-0.577078	
12	0.0550	-1.322675	0.922915	-0.277289	-1.301116	0.914110	-0.503282	-1.471069	0.953151	-0.365038	-1.466061	0.953889	-0.459109	-1.396804	0.712335	-0.235470	-1.341817	0.715699	-0.231984	-1.385095	0.658277	-0.235291	-1.329310	0.660737	-0.233445	-1.360026	0.442891	-0.267182	-1.352274	0.433815	-0.363365	-1.477006	0.441156	-0.246289	-1.458593	0.401363	-0.243050	-1.515392	0.417025	-0.242710	-1.487393	0.376352	-0.247388	-1.703811	0.277127	-0.273961	-1.701040	0.260335	-0.352116	-1.718357	0.157091	-0.228790	-1.710284	0.131597	-0.330224	-1.662731	0.089282	-0.273788	-1.759325	0.322813	-0.326834	-1.328291	0.711127	-0.562908	-1.276702	0.723870	-0.554668	-1.321019	0.668881	-0.557916	-1.268582	0.684068	-0.554168	-1.235307	0.490082	-0.512119	-1.236192	0.491032	-0.422180	-1.291675	0.380795	-0.532473	-1.245620	0.376963	-0.515682	-1.300786	0.335863	-0.533050	-1.256117	0.332636	-0.514859	-1.345260	0.100584	-0.473157	-1.315746	0.107432	-0.393114	-1.226384	0.049270	-0.515614	-1.214584	0.043419	-0.408937	-1.156854	0.065131	-0.468525	-1.410440	0.079519	-0.437662	-1.183556	1.319580	-0.254914	-1.189064	1.306676	-0.578568	
13	0.0600	-1.308680	0.922880	-0.277649	-1.286951	0.914232	-0.503709	-1.457272	0.952481	-0.365370	-1.452115	0.953659	-0.459422	-1.379537	0.711602	-0.236117	-1.324593	0.716038	-0.232272	-1.366688	0.657799	-0.235815	-1.310943	0.661365	-0.233730	-1.337005	0.443241	-0.267848	-1.329178	0.434171	-0.363975	-1.453763	0.441043	-0.247341	-1.435232	0.401303	-0.243835	-1.492151	0.416851	-0.243648	-1.463963	0.376162	-0.248151	-1.680199	0.276429	-0.275005	-1.677173	0.259208	-0.353184	-1.691345	0.157204	-0.228508	-1.683043	0.130625	-0.329727	-1.634080	0.090351	-0.273123	-1.737110	0.320545	-0.328254	-1.316131	0.710389	-0.563054	-1.264436	0.722590	-0.555133	-1.309379	0.668095	-0.557976	-1.256832	0.682680	-0.554576	-1.226017	0.488271	-0.512278	-1.226717	0.489394	-0.422400	-1.284057	0.379965	-0.532468	-1.238077	0.375204	-0.515617	-1.294131	0.335213	-0.532968	-1.249570	0.331063	-0.514693	-1.344378	0.100868	-0.472824	-1.314829	0.107326	-0.392594	-1.226082	0.048865	-0.515538	-1.214268	0.042759	-0.408838	-1.156396	0.063722	-0.468453	-1.410216	0.080046	-0.437425	-1.170914	1.319497	-0.254902	-1.176168	1.304088	-0.579927	
14	0.0650	-1.294534	0.922971	-0.278057	-1.272683	0.914429	-0.504163	-1.443313	0.951958	-0.365698	-1.438017	0.953558	-0.459725	-1.362024	0.711092	-0.236782	-1.307135	0.716623	-0.232608	-1.348011	0.657570	-0.236359	-1.292325	0.662268	-0.234067	-1.313621	0.443913	-0.268574	-1.305758	0.434879	-0.364639	-1.430141	0.440994	-0.248426	-1.411417	0.401353	-0.244696	-1.468472	0.416658	-0.244624	-1.440023	0.376022	-0.248992	-1.655851	0.275277	-0.276138	-1.652565	0.257720	-0.354357	-1.663375	0.156848	-0.228455	-1.654804	0.129342	-0.329490	-1.604373	0.091161	-0.272776	-1.714238	0.317719	-0.329682	-1.304024	0.709718	-0.563205	-1.252217	0.721314	-0.555590	-1.297836	0.667374	-0.558050	-1.245169	0.681295	-0.554976	-1.217044	0.486471	-0.512434	-1.217611	0.487753	-0.422576	-1.276748	0.379177	-0.532476	-1.230853	0.373507	-0.515582	-1.287762	0.334615	-0.532903	-1.243312	0.329569	-0.514557	-1.343524	0.101228	-0.472548	-1.313963	0.107339	-0.392142	-1.225833	0.048526	-0.515485	-1.214020	0.042220	-0.408779	-1.156008	0.062529	-0.468385	-1.410015	0.080632	-0.437231	-1.158123	1.319602	-0.254915	-1.162983	1.301884	-0.581143	
15	0.0700	-1.280244	0.923195	-0.278510	-1.258320	0.914702	-0.504643	-1.429202	0.951584	-0.366017	-1.423775	0.953585	-0.460015	-1.344279	0.710819	-0.237462	-1.289458	0.717462	-0.232991	-1.329084	0.657602	-0.236922	-1.273474	0.663455	-0.234457	-1.289911	0.444921	-0.269359	-1.282051	0.435949	-0.365356	-1.406171	0.441007	-0.249542	-1.387173	0.401515	-0.245635	-1.444381	0.416442	-0.245637	-1.415593	0.375934	-0.249912	-1.630760	0.273656	-0.277364	-1.627214	0.255865	-0.355637	-1.634446	0.156014	-0.228651	-1.625570	0.127757	-0.329538	-1.573625	0.091714	-0.272771	-1.690692	0.314318	-0.331115	-1.291972	0.709125	-0.563358	-1.240047	0.720054	-0.556034	-1.286390	0.666729	-0.558137	-1.233595	0.679925	-0.555365	-1.208388	0.484701	-0.512587	-1.208876	0.486127	-0.422708	-1.269750	0.378451	-0.532500	-1.223948	0.371890	-0.515581	-1.281680	0.334089	-0.532854	-1.237342	0.328171	-0.514455	-1.342685	0.101677	-0.472335	-1.313134	0.107479	-0.391765	-1.225636	0.048245	-0.515456	-1.213841	0.041791	-0.408761	-1.155690	0.061546	-0.468320	-1.409824	0.081300	-0.437084	-1.145194	1.319906	-0.254953	-1.149504	1.300098	-0.582206	
16	0.0750	-1.265818	0.923554	-0.279006	-1.243872	0.915050	-0.505147	-1.414949	0.951362	-0.366325	-1.409402	0.953738	-0.460290	-1.326321	0.710788	-0.238152	-1.271580	0.718561	-0.233421	-1.309929	0.657901	-0.237501	-1.254415	0.664929	-0.234899	-1.265922	0.446269	-0.270204	-1.258100	0.437386	-0.366126	-1.381890	0.441082	-0.250683	-1.362538	0.401793	-0.246651	-1.419909	0.416201	-0.246685	-1.390707	0.375901	-0.250911	-1.604931	0.271560	-0.278685	-1.601127	0.253644	-0.357028	-1.604573	0.154704	-0.229118	-1.595361	0.125887	-0.329891	-1.541869	0.092023	-0.273131	-1.666462	0.310336	-0.332553	-1.279974	0.708617	-0.563511	-1.227927	0.718822	-0.556460	-1.275040	0.666171	-0.558234	-1.222108	0.678584	-0.555738	-1.200043	0.482981	-0.512737	-1.200503	0.484535	-0.422800	-1.263058	0.377807	-0.532539	-1.217358	0.370376	-0.515613	-1.275879	0.333655	-0.532825	-1.231653	0.326891	-0.514390	-1.341848	0.102230	-0.472189	-1.312325	0.107755	-0.391470	-1.225492	0.048009	-0.515454	-1.213731	0.041460	-0.408784	-1.155442	0.060758	-0.468258	-1.409628	0.082074	-0.436986	-1.132136	1.320415	-0.255016	-1.135724	1.298756	-0.583104	
17	0.0800	-1.251265	0.924051	-0.279539	-1.229349	0.915470	-0.505672	-1.400565	0.951289	-0.366619	-1.394909	0.954016	-0.460548	-1.308172	0.711007	-0.238846	-1.253528	0.719922	-0.233897	-1.290577	0.658474	-0.238091	-1.235178	0.666691	-0.235393	-1.241707	0.447960	-0.271108	-1.233959	0.439191	-0.366950	-1.357345	0.441213	-0.251846	-1.337557	0.402186	-0.247742	-1.395095	0.415928	-0.247764	-1.365405	0.375924	-0.251988	-1.578377	0.268989	-0.280104	-1.574323	0.251064	-0.358533	-1.573781	0.152927	-0.229871	-1.564210	0.123755	-0.330570	-1.509150	0.092105	-0.273874	-1.641546	0.305774	-0.333995	-1.268027	0.708205	-0.563661	-1.215856	0.717632	-0.556864	-1.263777	0.665710	-0.558339	-1.210706	0.677288	-0.556092	-1.191995	0.481332	-0.512883	-1.192479	0.482999	-0.422854	-1.256661	0.377267	-0.532596	-1.211070	0.368985	-0.515682	-1.270345	0.333335	-0.532817	-1.226232	0.325749	-0.514365	-1.340995	0.102899	-0.472116	-1.311518	0.108173	-0.391262	-1.225400	0.047807	-0.515483	-1.213688	0.041214	-0.408849	-1.155261	0.060150	-0.468199	-1.409406	0.082983	-0.436942	-1.118964	1.321133	-0.255105	-1.121645	1.297882	-0.583829	
18	0.0850	-1.236596	0.924686	-0.280105	-1.214762	0.915962	-0.506217	-1.386063	0.951366	-0.366895	-1.380309	0.954415	-0.460786	-1.289861	0.711476	-0.239540	-1.235327	0.721542	-0.234416	-1.271060	0.659320	-0.238690	-1.215795	0.668737	-0.235936	-1.217328	0.449989	-0.272068	-1.209685	0.441358	-0.367824	-1.332587	0.441394	-0.253025	-1.312283	0.402691	-0.248906	-1.369988	0.415620	-0.248873	-1.339736	0.376004	-0.253141	-1.551115	0.265951	-0.281623	-1.546823	0.248136	-0.360149	-1.542106	0.150703	-0.230927	-1.532160	0.121393	-0.331590	-1.475529	0.091985	-0.275013	-1.615944	0.300639	-0.335438	-1.256126	0.707898	-0.563806	-1.203833	0.716501	-0.557241	-1.252596	0.665358	-0.558450	-1.199382	0.676055	-0.556425	-1.184225	0.479777	-0.513026	-1.184778	0.481542	-0.422874	-1.250539	0.376855	-0.532670	-1.205064	0.367742	-0.515787	-1.265059	0.333150	-0.532831	-1.221058	0.324765	-0.514382	-1.340106	0.103700	-0.472122	-1.310690	0.108740	-0.391148	-1.225358	0.047628	-0.515544	-1.213710	0.041041	-0.408954	-1.155143	0.059703	-0.468143	-1.409135	0.084054	-0.436953	-1.105691	1.322065	-0.255219	-1.107270	1.297492	-0.584374	
19	0.0900	-1.221823	0.925458	-0.280699	-1.200121	0.916522	-0.506779	-1.371456	0.951587	-0.367152	-1.365615	0.954929	-0.461002	-1.271417	0.712196	-0.240227	-1.217008	0.723418	-0.234977	-1.251418	0.660436	-0.239294	-1.196305	0.671058	-0.236527	-1.192855	0.452348	-0.273081	-1.185344	0.443874	-0.368746	-1.307674	0.441617	-0.254214	-1.286773	0.403306	-0.250139	-1.344637	0.415269	-0.250007	-1.313754	0.376139	-0.254366	-1.523172	0.262460	-0.283242	-1.518660	0.244877	-0.361877	-1.509590	0.148059	-0.232297	-1.499265	0.118838	-0.332962	-1.441073	0.091696	-0.276560	-1.589663	0.294945	-0.336883	-1.244266	0.707706	-0.563943	-1.191853	0.715444	-0.557590	-1.241483	0.665126	-0.558566	-1.188126	0.674902	-0.556734	-1.176704	0.478340	-0.513168	-1.177371	0.480186	-0.422866	-1.244667	0.376592	-0.532765	-1.199315	0.366667	-0.515929	-1.259996	0.333124	-0.532869	-1.216103	0.323961	-0.514445	-1.339160	0.104645	-0.472210	-1.309817	0.109462	-0.391133	-1.225364	0.047460	-0.515640	-1.213792	0.040925	-0.409099	-1.155085	0.059396	-0.468089	-1.408791	0.085316	-0.437024	-1.092332	1.323210	-0.255357	-1.092607	1.297595	-0.584732	
20	0.0950	-1.206955	0.926365	-0.281316	-1.185434	0.917150	-0.507354	-1.356755	0.951951	-0.367387	-1.350839	0.955556	-0.461196	-1.252873	0.713162	-0.240904	-1.198602	0.725537	-0.235576	-1.231690	0.661817	-0.239899	-1.176744	0.673640	-0.237161	-1.168357	0.455019	-0.274143	-1.161004	0.446722	-0.369712	-1.282666	0.441872	-0.255408	-1.261092	0.404022	-0.251436	-1.319099	0.414870	-0.251162	-1.287520	0.376327	-0.255659	-1.494577	0.258537	-0.284959	-1.489868	0.241308	-0.363712	-1.476283	0.145032	-0.233990	-1.465586	0.116133	-0.334694	-1.405862	0.091277	-0.278518	-1.562713	0.288715	-0.338329	-1.232436	0.707638	-0.564070	-1.179909	0.714478	-0.557908	-1.230425	0.665023	-0.558684	-1.176929	0.673846	-0.557017	-1.169401	0.477043	-0.513308	-1.170218	0.478955	-0.422835	-1.239014	0.376501	-0.532881	-1.193790	0.365782	-0.516110	-1.255122	0.333277	-0.532935	-1.211336	0.323355	-0.514555	-1.338132	0.105748	-0.472384	-1.308870	0.110345	-0.391221	-1.225412	0.047294	-0.515773	-1.213928	0.040854	-0.409282	-1.155081	0.059205	-0.468039	-1.408342	0.086797	-0.437156	-1.078900	1.324566	-0.255517	-1.077666	1.298194	-0.584900	
21	0.1000	-1.192004	0.927402	-0.281948	-1.170708	0.917842	-0.507937	-1.341973	0.952453	-0.367599	-1.335993	0.956290	-0.461366	-1.234263	0.714366	-0.241564	-1.180144	0.727888	-0.236209	-1.211918	0.663450	-0.240503	-1.157155	0.676465	-0.237835	-1.143908	0.457984	-0.275249	-1.136735	0.449880	-0.370718	-1.257625	0.442145	-0.256602	-1.235306	0.404831	-0.252791	-1.293431	0.414415	-0.252335	-1.261097	0.376565	-0.257013	-1.465366	0.254208	-0.286772	-1.460489	0.237455	-0.365650	-1.442240	0.141666	-0.236009	-1.431193	0.113326	-0.336789	-1.369979	0.090772	-0.280888	-1.535107	0.281975	-0.339776	-1.220626	0.707702	-0.564185	-1.167992	0.713619	-0.558194	-1.219407	0.665061	-0.558802	-1.165775	0.672906	-0.557274	-1.162277	0.475907	-0.513451	-1.163275	0.477871	-0.422789	-1.233541	0.376602	-0.533020	-1.188450	0.365107	-0.516329	-1.250402	0.333630	-0.533028	-1.206719	0.322967	-0.514716	-1.336997	0.107021	-0.472647	-1.307821	0.111393	-0.391416	-1.225498	0.047122	-0.515941	-1.214109	0.040815	-0.409500	-1.155123	0.059107	-0.467995	-1.407758	0.088526	-0.437350	-1.065410	1.326130	-0.255696	-1.062461	1.299283	-0.584875	
22	0.1050	-1.176980	0.928563	-0.282592	-1.155950	0.918597	-0.508527	-1.327119	0.953087	-0.367787	-1.321083	0.957126	-0.461512	-1.215620	0.715798	-0.242206	-1.161664	0.730452	-0.236873	-1.192146	0.665323	-0.241103	-1.137577	0.679511	-0.238545	-1.119584	0.461217	-0.276393	-1.112608	0.453318	-0.371759	-1.232612	0.442422	-0.257790	-1.209481	0.405723	-0.254195	-1.267691	0.413895	-0.253521	-1.234550	0.376849	-0.258422	-1.435576	0.249505	-0.288680	-1.430566	0.233347	-0.367685	-1.407520	0.138013	-0.238355	-1.396156	0.110470	-0.339245	-1.333511	0.090231	-0.283664	-1.506862	0.274760	-0.341222	-1.208823	0.707906	-0.564288	-1.156093	0.712882	-0.558449	-1.208409	0.665248	-0.558920	-1.154650	0.672099	-0.557506	-1.155287	0.474954	-0.513598	-1.156492	0.476956	-0.422734	-1.228205	0.376915	-0.533185	-1.183251	0.364660	-0.516588	-1.245791	0.334201	-0.533153	-1.202207	0.322810	-0.514929	-1.335727	0.108476	-0.473003	-1.306638	0.112610	-0.391720	-1.225616	0.046937	-0.516147	-1.214326	0.040799	-0.409751	-1.155204	0.059077	-0.467956	-1.407002	0.090532	-0.437608	-1.051873	1.327897	-0.255892	-1.047011	1.300849	-0.584656	
23	0.1100	-1.161890	0.929839	-0.283241	-1.141163	0.919412	-0.509118	-1.312201	0.953847	-0.367951	-1.306118	0.958059	-0.461634	-1.196979	0.717443	-0.242825	-1.143197	0.733208	-0.237565	-1.172414	0.667415	-0.241695	-1.118050	0.682751	-0.239286	-1.095456	0.464686	-0.277571	-1.088691	0.457004	-0.372829	-1.207690	0.442687	-0.258967	-1.183686	0.406684	-0.255643	-1.241938	0.413303	-0.254718	-1.207945	0.377171	-0.259878	-1.405247	0.244468	-0.290677	-1.400142	0.229017	-0.369809	-1.372183	0.134131	-0.241023	-1.360551	0.107619	-0.342055	-1.296549	0.089708	-0.286835	-1.477996	0.267107	-0.342669	-1.197012	0.708256	-0.564378	-1.144197	0.712282	-0.558673	-1.197411	0.665592	-0.559036	-1.143534	0.671438	-0.557713	-1.148385	0.474201	-0.513753	-1.149812	0.476226	-0.422677	-1.222960	0.377455	-0.533377	-1.178146	0.364457	-0.516887	-1.241243	0.335004	-0.533311	-1.197754	0.322900	-0.515196	-1.334294	0.110123	-0.473451	-1.305292	0.114001	-0.392136	-1.225757	0.046737	-0.516388	-1.214568	0.040798	-0.410032	-1.155316	0.059090	-0.467926	-1.406038	0.092840	-0.437929	-1.038300	1.329859	-0.256102	-1.031334	1.302873	-0.584245	
24	0.1150	-1.146742	0.931220	-0.283890	-1.126349	0.920286	-0.509707	-1.297223	0.954729	-0.368093	-1.291101	0.959086	-0.461735	-1.178373	0.719286	-0.243420	-1.124772	0.736132	-0.238279	-1.152765	0.669707	-0.242279	-1.098613	0.686156	-0.240053	-1.071597	0.468358	-0.278774	-1.065053	0.460901	-0.373923	-1.182916	0.442922	-0.260131	-1.157986	0.407699	-0.257124	-1.216227	0.412629	-0.255922	-1.181347	0.377526	-0.261373	-1.374419	0.239136	-0.292758	-1.369265	0.224500	-0.372012	-1.336291	0.130081	-0.244004	-1.324454	0.104828	-0.345206	-1.259181	0.089258	-0.290385	-1.448531	0.259059	-0.344116	-1.185175	0.708757	-0.564455	-1.132292	0.711831	-0.558871	-1.186391	0.666097	-0.559151	-1.132407	0.670939	-0.557899	-1.141519	0.473664	-0.513920	-1.143180	0.475699	-0.422626	-1.217753	0.378236	-0.533600	-1.173082	0.364508	-0.517225	-1.236709	0.336054	-0.533504	-1.193311	0.323246	-0.515518	-1.332670	0.111971	-0.473993	-1.303748	0.115567	-0.392663	-1.225912	0.046522	-0.516662	-1.214820	0.040807	-0.410339	-1.155448	0.059123	-0.467906	-1.404828	0.095475	-0.438313	-1.024701	1.332006	-0.256322	-1.015452	1.305326	-0.583645	
25	0.1200	-1.131542	0.932697	-0.284535	-1.111507	0.921216	-0.510291	-1.282190	0.955724	-0.368214	-1.276034	0.960201	-0.461815	-1.159834	0.721305	-0.243990	-1.106418	0.739195	-0.239012	-1.133239	0.672171	-0.242854	-1.079301	0.689692	-0.240841	-1.048070	0.472193	-0.279997	-1.041756	0.464967	-0.375034	-1.158346	0.443108	-0.261277	-1.132445	0.408751	-0.258630	-1.190613	0.411863	-0.257129	-1.154818	0.377905	-0.262897	-1.343135	0.233555	-0.294917	-1.337982	0.219830	-0.374286	-1.299909	0.125928	-0.247283	-1.287941	0.102154	-0.348681	-1.221498	0.088937	-0.294292	-1.418490	0.250661	-0.345564	-1.173296	0.709412	-0.564520	-1.120360	0.711539	-0.559044	-1.175325	0.666769	-0.559264	-1.121249	0.670611	-0.558066	-1.134638	0.473352	-0.514103	-1.136532	0.475386	-0.422589	-1.212532	0.379267	-0.533854	-1.168006	0.364822	-0.517603	-1.232137	0.337359	-0.533733	-1.188826	0.323855	-0.515897	-1.330826	0.114028	-0.474627	-1.301978	0.117312	-0.393300	-1.226072	0.046296	-0.516969	-1.215069	0.040826	-0.410668	-1.155591	0.059155	-0.467899	-1.403332	0.098457	-0.438759	-1.011082	1.334330	-0.256549	-0.999391	1.308177	-0.582860	
26	0.1250	-1.116292	0.934256	-0.285172	-1.096635	0.922199	-0.510866	-1.267103	0.956824	-0.368317	-1.260918	0.961399	-0.461879	-1.141390	0.723477	-0.244535	-1.088162	0.742368	-0.239760	-1.113872	0.674780	-0.243418	-1.060148	0.693322	-0.241646	-1.024938	0.476150	-0.281234	-1.018857	0.469158	-0.376157	-1.134030	0.443225	-0.262405	-1.107121	0.409824	-0.260152	-1.165145	0.410997	-0.258338	-1.128418	0.378298	-0.264442	-1.311440	0.227772	-0.297148	-1.306338	0.215044	-0.376619	-1.263101	0.121740	-0.250843	-1.251090	0.099648	-0.352457	-1.183585	0.088802	-0.298527	-1.387900	0.241963	-0.347014	-1.161355	0.710222	-0.564576	-1.108384	0.711414	-0.559199	-1.164189	0.667606	-0.559377	-1.110036	0.670463	-0.558219	-1.127686	0.473272	-0.514308	-1.129809	0.475294	-0.422571	-1.207241	0.380554	-0.534142	-1.162863	0.365402	-0.518022	-1.227472	0.338924	-0.534002	-1.184245	0.324731	-0.516332	-1.328734	0.116301	-0.475352	-1.299948	0.119236	-0.394045	-1.226225	0.046066	-0.517303	-1.215298	0.040857	-0.411015	-1.155733	0.059165	-0.467907	-1.401511	0.101807	-0.439266	-0.997448	1.336819	-0.256779	-0.983175	1.311387	-0.581897	
27	0.1300	-1.100995	0.935882	-0.285798	-1.081729	0.923234	-0.511430	-1.251960	0.958022	-0.368405	-1.245749	0.962676	-0.461929	-1.123070	0.725777	-0.245056	-1.070028	0.745615	-0.240520	-1.094697	0.677503	-0.243972	-1.041184	0.697007	-0.242463	-1.002255	0.480182	-0.282477	-0.996409	0.473428	-0.377285	-1.110014	0.443253	-0.263512	-1.082070	0.410896	-0.261680	-1.139871	0.410020	-0.259547	-1.102204	0.378693	-0.265997	-1.279378	0.221836	-0.299441	-1.274382	0.210181	-0.379000	-1.225931	0.117583	-0.254659	-1.213974	0.097363	-0.356506	-1.145528	0.088906	-0.303060	-1.356791	0.233015	-0.348466	-1.149332	0.711185	-0.564624	-1.096345	0.711459	-0.559341	-1.152959	0.668609	-0.559491	-1.098745	0.670499	-0.558361	-1.120609	0.473428	-0.514539	-1.122949	0.475426	-0.422579	-1.201824	0.382097	-0.534467	-1.157598	0.366248	-0.518480	-1.222662	0.340750	-0.534310	-1.179517	0.325870	-0.516824	-1.326367	0.118793	-0.476165	-1.297632	0.121342	-0.394895	-1.226358	0.045845	-0.517661	-1.215490	0.040906	-0.411374	-1.155863	0.059136	-0.467934	-1.399325	0.105540	-0.439831	-0.983803	1.339459	-0.257009	-0.966832	1.314914	-0.580766	
28	0.1350	-1.085652	0.937561	-0.286411	-1.066785	0.924315	-0.511980	-1.236760	0.959308	-0.368484	-1.230524	0.964024	-0.461970	-1.104897	0.728176	-0.245555	-1.052036	0.748901	-0.241286	-1.075744	0.680306	-0.244516	-1.022434	0.700707	-0.243288	-0.980066	0.484245	-0.283720	-0.974455	0.477729	-0.378413	-1.086337	0.443171	-0.264599	-1.057340	0.411949	-0.263206	-1.114832	0.408925	-0.260754	-1.076227	0.379080	-0.267555	-1.246996	0.215796	-0.301789	-1.242161	0.205274	-0.381415	-1.188466	0.113522	-0.258704	-1.176669	0.095343	-0.360797	-1.107408	0.089296	-0.307851	-1.325196	0.223872	-0.349923	-1.137208	0.712297	-0.564667	-1.084225	0.711677	-0.559476	-1.141610	0.669771	-0.559608	-1.087352	0.670720	-0.558499	-1.113355	0.473815	-0.514802	-1.115892	0.475780	-0.422619	-1.196226	0.383892	-0.534829	-1.152154	0.367355	-0.518978	-1.217654	0.342834	-0.534659	-1.174588	0.327270	-0.517372	-1.323699	0.121508	-0.477061	-1.295001	0.123631	-0.395844	-1.226457	0.045646	-0.518038	-1.215626	0.040985	-0.411743	-1.155969	0.059055	-0.467980	-1.396737	0.109666	-0.440451	-0.970146	1.342236	-0.257235	-0.950389	1.318711	-0.579475	
29	0.1400	-1.070262	0.939274	-0.287008	-1.051796	0.925440	-0.512515	-1.221498	0.960670	-0.368556	-1.215237	0.965439	-0.462007	-1.086891	0.730643	-0.246035	-1.034204	0.752190	-0.242057	-1.057039	0.683153	-0.245052	-1.003921	0.704378	-0.244116	-0.958411	0.488290	-0.284958	-0.953032	0.482010	-0.379535	-1.063033	0.442960	-0.265666	-1.032974	0.412961	-0.264720	-1.090067	0.407701	-0.261959	-1.050534	0.379446	-0.269105	-1.214344	0.209702	-0.304180	-1.209723	0.200361	-0.383853	-1.150774	0.109619	-0.262947	-1.139248	0.093627	-0.365292	-1.069304	0.090017	-0.312859	-1.293154	0.214587	-0.351385	-1.124962	0.713549	-0.564711	-1.072004	0.712065	-0.559612	-1.130117	0.671085	-0.559731	-1.075834	0.671123	-0.558637	-1.105870	0.474426	-0.515102	-1.108581	0.476348	-0.422696	-1.190393	0.385932	-0.535230	-1.146479	0.368711	-0.519515	-1.212395	0.345166	-0.535051	-1.169410	0.328918	-0.517975	-1.320707	0.124448	-0.478034	-1.292031	0.126102	-0.396885	-1.226507	0.045489	-0.518427	-1.215686	0.041108	-0.412115	-1.156040	0.058909	-0.468050	-1.393711	0.114195	-0.441124	-0.956478	1.345136	-0.257454	-0.933874	1.322729	-0.578037	
30	0.1450	-1.054823	0.941005	-0.287590	-1.036755	0.926602	-0.513033	-1.206170	0.962097	-0.368628	-1.199885	0.966911	-0.462043	-1.069071	0.733146	-0.246499	-1.016544	0.755441	-0.242829	-1.038603	0.686006	-0.245581	-0.985663	0.707977	-0.244944	-0.937319	0.492269	-0.286185	-0.932169	0.486224	-0.380646	-1.040130	0.442600	-0.266716	-1.009010	0.413912	-0.266214	-1.065606	0.406341	-0.263161	-1.025166	0.379776	-0.270639	-1.181472	0.203600	-0.306606	-1.177117	0.195472	-0.386301	-1.112926	0.105929	-0.267351	-1.101784	0.092248	-0.369952	-1.031292	0.091101	-0.318038	-1.260709	0.205216	-0.352854	-1.112577	0.714931	-0.564759	-1.059663	0.712616	-0.559754	-1.118459	0.672539	-0.559862	-1.064167	0.671701	-0.558783	-1.098106	0.475247	-0.515446	-1.100960	0.477119	-0.422813	-1.184274	0.388202	-0.535671	-1.140523	0.370302	-0.520091	-1.206838	0.347734	-0.535485	-1.163934	0.330802	-0.518631	-1.317370	0.127615	-0.479078	-1.288701	0.128756	-0.398012	-1.226491	0.045396	-0.518823	-1.215650	0.041294	-0.412485	-1.156061	0.058692	-0.468144	-1.390214	0.119131	-0.441844	-0.942797	1.348142	-0.257663	-0.917316	1.326919	-0.576465	
31	0.1500	-1.039333	0.942734	-0.288155	-1.021658	0.927797	-0.513535	-1.190771	0.963574	-0.368705	-1.184460	0.968431	-0.462084	-1.051450	0.735652	-0.246951	-0.999069	0.758616	-0.243599	-1.020453	0.688828	-0.246105	-0.967673	0.711462	-0.245769	-0.916812	0.496134	-0.287397	-0.911885	0.490321	-0.381743	-1.017649	0.442074	-0.267750	-0.985478	0.414780	-0.267680	-1.041480	0.404839	-0.264361	-1.000160	0.380059	-0.272149	-1.148437	0.197536	-0.309055	-1.144396	0.190640	-0.388747	-1.074996	0.102503	-0.271879	-1.064349	0.091226	-0.374734	-0.993448	0.092572	-0.323339	-1.227910	0.195814	-0.354331	-1.100034	0.716431	-0.564815	-1.047184	0.713320	-0.559912	-1.106613	0.674119	-0.560004	-1.052331	0.672443	-0.558942	-1.090016	0.476260	-0.515837	-1.092981	0.478073	-0.422975	-1.177819	0.390683	-0.536154	-1.134238	0.372107	-0.520706	-1.200937	0.350522	-0.535962	-1.158119	0.332903	-0.519339	-1.313668	0.131007	-0.480185	-1.284993	0.131594	-0.399214	-1.226392	0.045392	-0.519219	-1.215495	0.041565	-0.412851	-1.156022	0.058401	-0.468263	-1.386217	0.124472	-0.442609	-0.929100	1.351234	-0.257859	-0.900742	1.331229	-0.574773	
32	0.1550	-1.023790	0.944442	-0.288706	-1.006499	0.929016	-0.514019	-1.175297	0.965085	-0.368791	-1.168958	0.969988	-0.462135	-1.034039	0.738125	-0.247397	-0.981785	0.761676	-0.244365	-1.002601	0.691579	-0.246627	-0.949960	0.714789	-0.246588	-0.896902	0.499840	-0.288589	-0.892193	0.494255	-0.382821	-0.995607	0.441367	-0.268772	-0.962404	0.415546	-0.269111	-1.017712	0.403188	-0.265559	-0.975549	0.380279	-0.273628	-1.115297	0.191553	-0.311516	-1.111611	0.185890	-0.391177	-1.037061	0.099382	-0.276488	-1.027016	0.090576	-0.379592	-0.955845	0.094445	-0.328710	-1.194816	0.186436	-0.355819	-1.087316	0.718030	-0.564887	-1.034550	0.714163	-0.560091	-1.094559	0.675805	-0.560163	-1.040303	0.673333	-0.559120	-1.081559	0.477441	-0.516283	-1.084598	0.479189	-0.423184	-1.170985	0.393354	-0.536680	-1.127581	0.374102	-0.521359	-1.194648	0.353508	-0.536481	-1.151923	0.335198	-0.520095	-1.309587	0.134622	-0.481347	-1.280891	0.134615	-0.400481	-1.226190	0.045506	-0.519608	-1.215200	0.041945	-0.413206	-1.155907	0.058038	-0.468409	-1.381695	0.130215	-0.443415	-0.915383	1.354394	-0.258039	-0.884182	1.335610	-0.572977	
33	0.1600	-1.008192	0.946107	-0.289242	-0.991273	0.930251	-0.514488	-1.159744	0.966614	-0.368891	-1.153377	0.971570	-0.462201	-1.016845	0.740530	-0.247840	-0.964696	0.764580	-0.245124	-0.985053	0.694221	-0.247149	-0.932529	0.717917	-0.247400	-0.877592	0.503343	-0.289760	-0.873095	0.497982	-0.383877	-0.974012	0.440465	-0.269786	-0.939805	0.416189	-0.270500	-0.994322	0.401386	-0.266756	-0.951358	0.380423	-0.275070	-1.082116	0.185691	-0.313977	-1.078820	0.181248	-0.393582	-0.999204	0.096599	-0.281136	-0.989861	0.090299	-0.384480	-0.918555	0.096719	-0.334099	-1.161490	0.177135	-0.357318	-1.074410	0.719708	-0.564978	-1.021744	0.715129	-0.560299	-1.082281	0.677577	-0.560342	-1.028066	0.674354	-0.559324	-1.072696	0.478763	-0.516787	-1.075772	0.480438	-0.423441	-1.163729	0.396188	-0.537248	-1.120513	0.376259	-0.522049	-1.187935	0.356667	-0.537044	-1.145313	0.337663	-0.520898	-1.305112	0.138459	-0.482553	-1.276386	0.137820	-0.401804	-1.225865	0.045765	-0.519983	-1.214742	0.042464	-0.413547	-1.155702	0.057607	-0.468582	-1.376626	0.136351	-0.444258	-0.901643	1.357600	-0.258200	-0.867661	1.340012	-0.571093	
34	0.1650	-0.992537	0.947711	-0.289765	-0.975978	0.931492	-0.514942	-1.144109	0.968140	-0.369009	-1.137712	0.973161	-0.462284	-0.999871	0.742832	-0.248286	-0.947804	0.767293	-0.245875	-0.967813	0.696716	-0.247674	-0.915381	0.720807	-0.248204	-0.858877	0.506602	-0.290906	-0.854585	0.501461	-0.384910	-0.952872	0.439359	-0.270796	-0.917694	0.416693	-0.271844	-0.971327	0.399429	-0.267954	-0.927609	0.380477	-0.276469	-1.048962	0.179982	-0.316427	-1.046083	0.176733	-0.395949	-0.961514	0.094175	-0.285780	-0.952958	0.090386	-0.389350	-0.881650	0.099382	-0.339451	-1.128007	0.167965	-0.358831	-1.061301	0.721444	-0.565095	-1.008753	0.716197	-0.560543	-1.069761	0.679410	-0.560544	-1.015602	0.675482	-0.559558	-1.063395	0.480194	-0.517353	-1.066469	0.481789	-0.423747	-1.156017	0.399154	-0.537860	-1.113001	0.378545	-0.522775	-1.180764	0.359971	-0.537649	-1.138257	0.340268	-0.521744	-1.300235	0.142513	-0.483796	-1.271470	0.141209	-0.403170	-1.225395	0.046201	-0.520337	-1.214097	0.043149	-0.413870	-1.155394	0.057118	-0.468781	-1.370995	0.142867	-0.445133	-0.887876	1.360828	-0.258340	-0.851206	1.344387	-0.569137	
35	0.1700	-0.976823	0.949232	-0.290279	-0.960613	0.932728	-0.515384	-1.128391	0.969643	-0.369148	-1.121966	0.974744	-0.462389	-0.983118	0.744996	-0.248738	-0.931107	0.769778	-0.246616	-0.950879	0.699027	-0.248204	-0.898512	0.723424	-0.248999	-0.840744	0.509579	-0.292025	-0.836651	0.504655	-0.385917	-0.932184	0.438040	-0.271806	-0.896078	0.417041	-0.273137	-0.948739	0.397319	-0.269153	-0.904321	0.380428	-0.277822	-1.015911	0.174459	-0.318855	-1.013465	0.172362	-0.398270	-0.924082	0.092121	-0.290375	-0.916386	0.090816	-0.394156	-0.845203	0.102408	-0.344714	-1.094448	0.158978	-0.360359	-1.047981	0.723213	-0.565244	-0.995564	0.717343	-0.560828	-1.056988	0.681277	-0.560776	-1.002897	0.676693	-0.559828	-1.053626	0.481699	-0.517987	-1.056661	0.483207	-0.424104	-1.147816	0.402219	-0.538516	-1.105016	0.380926	-0.523539	-1.173106	0.363390	-0.538297	-1.130733	0.342982	-0.522630	-1.294947	0.146781	-0.485064	-1.266139	0.144781	-0.404567	-1.224757	0.046845	-0.520665	-1.213243	0.044032	-0.414173	-1.154965	0.056587	-0.469004	-1.364791	0.149748	-0.446037	-0.874079	1.364052	-0.258456	-0.834841	1.348692	-0.567128	
36	0.1750	-0.961051	0.950650	-0.290784	-0.945178	0.933947	-0.515815	-1.112592	0.971101	-0.369311	-1.106141	0.976301	-0.462518	-0.966582	0.746990	-0.249201	-0.914600	0.772002	-0.247347	-0.934243	0.701122	-0.248742	-0.881915	0.725733	-0.249783	-0.823173	0.512243	-0.293118	-0.819272	0.507532	-0.386898	-0.911947	0.436505	-0.272819	-0.874959	0.417218	-0.274378	-0.926568	0.395058	-0.270354	-0.881505	0.380265	-0.279125	-0.983041	0.169145	-0.321251	-0.981034	0.168147	-0.400536	-0.887008	0.090438	-0.294877	-0.880227	0.091559	-0.398851	-0.809289	0.105757	-0.349835	-1.060904	0.150220	-0.361905	-1.034440	0.724986	-0.565429	-0.982167	0.718541	-0.561158	-1.043952	0.683148	-0.561040	-0.989940	0.677959	-0.560139	-1.043368	0.483239	-0.518690	-1.046326	0.484654	-0.424511	-1.139100	0.405348	-0.539216	-1.096534	0.383364	-0.524338	-1.164938	0.366890	-0.538988	-1.122718	0.345772	-0.523554	-1.289245	0.151257	-0.486348	-1.260393	0.148536	-0.405985	-1.223926	0.047726	-0.520959	-1.212154	0.045143	-0.414453	-1.154398	0.056031	-0.469250	-1.358009	0.156973	-0.446967	-0.860249	1.367245	-0.258545	-0.818590	1.352884	-0.565083	
37	0.1800	-0.945222	0.951946	-0.291284	-0.929676	0.935135	-0.516240	-1.096715	0.972488	-0.369500	-1.090241	0.977811	-0.462672	-0.950258	0.748782	-0.249678	-0.898277	0.773937	-0.248065	-0.917896	0.702969	-0.249290	-0.865580	0.727707	-0.250559	-0.806134	0.514566	-0.294183	-0.802421	0.510064	-0.387853	-0.892152	0.434756	-0.273840	-0.854335	0.417213	-0.275565	-0.904822	0.392650	-0.271560	-0.859173	0.379975	-0.280377	-0.950438	0.164060	-0.323603	-0.948865	0.164097	-0.402739	-0.850396	0.089115	-0.299246	-0.844563	0.092573	-0.403393	-0.773981	0.109377	-0.354765	-1.027473	0.141739	-0.363469	-1.020674	0.726734	-0.565655	-0.968554	0.719765	-0.561540	-1.030644	0.684992	-0.561341	-0.976719	0.679251	-0.560494	-1.032601	0.484776	-0.519466	-1.035447	0.486090	-0.424968	-1.129849	0.408503	-0.539962	-1.087538	0.385821	-0.525172	-1.156241	0.370438	-0.539721	-1.114199	0.348604	-0.524511	-1.283126	0.155937	-0.487638	-1.254232	0.152475	-0.407411	-1.222874	0.048873	-0.521217	-1.210805	0.046511	-0.414708	-1.153675	0.055472	-0.469515	-1.350648	0.164519	-0.447921	-0.846385	1.370377	-0.258603	-0.802472	1.356924	-0.563020	
38	0.1850	-0.929337	0.953101	-0.291781	-0.914113	0.936278	-0.516660	-1.080766	0.973782	-0.369714	-1.074275	0.979251	-0.462853	-0.934137	0.750344	-0.250171	-0.882128	0.775558	-0.248770	-0.901823	0.704539	-0.249848	-0.849494	0.729323	-0.251326	-0.789594	0.516525	-0.295222	-0.786064	0.512229	-0.388782	-0.872788	0.432794	-0.274873	-0.834198	0.417015	-0.276698	-0.883506	0.390103	-0.272770	-0.837330	0.379550	-0.281579	-0.918192	0.159219	-0.325902	-0.917036	0.160215	-0.404873	-0.814356	0.088129	-0.303442	-0.809482	0.093805	-0.407740	-0.739356	0.113202	-0.359459	-0.994264	0.133578	-0.365054	-1.006678	0.728429	-0.565928	-0.954719	0.720984	-0.561975	-1.017060	0.686777	-0.561684	-0.963229	0.680536	-0.560899	-1.021312	0.486268	-0.520316	-1.024014	0.487474	-0.425474	-1.120044	0.411647	-0.540753	-1.078014	0.388258	-0.526042	-1.147001	0.373999	-0.540498	-1.105166	0.351442	-0.525500	-1.276590	0.160813	-0.488925	-1.247662	0.156597	-0.408834	-1.221575	0.050313	-0.521434	-1.209171	0.048165	-0.414938	-1.152773	0.054936	-0.469797	-1.342714	0.172361	-0.448896	-0.832485	1.373417	-0.258626	-0.786507	1.360778	-0.560956	
39	0.1900	-0.913401	0.954099	-0.292277	-0.898494	0.937361	-0.517079	-1.064751	0.974955	-0.369953	-1.058252	0.980598	-0.463061	-0.918208	0.751650	-0.250682	-0.866143	0.776843	-0.249462	-0.886007	0.705811	-0.250420	-0.833638	0.730562	-0.252086	-0.773515	0.518105	-0.296235	-0.770163	0.514012	-0.389687	-0.853842	0.430630	-0.275918	-0.814539	0.416619	-0.277779	-0.862623	0.387426	-0.273985	-0.815980	0.378981	-0.282730	-0.886396	0.154631	-0.328139	-0.885631	0.156502	-0.406935	-0.778999	0.087450	-0.307429	-0.775072	0.095196	-0.411855	-0.705491	0.117156	-0.363874	-0.961390	0.125776	-0.366661	-0.992453	0.730039	-0.566251	-0.940658	0.722170	-0.562467	-1.003196	0.688470	-0.562072	-0.949463	0.681785	-0.561355	-1.009492	0.487676	-0.521243	-1.012021	0.488764	-0.426028	-1.109675	0.414742	-0.541590	-1.067953	0.390636	-0.526948	-1.137206	0.377538	-0.541319	-1.095611	0.354252	-0.526517	-1.269637	0.165878	-0.490200	-1.240687	0.160900	-0.410245	-1.219996	0.052068	-0.521607	-1.207225	0.050130	-0.415143	-1.151668	0.054452	-0.470092	-1.334214	0.180468	-0.449890	-0.818550	1.376330	-0.258611	-0.770711	1.364413	-0.558908	
40	0.1950	-0.897419	0.954926	-0.292774	-0.882829	0.938367	-0.517500	-1.048682	0.975984	-0.370216	-1.042186	0.981827	-0.463293	-0.902456	0.752681	-0.251213	-0.850310	0.777777	-0.250140	-0.870427	0.706766	-0.251005	-0.817996	0.731412	-0.252840	-0.757851	0.519295	-0.297225	-0.754674	0.515404	-0.390569	-0.835299	0.428274	-0.276980	-0.795343	0.416020	-0.278809	-0.842174	0.384631	-0.275206	-0.795122	0.378262	-0.283833	-0.855150	0.150300	-0.330308	-0.854737	0.152955	-0.408921	-0.744441	0.087035	-0.311175	-0.741425	0.096678	-0.415708	-0.672463	0.121153	-0.367975	-0.928970	0.118367	-0.368291	-0.977998	0.731533	-0.566628	-0.926370	0.723293	-0.563016	-0.989054	0.690039	-0.562507	-0.935420	0.682965	-0.561865	-0.997136	0.488959	-0.522245	-0.999467	0.489922	-0.426631	-1.098732	0.417750	-0.542474	-1.057349	0.392917	-0.527889	-1.126850	0.381021	-0.542184	-1.085532	0.356999	-0.527562	-1.262268	0.171124	-0.491457	-1.233313	0.165383	-0.411635	-1.218107	0.054158	-0.521736	-1.204938	0.052426	-0.415324	-1.150333	0.054049	-0.470395	-1.325160	0.188811	-0.450904	-0.804580	1.379083	-0.258552	-0.755098	1.367803	-0.556894	
41	0.2000	-0.881398	0.955566	-0.293274	-0.867127	0.939282	-0.517927	-1.032570	0.976845	-0.370501	-1.026090	0.982913	-0.463550	-0.886867	0.753417	-0.251763	-0.834614	0.778351	-0.250804	-0.855059	0.707389	-0.251604	-0.802544	0.731867	-0.253589	-0.742556	0.520092	-0.298192	-0.739552	0.516399	-0.391430	-0.817140	0.425742	-0.278058	-0.776595	0.415217	-0.279793	-0.822160	0.381733	-0.276431	-0.774755	0.377389	-0.284890	-0.824554	0.146225	-0.332401	-0.824444	0.149568	-0.410831	-0.710799	0.086837	-0.314653	-0.708633	0.098181	-0.419271	-0.640350	0.125102	-0.371732	-0.897129	0.111383	-0.369944	-0.963318	0.732881	-0.567061	-0.911855	0.724324	-0.563623	-0.974635	0.691452	-0.562994	-0.921099	0.684047	-0.562430	-0.984242	0.490081	-0.523325	-0.986353	0.490908	-0.427280	-1.087210	0.420636	-0.543407	-1.046203	0.395065	-0.528867	-1.115930	0.384417	-0.543095	-1.074930	0.359653	-0.528630	-1.254485	0.176542	-0.492689	-1.225545	0.170043	-0.412996	-1.215870	0.056596	-0.521822	-1.202280	0.055072	-0.415483	-1.148735	0.053759	-0.470704	-1.315568	0.197354	-0.451936	-0.790577	1.381639	-0.258446	-0.739679	1.370924	-0.554928	
42	0.2050	-0.865343	0.956012	-0.293778	-0.851400	0.940089	-0.518361	-1.016428	0.977513	-0.370803	-1.009980	0.983832	-0.463827	-0.871422	0.753848	-0.252332	-0.819040	0.778560	-0.251454	-0.839877	0.707674	-0.252216	-0.787261	0.731928	-0.254335	-0.727580	0.520497	-0.299141	-0.724747	0.517001	-0.392272	-0.799348	0.423054	-0.279152	-0.758275	0.414212	-0.280735	-0.802579	0.378748	-0.277659	-0.754873	0.376358	-0.285907	-0.794708	0.142402	-0.334413	-0.794844	0.146333	-0.412663	-0.678189	0.086801	-0.317842	-0.676790	0.099628	-0.422524	-0.609229	0.128905	-0.375122	-0.865993	0.104850	-0.371621	-0.948415	0.734057	-0.567551	-0.897114	0.725236	-0.564288	-0.959941	0.692679	-0.563534	-0.906501	0.685001	-0.563053	-0.970812	0.491006	-0.524480	-0.972685	0.491687	-0.427977	-1.075109	0.423368	-0.544390	-1.034513	0.397046	-0.529881	-1.104444	0.387694	-0.544053	-1.063805	0.362181	-0.529723	-1.246286	0.182122	-0.493891	-1.217386	0.174875	-0.414322	-1.213247	0.059392	-0.521866	-1.199220	0.058078	-0.415623	-1.146839	0.053614	-0.471014	-1.305454	0.206063	-0.452987	-0.776543	1.383962	-0.258286	-0.724461	1.373754	-0.553027	
43	0.2100	-0.849265	0.956254	-0.294287	-0.835657	0.940773	-0.518806	-1.000271	0.977969	-0.371120	-0.993872	0.984561	-0.464122	-0.856104	0.753966	-0.252917	-0.803573	0.778405	-0.252089	-0.824855	0.707616	-0.252842	-0.772122	0.731600	-0.255080	-0.712872	0.520517	-0.300072	-0.710208	0.517218	-0.393098	-0.781903	0.420231	-0.280262	-0.740365	0.413011	-0.281641	-0.783428	0.375694	-0.278889	-0.735472	0.375171	-0.286888	-0.765713	0.138822	-0.336340	-0.766033	0.143239	-0.414419	-0.646723	0.086868	-0.320725	-0.645989	0.100946	-0.425452	-0.579177	0.132466	-0.378128	-0.835691	0.098790	-0.373320	-0.933296	0.735032	-0.568100	-0.882150	0.726004	-0.565010	-0.944977	0.693692	-0.564129	-0.891628	0.685801	-0.563733	-0.956849	0.491704	-0.525709	-0.958469	0.492227	-0.428721	-1.062427	0.425915	-0.545425	-1.022284	0.398832	-0.530932	-1.092393	0.390825	-0.545060	-1.052162	0.364558	-0.530838	-1.237670	0.187850	-0.495059	-1.208838	0.179873	-0.415608	-1.210198	0.062548	-0.521874	-1.195721	0.061450	-0.415749	-1.144602	0.053646	-0.471322	-1.294834	0.214900	-0.454058	-0.762482	1.386016	-0.258068	-0.709448	1.376277	-0.551205	
44	0.2150	-0.833170	0.956287	-0.294801	-0.819911	0.941322	-0.519264	-0.984112	0.978194	-0.371447	-0.977784	0.985076	-0.464432	-0.840892	0.753769	-0.253516	-0.788196	0.777894	-0.252711	-0.809964	0.707220	-0.253479	-0.757102	0.730896	-0.255824	-0.698381	0.520167	-0.300989	-0.695887	0.517063	-0.393910	-0.764785	0.417300	-0.281386	-0.722842	0.411620	-0.282515	-0.764704	0.372592	-0.280119	-0.716544	0.373829	-0.287837	-0.737668	0.135474	-0.338179	-0.738103	0.140274	-0.416102	-0.616511	0.086977	-0.323293	-0.616319	0.102059	-0.428047	-0.550265	0.135685	-0.380744	-0.806346	0.093216	-0.375039	-0.917966	0.735785	-0.568707	-0.866967	0.726607	-0.565786	-0.929750	0.694467	-0.564779	-0.876485	0.686424	-0.564470	-0.942358	0.492148	-0.527011	-0.943715	0.492502	-0.429511	-1.049167	0.428251	-0.546512	-1.009518	0.400397	-0.532022	-1.079778	0.393784	-0.546117	-1.040003	0.366758	-0.531975	-1.228632	0.193712	-0.496192	-1.199898	0.185028	-0.416852	-1.206677	0.066061	-0.521851	-1.191747	0.065187	-0.415865	-1.141979	0.053884	-0.471627	-1.283727	0.223826	-0.455149	-0.748395	1.387764	-0.257785	-0.694643	1.378480	-0.549474	
45	0.2200	-0.817069	0.956111	-0.295319	-0.804173	0.941721	-0.519735	-0.967966	0.978172	-0.371780	-0.961731	0.985360	-0.464752	-0.825765	0.753261	-0.254125	-0.772892	0.777040	-0.253319	-0.795174	0.706495	-0.254126	-0.742176	0.729834	-0.256569	-0.684056	0.519465	-0.301894	-0.681732	0.516556	-0.394711	-0.747973	0.414286	-0.282519	-0.705686	0.410050	-0.283366	-0.746402	0.369463	-0.281344	-0.698078	0.372337	-0.288762	-0.710668	0.132343	-0.339927	-0.711145	0.137426	-0.417714	-0.587654	0.087068	-0.325543	-0.587868	0.102898	-0.430309	-0.522565	0.138472	-0.382967	-0.778082	0.088141	-0.376778	-0.902432	0.736294	-0.569371	-0.851569	0.727024	-0.566613	-0.914263	0.694984	-0.565485	-0.861073	0.686852	-0.565264	-0.927346	0.492318	-0.528381	-0.928432	0.492488	-0.430348	-1.035331	0.430354	-0.547653	-0.996219	0.401719	-0.533151	-1.066601	0.396551	-0.547226	-1.027333	0.368763	-0.533135	-1.219164	0.199692	-0.497288	-1.190560	0.190328	-0.418051	-1.202635	0.069919	-0.521806	-1.187255	0.069280	-0.415979	-1.138915	0.054355	-0.471927	-1.272146	0.232801	-0.456264	-0.734285	1.389174	-0.257431	-0.680042	1.380352	-0.547847	
46	0.2250	-0.800968	0.955727	-0.295841	-0.788451	0.941960	-0.520221	-0.951847	0.977894	-0.372114	-0.945727	0.985394	-0.465079	-0.810703	0.752449	-0.254740	-0.757643	0.775862	-0.253913	-0.780457	0.705454	-0.254781	-0.727317	0.728439	-0.257316	-0.669848	0.518433	-0.302790	-0.667696	0.515717	-0.395503	-0.731449	0.411219	-0.283659	-0.688875	0.408314	-0.284199	-0.728516	0.366328	-0.282563	-0.680066	0.370701	-0.289667	-0.684800	0.129415	-0.341585	-0.685249	0.134682	-0.419261	-0.560245	0.087081	-0.327476	-0.560718	0.103400	-0.432242	-0.496140	0.140740	-0.384806	-0.751012	0.083569	-0.378531	-0.886700	0.736546	-0.570091	-0.835960	0.727243	-0.567489	-0.898523	0.695227	-0.566246	-0.845400	0.687068	-0.566113	-0.911818	0.492200	-0.529818	-0.912627	0.492171	-0.431233	-1.020922	0.432207	-0.548850	-0.982389	0.402782	-0.534320	-1.052863	0.399108	-0.548389	-1.014151	0.370555	-0.534317	-1.209252	0.205771	-0.498349	-1.180813	0.195760	-0.419208	-1.198021	0.074106	-0.521747	-1.182202	0.073714	-0.416098	-1.135352	0.055082	-0.472222	-1.260104	0.241783	-0.457403	-0.720154	1.390215	-0.257003	-0.665641	1.381887	-0.546336	
47	0.2300	-0.784876	0.955139	-0.296363	-0.772753	0.942030	-0.520721	-0.935767	0.977352	-0.372444	-0.929787	0.985166	-0.465409	-0.795685	0.751347	-0.255356	-0.742432	0.774382	-0.254494	-0.765784	0.704116	-0.255442	-0.712501	0.726737	-0.258065	-0.655713	0.517097	-0.303680	-0.653734	0.514575	-0.396288	-0.715194	0.408128	-0.284801	-0.672386	0.406427	-0.285021	-0.711040	0.363211	-0.283769	-0.662496	0.368930	-0.290560	-0.660147	0.126675	-0.343152	-0.660497	0.132032	-0.420745	-0.534366	0.086962	-0.329100	-0.534944	0.103509	-0.433858	-0.471049	0.142415	-0.386274	-0.725245	0.079499	-0.380295	-0.870773	0.736528	-0.570862	-0.820143	0.727252	-0.568409	-0.882535	0.695184	-0.567060	-0.829467	0.687064	-0.567016	-0.895781	0.491784	-0.531317	-0.896310	0.491542	-0.432164	-1.005942	0.433796	-0.550104	-0.968032	0.403577	-0.535530	-1.038564	0.401441	-0.549605	-1.000458	0.372123	-0.535523	-1.198880	0.211927	-0.499376	-1.170638	0.201305	-0.420324	-1.192776	0.078598	-0.521686	-1.176538	0.078466	-0.416230	-1.131224	0.056083	-0.472515	-1.247609	0.250730	-0.458569	-0.706004	1.390858	-0.256494	-0.651428	1.383080	-0.544949	
48	0.2350	-0.768798	0.954356	-0.296884	-0.757087	0.941925	-0.521234	-0.919737	0.976543	-0.372766	-0.913920	0.984667	-0.465737	-0.780690	0.749974	-0.255970	-0.727243	0.772629	-0.255062	-0.751128	0.702505	-0.256104	-0.697703	0.724761	-0.258817	-0.641607	0.515488	-0.304566	-0.639804	0.513159	-0.397070	-0.699189	0.405043	-0.285938	-0.656200	0.404405	-0.285838	-0.693967	0.360134	-0.284960	-0.645356	0.367034	-0.291445	-0.636781	0.124105	-0.344630	-0.636965	0.129463	-0.422172	-0.510087	0.086662	-0.330429	-0.510615	0.103183	-0.435173	-0.447343	0.143434	-0.387391	-0.700875	0.075926	-0.382063	-0.854657	0.736235	-0.571681	-0.804122	0.727047	-0.569368	-0.866302	0.694850	-0.567925	-0.813278	0.686834	-0.567970	-0.879239	0.491070	-0.532873	-0.879486	0.490599	-0.433142	-0.990393	0.435114	-0.551414	-0.953145	0.404098	-0.536781	-1.023704	0.403540	-0.550877	-0.986251	0.373460	-0.536753	-1.188026	0.218134	-0.500374	-1.160014	0.206942	-0.421402	-1.186840	0.083363	-0.521635	-1.170210	0.083504	-0.416385	-1.126458	0.057371	-0.472809	-1.234665	0.259598	-0.459762	-0.691833	1.391081	-0.255902	-0.637394	1.383932	-0.543696	
49	0.2400	-0.752741	0.953389	-0.297400	-0.741455	0.941642	-0.521759	-0.903765	0.975471	-0.373077	-0.898133	0.983892	-0.466062	-0.765697	0.748353	-0.256575	-0.712058	0.770632	-0.255616	-0.736462	0.700649	-0.256766	-0.682901	0.722547	-0.259571	-0.627494	0.513635	-0.305449	-0.625870	0.511500	-0.397849	-0.683418	0.401995	-0.287066	-0.640297	0.402266	-0.286658	-0.677289	0.357120	-0.286130	-0.628635	0.365026	-0.292330	-0.614762	0.121691	-0.346020	-0.614721	0.126969	-0.423548	-0.487463	0.086139	-0.331482	-0.487786	0.102387	-0.436209	-0.425065	0.143749	-0.388185	-0.677986	0.072839	-0.383829	-0.838355	0.735665	-0.572544	-0.787898	0.726628	-0.570362	-0.849827	0.694224	-0.568838	-0.796836	0.686379	-0.568972	-0.862195	0.490063	-0.534480	-0.862160	0.489346	-0.434168	-0.974273	0.436159	-0.552781	-0.937726	0.404346	-0.538072	-1.008278	0.405401	-0.552203	-0.971522	0.374563	-0.538007	-1.176662	0.224367	-0.501346	-1.148911	0.212646	-0.422448	-1.180150	0.088366	-0.521610	-1.163160	0.088792	-0.416572	-1.120977	0.058952	-0.473109	-1.221272	0.268341	-0.460985	-0.677641	1.390865	-0.255223	-0.623520	1.384444	-0.542584	
50	0.2450	-0.736706	0.952252	-0.297908	-0.725859	0.941179	-0.522293	-0.887854	0.974143	-0.373373	-0.882431	0.982842	-0.466378	-0.750689	0.746509	-0.257167	-0.696863	0.768426	-0.256157	-0.721764	0.698578	-0.257425	-0.668074	0.720131	-0.260326	-0.613342	0.511573	-0.306333	-0.611900	0.509631	-0.398628	-0.667866	0.399011	-0.288177	-0.624658	0.400031	-0.287485	-0.660997	0.354189	-0.287275	-0.612320	0.362920	-0.293219	-0.594139	0.119420	-0.347324	-0.593821	0.124541	-0.424876	-0.466532	0.085361	-0.332281	-0.466504	0.101103	-0.436993	-0.404248	0.143329	-0.388685	-0.656644	0.070222	-0.385585	-0.821865	0.734824	-0.573445	-0.771471	0.726001	-0.571384	-0.833111	0.693313	-0.569794	-0.780142	0.685706	-0.570019	-0.844651	0.488776	-0.536134	-0.844334	0.487797	-0.435240	-0.957581	0.436933	-0.554205	-0.921768	0.404328	-0.539403	-0.992281	0.407021	-0.553584	-0.956262	0.375434	-0.539286	-1.164757	0.230592	-0.502298	-1.137294	0.218387	-0.423466	-1.172636	0.093562	-0.521624	-1.155327	0.094284	-0.416803	-1.114697	0.060826	-0.473424	-1.207421	0.276913	-0.462239	-0.663424	1.390199	-0.254456	-0.609789	1.384625	-0.541619	
51	0.2500	-0.720694	0.950962	-0.298403	-0.710296	0.940541	-0.522833	-0.872008	0.972573	-0.373651	-0.866813	0.981522	-0.466683	-0.735647	0.744472	-0.257741	-0.681643	0.766046	-0.256684	-0.707012	0.696326	-0.258076	-0.653202	0.717553	-0.261080	-0.599125	0.509334	-0.307219	-0.597868	0.507585	-0.399409	-0.652521	0.396118	-0.289265	-0.609270	0.397718	-0.288324	-0.645085	0.351362	-0.288388	-0.596402	0.360731	-0.294118	-0.574948	0.117278	-0.348546	-0.574312	0.122178	-0.426161	-0.447318	0.084306	-0.332851	-0.446804	0.099325	-0.437552	-0.384916	0.142163	-0.388928	-0.636903	0.068056	-0.387323	-0.805188	0.733721	-0.574378	-0.754841	0.725175	-0.572428	-0.816153	0.692127	-0.570789	-0.763195	0.684827	-0.571105	-0.826608	0.487229	-0.537827	-0.826009	0.485971	-0.436357	-0.940312	0.437445	-0.555682	-0.905263	0.404057	-0.540773	-0.975705	0.408403	-0.555018	-0.940457	0.376080	-0.540591	-1.152271	0.236776	-0.503237	-1.125122	0.224132	-0.424465	-1.164228	0.098904	-0.521694	-1.146646	0.099930	-0.417089	-1.107528	0.062983	-0.473761	-1.193101	0.285267	-0.463523	-0.649178	1.389078	-0.253601	-0.596180	1.384481	-0.540805	
52	0.2550	-0.704704	0.949538	-0.298880	-0.694763	0.939732	-0.523374	-0.856223	0.970777	-0.373909	-0.851276	0.979942	-0.466975	-0.720557	0.742275	-0.258292	-0.666385	0.763528	-0.257198	-0.692188	0.693927	-0.258716	-0.638270	0.714851	-0.261832	-0.584826	0.506952	-0.308108	-0.583757	0.505396	-0.400192	-0.637371	0.393342	-0.290325	-0.594117	0.395349	-0.289179	-0.629543	0.348658	-0.289466	-0.580868	0.358474	-0.295029	-0.557212	0.115257	-0.349687	-0.556227	0.119877	-0.427407	-0.429827	0.082962	-0.333221	-0.428704	0.097061	-0.437918	-0.367080	0.140254	-0.388951	-0.618794	0.066317	-0.389032	-0.788321	0.732373	-0.575336	-0.738004	0.724168	-0.573489	-0.798951	0.690685	-0.571818	-0.745995	0.683759	-0.572226	-0.808063	0.485448	-0.539552	-0.807182	0.483896	-0.437517	-0.922461	0.437706	-0.557210	-0.888199	0.403548	-0.542180	-0.958538	0.409552	-0.556503	-0.924089	0.376511	-0.541920	-1.139165	0.242883	-0.504168	-1.112348	0.229846	-0.425450	-1.154853	0.104341	-0.521835	-1.137049	0.105673	-0.417442	-1.099381	0.065409	-0.474133	-1.178292	0.293354	-0.464838	-0.634895	1.387504	-0.252660	-0.582669	1.384027	-0.540145	
53	0.2600	-0.688732	0.948001	-0.299335	-0.679252	0.938762	-0.523913	-0.840496	0.968778	-0.374144	-0.835812	0.978118	-0.467252	-0.705404	0.739949	-0.258816	-0.651077	0.760910	-0.257697	-0.677277	0.691418	-0.259344	-0.623264	0.712064	-0.262580	-0.570431	0.504458	-0.309002	-0.569555	0.503096	-0.400980	-0.622411	0.390703	-0.291349	-0.579190	0.392942	-0.290054	-0.614363	0.346092	-0.290505	-0.565710	0.356166	-0.295958	-0.540937	0.113348	-0.350752	-0.539585	0.117640	-0.428617	-0.414045	0.081328	-0.333421	-0.412212	0.094335	-0.438124	-0.350741	0.137627	-0.388792	-0.602335	0.064980	-0.390704	-0.771260	0.730801	-0.576313	-0.720957	0.722999	-0.574559	-0.781500	0.689010	-0.572874	-0.728538	0.682526	-0.573377	-0.789012	0.483466	-0.541302	-0.787849	0.481606	-0.438718	-0.904021	0.437734	-0.558785	-0.870561	0.402824	-0.543620	-0.940770	0.410478	-0.558034	-0.907140	0.376740	-0.543273	-1.125391	0.248871	-0.505098	-1.098923	0.235487	-0.426429	-1.144436	0.109815	-0.522064	-1.126466	0.111454	-0.417873	-1.090161	0.068081	-0.474551	-1.162970	0.301126	-0.466184	-0.620567	1.385489	-0.251639	-0.569231	1.383279	-0.539643	
54	0.2650	-0.672772	0.946374	-0.299762	-0.663754	0.937643	-0.524444	-0.824816	0.966603	-0.374356	-0.820410	0.976071	-0.467510	-0.690177	0.737530	-0.259310	-0.635709	0.758226	-0.258182	-0.662270	0.688833	-0.259954	-0.608174	0.709227	-0.263321	-0.555938	0.501883	-0.309901	-0.555258	0.500715	-0.401772	-0.607635	0.388220	-0.292332	-0.564482	0.390519	-0.290952	-0.599540	0.343679	-0.291500	-0.550918	0.353823	-0.296907	-0.526116	0.111548	-0.351744	-0.524392	0.115473	-0.429794	-0.399946	0.079414	-0.333480	-0.397318	0.091181	-0.438202	-0.335887	0.134322	-0.388491	-0.587521	0.064014	-0.392329	-0.753997	0.729029	-0.577302	-0.703695	0.721695	-0.575632	-0.763795	0.687128	-0.573951	-0.710819	0.681155	-0.574550	-0.769450	0.481320	-0.543067	-0.768006	0.479140	-0.439955	-0.884983	0.437548	-0.560403	-0.852334	0.401911	-0.545090	-0.922386	0.411193	-0.559608	-0.889587	0.376786	-0.544649	-1.110904	0.254699	-0.506035	-1.084792	0.241012	-0.427410	-1.132903	0.115269	-0.522396	-1.114827	0.117208	-0.418394	-1.079774	0.070968	-0.475029	-1.147107	0.308534	-0.467557	-0.606185	1.383050	-0.250542	-0.555840	1.382256	-0.539297	
55	0.2700	-0.656816	0.944679	-0.300157	-0.648258	0.936391	-0.524962	-0.809174	0.964281	-0.374544	-0.805055	0.973825	-0.467749	-0.674868	0.735052	-0.259771	-0.620274	0.755511	-0.258652	-0.647159	0.686208	-0.260546	-0.592994	0.706375	-0.264052	-0.541349	0.499255	-0.310808	-0.540868	0.498281	-0.402570	-0.593042	0.385909	-0.293270	-0.549989	0.388096	-0.291872	-0.585068	0.341430	-0.292448	-0.536488	0.351462	-0.297877	-0.512726	0.109854	-0.352666	-0.510638	0.113381	-0.430940	-0.387483	0.077240	-0.333428	-0.384000	0.087647	-0.438184	-0.322495	0.130399	-0.388087	-0.574331	0.063390	-0.393896	-0.736526	0.727090	-0.578293	-0.686211	0.720285	-0.576700	-0.745830	0.685074	-0.575041	-0.692836	0.679677	-0.575739	-0.749373	0.479055	-0.544840	-0.747648	0.476542	-0.441225	-0.865338	0.437173	-0.562055	-0.833499	0.400839	-0.546586	-0.903372	0.411710	-0.561218	-0.871406	0.376669	-0.546045	-1.095654	0.260323	-0.506984	-1.069902	0.246378	-0.428400	-1.120181	0.120643	-0.522846	-1.102062	0.122871	-0.419016	-1.068129	0.074035	-0.475583	-1.130671	0.315528	-0.468956	-0.591736	1.380214	-0.249379	-0.542468	1.380982	-0.539106	
56	0.2750	-0.640852	0.942941	-0.300515	-0.632750	0.935024	-0.525461	-0.793553	0.961845	-0.374706	-0.789730	0.971410	-0.467966	-0.659471	0.732547	-0.260197	-0.604766	0.752796	-0.259105	-0.631943	0.683575	-0.261115	-0.577721	0.703538	-0.264770	-0.526677	0.496597	-0.311721	-0.526398	0.495819	-0.403373	-0.578636	0.383779	-0.294159	-0.535710	0.385691	-0.292815	-0.570941	0.339354	-0.293347	-0.522413	0.349099	-0.298869	-0.500733	0.108266	-0.353521	-0.498299	0.111376	-0.432055	-0.376596	0.074834	-0.333295	-0.372218	0.083790	-0.438099	-0.310529	0.125930	-0.387615	-0.562725	0.063076	-0.395397	-0.718839	0.725016	-0.579281	-0.668500	0.718802	-0.577757	-0.727598	0.682884	-0.576139	-0.674583	0.678129	-0.576937	-0.728775	0.476716	-0.546612	-0.726769	0.473863	-0.442520	-0.845078	0.436636	-0.563736	-0.814039	0.399639	-0.548101	-0.883714	0.412048	-0.562858	-0.852574	0.376411	-0.547457	-1.079593	0.265697	-0.507951	-1.054198	0.251536	-0.429405	-1.106203	0.125878	-0.523428	-1.088104	0.128374	-0.419749	-1.055139	0.077241	-0.476227	-1.113627	0.322058	-0.470378	-0.577211	1.377017	-0.248161	-0.529091	1.379483	-0.539069	
57	0.2800	-0.624871	0.941184	-0.300831	-0.617217	0.933562	-0.525935	-0.777940	0.959330	-0.374841	-0.774417	0.968856	-0.468160	-0.643985	0.730049	-0.260586	-0.589184	0.750109	-0.259542	-0.616625	0.680965	-0.261662	-0.562356	0.700744	-0.265471	-0.511940	0.493934	-0.312641	-0.511866	0.493353	-0.404183	-0.564421	0.381838	-0.294995	-0.521651	0.383320	-0.293781	-0.557157	0.337455	-0.294196	-0.508691	0.346749	-0.299883	-0.490085	0.106786	-0.354312	-0.487339	0.109468	-0.433140	-0.367211	0.072235	-0.333107	-0.361921	0.079677	-0.437975	-0.299944	0.120998	-0.387110	-0.552646	0.063040	-0.396821	-0.700930	0.722845	-0.580258	-0.650556	0.717282	-0.578794	-0.709093	0.680597	-0.577235	-0.656056	0.676548	-0.578134	-0.707654	0.474353	-0.548372	-0.705367	0.471155	-0.443835	-0.824199	0.435964	-0.565435	-0.793939	0.398347	-0.549629	-0.863402	0.412223	-0.564520	-0.833070	0.376036	-0.548882	-1.062676	0.270776	-0.508942	-1.037629	0.256439	-0.430430	-1.090905	0.130914	-0.524155	-1.072892	0.133653	-0.420604	-1.040723	0.080540	-0.476975	-1.095941	0.328078	-0.471819	-0.562597	1.373500	-0.246899	-0.515683	1.377789	-0.539180	
58	0.2850	-0.608861	0.939429	-0.301101	-0.601647	0.932029	-0.526381	-0.762315	0.956771	-0.374951	-0.759096	0.966200	-0.468329	-0.628412	0.727586	-0.260939	-0.573529	0.747477	-0.259961	-0.601210	0.678407	-0.262184	-0.546906	0.698016	-0.266152	-0.497164	0.491282	-0.313569	-0.497296	0.490900	-0.404998	-0.550408	0.380088	-0.295778	-0.507818	0.380996	-0.294767	-0.543715	0.335736	-0.294993	-0.495323	0.344425	-0.300918	-0.480722	0.105420	-0.355042	-0.477704	0.107669	-0.434193	-0.359240	0.069483	-0.332889	-0.353043	0.075379	-0.437837	-0.290682	0.115699	-0.386600	-0.544020	0.063250	-0.398162	-0.682793	0.720616	-0.581215	-0.632375	0.715762	-0.579805	-0.690311	0.678254	-0.578322	-0.637253	0.674974	-0.579323	-0.686007	0.472017	-0.550111	-0.683443	0.468471	-0.445162	-0.802696	0.435189	-0.567143	-0.773186	0.396997	-0.551163	-0.842427	0.412256	-0.566196	-0.812874	0.375571	-0.550315	-1.044862	0.275515	-0.509960	-1.020148	0.261039	-0.431480	-1.074234	0.135696	-0.525036	-1.056370	0.138643	-0.421589	-1.024811	0.083883	-0.477843	-1.077580	0.333540	-0.473273	-0.547882	1.369714	-0.245609	-0.502221	1.375932	-0.539434	
59	0.2900	-0.592810	0.937700	-0.301322	-0.586026	0.930447	-0.526792	-0.746664	0.954205	-0.375033	-0.743748	0.963477	-0.468472	-0.612756	0.725187	-0.261256	-0.557805	0.744918	-0.260361	-0.585713	0.675925	-0.262680	-0.531381	0.695372	-0.266809	-0.482381	0.488658	-0.314503	-0.482721	0.488476	-0.405818	-0.536610	0.378528	-0.296506	-0.494223	0.378731	-0.295770	-0.530618	0.334196	-0.295739	-0.482311	0.342140	-0.301972	-0.472572	0.104172	-0.355714	-0.469334	0.105993	-0.435215	-0.352587	0.066629	-0.332662	-0.345508	0.070971	-0.437705	-0.282676	0.110132	-0.386112	-0.536762	0.063675	-0.399412	-0.664425	0.718370	-0.582147	-0.613957	0.714281	-0.580782	-0.671250	0.675900	-0.579393	-0.618175	0.673447	-0.580495	-0.663839	0.469758	-0.551820	-0.661000	0.465867	-0.446492	-0.780573	0.434340	-0.568850	-0.751772	0.395627	-0.552696	-0.820787	0.412166	-0.567875	-0.791973	0.375041	-0.551751	-1.026118	0.279870	-0.511009	-1.001716	0.265291	-0.432559	-1.056145	0.140168	-0.526080	-1.038493	0.143284	-0.422709	-1.007346	0.087220	-0.478843	-1.058515	0.338401	-0.474735	-0.533058	1.365713	-0.244307	-0.488686	1.373947	-0.539823	
60	0.2950	-0.576709	0.936017	-0.301491	-0.570346	0.928842	-0.527164	-0.730971	0.951666	-0.375086	-0.728356	0.960725	-0.468587	-0.597029	0.722874	-0.261538	-0.542020	0.742451	-0.260742	-0.570149	0.673539	-0.263149	-0.515796	0.692825	-0.267440	-0.467629	0.486072	-0.315442	-0.468178	0.486094	-0.406643	-0.523046	0.377154	-0.297180	-0.480880	0.376535	-0.296788	-0.517868	0.332832	-0.296437	-0.469659	0.339905	-0.303043	-0.465553	0.103048	-0.356330	-0.462153	0.104453	-0.436202	-0.347146	0.063721	-0.332445	-0.339228	0.066531	-0.437596	-0.275851	0.104403	-0.385666	-0.530772	0.064287	-0.400566	-0.645826	0.716147	-0.583046	-0.595302	0.712876	-0.581719	-0.651913	0.673578	-0.580440	-0.598825	0.672008	-0.581641	-0.641158	0.467629	-0.553489	-0.638050	0.463397	-0.447816	-0.757837	0.433448	-0.570543	-0.729696	0.394271	-0.554219	-0.798483	0.411974	-0.569548	-0.770360	0.374473	-0.553183	-1.006419	0.283798	-0.512090	-0.982303	0.269151	-0.433670	-1.036610	0.144284	-0.527291	-1.019229	0.147520	-0.423969	-0.988287	0.090500	-0.479986	-1.038723	0.342621	-0.476199	-0.518117	1.361558	-0.243010	-0.475062	1.371872	-0.540339	
61	0.3000	-0.560551	0.934398	-0.301607	-0.554599	0.927240	-0.527493	-0.715222	0.949189	-0.375112	-0.712906	0.957979	-0.468671	-0.581244	0.720668	-0.261787	-0.526187	0.740088	-0.261104	-0.554541	0.671267	-0.263593	-0.500170	0.690385	-0.268043	-0.452953	0.483534	-0.316385	-0.453709	0.483762	-0.407470	-0.509736	0.375955	-0.297802	-0.467810	0.374414	-0.297815	-0.505473	0.331636	-0.297087	-0.457374	0.337729	-0.304126	-0.459577	0.102056	-0.356893	-0.456078	0.103062	-0.437153	-0.342807	0.060811	-0.332251	-0.334107	0.062131	-0.437522	-0.270125	0.098615	-0.385280	-0.525942	0.065058	-0.401620	-0.627002	0.713988	-0.583906	-0.576419	0.711585	-0.582609	-0.632306	0.671329	-0.581457	-0.579214	0.670696	-0.582753	-0.617981	0.465676	-0.555109	-0.614610	0.461113	-0.449124	-0.734505	0.432543	-0.572212	-0.706965	0.392963	-0.555723	-0.775530	0.411701	-0.571205	-0.748038	0.373891	-0.554604	-0.985752	0.287262	-0.513203	-0.961890	0.272577	-0.434812	-1.015613	0.147998	-0.528673	-0.998561	0.151302	-0.425373	-0.967611	0.093674	-0.481283	-1.018188	0.346163	-0.477660	-0.503056	1.357313	-0.241735	-0.461338	1.369744	-0.540972	
62	0.3050	-0.544331	0.932859	-0.301668	-0.538783	0.925664	-0.527777	-0.699408	0.946807	-0.375107	-0.697386	0.955278	-0.468723	-0.565420	0.718587	-0.262005	-0.510322	0.737838	-0.261444	-0.538916	0.669123	-0.264012	-0.484529	0.688059	-0.268613	-0.438400	0.481048	-0.317329	-0.439362	0.481486	-0.408298	-0.496703	0.374922	-0.298373	-0.455032	0.372373	-0.298847	-0.493440	0.330600	-0.297693	-0.445468	0.335620	-0.305217	-0.454550	0.101201	-0.357406	-0.451018	0.101830	-0.438065	-0.339453	0.057949	-0.332093	-0.330042	0.057845	-0.437493	-0.265410	0.092868	-0.384963	-0.522158	0.065963	-0.402572	-0.607962	0.711931	-0.584723	-0.557319	0.710442	-0.583446	-0.612443	0.669195	-0.582436	-0.559355	0.669546	-0.583821	-0.594333	0.463944	-0.556671	-0.590708	0.459064	-0.450407	-0.710604	0.431654	-0.573844	-0.683597	0.391737	-0.557202	-0.751949	0.411366	-0.572834	-0.725021	0.373319	-0.556009	-0.964117	0.290229	-0.514350	-0.940476	0.275536	-0.435985	-0.993159	0.151273	-0.530225	-0.976488	0.154586	-0.426919	-0.945316	0.096696	-0.482738	-0.996907	0.348998	-0.479110	-0.487875	1.353044	-0.240502	-0.447511	1.367603	-0.541709	
63	0.3100	-0.528052	0.931413	-0.301675	-0.522901	0.924140	-0.528013	-0.683526	0.944546	-0.375071	-0.681793	0.952653	-0.468742	-0.549583	0.716643	-0.262195	-0.494450	0.735706	-0.261764	-0.523305	0.667115	-0.264406	-0.468901	0.685846	-0.269150	-0.424021	0.478618	-0.318273	-0.425186	0.479270	-0.409124	-0.483975	0.374040	-0.298897	-0.442572	0.370418	-0.299877	-0.481781	0.329713	-0.298259	-0.433950	0.333584	-0.306310	-0.450374	0.100489	-0.357869	-0.446877	0.100769	-0.438936	-0.336969	0.055183	-0.331978	-0.326926	0.053736	-0.437512	-0.261612	0.087258	-0.384724	-0.519299	0.066981	-0.403421	-0.588724	0.710012	-0.585490	-0.538023	0.709480	-0.584224	-0.592345	0.667213	-0.583372	-0.539272	0.668592	-0.584838	-0.570248	0.462475	-0.558166	-0.566382	0.457293	-0.451654	-0.686171	0.430807	-0.575427	-0.659622	0.390622	-0.558645	-0.727774	0.410987	-0.574425	-0.701335	0.372780	-0.557389	-0.941532	0.292669	-0.515526	-0.918072	0.277995	-0.437188	-0.969276	0.154080	-0.531943	-0.953031	0.157338	-0.428605	-0.921428	0.099521	-0.484355	-0.974888	0.351103	-0.480542	-0.472580	1.348816	-0.239327	-0.433582	1.365487	-0.542540	
64	0.3150	-0.511719	0.930071	-0.301629	-0.506963	0.922689	-0.528201	-0.667578	0.942433	-0.375002	-0.666128	0.950138	-0.468724	-0.533762	0.714845	-0.262360	-0.478595	0.733694	-0.262064	-0.507745	0.665250	-0.264777	-0.453320	0.683745	-0.269652	-0.409871	0.476246	-0.319213	-0.411235	0.477115	-0.409946	-0.471580	0.373294	-0.299379	-0.430456	0.368548	-0.300900	-0.470509	0.328963	-0.298788	-0.422834	0.331626	-0.307400	-0.446951	0.099924	-0.358287	-0.443555	0.099884	-0.439762	-0.335240	0.052556	-0.331911	-0.324650	0.049864	-0.437582	-0.258639	0.081872	-0.384564	-0.517245	0.068090	-0.404168	-0.569315	0.708264	-0.586205	-0.518557	0.708725	-0.584940	-0.572042	0.665417	-0.584260	-0.518996	0.667862	-0.585797	-0.545774	0.461302	-0.559588	-0.541680	0.455840	-0.452857	-0.661255	0.430026	-0.576949	-0.635083	0.389644	-0.560044	-0.703053	0.410582	-0.575967	-0.677021	0.372293	-0.558737	-0.918030	0.294562	-0.516729	-0.894712	0.279932	-0.438418	-0.944011	0.156397	-0.533820	-0.928233	0.159534	-0.430426	-0.895994	0.102113	-0.486133	-0.952153	0.352461	-0.481951	-0.457182	1.344697	-0.238228	-0.419560	1.363434	-0.543449	
65	0.3200	-0.495348	0.928842	-0.301532	-0.490984	0.921331	-0.528339	-0.651573	0.940488	-0.374900	-0.650401	0.947760	-0.468669	-0.517990	0.713200	-0.262503	-0.462791	0.731799	-0.262342	-0.492276	0.663529	-0.265127	-0.437825	0.681753	-0.270118	-0.396003	0.473930	-0.320146	-0.397560	0.475021	-0.410760	-0.459548	0.372666	-0.299822	-0.418712	0.366765	-0.301910	-0.459639	0.328335	-0.299286	-0.412136	0.329749	-0.308481	-0.444183	0.099510	-0.358660	-0.440953	0.099182	-0.440541	-0.334152	0.050106	-0.331892	-0.323102	0.046276	-0.437700	-0.256393	0.076785	-0.384484	-0.515873	0.069276	-0.404814	-0.549769	0.706715	-0.586865	-0.498958	0.708200	-0.585588	-0.551572	0.663836	-0.585095	-0.498565	0.667380	-0.586690	-0.520969	0.460453	-0.560929	-0.516663	0.454734	-0.454007	-0.635919	0.429332	-0.578401	-0.610039	0.388824	-0.561393	-0.677848	0.410167	-0.577451	-0.652135	0.371876	-0.560047	-0.893666	0.295892	-0.517954	-0.870447	0.281331	-0.439669	-0.917438	0.158211	-0.535846	-0.902161	0.161158	-0.432374	-0.869094	0.104439	-0.488069	-0.928744	0.353065	-0.483328	-0.441701	1.340748	-0.237221	-0.405462	1.361480	-0.544423	
66	0.3250	-0.478959	0.927729	-0.301387	-0.474990	0.920086	-0.528429	-0.635530	0.938728	-0.374763	-0.634632	0.945543	-0.468575	-0.502308	0.711709	-0.262629	-0.447075	0.730019	-0.262599	-0.476942	0.661953	-0.265457	-0.422459	0.679863	-0.270547	-0.382472	0.471669	-0.321067	-0.384217	0.472987	-0.411563	-0.447909	0.372140	-0.300232	-0.407367	0.365067	-0.302899	-0.449186	0.327817	-0.299756	-0.401870	0.327955	-0.309545	-0.441975	0.099247	-0.358991	-0.438969	0.098664	-0.441271	-0.333597	0.047863	-0.331922	-0.322175	0.043012	-0.437862	-0.254781	0.072062	-0.384478	-0.515066	0.070522	-0.405365	-0.530130	0.705387	-0.587466	-0.479272	0.707923	-0.586167	-0.530983	0.662494	-0.585873	-0.478030	0.667164	-0.587513	-0.495904	0.459949	-0.562185	-0.491405	0.453999	-0.455095	-0.610242	0.428742	-0.579772	-0.584564	0.388181	-0.562685	-0.652236	0.409757	-0.578867	-0.626750	0.371544	-0.561312	-0.868513	0.296653	-0.519196	-0.845352	0.282184	-0.440936	-0.889659	0.159515	-0.538006	-0.874908	0.162204	-0.434438	-0.840833	0.106474	-0.490154	-0.904717	0.352919	-0.484669	-0.426164	1.337028	-0.236319	-0.391314	1.359658	-0.545448	
67	0.3300	-0.462582	0.926735	-0.301199	-0.459013	0.918967	-0.528472	-0.619475	0.937164	-0.374591	-0.618846	0.943506	-0.468442	-0.486760	0.710372	-0.262739	-0.431490	0.728348	-0.262836	-0.461792	0.660518	-0.265771	-0.407268	0.678066	-0.270940	-0.369333	0.469463	-0.321973	-0.371256	0.471012	-0.412351	-0.436696	0.371698	-0.300613	-0.396451	0.363455	-0.303862	-0.439167	0.327392	-0.300203	-0.392051	0.326245	-0.310586	-0.440234	0.099134	-0.359283	-0.437506	0.098329	-0.441950	-0.333475	0.045852	-0.331996	-0.321764	0.040100	-0.438061	-0.253708	0.067754	-0.384539	-0.514712	0.071817	-0.405825	-0.510452	0.704298	-0.588009	-0.459554	0.707905	-0.586674	-0.510334	0.661409	-0.586593	-0.457449	0.667223	-0.588261	-0.470667	0.459804	-0.563350	-0.465993	0.453649	-0.456115	-0.584314	0.428270	-0.581053	-0.558747	0.387728	-0.563912	-0.626308	0.409363	-0.580208	-0.600957	0.371307	-0.562525	-0.842666	0.296847	-0.520448	-0.819520	0.282491	-0.442214	-0.860798	0.160315	-0.540286	-0.846591	0.162679	-0.436604	-0.811349	0.108200	-0.492377	-0.880150	0.352035	-0.485966	-0.410604	1.333589	-0.235534	-0.377150	1.357998	-0.546508	
68	0.3350	-0.446257	0.925861	-0.300971	-0.443093	0.917986	-0.528472	-0.603447	0.935803	-0.374383	-0.603083	0.941665	-0.468269	-0.471394	0.709186	-0.262839	-0.416084	0.726780	-0.263054	-0.446876	0.659220	-0.266069	-0.392303	0.676356	-0.271297	-0.356636	0.467310	-0.322858	-0.358728	0.469093	-0.413119	-0.425937	0.371324	-0.300969	-0.385990	0.361924	-0.304793	-0.429599	0.327048	-0.300630	-0.382696	0.324621	-0.311597	-0.438875	0.099167	-0.359536	-0.436471	0.098173	-0.442576	-0.333689	0.044090	-0.332111	-0.321769	0.037556	-0.438290	-0.253088	0.063896	-0.384659	-0.514706	0.073150	-0.406200	-0.490799	0.703460	-0.588492	-0.439868	0.708150	-0.587110	-0.489696	0.660591	-0.587252	-0.436892	0.667563	-0.588930	-0.445354	0.460020	-0.564423	-0.440526	0.453689	-0.457060	-0.558242	0.427925	-0.582237	-0.532694	0.387472	-0.565070	-0.600173	0.408996	-0.581467	-0.574863	0.371174	-0.563682	-0.816242	0.296486	-0.521703	-0.793069	0.282262	-0.443493	-0.831009	0.160623	-0.542665	-0.817356	0.162597	-0.438858	-0.780805	0.109608	-0.494721	-0.855136	0.350437	-0.487215	-0.395064	1.330476	-0.234874	-0.363012	1.356526	-0.547588	
69	0.3400	-0.430030	0.925104	-0.300710	-0.427280	0.917150	-0.528431	-0.587490	0.934647	-0.374138	-0.587388	0.940029	-0.468057	-0.456266	0.708144	-0.262930	-0.400910	0.725307	-0.263252	-0.432249	0.658051	-0.266353	-0.377616	0.674724	-0.271618	-0.344431	0.465209	-0.323717	-0.346681	0.467231	-0.413864	-0.415662	0.371004	-0.301306	-0.376012	0.360475	-0.305685	-0.420497	0.326772	-0.301042	-0.373818	0.323083	-0.312570	-0.437819	0.099341	-0.359755	-0.435778	0.098190	-0.443148	-0.334156	0.042586	-0.332259	-0.322098	0.035389	-0.438540	-0.252835	0.060511	-0.384828	-0.514950	0.074514	-0.406497	-0.471243	0.702877	-0.588917	-0.420288	0.708657	-0.587473	-0.469147	0.660047	-0.587849	-0.416438	0.668181	-0.589520	-0.420077	0.460595	-0.565400	-0.415117	0.454117	-0.457927	-0.532145	0.427713	-0.583319	-0.506526	0.387417	-0.566155	-0.573952	0.408663	-0.582637	-0.548592	0.371148	-0.564777	-0.789376	0.295589	-0.522952	-0.766136	0.281517	-0.444768	-0.800470	0.160461	-0.545123	-0.787372	0.161984	-0.441180	-0.749395	0.110694	-0.497169	-0.829791	0.348159	-0.488409	-0.379595	1.327725	-0.234346	-0.348948	1.355262	-0.548674	
70	0.3450	-0.413957	0.924459	-0.300421	-0.411630	0.916465	-0.528353	-0.571661	0.933693	-0.373859	-0.571818	0.938602	-0.467807	-0.441430	0.707240	-0.263015	-0.386022	0.723922	-0.263432	-0.417966	0.657004	-0.266626	-0.363264	0.673163	-0.271906	-0.332761	0.463161	-0.324547	-0.335158	0.465424	-0.414582	-0.405896	0.370723	-0.301626	-0.366539	0.359104	-0.306534	-0.411877	0.326550	-0.301441	-0.365431	0.321631	-0.313501	-0.436994	0.099648	-0.359940	-0.435345	0.098368	-0.443665	-0.334799	0.041341	-0.332434	-0.322667	0.033595	-0.438801	-0.252874	0.057609	-0.385035	-0.515359	0.075899	-0.406724	-0.451866	0.702549	-0.589284	-0.400897	0.709417	-0.587766	-0.448776	0.659774	-0.588384	-0.396174	0.669067	-0.590030	-0.394957	0.461515	-0.566283	-0.389886	0.454920	-0.458714	-0.506154	0.427636	-0.584296	-0.480379	0.387560	-0.567163	-0.547779	0.408372	-0.583716	-0.522281	0.371230	-0.565806	-0.762222	0.294187	-0.524187	-0.738879	0.280284	-0.446029	-0.769380	0.159857	-0.547636	-0.756831	0.160875	-0.443551	-0.717334	0.111464	-0.499699	-0.804244	0.345248	-0.489546	-0.364255	1.325363	-0.233952	-0.335016	1.354221	-0.549752	
71	0.3500	-0.398102	0.923919	-0.300110	-0.396207	0.915931	-0.528244	-0.556022	0.932936	-0.373547	-0.556437	0.937386	-0.467523	-0.426948	0.706464	-0.263096	-0.371482	0.722618	-0.263595	-0.404084	0.656070	-0.266888	-0.349302	0.671667	-0.272162	-0.321667	0.461168	-0.325341	-0.324197	0.463675	-0.415267	-0.396662	0.370470	-0.301934	-0.357592	0.357811	-0.307334	-0.403751	0.326373	-0.301828	-0.357544	0.320264	-0.314382	-0.436338	0.100076	-0.360094	-0.435103	0.098697	-0.444128	-0.335552	0.040351	-0.332627	-0.323399	0.032162	-0.439065	-0.253132	0.055185	-0.385268	-0.515857	0.077301	-0.406888	-0.432757	0.702470	-0.589597	-0.381785	0.710416	-0.587990	-0.428678	0.659763	-0.588860	-0.376196	0.670204	-0.590461	-0.370127	0.462761	-0.567070	-0.364965	0.456075	-0.459418	-0.480411	0.427692	-0.585164	-0.454398	0.387893	-0.568093	-0.521801	0.408126	-0.584699	-0.496081	0.371420	-0.566767	-0.734951	0.292317	-0.525401	-0.711471	0.278598	-0.447267	-0.737961	0.158848	-0.550180	-0.725947	0.159313	-0.445950	-0.684862	0.111928	-0.502286	-0.778643	0.341759	-0.490621	-0.349110	1.323408	-0.233692	-0.321280	1.353413	-0.550809	
72	0.3550	-0.382536	0.923478	-0.299785	-0.381081	0.915545	-0.528107	-0.540646	0.932364	-0.373204	-0.541315	0.936375	-0.467206	-0.412880	0.705808	-0.263175	-0.357349	0.721389	-0.263742	-0.390659	0.655241	-0.267142	-0.335789	0.670231	-0.272387	-0.311182	0.459233	-0.326096	-0.313833	0.461984	-0.415917	-0.387980	0.370236	-0.302231	-0.349189	0.356593	-0.308081	-0.396131	0.326231	-0.302206	-0.350166	0.318983	-0.315208	-0.435797	0.100615	-0.360220	-0.434987	0.099160	-0.444537	-0.336358	0.039605	-0.332833	-0.324228	0.031071	-0.439323	-0.253547	0.053226	-0.385517	-0.516382	0.078712	-0.406997	-0.414013	0.702626	-0.589857	-0.363046	0.711634	-0.588151	-0.408956	0.660002	-0.589277	-0.356604	0.671572	-0.590815	-0.345725	0.464306	-0.567765	-0.340491	0.457554	-0.460039	-0.455063	0.427875	-0.585925	-0.428740	0.388407	-0.568944	-0.496172	0.407926	-0.585586	-0.470154	0.371710	-0.567658	-0.707747	0.290024	-0.526583	-0.684101	0.276504	-0.448475	-0.706450	0.157477	-0.552730	-0.694949	0.157349	-0.448354	-0.652234	0.112107	-0.504905	-0.753148	0.337757	-0.491631	-0.334229	1.321865	-0.233563	-0.307805	1.352841	-0.551833	
73	0.3600	-0.367334	0.923127	-0.299450	-0.366326	0.915299	-0.527949	-0.525609	0.931964	-0.372833	-0.526530	0.935561	-0.466861	-0.399288	0.705259	-0.263253	-0.343687	0.720231	-0.263873	-0.377747	0.654508	-0.267387	-0.322781	0.668852	-0.272585	-0.301334	0.457360	-0.326807	-0.304091	0.460355	-0.416527	-0.379865	0.370015	-0.302520	-0.341342	0.355452	-0.308774	-0.389024	0.326117	-0.302575	-0.343303	0.317789	-0.315975	-0.435327	0.101250	-0.360319	-0.434946	0.099741	-0.444893	-0.337172	0.039086	-0.333043	-0.325100	0.030294	-0.439568	-0.254064	0.051704	-0.385772	-0.516881	0.080125	-0.407059	-0.395731	0.702999	-0.590069	-0.344780	0.713045	-0.588252	-0.389717	0.660470	-0.589638	-0.337504	0.673142	-0.591096	-0.321894	0.466114	-0.568370	-0.316605	0.459321	-0.460581	-0.430266	0.428176	-0.586580	-0.403565	0.389083	-0.569716	-0.471052	0.407774	-0.586377	-0.444667	0.372094	-0.568476	-0.680805	0.287363	-0.527727	-0.656966	0.274054	-0.449644	-0.675098	0.155792	-0.555260	-0.664082	0.155039	-0.450742	-0.619721	0.112022	-0.507528	-0.727930	0.333316	-0.492574	-0.319689	1.320731	-0.233558	-0.294664	1.352501	-0.552813	
74	0.3650	-0.352576	0.922857	-0.299113	-0.352019	0.915187	-0.527773	-0.510991	0.931720	-0.372440	-0.512161	0.934931	-0.466492	-0.386233	0.704807	-0.263332	-0.330558	0.719139	-0.263991	-0.365402	0.653861	-0.267623	-0.310332	0.667529	-0.272756	-0.292145	0.455556	-0.327471	-0.294994	0.458793	-0.417096	-0.372327	0.369800	-0.302801	-0.334061	0.354385	-0.309408	-0.382436	0.326024	-0.302935	-0.336955	0.316680	-0.316679	-0.434891	0.101966	-0.360394	-0.434936	0.100422	-0.445199	-0.337956	0.038774	-0.333251	-0.325966	0.029801	-0.439793	-0.254637	0.050588	-0.386024	-0.517314	0.081535	-0.407083	-0.378014	0.703567	-0.590236	-0.327088	0.714619	-0.588298	-0.371069	0.661143	-0.589946	-0.319002	0.674882	-0.591308	-0.298777	0.468147	-0.568890	-0.293449	0.461334	-0.461044	-0.406174	0.428582	-0.587132	-0.379039	0.389904	-0.570410	-0.446602	0.407668	-0.587074	-0.419792	0.372561	-0.569223	-0.654325	0.284392	-0.528825	-0.630271	0.271303	-0.450766	-0.644158	0.153844	-0.557745	-0.633595	0.152444	-0.453090	-0.587596	0.111703	-0.510129	-0.703165	0.328518	-0.493448	-0.305567	1.319993	-0.233667	-0.281929	1.352387	-0.553740	
75	0.3700	-0.338342	0.922657	-0.298779	-0.338236	0.915194	-0.527587	-0.496875	0.931614	-0.372029	-0.498291	0.934471	-0.466106	-0.373776	0.704443	-0.263410	-0.318021	0.718111	-0.264095	-0.353673	0.653293	-0.267851	-0.298496	0.666262	-0.272904	-0.283630	0.453826	-0.328085	-0.286557	0.457302	-0.417619	-0.365372	0.369590	-0.303074	-0.327348	0.353394	-0.309983	-0.376366	0.325948	-0.303285	-0.331122	0.315658	-0.317318	-0.434463	0.102747	-0.360448	-0.434922	0.101183	-0.445457	-0.338684	0.038644	-0.333451	-0.326791	0.029557	-0.439994	-0.255227	0.049836	-0.386266	-0.517653	0.082934	-0.407075	-0.360961	0.704305	-0.590363	-0.310069	0.716323	-0.588296	-0.353118	0.661993	-0.590204	-0.301203	0.676757	-0.591457	-0.276517	0.470361	-0.569330	-0.271162	0.463546	-0.461435	-0.382940	0.429080	-0.587587	-0.355325	0.390848	-0.571029	-0.422983	0.407606	-0.587680	-0.395700	0.373099	-0.569898	-0.628507	0.281174	-0.529868	-0.604223	0.268314	-0.451835	-0.613890	0.151688	-0.560162	-0.603741	0.149630	-0.455377	-0.556136	0.111181	-0.512679	-0.679033	0.323449	-0.494253	-0.291941	1.319628	-0.233880	-0.269672	1.352482	-0.554608	
76	0.3750	-0.324711	0.922518	-0.298454	-0.325054	0.915308	-0.527393	-0.483342	0.931626	-0.371605	-0.484999	0.934164	-0.465708	-0.361969	0.704154	-0.263489	-0.306133	0.717145	-0.264188	-0.342606	0.652797	-0.268071	-0.287319	0.665052	-0.273031	-0.275795	0.452178	-0.328647	-0.278786	0.455888	-0.418097	-0.359000	0.369383	-0.303340	-0.321204	0.352478	-0.310499	-0.370813	0.325885	-0.303623	-0.325798	0.314721	-0.317891	-0.434024	0.103575	-0.360482	-0.434880	0.102005	-0.445669	-0.339335	0.038672	-0.333639	-0.327548	0.029524	-0.440166	-0.255803	0.049405	-0.386490	-0.517881	0.084313	-0.407042	-0.344670	0.705184	-0.590455	-0.293819	0.718123	-0.588252	-0.335969	0.662990	-0.590418	-0.284208	0.678729	-0.591550	-0.255249	0.472709	-0.569696	-0.249878	0.465906	-0.461757	-0.360710	0.429655	-0.587952	-0.332579	0.391889	-0.571576	-0.400347	0.407584	-0.588199	-0.372553	0.373694	-0.570504	-0.603549	0.277776	-0.530853	-0.579023	0.265150	-0.452843	-0.584543	0.149380	-0.562487	-0.574768	0.146660	-0.457583	-0.525610	0.110492	-0.515154	-0.655711	0.318198	-0.494989	-0.278890	1.319605	-0.234182	-0.257962	1.352770	-0.555409	
77	0.3800	-0.311761	0.922431	-0.298141	-0.312545	0.915512	-0.527198	-0.470471	0.931737	-0.371175	-0.472363	0.933990	-0.465305	-0.350865	0.703930	-0.263567	-0.294946	0.716241	-0.264269	-0.332243	0.652365	-0.268282	-0.276843	0.663902	-0.273139	-0.268642	0.450620	-0.329154	-0.271683	0.454557	-0.418527	-0.353206	0.369178	-0.303598	-0.315621	0.351637	-0.310956	-0.365770	0.325833	-0.303948	-0.320973	0.313870	-0.318398	-0.433563	0.104434	-0.360500	-0.434793	0.102868	-0.445840	-0.339898	0.038829	-0.333810	-0.328217	0.029664	-0.440309	-0.256342	0.049247	-0.386693	-0.517988	0.085665	-0.406990	-0.329231	0.706172	-0.590515	-0.278429	0.719982	-0.588173	-0.319717	0.664099	-0.590591	-0.268111	0.680760	-0.591594	-0.235098	0.475143	-0.569993	-0.229719	0.468365	-0.462017	-0.339620	0.430287	-0.588234	-0.310949	0.393002	-0.572053	-0.378840	0.407596	-0.588638	-0.350509	0.374331	-0.571043	-0.579638	0.274266	-0.531772	-0.554864	0.261876	-0.453786	-0.556358	0.146975	-0.564700	-0.546914	0.143601	-0.459687	-0.496275	0.109669	-0.517529	-0.633367	0.312855	-0.495656	-0.266486	1.319886	-0.234559	-0.246866	1.353225	-0.556140	
78	0.3850	-0.299561	0.922386	-0.297846	-0.300774	0.915791	-0.527005	-0.458334	0.931926	-0.370745	-0.460454	0.933929	-0.464902	-0.340506	0.703763	-0.263645	-0.284503	0.715398	-0.264340	-0.322615	0.651990	-0.268482	-0.267104	0.662817	-0.273230	-0.262164	0.449159	-0.329608	-0.265243	0.453315	-0.418910	-0.347979	0.368978	-0.303845	-0.310590	0.350872	-0.311355	-0.361225	0.325791	-0.304258	-0.316635	0.313103	-0.318839	-0.433074	0.105307	-0.360504	-0.434652	0.103752	-0.445973	-0.340367	0.039089	-0.333962	-0.328788	0.029941	-0.440421	-0.256828	0.049315	-0.386871	-0.517975	0.086980	-0.406926	-0.314725	0.707240	-0.590549	-0.263977	0.721864	-0.588065	-0.304451	0.665288	-0.590728	-0.252998	0.682811	-0.591595	-0.216175	0.477615	-0.570229	-0.210794	0.470870	-0.462221	-0.319792	0.430961	-0.588441	-0.290568	0.394161	-0.572466	-0.358590	0.407639	-0.589002	-0.329708	0.374995	-0.571517	-0.556950	0.270711	-0.532622	-0.531925	0.258557	-0.454660	-0.529557	0.144528	-0.566785	-0.520399	0.140516	-0.461673	-0.468367	0.108750	-0.519782	-0.612162	0.307510	-0.496256	-0.254798	1.320428	-0.234995	-0.236443	1.353823	-0.556800	
79	0.3900	-0.288173	0.922374	-0.297571	-0.289799	0.916128	-0.526818	-0.446995	0.932175	-0.370322	-0.449333	0.933962	-0.464507	-0.330927	0.703643	-0.263721	-0.274842	0.714618	-0.264402	-0.313748	0.651668	-0.268672	-0.258128	0.661800	-0.273307	-0.256348	0.447801	-0.330009	-0.259454	0.452166	-0.419247	-0.343306	0.368785	-0.304082	-0.306094	0.350182	-0.311699	-0.357163	0.325756	-0.304551	-0.312767	0.312419	-0.319218	-0.432559	0.106176	-0.360495	-0.434454	0.104638	-0.446072	-0.340743	0.039426	-0.334093	-0.329257	0.030319	-0.440503	-0.257250	0.049561	-0.387023	-0.517848	0.088249	-0.406853	-0.301224	0.708356	-0.590562	-0.250534	0.723733	-0.587936	-0.290243	0.666524	-0.590834	-0.238941	0.684843	-0.591562	-0.198578	0.480078	-0.570412	-0.193197	0.473373	-0.462376	-0.301329	0.431657	-0.588583	-0.271551	0.395341	-0.572820	-0.339708	0.407706	-0.589297	-0.310273	0.375671	-0.571931	-0.535637	0.267175	-0.533400	-0.510365	0.255254	-0.455460	-0.504336	0.142088	-0.568726	-0.495422	0.137464	-0.463528	-0.442096	0.107768	-0.521894	-0.592235	0.302249	-0.496790	-0.243884	1.321185	-0.235473	-0.226742	1.354535	-0.557386	
80	0.3950	-0.277648	0.922389	-0.297318	-0.279666	0.916504	-0.526640	-0.436508	0.932465	-0.369911	-0.439054	0.934068	-0.464124	-0.322154	0.703561	-0.263795	-0.265990	0.713901	-0.264456	-0.305658	0.651392	-0.268850	-0.249934	0.660855	-0.273370	-0.251175	0.446553	-0.330357	-0.254296	0.451114	-0.419538	-0.339164	0.368600	-0.304305	-0.302113	0.349566	-0.311991	-0.353567	0.325730	-0.304825	-0.309348	0.311816	-0.319537	-0.432022	0.107028	-0.360477	-0.434203	0.105510	-0.446141	-0.341028	0.039815	-0.334203	-0.329624	0.030764	-0.440557	-0.257603	0.049940	-0.387148	-0.517620	0.089462	-0.406777	-0.288784	0.709489	-0.590557	-0.238154	0.725557	-0.587792	-0.277153	0.667775	-0.590912	-0.225996	0.686824	-0.591502	-0.182379	0.482488	-0.570547	-0.177001	0.475825	-0.462488	-0.284316	0.432360	-0.588669	-0.253992	0.396515	-0.573119	-0.322286	0.407791	-0.589532	-0.292304	0.376345	-0.572287	-0.515832	0.263720	-0.534105	-0.490319	0.252025	-0.456186	-0.480864	0.139703	-0.570511	-0.472151	0.134498	-0.465239	-0.417642	0.106757	-0.523850	-0.573708	0.297152	-0.497262	-0.233795	1.322108	-0.235978	-0.217804	1.355331	-0.557900	
81	0.4000	-0.268026	0.922423	-0.297090	-0.270412	0.916906	-0.526473	-0.426914	0.932780	-0.369518	-0.429654	0.934229	-0.463760	-0.314202	0.703511	-0.263865	-0.257962	0.713248	-0.264502	-0.298353	0.651157	-0.269014	-0.242529	0.659986	-0.273423	-0.246619	0.445417	-0.330656	-0.249747	0.450161	-0.419787	-0.335531	0.368427	-0.304514	-0.298623	0.349022	-0.312235	-0.350414	0.325710	-0.305077	-0.306357	0.311290	-0.319800	-0.431470	0.107848	-0.360451	-0.433904	0.106352	-0.446185	-0.341231	0.040232	-0.334293	-0.329896	0.031248	-0.440586	-0.257887	0.050410	-0.387247	-0.517308	0.090609	-0.406700	-0.277443	0.710612	-0.590540	-0.226876	0.727306	-0.587640	-0.265224	0.669010	-0.590967	-0.214205	0.688719	-0.591421	-0.167632	0.484805	-0.570643	-0.162257	0.478186	-0.462566	-0.268810	0.433053	-0.588709	-0.237958	0.397661	-0.573369	-0.306387	0.407890	-0.589714	-0.275876	0.377003	-0.572592	-0.497637	0.260402	-0.534735	-0.471894	0.248924	-0.456837	-0.459274	0.137415	-0.572133	-0.450722	0.131668	-0.466799	-0.395147	0.105746	-0.525638	-0.556677	0.292290	-0.497674	-0.224567	1.323148	-0.236493	-0.209658	1.356181	-0.558345	
82	0.4050	-0.259331	0.922469	-0.296887	-0.262056	0.917316	-0.526319	-0.418238	0.933104	-0.369149	-0.421160	0.934428	-0.463419	-0.307074	0.703485	-0.263932	-0.250764	0.712659	-0.264542	-0.291828	0.650960	-0.269165	-0.235911	0.659196	-0.273466	-0.242649	0.444397	-0.330908	-0.245778	0.449310	-0.419996	-0.332378	0.368267	-0.304707	-0.295596	0.348549	-0.312435	-0.347679	0.325698	-0.305308	-0.303766	0.310838	-0.320013	-0.430915	0.108624	-0.360420	-0.433569	0.107150	-0.446207	-0.341362	0.040659	-0.334362	-0.330081	0.031744	-0.440593	-0.258104	0.050934	-0.387322	-0.516930	0.091682	-0.406625	-0.267226	0.711701	-0.590513	-0.216720	0.728954	-0.587485	-0.254480	0.670204	-0.591004	-0.203590	0.690504	-0.591327	-0.154366	0.486994	-0.570706	-0.148991	0.480418	-0.462614	-0.254847	0.433721	-0.588712	-0.223494	0.398758	-0.573574	-0.292052	0.407996	-0.589851	-0.261039	0.377632	-0.572849	-0.481126	0.257268	-0.535293	-0.455167	0.245995	-0.457414	-0.439661	0.135259	-0.573588	-0.431235	0.129013	-0.468203	-0.374713	0.104762	-0.527251	-0.541210	0.287726	-0.498031	-0.216223	1.324259	-0.237005	-0.202321	1.357056	-0.558724	
83	0.4100	-0.251572	0.922523	-0.296709	-0.254607	0.917723	-0.526181	-0.410493	0.933425	-0.368807	-0.413580	0.934648	-0.463106	-0.300763	0.703478	-0.263994	-0.244388	0.712134	-0.264575	-0.286070	0.650796	-0.269302	-0.230069	0.658487	-0.273501	-0.239231	0.443493	-0.331117	-0.242353	0.448560	-0.420167	-0.329673	0.368122	-0.304883	-0.293001	0.348142	-0.312595	-0.345333	0.325692	-0.305515	-0.301548	0.310456	-0.320180	-0.430367	0.109346	-0.360386	-0.433209	0.107893	-0.446213	-0.341431	0.041078	-0.334413	-0.330191	0.032232	-0.440582	-0.258261	0.051480	-0.387375	-0.516508	0.092673	-0.406555	-0.258137	0.712733	-0.590480	-0.207691	0.730480	-0.587332	-0.244925	0.671333	-0.591026	-0.194154	0.692154	-0.591225	-0.142584	0.489026	-0.570742	-0.137209	0.482490	-0.462639	-0.242433	0.434352	-0.588687	-0.210613	0.399788	-0.573741	-0.279294	0.408105	-0.589949	-0.247811	0.378224	-0.573062	-0.466339	0.254358	-0.535780	-0.440180	0.243277	-0.457917	-0.422083	0.133263	-0.574874	-0.413750	0.126566	-0.469448	-0.356399	0.103827	-0.528686	-0.527347	0.283511	-0.498335	-0.208775	1.325395	-0.237500	-0.195794	1.357929	-0.559041	
84	0.4150	-0.244744	0.922579	-0.296556	-0.248055	0.918113	-0.526058	-0.403673	0.933732	-0.368496	-0.406910	0.934877	-0.462821	-0.295249	0.703485	-0.264050	-0.238815	0.711673	-0.264603	-0.281055	0.650661	-0.269424	-0.224978	0.657859	-0.273529	-0.236325	0.442703	-0.331286	-0.239436	0.447908	-0.420306	-0.327381	0.367993	-0.305041	-0.290804	0.347797	-0.312720	-0.343347	0.325692	-0.305698	-0.299673	0.310137	-0.320307	-0.429838	0.110005	-0.360350	-0.432838	0.108573	-0.446207	-0.341452	0.041477	-0.334449	-0.330240	0.032694	-0.440557	-0.258366	0.052020	-0.387409	-0.516061	0.093576	-0.406491	-0.250162	0.713691	-0.590445	-0.199773	0.731868	-0.587186	-0.236543	0.672379	-0.591036	-0.185880	0.693653	-0.591121	-0.132265	0.490879	-0.570758	-0.126887	0.484380	-0.462647	-0.231550	0.434937	-0.588641	-0.199302	0.400738	-0.573874	-0.268096	0.408213	-0.590016	-0.236183	0.378768	-0.573238	-0.453284	0.251704	-0.536198	-0.426942	0.240800	-0.458352	-0.406552	0.131450	-0.575995	-0.398284	0.124351	-0.470537	-0.340220	0.102959	-0.529943	-0.515096	0.279683	-0.498592	-0.202216	1.326518	-0.237969	-0.190070	1.358776	-0.559302	
85	0.4200	-0.238825	0.922636	-0.296427	-0.242380	0.918479	-0.525951	-0.397757	0.934017	-0.368219	-0.401128	0.935102	-0.462569	-0.290502	0.703500	-0.264100	-0.234016	0.711273	-0.264626	-0.276751	0.650552	-0.269532	-0.220607	0.657312	-0.273551	-0.233888	0.442025	-0.331421	-0.236985	0.447350	-0.420416	-0.325467	0.367882	-0.305180	-0.288969	0.347511	-0.312816	-0.341688	0.325696	-0.305857	-0.298109	0.309876	-0.320401	-0.429338	0.110597	-0.360314	-0.432469	0.109183	-0.446190	-0.341435	0.041844	-0.334471	-0.330240	0.033119	-0.440522	-0.258426	0.052534	-0.387428	-0.515610	0.094386	-0.406433	-0.243269	0.714561	-0.590408	-0.192932	0.733106	-0.587049	-0.229301	0.673328	-0.591039	-0.178735	0.694991	-0.591020	-0.123363	0.492537	-0.570759	-0.117980	0.486070	-0.462643	-0.222153	0.435467	-0.588584	-0.189521	0.401595	-0.573979	-0.258416	0.408316	-0.590058	-0.226116	0.379260	-0.573379	-0.441933	0.249328	-0.536552	-0.415430	0.238582	-0.458720	-0.393043	0.129833	-0.576956	-0.384818	0.122382	-0.471474	-0.326151	0.102172	-0.531026	-0.504436	0.276268	-0.498805	-0.196525	1.327593	-0.238401	-0.185122	1.359576	-0.559512	
86	0.4250	-0.233777	0.922689	-0.296319	-0.237543	0.918812	-0.525859	-0.392711	0.934274	-0.367976	-0.396199	0.935315	-0.462349	-0.286480	0.703521	-0.264144	-0.229950	0.710932	-0.264645	-0.273114	0.650465	-0.269624	-0.216912	0.656843	-0.273569	-0.231877	0.441451	-0.331526	-0.234958	0.446882	-0.420500	-0.323893	0.367788	-0.305301	-0.287462	0.347277	-0.312887	-0.340324	0.325705	-0.305994	-0.296825	0.309667	-0.320468	-0.428876	0.111119	-0.360279	-0.432113	0.109719	-0.446168	-0.341392	0.042172	-0.334482	-0.330205	0.033497	-0.440481	-0.258451	0.053006	-0.387435	-0.515171	0.095100	-0.406383	-0.237408	0.715334	-0.590373	-0.187120	0.734190	-0.586926	-0.223147	0.674170	-0.591035	-0.172665	0.696160	-0.590924	-0.115811	0.493992	-0.570749	-0.110421	0.487553	-0.462630	-0.214173	0.435937	-0.588519	-0.181202	0.402354	-0.574060	-0.250188	0.408410	-0.590082	-0.217547	0.379695	-0.573492	-0.432231	0.247241	-0.536847	-0.405586	0.236636	-0.459027	-0.381492	0.128420	-0.577765	-0.373290	0.120666	-0.472266	-0.314123	0.101474	-0.531943	-0.495314	0.273280	-0.498980	-0.191669	1.328592	-0.238791	-0.180918	1.360312	-0.559679	
87	0.4300	-0.229552	0.922738	-0.296232	-0.233495	0.919107	-0.525783	-0.388485	0.934500	-0.367767	-0.392073	0.935510	-0.462162	-0.283134	0.703545	-0.264182	-0.226565	0.710647	-0.264660	-0.270097	0.650397	-0.269703	-0.213845	0.656449	-0.273583	-0.230244	0.440976	-0.331605	-0.233309	0.446496	-0.420563	-0.322620	0.367710	-0.305403	-0.286243	0.347090	-0.312937	-0.339221	0.325717	-0.306108	-0.295788	0.309503	-0.320511	-0.428461	0.111568	-0.360246	-0.431780	0.110182	-0.446143	-0.341333	0.042458	-0.334485	-0.330146	0.033824	-0.440437	-0.258450	0.053424	-0.387433	-0.514759	0.095718	-0.406341	-0.232516	0.716006	-0.590340	-0.182271	0.735119	-0.586817	-0.218011	0.674901	-0.591028	-0.167602	0.697162	-0.590836	-0.109520	0.495241	-0.570733	-0.104122	0.488826	-0.462613	-0.207521	0.436345	-0.588453	-0.174257	0.403011	-0.574121	-0.243321	0.408495	-0.590092	-0.210386	0.380071	-0.573580	-0.424092	0.245447	-0.537089	-0.397324	0.234964	-0.459279	-0.371798	0.127211	-0.578435	-0.363604	0.119202	-0.472923	-0.304032	0.100870	-0.532704	-0.487653	0.270717	-0.499121	-0.187601	1.329495	-0.239134	-0.177409	1.360972	-0.559807	
88	0.4350	-0.226086	0.922781	-0.296163	-0.230177	0.919362	-0.525720	-0.385018	0.934693	-0.367592	-0.388690	0.935681	-0.462005	-0.280405	0.703569	-0.264213	-0.223804	0.710414	-0.264672	-0.267642	0.650344	-0.269768	-0.211350	0.656125	-0.273594	-0.228944	0.440590	-0.331662	-0.231993	0.446185	-0.420609	-0.321610	0.367648	-0.305488	-0.285277	0.346944	-0.312971	-0.338346	0.325731	-0.306201	-0.294966	0.309377	-0.320538	-0.428097	0.111947	-0.360217	-0.431480	0.110571	-0.446117	-0.341267	0.042700	-0.334482	-0.330074	0.034099	-0.440394	-0.258432	0.053784	-0.387424	-0.514386	0.096242	-0.406306	-0.228515	0.716576	-0.590311	-0.178307	0.735896	-0.586723	-0.213813	0.675519	-0.591019	-0.163464	0.697999	-0.590759	-0.104387	0.496290	-0.570714	-0.098979	0.489893	-0.462594	-0.202087	0.436690	-0.588391	-0.168578	0.403567	-0.574166	-0.237707	0.408570	-0.590092	-0.204524	0.380388	-0.573648	-0.417402	0.243938	-0.537282	-0.390533	0.233560	-0.459481	-0.363831	0.126200	-0.578976	-0.355636	0.117981	-0.473457	-0.295741	0.100360	-0.533323	-0.481350	0.268568	-0.499231	-0.184261	1.330286	-0.239428	-0.174539	1.361547	-0.559904	
89	0.4400	-0.223308	0.922817	-0.296110	-0.227518	0.919576	-0.525670	-0.382238	0.934852	-0.367449	-0.385979	0.935827	-0.461878	-0.278229	0.703591	-0.264239	-0.221603	0.710227	-0.264681	-0.265689	0.650305	-0.269820	-0.209364	0.655864	-0.273602	-0.227931	0.440285	-0.331703	-0.230966	0.445941	-0.420641	-0.320827	0.367600	-0.305557	-0.284527	0.346833	-0.312993	-0.337668	0.325745	-0.306276	-0.294328	0.309284	-0.320552	-0.427786	0.112258	-0.360192	-0.431217	0.110891	-0.446093	-0.341199	0.042898	-0.334475	-0.329999	0.034323	-0.440353	-0.258403	0.054082	-0.387412	-0.514060	0.096676	-0.406278	-0.225317	0.717046	-0.590286	-0.175140	0.736531	-0.586644	-0.210459	0.676029	-0.591010	-0.160160	0.698683	-0.590694	-0.100294	0.497148	-0.570693	-0.094877	0.490766	-0.462575	-0.197751	0.436975	-0.588333	-0.164039	0.404025	-0.574198	-0.233223	0.408632	-0.590087	-0.199836	0.380650	-0.573698	-0.412033	0.242702	-0.537433	-0.385080	0.232409	-0.459639	-0.357435	0.125375	-0.579404	-0.349231	0.116988	-0.473881	-0.289087	0.099941	-0.533814	-0.476285	0.266811	-0.499317	-0.181581	1.330960	-0.239673	-0.172247	1.362035	-0.559975	
