name=P11 130r1 03_force.mot
nRows=451
nColumns=19
range=0.000000 0.450000
endheader
time	1_force_vx	1_force_vy	1_force_vz	1_force_px	1_force_py	1_force_pz	1_torque_x	1_torque_y	1_torque_z	2_force_vx	2_force_vy	2_force_vz	2_force_px	2_force_py	2_force_pz	2_torque_x	2_torque_y	2_torque_z
            0.000000	            0.000000	            0.000000	            0.000000	           -0.450000	            0.000000	           -0.300000	            0.000000	            0.000000	            0.000000	           14.375933	           48.699398	           -0.649912	           -1.505582	            0.000000	           -0.475742	            0.350273	            0.264697	           -0.589683
            0.001000	            0.000000	            0.000000	            0.000000	           -0.450000	            0.000000	           -0.300000	            0.000000	            0.000000	            0.000000	           18.596761	           71.187947	           -1.237972	           -1.505582	            0.000000	           -0.475742	            0.293125	            0.235876	           -0.463087
            0.002000	            0.000000	            0.000000	            0.000000	           -0.450000	            0.000000	           -0.300000	            0.000000	            0.000000	            0.000000	           22.580616	           95.893962	           -1.825109	           -1.505582	            0.000000	           -0.475742	            0.241699	            0.222190	           -0.347792
            0.003000	            0.000000	            0.000000	            0.000000	           -0.450000	            0.000000	           -0.300000	            0.000000	            0.000000	            0.000000	           26.225332	          123.075719	           -2.385150	           -1.491572	            0.000000	           -0.468361	            0.196383	            0.225908	           -0.244999
            0.004000	            0.000000	            0.000000	            0.000000	           -0.450000	            0.000000	           -0.300000	            0.000000	            0.000000	            0.000000	           29.422703	          152.944107	           -2.887700	           -1.480591	            0.000000	           -0.462765	            0.157301	            0.248915	           -0.155470
            0.005000	            0.000000	            0.000000	            0.000000	           -0.450000	            0.000000	           -0.300000	            0.000000	            0.000000	            0.000000	           32.061463	          185.651335	           -3.298578	           -1.471884	            0.000000	           -0.458536	            0.124316	            0.292671	           -0.079516
            0.006000	            0.000000	            0.000000	            0.000000	           -0.450000	            0.000000	           -0.300000	            0.000000	            0.000000	            0.000000	           34.030847	          221.281715	           -3.580483	           -1.464885	            0.000000	           -0.455342	            0.097045	            0.358192	           -0.017021
            0.007000	            0.000000	            0.000000	            0.000000	           -0.450000	            0.000000	           -0.300000	            0.000000	            0.000000	            0.000000	           35.224564	          259.844835	           -3.693862	           -1.459150	            0.000000	           -0.452909	            0.074889	            0.446045	            0.032537
            0.008000	            0.000000	            0.000000	            0.000000	           -0.450000	            0.000000	           -0.300000	            0.000000	            0.000000	            0.000000	           35.545033	          301.271347	           -3.597971	           -1.454334	            0.000000	           -0.451028	            0.057066	            0.556353	            0.070031
            0.009000	            0.000000	            0.000000	            0.000000	           -0.450000	            0.000000	           -0.300000	            0.000000	            0.000000	            0.000000	           34.907677	          345.411447	           -3.252121	           -1.450180	            0.000000	           -0.449549	            0.042655	            0.688806	            0.096630
            0.010000	            0.000000	            0.000000	            0.000000	           -0.450000	            0.000000	           -0.300000	            0.000000	            0.000000	            0.000000	           33.245068	          392.036064	           -2.617068	           -1.446503	            0.000000	           -0.448377	            0.030644	            0.842684	            0.113734
            0.011000	            0.000000	            0.000000	            0.000000	           -0.450000	            0.000000	           -0.300000	            0.000000	            0.000000	            0.000000	           30.510687	          440.840652	           -1.656494	           -1.443164	            0.000000	           -0.447447	            0.019979	            1.016878	            0.122905
            0.012000	            0.000000	            0.000000	            0.000000	           -0.450000	            0.000000	           -0.300000	            0.000000	            0.000000	            0.000000	           26.682108	          491.451407	           -0.338537	           -1.440066	            0.000000	           -0.446719	            0.009615	            1.209916	            0.125794
            0.013000	            0.000000	            0.000000	            0.000000	           -0.450000	            0.000000	           -0.300000	            0.000000	            0.000000	            0.000000	           21.763382	          543.433666	            1.362704	           -1.437141	            0.000000	           -0.446164	           -0.001439	            1.419995	            0.124076
            0.014000	            0.000000	            0.000000	            0.000000	           -0.450000	            0.000000	           -0.300000	            0.000000	            0.000000	            0.000000	           15.786465	          596.302193	            3.465766	           -1.434348	            0.000000	           -0.445769	           -0.014075	            1.645006	            0.119385
            0.015000	            0.000000	            0.000000	            0.000000	           -0.450000	            0.000000	           -0.300000	            0.000000	            0.000000	            0.000000	            8.811558	          649.533001	            5.980599	           -1.431660	            0.000000	           -0.445525	           -0.029054	            1.882562	            0.113255
            0.016000	            0.000000	            0.000000	            0.000000	           -0.450000	            0.000000	           -0.300000	            0.000000	            0.000000	            0.000000	            0.926276	          702.576356	            8.907600	           -1.429060	            0.000000	           -0.445424	           -0.046970	            2.130033	            0.107078
            0.017000	            0.000000	            0.000000	            0.000000	           -0.450000	            0.000000	           -0.300000	            0.000000	            0.000000	            0.000000	           -7.756380	          754.870581	           12.236986	           -1.426535	            0.000000	           -0.445456	           -0.068235	            2.384570	            0.102057
            0.018000	            0.000000	            0.000000	            0.000000	           -0.450000	            0.000000	           -0.300000	            0.000000	            0.000000	            0.000000	          -17.101198	          805.856268	           15.948563	           -1.424070	            0.000000	           -0.445611	           -0.093063	            2.643139	            0.099182
            0.019000	            0.000000	            0.000000	            0.000000	           -0.450000	            0.000000	           -0.300000	            0.000000	            0.000000	            0.000000	          -26.954984	          854.990520	           20.011944	           -1.421647	            0.000000	           -0.445880	           -0.121467	            2.902548	            0.099208
            0.020000	            0.000000	            0.000000	            0.000000	           -0.450000	            0.000000	           -0.300000	            0.000000	            0.000000	            0.000000	          -37.151693	          901.760857	           24.387239	           -1.419248	            0.000000	           -0.446251	           -0.153261	            3.159481	            0.102649
            0.021000	            0.000000	            0.000000	            0.000000	           -0.450000	            0.000000	           -0.300000	            0.000000	            0.000000	            0.000000	          -47.518233	          945.698435	           29.026222	           -1.416860	            0.000000	           -0.446716	           -0.188077	            3.410530	            0.109775
            0.022000	            0.000000	            0.000000	            0.000000	           -0.450000	            0.000000	           -0.300000	            0.000000	            0.000000	            0.000000	          -57.880711	          986.390241	           33.873945	           -1.414478	            0.000000	           -0.447258	           -0.225375	            3.652230	            0.120622
            0.023000	            0.000000	            0.000000	            0.000000	           -0.450000	            0.000000	           -0.300000	            0.000000	            0.000000	            0.000000	          -68.070828	         1023.489954	           38.870744	           -1.412105	            0.000000	           -0.447859	           -0.264476	            3.881099	            0.135010
            0.024000	            0.000000	            0.000000	            0.000000	           -0.450000	            0.000000	           -0.300000	            0.000000	            0.000000	            0.000000	          -77.932137	         1056.727200	           43.954562	           -1.409758	            0.000000	           -0.448492	           -0.304583	            4.093671	            0.152566
            0.025000	            0.000000	            0.000000	            0.000000	           -0.450000	            0.000000	           -0.300000	            0.000000	            0.000000	            0.000000	          -87.325864	         1085.914921	           49.063467	           -1.407467	            0.000000	           -0.449131	           -0.344815	            4.286548	            0.172752
            0.026000	            0.000000	            0.000000	            0.000000	           -0.450000	            0.000000	           -0.300000	            0.000000	            0.000000	            0.000000	          -96.136022	         1110.954652	           54.138253	           -1.405266	            0.000000	           -0.449748	           -0.384241	            4.456442	            0.194896
            0.027000	            0.000000	            0.000000	            0.000000	           -0.450000	            0.000000	           -0.300000	            0.000000	            0.000000	            0.000000	         -104.273554	         1131.839489	           59.124974	           -1.403190	            0.000000	           -0.450321	           -0.421909	            4.600227	            0.218231
            0.028000	            0.000000	            0.000000	            0.000000	           -0.450000	            0.000000	           -0.300000	            0.000000	            0.000000	            0.000000	         -111.679327	         1148.654613	           63.977260	           -1.401268	            0.000000	           -0.450828	           -0.456881	            4.714992	            0.241925
            0.029000	            0.000000	            0.000000	            0.000000	           -0.450000	            0.000000	           -0.300000	            0.000000	            0.000000	            0.000000	         -118.325799	         1161.575262	           68.658281	           -1.399517	            0.000000	           -0.451259	           -0.488260	            4.798101	            0.265121
            0.030000	            0.000000	            0.000000	            0.000000	           -0.450000	            0.000000	           -0.300000	            0.000000	            0.000000	            0.000000	         -124.217284	         1170.862121	           73.142222	           -1.397943	            0.000000	           -0.451606	           -0.515219	            4.847250	            0.286971
            0.031000	            0.000000	            0.000000	            0.000000	           -0.450000	            0.000000	           -0.300000	            0.000000	            0.000000	            0.000000	         -129.388806	         1176.854168	           77.415163	           -1.396538	            0.000000	           -0.451872	           -0.537025	            4.860531	            0.306665
            0.032000	            0.000000	            0.000000	            0.000000	           -0.450000	            0.000000	           -0.300000	            0.000000	            0.000000	            0.000000	         -133.903570	         1179.959104	           81.475293	           -1.395282	            0.000000	           -0.452059	           -0.553055	            4.836488	            0.323460
            0.033000	            0.000000	            0.000000	            0.000000	           -0.450000	            0.000000	           -0.300000	            0.000000	            0.000000	            0.000000	         -137.849195	         1180.641586	           85.332432	           -1.394144	            0.000000	           -0.452176	           -0.562815	            4.774180	            0.336705
            0.034000	            0.000000	            0.000000	            0.000000	           -0.450000	            0.000000	           -0.300000	            0.000000	            0.000000	            0.000000	         -141.332869	         1179.409568	           89.006862	           -1.393090	            0.000000	           -0.452239	           -0.565949	            4.673226	            0.345862
            0.035000	            0.000000	            0.000000	            0.000000	           -0.450000	            0.000000	           -0.300000	            0.000000	            0.000000	            0.000000	         -144.475678	         1176.799157	           92.527553	           -1.392082	            0.000000	           -0.452266	           -0.562247	            4.533856	            0.350514
            0.036000	            0.000000	            0.000000	            0.000000	           -0.450000	            0.000000	           -0.300000	            0.000000	            0.000000	            0.000000	         -147.406373	         1173.358471	           95.929873	           -1.391078	            0.000000	           -0.452277	           -0.551648	            4.356935	            0.350381
            0.037000	            0.000000	            0.000000	            0.000000	           -0.450000	            0.000000	           -0.300000	            0.000000	            0.000000	            0.000000	         -150.254889	         1169.631033	           99.252954	           -1.390035	            0.000000	           -0.452295	           -0.534237	            4.143985	            0.345322
            0.038000	            0.000000	            0.000000	            0.000000	           -0.450000	            0.000000	           -0.300000	            0.000000	            0.000000	            0.000000	         -153.145929	         1166.139316	          102.536872	           -1.388906	            0.000000	           -0.452338	           -0.510244	            3.897181	            0.335332
            0.039000	            0.000000	            0.000000	            0.000000	           -0.450000	            0.000000	           -0.300000	            0.000000	            0.000000	            0.000000	         -156.192929	         1163.369041	          105.819854	           -1.387645	            0.000000	           -0.452421	           -0.480029	            3.619329	            0.320539
            0.040000	            0.000000	            0.000000	            0.000000	           -0.450000	            0.000000	           -0.300000	            0.000000	            0.000000	            0.000000	         -159.492678	         1161.754841	          109.135699	           -1.386213	            0.000000	           -0.452554	           -0.444080	            3.313821	            0.301193
            0.041000	            0.000000	            0.000000	            0.000000	           -0.450000	            0.000000	           -0.300000	            0.000000	            0.000000	            0.000000	         -163.120881	         1161.667868	          112.511585	           -1.384582	            0.000000	           -0.452739	           -0.402990	            2.984569	            0.277655
            0.042000	            0.000000	            0.000000	            0.000000	           -0.450000	            0.000000	           -0.300000	            0.000000	            0.000000	            0.000000	         -167.128831	         1163.405825	          115.966429	           -1.382742	            0.000000	           -0.452968	           -0.357444	            2.635912	            0.250377
            0.043000	            0.000000	            0.000000	            0.000000	           -0.450000	            0.000000	           -0.300000	            0.000000	            0.000000	            0.000000	         -171.541359	         1167.185845	          119.509880	           -1.380704	            0.000000	           -0.453230	           -0.308199	            2.272509	            0.219888
            0.044000	            0.000000	            0.000000	            0.000000	           -0.450000	            0.000000	           -0.300000	            0.000000	            0.000000	            0.000000	         -176.356133	         1173.140479	          123.142024	           -1.378498	            0.000000	           -0.453502	           -0.256063	            1.899213	            0.186767
            0.045000	            0.000000	            0.000000	            0.000000	           -0.450000	            0.000000	           -0.300000	            0.000000	            0.000000	            0.000000	         -181.544298	         1181.316928	          126.853792	           -1.376173	            0.000000	           -0.453762	           -0.201873	            1.520932	            0.151628
            0.046000	            0.000000	            0.000000	            0.000000	           -0.450000	            0.000000	           -0.300000	            0.000000	            0.000000	            0.000000	         -187.052389	         1191.679509	          130.628017	           -1.373790	            0.000000	           -0.453987	           -0.146471	            1.142489	            0.115093
            0.047000	            0.000000	            0.000000	            0.000000	           -0.450000	            0.000000	           -0.300000	            0.000000	            0.000000	            0.000000	         -192.805398	         1204.115168	          134.441046	           -1.371414	            0.000000	           -0.454159	           -0.090681	            0.768480	            0.077772
            0.048000	            0.000000	            0.000000	            0.000000	           -0.450000	            0.000000	           -0.300000	            0.000000	            0.000000	            0.000000	         -198.710766	         1218.441724	          138.264774	           -1.369106	            0.000000	           -0.454271	           -0.035289	            0.403142	            0.040242
            0.049000	            0.000000	            0.000000	            0.000000	           -0.450000	            0.000000	           -0.300000	            0.000000	            0.000000	            0.000000	         -204.663088	         1234.418400	          142.068922	           -1.366909	            0.000000	           -0.454324	            0.018979	            0.050235	            0.003029
            0.050000	            0.000000	            0.000000	            0.000000	           -0.450000	            0.000000	           -0.300000	            0.000000	            0.000000	            0.000000	         -210.549234	         1251.758082	          145.823397	           -1.364851	            0.000000	           -0.454320	            0.071476	           -0.287058	           -0.033408
            0.051000	            0.000000	            0.000000	            0.000000	           -0.450000	            0.000000	           -0.300000	            0.000000	            0.000000	            0.000000	         -216.253610	         1270.140692	          149.500547	           -1.362940	            0.000000	           -0.454268	            0.121644	           -0.606202	           -0.068689
            0.052000	            0.000000	            0.000000	            0.000000	           -0.450000	            0.000000	           -0.300000	            0.000000	            0.000000	            0.000000	         -221.663268	         1289.227027	          153.077158	           -1.361174	            0.000000	           -0.454179	            0.169031	           -0.905356	           -0.102522
            0.053000	            0.000000	            0.000000	            0.000000	           -0.450000	            0.000000	           -0.300000	            0.000000	            0.000000	            0.000000	         -226.672604	         1308.672411	          156.536044	           -1.359541	            0.000000	           -0.454067	            0.213290	           -1.183382	           -0.134706
            0.054000	            0.000000	            0.000000	            0.000000	           -0.450000	            0.000000	           -0.300000	            0.000000	            0.000000	            0.000000	         -231.187413	         1328.139575	          159.867137	           -1.358024	            0.000000	           -0.453947	            0.254188	           -1.439837	           -0.165131
            0.055000	            0.000000	            0.000000	            0.000000	           -0.450000	            0.000000	           -0.300000	            0.000000	            0.000000	            0.000000	         -235.128130	         1347.310221	          163.068021	           -1.356603	            0.000000	           -0.453832	            0.291596	           -1.674916	           -0.193773
            0.056000	            0.000000	            0.000000	            0.000000	           -0.450000	            0.000000	           -0.300000	            0.000000	            0.000000	            0.000000	         -238.432130	         1365.894859	          166.143877	           -1.355258	            0.000000	           -0.453735	            0.325487	           -1.889383	           -0.220687
            0.057000	            0.000000	            0.000000	            0.000000	           -0.450000	            0.000000	           -0.300000	            0.000000	            0.000000	            0.000000	         -241.055042	         1383.640602	          169.106878	           -1.353967	            0.000000	           -0.453666	            0.355919	           -2.084474	           -0.245990
            0.058000	            0.000000	            0.000000	            0.000000	           -0.450000	            0.000000	           -0.300000	            0.000000	            0.000000	            0.000000	         -242.971080	         1400.336752	          171.975101	           -1.352709	            0.000000	           -0.453631	            0.383024	           -2.261786	           -0.269850
            0.059000	            0.000000	            0.000000	            0.000000	           -0.450000	            0.000000	           -0.300000	            0.000000	            0.000000	            0.000000	         -244.172462	         1415.818114	          174.771045	           -1.351465	            0.000000	           -0.453632	            0.406989	           -2.423151	           -0.292466
            0.060000	            0.000000	            0.000000	            0.000000	           -0.450000	            0.000000	           -0.300000	            0.000000	            0.000000	            0.000000	         -244.668031	         1429.966125	          177.519887	           -1.350219	            0.000000	           -0.453670	            0.428037	           -2.570510	           -0.314054
            0.061000	            0.000000	            0.000000	            0.000000	           -0.450000	            0.000000	           -0.300000	            0.000000	            0.000000	            0.000000	         -244.481245	         1442.707959	          180.247612	           -1.348962	            0.000000	           -0.453745	            0.446407	           -2.705797	           -0.334825
            0.062000	            0.000000	            0.000000	            0.000000	           -0.450000	            0.000000	           -0.300000	            0.000000	            0.000000	            0.000000	         -243.647707	         1454.013883	          182.979158	           -1.347688	            0.000000	           -0.453856	            0.462342	           -2.830825	           -0.354971
            0.063000	            0.000000	            0.000000	            0.000000	           -0.450000	            0.000000	           -0.300000	            0.000000	            0.000000	            0.000000	         -242.212437	         1463.893183	          185.736695	           -1.346402	            0.000000	           -0.453998	            0.476068	           -2.947196	           -0.374654
            0.064000	            0.000000	            0.000000	            0.000000	           -0.450000	            0.000000	           -0.300000	            0.000000	            0.000000	            0.000000	         -240.227075	         1472.389007	          188.538173	           -1.345107	            0.000000	           -0.454166	            0.487784	           -3.056230	           -0.393992
            0.065000	            0.000000	            0.000000	            0.000000	           -0.450000	            0.000000	           -0.300000	            0.000000	            0.000000	            0.000000	         -237.747180	         1479.572506	          191.396201	           -1.343813	            0.000000	           -0.454354	            0.497656	           -3.158924	           -0.413052
            0.066000	            0.000000	            0.000000	            0.000000	           -0.450000	            0.000000	           -0.300000	            0.000000	            0.000000	            0.000000	         -234.829784	         1485.536627	          194.317336	           -1.342527	            0.000000	           -0.454557	            0.505809	           -3.255930	           -0.431852
            0.067000	            0.000000	            0.000000	            0.000000	           -0.450000	            0.000000	           -0.300000	            0.000000	            0.000000	            0.000000	         -231.531312	         1490.389879	          197.301772	           -1.341259	            0.000000	           -0.454770	            0.512329	           -3.347562	           -0.450357
            0.068000	            0.000000	            0.000000	            0.000000	           -0.450000	            0.000000	           -0.300000	            0.000000	            0.000000	            0.000000	         -227.905937	         1494.250354	          200.343457	           -1.340015	            0.000000	           -0.454987	            0.517265	           -3.433832	           -0.468485
            0.069000	            0.000000	            0.000000	            0.000000	           -0.450000	            0.000000	           -0.300000	            0.000000	            0.000000	            0.000000	         -224.004414	         1497.240241	          203.430551	           -1.338803	            0.000000	           -0.455206	            0.520637	           -3.514492	           -0.486120
            0.070000	            0.000000	            0.000000	            0.000000	           -0.450000	            0.000000	           -0.300000	            0.000000	            0.000000	            0.000000	         -219.873387	         1499.480995	          206.546198	           -1.337624	            0.000000	           -0.455423	            0.522444	           -3.589102	           -0.503112
            0.071000	            0.000000	            0.000000	            0.000000	           -0.450000	            0.000000	           -0.300000	            0.000000	            0.000000	            0.000000	         -215.555142	         1501.089271	          209.669513	           -1.336476	            0.000000	           -0.455638	            0.522673	           -3.657098	           -0.519297
            0.072000	            0.000000	            0.000000	            0.000000	           -0.450000	            0.000000	           -0.300000	            0.000000	            0.000000	            0.000000	         -211.087739	         1502.173685	          212.776701	           -1.335352	            0.000000	           -0.455850	            0.521309	           -3.717865	           -0.534507
            0.073000	            0.000000	            0.000000	            0.000000	           -0.450000	            0.000000	           -0.300000	            0.000000	            0.000000	            0.000000	         -206.505443	         1502.832406	          215.842215	           -1.334244	            0.000000	           -0.456059	            0.518349	           -3.770807	           -0.548577
            0.074000	            0.000000	            0.000000	            0.000000	           -0.450000	            0.000000	           -0.300000	            0.000000	            0.000000	            0.000000	         -201.839368	         1503.151532	          218.839894	           -1.333143	            0.000000	           -0.456266	            0.513804	           -3.815405	           -0.561360
            0.075000	            0.000000	            0.000000	            0.000000	           -0.450000	            0.000000	           -0.300000	            0.000000	            0.000000	            0.000000	         -197.118249	         1503.204197	          221.743992	           -1.332041	            0.000000	           -0.456472	            0.507712	           -3.851269	           -0.572733
            0.076000	            0.000000	            0.000000	            0.000000	           -0.450000	            0.000000	           -0.300000	            0.000000	            0.000000	            0.000000	         -192.369223	         1503.050291	          224.530068	           -1.330933	            0.000000	           -0.456677	            0.500137	           -3.878172	           -0.582602
            0.077000	            0.000000	            0.000000	            0.000000	           -0.450000	            0.000000	           -0.300000	            0.000000	            0.000000	            0.000000	         -187.618570	         1502.736706	          227.175702	           -1.329814	            0.000000	           -0.456883	            0.491177	           -3.896072	           -0.590907
            0.078000	            0.000000	            0.000000	            0.000000	           -0.450000	            0.000000	           -0.300000	            0.000000	            0.000000	            0.000000	         -182.892326	         1502.297971	          229.661023	           -1.328681	            0.000000	           -0.457093	            0.480959	           -3.905116	           -0.597625
            0.079000	            0.000000	            0.000000	            0.000000	           -0.450000	            0.000000	           -0.300000	            0.000000	            0.000000	            0.000000	         -178.216712	         1501.757174	          231.969054	           -1.327533	            0.000000	           -0.457309	            0.469639	           -3.905639	           -0.602765
            0.080000	            0.000000	            0.000000	            0.000000	           -0.450000	            0.000000	           -0.300000	            0.000000	            0.000000	            0.000000	         -173.618358	         1501.127058	          234.085893	           -1.326367	            0.000000	           -0.457530	            0.457398	           -3.898146	           -0.606371
            0.081000	            0.000000	            0.000000	            0.000000	           -0.450000	            0.000000	           -0.300000	            0.000000	            0.000000	            0.000000	         -169.124278	         1500.411204	          236.000742	           -1.325184	            0.000000	           -0.457756	            0.444435	           -3.883287	           -0.608513
            0.082000	            0.000000	            0.000000	            0.000000	           -0.450000	            0.000000	           -0.300000	            0.000000	            0.000000	            0.000000	         -164.761625	         1499.605220	          237.705831	           -1.323983	            0.000000	           -0.457985	            0.430963	           -3.861828	           -0.609285
            0.083000	            0.000000	            0.000000	            0.000000	           -0.450000	            0.000000	           -0.300000	            0.000000	            0.000000	            0.000000	         -160.557205	         1498.697896	          239.196247	           -1.322765	            0.000000	           -0.458213	            0.417201	           -3.834620	           -0.608801
            0.084000	            0.000000	            0.000000	            0.000000	           -0.450000	            0.000000	           -0.300000	            0.000000	            0.000000	            0.000000	         -156.536809	         1497.672266	          240.469704	           -1.321528	            0.000000	           -0.458440	            0.403366	           -3.802564	           -0.607187
            0.085000	            0.000000	            0.000000	            0.000000	           -0.450000	            0.000000	           -0.300000	            0.000000	            0.000000	            0.000000	         -152.724396	         1496.506593	          241.526287	           -1.320274	            0.000000	           -0.458661	            0.389667	           -3.766577	           -0.604579
            0.086000	            0.000000	            0.000000	            0.000000	           -0.450000	            0.000000	           -0.300000	            0.000000	            0.000000	            0.000000	         -149.141167	         1495.175252	          242.368169	           -1.319002	            0.000000	           -0.458874	            0.376297	           -3.727565	           -0.601115
            0.087000	            0.000000	            0.000000	            0.000000	           -0.450000	            0.000000	           -0.300000	            0.000000	            0.000000	            0.000000	         -145.804625	         1493.649548	          242.999339	           -1.317711	            0.000000	           -0.459078	            0.363429	           -3.686388	           -0.596932
            0.088000	            0.000000	            0.000000	            0.000000	           -0.450000	            0.000000	           -0.300000	            0.000000	            0.000000	            0.000000	         -142.727651	         1491.898469	          243.425338	           -1.316402	            0.000000	           -0.459270	            0.351209	           -3.643841	           -0.592160
            0.089000	            0.000000	            0.000000	            0.000000	           -0.450000	            0.000000	           -0.300000	            0.000000	            0.000000	            0.000000	         -139.917696	         1489.889420	          243.653019	           -1.315070	            0.000000	           -0.459451	            0.339755	           -3.600631	           -0.586924
            0.090000	            0.000000	            0.000000	            0.000000	           -0.450000	            0.000000	           -0.300000	            0.000000	            0.000000	            0.000000	         -137.376125	         1487.588953	          243.690325	           -1.313714	            0.000000	           -0.459621	            0.329150	           -3.557360	           -0.581332
            0.091000	            0.000000	            0.000000	            0.000000	           -0.450000	            0.000000	           -0.300000	            0.000000	            0.000000	            0.000000	         -135.097789	         1484.963517	          243.546104	           -1.312328	            0.000000	           -0.459782	            0.319444	           -3.514508	           -0.575482
            0.092000	            0.000000	            0.000000	            0.000000	           -0.450000	            0.000000	           -0.300000	            0.000000	            0.000000	            0.000000	         -133.070852	         1481.980242	          243.229938	           -1.310913	            0.000000	           -0.459938	            0.310652	           -3.472432	           -0.569453
            0.093000	            0.000000	            0.000000	            0.000000	           -0.450000	            0.000000	           -0.300000	            0.000000	            0.000000	            0.000000	         -131.276906	         1478.607759	          242.752006	           -1.309467	            0.000000	           -0.460093	            0.302757	           -3.431353	           -0.563307
            0.094000	            0.000000	            0.000000	            0.000000	           -0.450000	            0.000000	           -0.300000	            0.000000	            0.000000	            0.000000	         -129.691382	         1474.817054	          242.122959	           -1.307992	            0.000000	           -0.460248	            0.295707	           -3.391362	           -0.557087
            0.095000	            0.000000	            0.000000	            0.000000	           -0.450000	            0.000000	           -0.300000	            0.000000	            0.000000	            0.000000	         -128.284243	         1470.582340	          241.353814	           -1.306492	            0.000000	           -0.460403	            0.289427	           -3.352421	           -0.550819
            0.096000	            0.000000	            0.000000	            0.000000	           -0.450000	            0.000000	           -0.300000	            0.000000	            0.000000	            0.000000	         -127.020919	         1465.881914	          240.455859	           -1.304969	            0.000000	           -0.460559	            0.283814	           -3.314369	           -0.544510
            0.097000	            0.000000	            0.000000	            0.000000	           -0.450000	            0.000000	           -0.300000	            0.000000	            0.000000	            0.000000	         -125.863461	         1460.698984	          239.440552	           -1.303427	            0.000000	           -0.460714	            0.278748	           -3.276937	           -0.538149
            0.098000	            0.000000	            0.000000	            0.000000	           -0.450000	            0.000000	           -0.300000	            0.000000	            0.000000	            0.000000	         -124.771827	         1455.022416	          238.319424	           -1.301870	            0.000000	           -0.460869	            0.274095	           -3.239763	           -0.531711
            0.099000	            0.000000	            0.000000	            0.000000	           -0.450000	            0.000000	           -0.300000	            0.000000	            0.000000	            0.000000	         -123.705247	         1448.847369	          237.103966	           -1.300303	            0.000000	           -0.461024	            0.269713	           -3.202405	           -0.525158
            0.100000	            0.000000	            0.000000	            0.000000	           -0.450000	            0.000000	           -0.300000	            0.000000	            0.000000	            0.000000	         -122.623593	         1442.175782	          235.805507	           -1.298728	            0.000000	           -0.461179	            0.265459	           -3.164367	           -0.518439
            0.101000	            0.000000	            0.000000	            0.000000	           -0.450000	            0.000000	           -0.300000	            0.000000	            0.000000	            0.000000	         -121.488674	         1435.016686	          234.435063	           -1.297151	            0.000000	           -0.461338	            0.261192	           -3.125121	           -0.511498
            0.102000	            0.000000	            0.000000	            0.000000	           -0.450000	            0.000000	           -0.300000	            0.000000	            0.000000	            0.000000	         -120.265405	         1427.386299	          233.003182	           -1.295572	            0.000000	           -0.461502	            0.256780	           -3.084126	           -0.504272
            0.103000	            0.000000	            0.000000	            0.000000	           -0.450000	            0.000000	           -0.300000	            0.000000	            0.000000	            0.000000	         -118.922784	         1419.307911	          231.519754	           -1.293995	            0.000000	           -0.461676	            0.252105	           -3.040861	           -0.496700
            0.104000	            0.000000	            0.000000	            0.000000	           -0.450000	            0.000000	           -0.300000	            0.000000	            0.000000	            0.000000	         -117.434645	         1410.811534	          229.993823	           -1.292421	            0.000000	           -0.461859	            0.247064	           -2.994841	           -0.488718
            0.105000	            0.000000	            0.000000	            0.000000	           -0.450000	            0.000000	           -0.300000	            0.000000	            0.000000	            0.000000	         -115.780151	         1401.933318	          228.433378	           -1.290848	            0.000000	           -0.462050	            0.241574	           -2.945646	           -0.480274
            0.106000	            0.000000	            0.000000	            0.000000	           -0.450000	            0.000000	           -0.300000	            0.000000	            0.000000	            0.000000	         -113.944027	         1392.714771	          226.845156	           -1.289279	            0.000000	           -0.462248	            0.235574	           -2.892939	           -0.471320
            0.107000	            0.000000	            0.000000	            0.000000	           -0.450000	            0.000000	           -0.300000	            0.000000	            0.000000	            0.000000	         -111.916531	         1383.201775	          225.234449	           -1.287714	            0.000000	           -0.462452	            0.229026	           -2.836488	           -0.461823
            0.108000	            0.000000	            0.000000	            0.000000	           -0.450000	            0.000000	           -0.300000	            0.000000	            0.000000	            0.000000	         -109.693183	         1373.443449	          223.604936	           -1.286155	            0.000000	           -0.462659	            0.221912	           -2.776180	           -0.451763
            0.109000	            0.000000	            0.000000	            0.000000	           -0.450000	            0.000000	           -0.300000	            0.000000	            0.000000	            0.000000	         -107.274280	         1363.490905	          221.958546	           -1.284603	            0.000000	           -0.462866	            0.214238	           -2.712032	           -0.441137
            0.110000	            0.000000	            0.000000	            0.000000	           -0.450000	            0.000000	           -0.300000	            0.000000	            0.000000	            0.000000	         -104.664243	         1353.395917	          220.295367	           -1.283062	            0.000000	           -0.463071	            0.206029	           -2.644202	           -0.429960
            0.111000	            0.000000	            0.000000	            0.000000	           -0.450000	            0.000000	           -0.300000	            0.000000	            0.000000	            0.000000	         -101.870838	         1343.209578	          218.613608	           -1.281535	            0.000000	           -0.463274	            0.197329	           -2.572986	           -0.418265
            0.112000	            0.000000	            0.000000	            0.000000	           -0.450000	            0.000000	           -0.300000	            0.000000	            0.000000	            0.000000	          -98.904315	         1332.980970	          216.909621	           -1.280024	            0.000000	           -0.463471	            0.188196	           -2.498822	           -0.406107
            0.113000	            0.000000	            0.000000	            0.000000	           -0.450000	            0.000000	           -0.300000	            0.000000	            0.000000	            0.000000	          -95.776541	         1322.755913	          215.177993	           -1.278530	            0.000000	           -0.463661	            0.178699	           -2.422277	           -0.393556
            0.114000	            0.000000	            0.000000	            0.000000	           -0.450000	            0.000000	           -0.300000	            0.000000	            0.000000	            0.000000	          -92.500143	         1312.575823	          213.411700	           -1.277052	            0.000000	           -0.463841	            0.168919	           -2.344035	           -0.380701
            0.115000	            0.000000	            0.000000	            0.000000	           -0.450000	            0.000000	           -0.300000	            0.000000	            0.000000	            0.000000	          -89.087739	         1302.476718	          211.602339	           -1.275589	            0.000000	           -0.464009	            0.158939	           -2.264882	           -0.367644
            0.116000	            0.000000	            0.000000	            0.000000	           -0.450000	            0.000000	           -0.300000	            0.000000	            0.000000	            0.000000	          -85.551277	         1292.488414	          209.740418	           -1.274142	            0.000000	           -0.464166	            0.148846	           -2.185678	           -0.354500
            0.117000	            0.000000	            0.000000	            0.000000	           -0.450000	            0.000000	           -0.300000	            0.000000	            0.000000	            0.000000	          -81.901522	         1282.633917	          207.815702	           -1.272711	            0.000000	           -0.464311	            0.138723	           -2.107335	           -0.341393
            0.118000	            0.000000	            0.000000	            0.000000	           -0.450000	            0.000000	           -0.300000	            0.000000	            0.000000	            0.000000	          -78.147700	         1272.929048	          205.817612	           -1.271297	            0.000000	           -0.464447	            0.128653	           -2.030788	           -0.328450
            0.119000	            0.000000	            0.000000	            0.000000	           -0.450000	            0.000000	           -0.300000	            0.000000	            0.000000	            0.000000	          -74.297330	         1263.382278	          203.735637	           -1.269904	            0.000000	           -0.464574	            0.118707	           -1.956959	           -0.315800
            0.120000	            0.000000	            0.000000	            0.000000	           -0.450000	            0.000000	           -0.300000	            0.000000	            0.000000	            0.000000	          -70.356201	         1253.994797	          201.559782	           -1.268535	            0.000000	           -0.464692	            0.108953	           -1.886731	           -0.303567
            0.121000	            0.000000	            0.000000	            0.000000	           -0.450000	            0.000000	           -0.300000	            0.000000	            0.000000	            0.000000	          -66.328526	         1244.760791	          199.280986	           -1.267195	            0.000000	           -0.464800	            0.099446	           -1.820912	           -0.291867
            0.122000	            0.000000	            0.000000	            0.000000	           -0.450000	            0.000000	           -0.300000	            0.000000	            0.000000	            0.000000	          -62.217207	         1235.667904	          196.891533	           -1.265888	            0.000000	           -0.464895	            0.090230	           -1.760212	           -0.280804
            0.123000	            0.000000	            0.000000	            0.000000	           -0.450000	            0.000000	           -0.300000	            0.000000	            0.000000	            0.000000	          -58.024199	         1226.697867	          194.385401	           -1.264618	            0.000000	           -0.464976	            0.081339	           -1.705211	           -0.270466
            0.124000	            0.000000	            0.000000	            0.000000	           -0.450000	            0.000000	           -0.300000	            0.000000	            0.000000	            0.000000	          -53.750934	         1217.827266	          191.758555	           -1.263386	            0.000000	           -0.465041	            0.072795	           -1.656342	           -0.260921
            0.125000	            0.000000	            0.000000	            0.000000	           -0.450000	            0.000000	           -0.300000	            0.000000	            0.000000	            0.000000	          -49.398757	         1209.028397	          189.009154	           -1.262192	            0.000000	           -0.465090	            0.064608	           -1.613878	           -0.252217
            0.126000	            0.000000	            0.000000	            0.000000	           -0.450000	            0.000000	           -0.300000	            0.000000	            0.000000	            0.000000	          -44.969346	         1200.270191	          186.137668	           -1.261038	            0.000000	           -0.465123	            0.056781	           -1.577919	           -0.244377
            0.127000	            0.000000	            0.000000	            0.000000	           -0.450000	            0.000000	           -0.300000	            0.000000	            0.000000	            0.000000	          -40.465072	         1191.519172	          183.146893	           -1.259923	            0.000000	           -0.465141	            0.049305	           -1.548390	           -0.237404
            0.128000	            0.000000	            0.000000	            0.000000	           -0.450000	            0.000000	           -0.300000	            0.000000	            0.000000	            0.000000	          -35.889282	         1182.740400	          180.041861	           -1.258846	            0.000000	           -0.465141	            0.042163	           -1.525054	           -0.231274
            0.129000	            0.000000	            0.000000	            0.000000	           -0.450000	            0.000000	           -0.300000	            0.000000	            0.000000	            0.000000	          -31.246492	         1173.898389	          176.829657	           -1.257806	            0.000000	           -0.465122	            0.035335	           -1.507515	           -0.225945
            0.130000	            0.000000	            0.000000	            0.000000	           -0.450000	            0.000000	           -0.300000	            0.000000	            0.000000	            0.000000	          -26.542459	         1164.957961	          173.519138	           -1.256800	            0.000000	           -0.465085	            0.028791	           -1.495246	           -0.221353
            0.131000	            0.000000	            0.000000	            0.000000	           -0.450000	            0.000000	           -0.300000	            0.000000	            0.000000	            0.000000	          -21.784167	         1155.885022	          170.120590	           -1.255825	            0.000000	           -0.465032	            0.022498	           -1.487607	           -0.217418
            0.132000	            0.000000	            0.000000	            0.000000	           -0.450000	            0.000000	           -0.300000	            0.000000	            0.000000	            0.000000	          -16.979711	         1146.647241	          166.645317	           -1.254877	            0.000000	           -0.464967	            0.016422	           -1.483881	           -0.214050
            0.133000	            0.000000	            0.000000	            0.000000	           -0.450000	            0.000000	           -0.300000	            0.000000	            0.000000	            0.000000	          -12.138109	         1137.214626	          163.105204	           -1.253950	            0.000000	           -0.464894	            0.010523	           -1.483305	           -0.211148
            0.134000	            0.000000	            0.000000	            0.000000	           -0.450000	            0.000000	           -0.300000	            0.000000	            0.000000	            0.000000	           -7.269059	         1127.559979	          159.512272	           -1.253041	            0.000000	           -0.464816	            0.004760	           -1.485101	           -0.208607
            0.135000	            0.000000	            0.000000	            0.000000	           -0.450000	            0.000000	           -0.300000	            0.000000	            0.000000	            0.000000	           -2.382674	         1117.659246	          155.878246	           -1.252148	            0.000000	           -0.464736	           -0.000909	           -1.488519	           -0.206323
            0.136000	            0.000000	            0.000000	            0.000000	           -0.450000	            0.000000	           -0.300000	            0.000000	            0.000000	            0.000000	            2.510789	         1107.491742	          152.214166	           -1.251269	            0.000000	           -0.464654	           -0.006527	           -1.492859	           -0.204196
            0.137000	            0.000000	            0.000000	            0.000000	           -0.450000	            0.000000	           -0.300000	            0.000000	            0.000000	            0.000000	            7.401186	         1097.040272	          148.530055	           -1.250402	            0.000000	           -0.464570	           -0.012141	           -1.497510	           -0.202136
            0.138000	            0.000000	            0.000000	            0.000000	           -0.450000	            0.000000	           -0.300000	            0.000000	            0.000000	            0.000000	           12.278692	         1086.291150	          144.834670	           -1.249545	            0.000000	           -0.464484	           -0.017794	           -1.501966	           -0.200063
            0.139000	            0.000000	            0.000000	            0.000000	           -0.450000	            0.000000	           -0.300000	            0.000000	            0.000000	            0.000000	           17.133966	         1075.234121	          141.135330	           -1.248698	            0.000000	           -0.464394	           -0.023536	           -1.505846	           -0.197911
            0.140000	            0.000000	            0.000000	            0.000000	           -0.450000	            0.000000	           -0.300000	            0.000000	            0.000000	            0.000000	           21.958251	         1063.862202	          137.437852	           -1.247862	            0.000000	           -0.464300	           -0.029412	           -1.508902	           -0.195631
            0.141000	            0.000000	            0.000000	            0.000000	           -0.450000	            0.000000	           -0.300000	            0.000000	            0.000000	            0.000000	           26.743413	         1052.171454	          133.746566	           -1.247037	            0.000000	           -0.464203	           -0.035471	           -1.511022	           -0.193188
            0.142000	            0.000000	            0.000000	            0.000000	           -0.450000	            0.000000	           -0.300000	            0.000000	            0.000000	            0.000000	           31.481928	         1040.160693	          130.064427	           -1.246224	            0.000000	           -0.464103	           -0.041761	           -1.512224	           -0.190565
            0.143000	            0.000000	            0.000000	            0.000000	           -0.450000	            0.000000	           -0.300000	            0.000000	            0.000000	            0.000000	           36.166819	         1027.831153	          126.393197	           -1.245422	            0.000000	           -0.464000	           -0.048327	           -1.512642	           -0.187760
            0.144000	            0.000000	            0.000000	            0.000000	           -0.450000	            0.000000	           -0.300000	            0.000000	            0.000000	            0.000000	           40.791554	         1015.186127	          122.733685	           -1.244630	            0.000000	           -0.463894	           -0.055215	           -1.512505	           -0.184783
            0.145000	            0.000000	            0.000000	            0.000000	           -0.450000	            0.000000	           -0.300000	            0.000000	            0.000000	            0.000000	           45.349926	         1002.230579	          119.086035	           -1.243846	            0.000000	           -0.463784	           -0.062465	           -1.512115	           -0.181658
            0.146000	            0.000000	            0.000000	            0.000000	           -0.450000	            0.000000	           -0.300000	            0.000000	            0.000000	            0.000000	           49.835922	          988.970756	          115.450027	           -1.243071	            0.000000	           -0.463668	           -0.070114	           -1.511814	           -0.178415
            0.147000	            0.000000	            0.000000	            0.000000	           -0.450000	            0.000000	           -0.300000	            0.000000	            0.000000	            0.000000	           54.243595	          975.413808	          111.825383	           -1.242306	            0.000000	           -0.463544	           -0.078190	           -1.511957	           -0.175090
            0.148000	            0.000000	            0.000000	            0.000000	           -0.450000	            0.000000	           -0.300000	            0.000000	            0.000000	            0.000000	           58.566949	          961.567426	          108.212058	           -1.241549	            0.000000	           -0.463411	           -0.086714	           -1.512880	           -0.171720
            0.149000	            0.000000	            0.000000	            0.000000	           -0.450000	            0.000000	           -0.300000	            0.000000	            0.000000	            0.000000	           62.799844	          947.439515	          104.610492	           -1.240801	            0.000000	           -0.463268	           -0.095698	           -1.514868	           -0.168344
            0.150000	            0.000000	            0.000000	            0.000000	           -0.450000	            0.000000	           -0.300000	            0.000000	            0.000000	            0.000000	           66.935924	          933.037907	          101.021820	           -1.240061	            0.000000	           -0.463114	           -0.105139	           -1.518133	           -0.164994
            0.151000	            0.000000	            0.000000	            0.000000	           -0.450000	            0.000000	           -0.300000	            0.000000	            0.000000	            0.000000	           70.968569	          918.370128	           97.448018	           -1.239330	            0.000000	           -0.462950	           -0.115024	           -1.522790	           -0.161699
            0.152000	            0.000000	            0.000000	            0.000000	           -0.450000	            0.000000	           -0.300000	            0.000000	            0.000000	            0.000000	           74.890873	          903.443209	           93.891994	           -1.238608	            0.000000	           -0.462779	           -0.125323	           -1.528842	           -0.158478
            0.153000	            0.000000	            0.000000	            0.000000	           -0.450000	            0.000000	           -0.300000	            0.000000	            0.000000	            0.000000	           78.695642	          888.263573	           90.357614	           -1.237894	            0.000000	           -0.462602	           -0.135991	           -1.536170	           -0.155343
            0.154000	            0.000000	            0.000000	            0.000000	           -0.450000	            0.000000	           -0.300000	            0.000000	            0.000000	            0.000000	           82.375400	          872.836960	           86.849659	           -1.237189	            0.000000	           -0.462424	           -0.146968	           -1.544533	           -0.152295
            0.155000	            0.000000	            0.000000	            0.000000	           -0.450000	            0.000000	           -0.300000	            0.000000	            0.000000	            0.000000	           85.922420	          857.168429	           83.373734	           -1.236492	            0.000000	           -0.462248	           -0.158176	           -1.553570	           -0.149327
            0.156000	            0.000000	            0.000000	            0.000000	           -0.450000	            0.000000	           -0.300000	            0.000000	            0.000000	            0.000000	           89.328752	          841.262389	           79.936124	           -1.235803	            0.000000	           -0.462077	           -0.169526	           -1.562815	           -0.146421
            0.157000	            0.000000	            0.000000	            0.000000	           -0.450000	            0.000000	           -0.300000	            0.000000	            0.000000	            0.000000	           92.586260	          825.122695	           76.543618	           -1.235119	            0.000000	           -0.461915	           -0.180911	           -1.571712	           -0.143552
            0.158000	            0.000000	            0.000000	            0.000000	           -0.450000	            0.000000	           -0.300000	            0.000000	            0.000000	            0.000000	           95.686660	          808.752762	           73.203295	           -1.234438	            0.000000	           -0.461760	           -0.192213	           -1.579636	           -0.140689
            0.159000	            0.000000	            0.000000	            0.000000	           -0.450000	            0.000000	           -0.300000	            0.000000	            0.000000	            0.000000	           98.621569	          792.155722	           69.922312	           -1.233759	            0.000000	           -0.461615	           -0.203307	           -1.585922	           -0.137797
            0.160000	            0.000000	            0.000000	            0.000000	           -0.450000	            0.000000	           -0.300000	            0.000000	            0.000000	            0.000000	          101.382547	          775.334588	           66.707676	           -1.233083	            0.000000	           -0.461479	           -0.214057	           -1.589887	           -0.134835
            0.161000	            0.000000	            0.000000	            0.000000	           -0.450000	            0.000000	           -0.300000	            0.000000	            0.000000	            0.000000	          103.961164	          758.292440	           63.566038	           -1.232408	            0.000000	           -0.461353	           -0.224325	           -1.590865	           -0.131765
            0.162000	            0.000000	            0.000000	            0.000000	           -0.450000	            0.000000	           -0.300000	            0.000000	            0.000000	            0.000000	          106.349063	          741.032606	           60.503493	           -1.231732	            0.000000	           -0.461236	           -0.233969	           -1.588224	           -0.128547
            0.163000	            0.000000	            0.000000	            0.000000	           -0.450000	            0.000000	           -0.300000	            0.000000	            0.000000	            0.000000	          108.538050	          723.558850	           57.525419	           -1.231054	            0.000000	           -0.461126	           -0.242853	           -1.581398	           -0.125146
            0.164000	            0.000000	            0.000000	            0.000000	           -0.450000	            0.000000	           -0.300000	            0.000000	            0.000000	            0.000000	          110.520190	          705.875554	           54.636342	           -1.230372	            0.000000	           -0.461020	           -0.250840	           -1.569901	           -0.121531
            0.165000	            0.000000	            0.000000	            0.000000	           -0.450000	            0.000000	           -0.300000	            0.000000	            0.000000	            0.000000	          112.287928	          687.987892	           51.839841	           -1.229687	            0.000000	           -0.460919	           -0.257804	           -1.553345	           -0.117674
            0.166000	            0.000000	            0.000000	            0.000000	           -0.450000	            0.000000	           -0.300000	            0.000000	            0.000000	            0.000000	          113.834220	          669.902004	           49.138488	           -1.229001	            0.000000	           -0.460824	           -0.263626	           -1.531452	           -0.113557
            0.167000	            0.000000	            0.000000	            0.000000	           -0.450000	            0.000000	           -0.300000	            0.000000	            0.000000	            0.000000	          115.152675	          651.625161	           46.533823	           -1.228318	            0.000000	           -0.460742	           -0.268199	           -1.504053	           -0.109167
            0.168000	            0.000000	            0.000000	            0.000000	           -0.450000	            0.000000	           -0.300000	            0.000000	            0.000000	            0.000000	          116.237702	          633.165934	           44.026375	           -1.227643	            0.000000	           -0.460678	           -0.271430	           -1.471092	           -0.104499
            0.169000	            0.000000	            0.000000	            0.000000	           -0.450000	            0.000000	           -0.300000	            0.000000	            0.000000	            0.000000	          117.084657	          614.534364	           41.615694	           -1.226977	            0.000000	           -0.460637	           -0.273238	           -1.432618	           -0.099554
            0.170000	            0.000000	            0.000000	            0.000000	           -0.450000	            0.000000	           -0.300000	            0.000000	            0.000000	            0.000000	          117.689977	          595.742136	           39.300429	           -1.226323	            0.000000	           -0.460623	           -0.273557	           -1.388777	           -0.094342
            0.171000	            0.000000	            0.000000	            0.000000	           -0.450000	            0.000000	           -0.300000	            0.000000	            0.000000	            0.000000	          118.051298	          576.802766	           37.078410	           -1.225681	            0.000000	           -0.460638	           -0.272334	           -1.339798	           -0.088878
            0.172000	            0.000000	            0.000000	            0.000000	           -0.450000	            0.000000	           -0.300000	            0.000000	            0.000000	            0.000000	          118.167544	          557.731789	           34.946752	           -1.225048	            0.000000	           -0.460680	           -0.269533	           -1.285978	           -0.083186
            0.173000	            0.000000	            0.000000	            0.000000	           -0.450000	            0.000000	           -0.300000	            0.000000	            0.000000	            0.000000	          118.038986	          538.546958	           32.901964	           -1.224424	            0.000000	           -0.460747	           -0.265131	           -1.227665	           -0.077293
            0.174000	            0.000000	            0.000000	            0.000000	           -0.450000	            0.000000	           -0.300000	            0.000000	            0.000000	            0.000000	          117.667259	          519.268446	           30.940058	           -1.223808	            0.000000	           -0.460839	           -0.259118	           -1.165243	           -0.071234
            0.175000	            0.000000	            0.000000	            0.000000	           -0.450000	            0.000000	           -0.300000	            0.000000	            0.000000	            0.000000	          117.055344	          499.919037	           29.056662	           -1.223200	            0.000000	           -0.460956	           -0.251497	           -1.099113	           -0.065047
            0.176000	            0.000000	            0.000000	            0.000000	           -0.450000	            0.000000	           -0.300000	            0.000000	            0.000000	            0.000000	          116.207503	          480.524304	           27.247115	           -1.222598	            0.000000	           -0.461095	           -0.242284	           -1.029686	           -0.058776
            0.177000	            0.000000	            0.000000	            0.000000	           -0.450000	            0.000000	           -0.300000	            0.000000	            0.000000	            0.000000	          115.129178	          461.112750	           25.506573	           -1.221999	            0.000000	           -0.461255	           -0.231506	           -0.957365	           -0.052470
            0.178000	            0.000000	            0.000000	            0.000000	           -0.450000	            0.000000	           -0.300000	            0.000000	            0.000000	            0.000000	          113.826861	          441.715907	           23.830088	           -1.221399	            0.000000	           -0.461435	           -0.219204	           -0.882543	           -0.046181
            0.179000	            0.000000	            0.000000	            0.000000	           -0.450000	            0.000000	           -0.300000	            0.000000	            0.000000	            0.000000	          112.307931	          422.368366	           22.212697	           -1.220795	            0.000000	           -0.461637	           -0.205427	           -0.805596	           -0.039966
            0.180000	            0.000000	            0.000000	            0.000000	           -0.450000	            0.000000	           -0.300000	            0.000000	            0.000000	            0.000000	          110.580491	          403.107725	           20.649495	           -1.220187	            0.000000	           -0.461864	           -0.190237	           -0.726883	           -0.033885
            0.181000	            0.000000	            0.000000	            0.000000	           -0.450000	            0.000000	           -0.300000	            0.000000	            0.000000	            0.000000	          108.653189	          383.974438	           19.135719	           -1.219577	            0.000000	           -0.462121	           -0.173707	           -0.646753	           -0.028003
            0.182000	            0.000000	            0.000000	            0.000000	           -0.450000	            0.000000	           -0.300000	            0.000000	            0.000000	            0.000000	          106.535061	          365.011547	           17.666821	           -1.218965	            0.000000	           -0.462417	           -0.155920	           -0.565542	           -0.022386
            0.183000	            0.000000	            0.000000	            0.000000	           -0.450000	            0.000000	           -0.300000	            0.000000	            0.000000	            0.000000	          104.235393	          346.264295	           16.238558	           -1.218352	            0.000000	           -0.462761	           -0.136972	           -0.483588	           -0.017107
            0.184000	            0.000000	            0.000000	            0.000000	           -0.450000	            0.000000	           -0.300000	            0.000000	            0.000000	            0.000000	          101.763618	          327.779603	           14.847078	           -1.217739	            0.000000	           -0.463169	           -0.116967	           -0.401238	           -0.012235
            0.185000	            0.000000	            0.000000	            0.000000	           -0.450000	            0.000000	           -0.300000	            0.000000	            0.000000	            0.000000	           99.129252	          309.605432	           13.489017	           -1.217125	            0.000000	           -0.463660	           -0.096017	           -0.318856	           -0.007846
            0.186000	            0.000000	            0.000000	            0.000000	           -0.450000	            0.000000	           -0.300000	            0.000000	            0.000000	            0.000000	           96.341869	          291.790024	           12.161594	           -1.216513	            0.000000	           -0.464250	           -0.074245	           -0.236829	           -0.004010
            0.187000	            0.000000	            0.000000	            0.000000	           -0.450000	            0.000000	           -0.300000	            0.000000	            0.000000	            0.000000	           93.411131	          274.381043	           10.862711	           -1.215901	            0.000000	           -0.464951	           -0.051777	           -0.155578	           -0.000798
            0.188000	            0.000000	            0.000000	            0.000000	           -0.450000	            0.000000	           -0.300000	            0.000000	            0.000000	            0.000000	           90.346840	          257.424659	            9.591044	           -1.215285	            0.000000	           -0.465762	           -0.028742	           -0.075562	            0.001725
            0.189000	            0.000000	            0.000000	            0.000000	           -0.450000	            0.000000	           -0.300000	            0.000000	            0.000000	            0.000000	           87.159034	          240.964580	            8.346125	           -1.214659	            0.000000	           -0.466671	           -0.005269	            0.002726	            0.003500
            0.190000	            0.000000	            0.000000	            0.000000	           -0.450000	            0.000000	           -0.300000	            0.000000	            0.000000	            0.000000	           83.858098	          225.041101	            7.128402	           -1.214013	            0.000000	           -0.467665	            0.018516	            0.078754	            0.004478
            0.191000	            0.000000	            0.000000	            0.000000	           -0.450000	            0.000000	           -0.300000	            0.000000	            0.000000	            0.000000	           80.454880	          209.690193	            5.939281	           -1.213338	            0.000000	           -0.468732	            0.042492	            0.151959	            0.004622
            0.192000	            0.000000	            0.000000	            0.000000	           -0.450000	            0.000000	           -0.300000	            0.000000	            0.000000	            0.000000	           76.960809	          194.942674	            4.781142	           -1.212629	            0.000000	           -0.469866	            0.066550	            0.221752	            0.003911
            0.193000	            0.000000	            0.000000	            0.000000	           -0.450000	            0.000000	           -0.300000	            0.000000	            0.000000	            0.000000	           73.387992	          180.823525	            3.657311	           -1.211883	            0.000000	           -0.471073	            0.090588	            0.287531	            0.002340
            0.194000	            0.000000	            0.000000	            0.000000	           -0.450000	            0.000000	           -0.300000	            0.000000	            0.000000	            0.000000	           69.749290	          167.351354	            2.572013	           -1.211104	            0.000000	           -0.472371	            0.114519	            0.348690	           -0.000077
            0.195000	            0.000000	            0.000000	            0.000000	           -0.450000	            0.000000	           -0.300000	            0.000000	            0.000000	            0.000000	           66.058360	          154.538068	            1.530277	           -1.210299	            0.000000	           -0.473776	            0.138265	            0.404635	           -0.003302
            0.196000	            0.000000	            0.000000	            0.000000	           -0.450000	            0.000000	           -0.300000	            0.000000	            0.000000	            0.000000	           62.329656	          142.388757	            0.537808	           -1.209477	            0.000000	           -0.475301	            0.161758	            0.454797	           -0.007277
            0.197000	            0.000000	            0.000000	            0.000000	           -0.450000	            0.000000	           -0.300000	            0.000000	            0.000000	            0.000000	           58.578391	          130.901801	           -0.399173	           -1.208641	            0.000000	           -0.476951	            0.184934	            0.498650	           -0.011920
            0.198000	            0.000000	            0.000000	            0.000000	           -0.450000	            0.000000	           -0.300000	            0.000000	            0.000000	            0.000000	           54.820468	          120.069208	           -1.274128	           -1.207798	            0.000000	           -0.478729	            0.207728	            0.535725	           -0.017127
            0.199000	            0.000000	            0.000000	            0.000000	           -0.450000	            0.000000	           -0.300000	            0.000000	            0.000000	            0.000000	           51.072364	          109.877159	           -2.080419	           -1.206951	            0.000000	           -0.480646	            0.230068	            0.565627	           -0.022775
            0.200000	            0.000000	            0.000000	            0.000000	           -0.450000	            0.000000	           -0.300000	            0.000000	            0.000000	            0.000000	           47.350996	          100.306752	           -2.811561	           -1.206104	            0.000000	           -0.482719	            0.251868	            0.588050	           -0.028720
            0.201000	            0.000000	            0.000000	            0.000000	           -0.450000	            0.000000	           -0.300000	            0.000000	            0.000000	            0.000000	           43.673552	           91.334895	           -3.461473	           -1.205263	            0.000000	           -0.484967	            0.273017	            0.602794	           -0.034804
            0.202000	            0.000000	            0.000000	            0.000000	           -0.450000	            0.000000	           -0.300000	            0.000000	            0.000000	            0.000000	           40.057313	           82.935323	           -4.024747	           -1.204441	            0.000000	           -0.487408	            0.293371	            0.609775	           -0.040861
            0.203000	            0.000000	            0.000000	            0.000000	           -0.450000	            0.000000	           -0.300000	            0.000000	            0.000000	            0.000000	           36.519457	           75.079679	           -4.496908	           -1.203654	            0.000000	           -0.490079	            0.312748	            0.609038	           -0.046716
            0.204000	            0.000000	            0.000000	            0.000000	           -0.450000	            0.000000	           -0.300000	            0.000000	            0.000000	            0.000000	           33.076855	           67.738617	           -4.874661	           -1.202916	            0.000000	           -0.493039	            0.330923	            0.600766	           -0.052197
            0.205000	            0.000000	            0.000000	            0.000000	           -0.450000	            0.000000	           -0.300000	            0.000000	            0.000000	            0.000000	           29.745859	           60.882860	           -5.156105	           -1.202229	            0.000000	           -0.496366	            0.347622	            0.585285	           -0.057136
            0.206000	            0.000000	            0.000000	            0.000000	           -0.450000	            0.000000	           -0.300000	            0.000000	            0.000000	            0.000000	           26.542094	           54.484173	           -5.340917	           -1.201576	            0.000000	           -0.500131	            0.362523	            0.563067	           -0.061380
            0.207000	            0.000000	            0.000000	            0.000000	           -0.450000	            0.000000	           -0.300000	            0.000000	            0.000000	            0.000000	           23.480234	           48.516199	           -5.430477	           -1.200921	            0.000000	           -0.504355	            0.375264	            0.534726	           -0.064795
            0.208000	            0.000000	            0.000000	            0.000000	           -0.450000	            0.000000	           -0.300000	            0.000000	            0.000000	            0.000000	           20.573788	           42.955111	           -5.427947	           -1.200225	            0.000000	           -0.509011	            0.385450	            0.501008	           -0.067268
            0.209000	            0.000000	            0.000000	            0.000000	           -0.450000	            0.000000	           -0.300000	            0.000000	            0.000000	            0.000000	           17.834879	           37.780060	           -5.338269	           -1.199472	            0.000000	           -0.514051	            0.392666	            0.462779	           -0.068719
            0.210000	            0.000000	            0.000000	            0.000000	           -0.450000	            0.000000	           -0.300000	            0.000000	            0.000000	            0.000000	           15.274030	           32.973393	           -5.168106	           -1.198680	            0.000000	           -0.519435	            0.396498	            0.421005	           -0.069098
            0.211000	            0.000000	            0.000000	            0.000000	           -0.450000	            0.000000	           -0.300000	            0.000000	            0.000000	            0.000000	           12.899955	           28.520635	           -4.925699	           -1.197897	            0.000000	           -0.525123	            0.396553	            0.376724	           -0.068393
            0.212000	            0.000000	            0.000000	            0.000000	           -0.450000	            0.000000	           -0.300000	            0.000000	            0.000000	            0.000000	           10.719369	           24.410252	           -4.620666	           -1.197181	            0.000000	           -0.531079	            0.392494	            0.331014	           -0.066626
            0.213000	            0.000000	            0.000000	            0.000000	           -0.450000	            0.000000	           -0.300000	            0.000000	            0.000000	            0.000000	            8.736812	           20.633210	           -4.263729	           -1.196576	            0.000000	           -0.537274	            0.384060	            0.284959	           -0.063854
            0.214000	            0.000000	            0.000000	            0.000000	           -0.450000	            0.000000	           -0.300000	            0.000000	            0.000000	            0.000000	            6.954516	           17.182380	           -3.866399	           -1.196576	            0.000000	           -0.537274	            0.371106	            0.239611	           -0.060167
            0.215000	            0.000000	            0.000000	            0.000000	           -0.450000	            0.000000	           -0.300000	            0.000000	            0.000000	            0.000000	            5.372306	           14.051818	           -3.440613	           -1.196576	            0.000000	           -0.537274	            0.353626	            0.195949	           -0.055684
            0.216000	            0.000000	            0.000000	            0.000000	           -0.450000	            0.000000	           -0.300000	            0.000000	            0.000000	            0.000000	            3.987559	           11.236001	           -2.998362	           -1.190000	            0.000000	           -0.300000	            0.331778	            0.154847	           -0.050547
            0.217000	            0.000000	            0.000000	            0.000000	           -0.450000	            0.000000	           -0.300000	            0.000000	            0.000000	            0.000000	            0.000000	            0.000000	            0.000000	           -1.190000	            0.000000	           -0.300000	            0.000000	            0.000000	            0.000000
            0.218000	            0.000000	            0.000000	            0.000000	           -0.450000	            0.000000	           -0.300000	            0.000000	            0.000000	            0.000000	            0.000000	            0.000000	            0.000000	           -1.190000	            0.000000	           -0.300000	            0.000000	            0.000000	            0.000000
            0.219000	            0.000000	            0.000000	            0.000000	           -0.577057	            0.000000	            0.019945	            0.000000	            0.000000	            0.000000	            0.000000	            0.000000	            0.000000	           -1.190000	            0.000000	           -0.300000	            0.000000	            0.000000	            0.000000
            0.220000	           -3.263383	           12.652333	           -7.267724	           -0.577057	            0.000000	            0.019945	           -0.165068	           -1.270177	           -0.009927	            0.000000	            0.000000	            0.000000	           -1.190000	            0.000000	           -0.300000	            0.000000	            0.000000	            0.000000
            0.221000	           -4.172671	           21.308867	           -9.067902	           -0.577057	            0.000000	            0.019945	           -0.149874	           -1.441387	            0.017802	            0.000000	            0.000000	            0.000000	           -1.190000	            0.000000	           -0.300000	            0.000000	            0.000000	            0.000000
            0.222000	           -5.263812	           31.978875	          -10.964056	           -0.577057	            0.000000	            0.019945	           -0.127966	           -1.609045	            0.048162	            0.000000	            0.000000	            0.000000	           -1.190000	            0.000000	           -0.300000	            0.000000	            0.000000	            0.000000
            0.223000	           -6.557890	           44.838519	          -12.922898	           -0.560330	            0.000000	           -0.008347	           -0.100095	           -1.769965	            0.080156	            0.000000	            0.000000	            0.000000	           -1.190000	            0.000000	           -0.300000	            0.000000	            0.000000	            0.000000
            0.224000	           -8.075616	           60.047330	          -14.907660	           -0.546015	            0.000000	           -0.031577	           -0.067266	           -1.921066	            0.112694	            0.000000	            0.000000	            0.000000	           -1.190000	            0.000000	           -0.300000	            0.000000	            0.000000	            0.000000
            0.225000	           -9.836752	           77.743875	          -16.879439	           -0.533904	            0.000000	           -0.050320	           -0.030666	           -2.059488	            0.144658	            0.000000	            0.000000	            0.000000	           -1.190000	            0.000000	           -0.300000	            0.000000	            0.000000	            0.000000
            0.226000	          -11.859530	           98.041611	          -18.798791	           -0.523764	            0.000000	           -0.065248	            0.008401	           -2.182693	            0.174955	            0.000000	            0.000000	            0.000000	           -1.190000	            0.000000	           -0.300000	            0.000000	            0.000000	            0.000000
            0.227000	          -14.160106	          121.025044	          -20.627518	           -0.515309	            0.000000	           -0.077097	            0.048591	           -2.288552	            0.202577	            0.000000	            0.000000	            0.000000	           -1.190000	            0.000000	           -0.300000	            0.000000	            0.000000	            0.000000
            0.228000	          -16.752089	          146.746280	          -22.330600	           -0.508232	            0.000000	           -0.086542	            0.088583	           -2.375425	            0.226646	            0.000000	            0.000000	            0.000000	           -1.190000	            0.000000	           -0.300000	            0.000000	            0.000000	            0.000000
            0.229000	          -19.646170	          175.222081	          -23.878184	           -0.502248	            0.000000	           -0.094135	            0.127134	           -2.442210	            0.246452	            0.000000	            0.000000	            0.000000	           -1.190000	            0.000000	           -0.300000	            0.000000	            0.000000	            0.000000
            0.230000	          -22.849905	          206.431505	          -25.247551	           -0.497106	            0.000000	           -0.100289	            0.163131	           -2.488374	            0.261477	            0.000000	            0.000000	            0.000000	           -1.190000	            0.000000	           -0.300000	            0.000000	            0.000000	            0.000000
            0.231000	          -26.367648	          240.314240	          -26.424938	           -0.492600	            0.000000	           -0.105312	            0.195622	           -2.513947	            0.271410	            0.000000	            0.000000	            0.000000	           -1.190000	            0.000000	           -0.300000	            0.000000	            0.000000	            0.000000
            0.232000	          -30.200643	          276.769696	          -27.407125	           -0.488568	            0.000000	           -0.109434	            0.223847	           -2.519510	            0.276152	            0.000000	            0.000000	            0.000000	           -1.190000	            0.000000	           -0.300000	            0.000000	            0.000000	            0.000000
            0.233000	          -34.347275	          315.656929	          -28.202657	           -0.484894	            0.000000	           -0.112837	            0.247249	           -2.506144	            0.275808	            0.000000	            0.000000	            0.000000	           -1.190000	            0.000000	           -0.300000	            0.000000	            0.000000	            0.000000
            0.234000	          -38.803458	          356.795444	          -28.832596	           -0.481505	            0.000000	           -0.115665	            0.265483	           -2.475379	            0.270671	            0.000000	            0.000000	            0.000000	           -1.190000	            0.000000	           -0.300000	            0.000000	            0.000000	            0.000000
            0.235000	          -43.563131	          399.966895	          -29.330706	           -0.478354	            0.000000	           -0.118030	            0.278415	           -2.429121	            0.261200	            0.000000	            0.000000	            0.000000	           -1.190000	            0.000000	           -0.300000	            0.000000	            0.000000	            0.000000
            0.236000	          -48.618819	          444.917673	          -29.742990	           -0.475406	            0.000000	           -0.120018	            0.286107	           -2.369581	            0.247993	            0.000000	            0.000000	            0.000000	           -1.190000	            0.000000	           -0.300000	            0.000000	            0.000000	            0.000000
            0.237000	          -53.962249	          491.362347	          -30.126539	           -0.472634	            0.000000	           -0.121691	            0.288810	           -2.299198	            0.231754	            0.000000	            0.000000	            0.000000	           -1.190000	            0.000000	           -0.300000	            0.000000	            0.000000	            0.000000
            0.238000	          -59.584935	          538.987883	          -30.547665	           -0.470011	            0.000000	           -0.123097	            0.286942	           -2.220569	            0.213260	            0.000000	            0.000000	            0.000000	           -1.190000	            0.000000	           -0.300000	            0.000000	            0.000000	            0.000000
            0.239000	          -65.478729	          587.458539	          -31.079353	           -0.467516	            0.000000	           -0.124270	            0.281065	           -2.136383	            0.193327	            0.000000	            0.000000	            0.000000	           -1.190000	            0.000000	           -0.300000	            0.000000	            0.000000	            0.000000
            0.240000	          -71.636265	          636.421299	          -31.798097	           -0.465126	            0.000000	           -0.125241	            0.271868	           -2.049367	            0.172781	            0.000000	            0.000000	            0.000000	           -1.190000	            0.000000	           -0.300000	            0.000000	            0.000000	            0.000000
            0.241000	          -78.051269	          685.511703	          -32.780228	           -0.462827	            0.000000	           -0.126030	            0.260141	           -1.962240	            0.152421	            0.000000	            0.000000	            0.000000	           -1.190000	            0.000000	           -0.300000	            0.000000	            0.000000	            0.000000
            0.242000	          -84.718698	          734.359890	          -34.097890	           -0.460602	            0.000000	           -0.126656	            0.246749	           -1.877676	            0.132999	            0.000000	            0.000000	            0.000000	           -1.190000	            0.000000	           -0.300000	            0.000000	            0.000000	            0.000000
            0.243000	          -91.634672	          782.596699	          -35.814842	           -0.458432	            0.000000	           -0.127129	            0.232616	           -1.798277	            0.115192	            0.000000	            0.000000	            0.000000	           -1.190000	            0.000000	           -0.300000	            0.000000	            0.000000	            0.000000
            0.244000	          -98.796193	          829.859650	          -37.982310	           -0.456297	            0.000000	           -0.127458	            0.218695	           -1.726555	            0.099585	            0.000000	            0.000000	            0.000000	           -1.190000	            0.000000	           -0.300000	            0.000000	            0.000000	            0.000000
            0.245000	         -106.200649	          875.798666	          -40.635100	           -0.454172	            0.000000	           -0.127647	            0.205951	           -1.664908	            0.086656	            0.000000	            0.000000	            0.000000	           -1.190000	            0.000000	           -0.300000	            0.000000	            0.000000	            0.000000
            0.246000	         -113.845115	          920.081407	          -43.788226	           -0.452026	            0.000000	           -0.127700	            0.195338	           -1.615608	            0.076768	            0.000000	            0.000000	            0.000000	           -1.190000	            0.000000	           -0.300000	            0.000000	            0.000000	            0.000000
            0.247000	         -121.725486	          962.398123	          -47.434271	           -0.449827	            0.000000	           -0.127620	            0.187773	           -1.580776	            0.070160	            0.000000	            0.000000	            0.000000	           -1.190000	            0.000000	           -0.300000	            0.000000	            0.000000	            0.000000
            0.248000	         -129.835501	         1002.465979	          -51.541681	           -0.447537	            0.000000	           -0.127414	            0.184120	           -1.562351	            0.066948	            0.000000	            0.000000	            0.000000	           -1.190000	            0.000000	           -0.300000	            0.000000	            0.000000	            0.000000
            0.249000	         -138.165716	         1040.032818	          -56.054166	           -0.445125	            0.000000	           -0.127091	            0.185158	           -1.562055	            0.067129	            0.000000	            0.000000	            0.000000	           -1.190000	            0.000000	           -0.300000	            0.000000	            0.000000	            0.000000
            0.250000	         -146.702519	         1074.880377	          -60.891325	           -0.442565	            0.000000	           -0.126671	            0.191564	           -1.581334	            0.070582	            0.000000	            0.000000	            0.000000	           -1.190000	            0.000000	           -0.300000	            0.000000	            0.000000	            0.000000
            0.251000	         -155.427263	         1106.826970	          -65.950553	           -0.439849	            0.000000	           -0.126177	            0.203885	           -1.621302	            0.077083	            0.000000	            0.000000	            0.000000	           -1.190000	            0.000000	           -0.300000	            0.000000	            0.000000	            0.000000
            0.252000	         -164.315614	         1135.729693	          -71.110216	           -0.436987	            0.000000	           -0.125639	            0.222515	           -1.682661	            0.086309	            0.000000	            0.000000	            0.000000	           -1.190000	            0.000000	           -0.300000	            0.000000	            0.000000	            0.000000
            0.253000	         -173.337182	         1161.486160	          -76.233997	           -0.434003	            0.000000	           -0.125085	            0.247670	           -1.765622	            0.097859	            0.000000	            0.000000	            0.000000	           -1.190000	            0.000000	           -0.300000	            0.000000	            0.000000	            0.000000
            0.254000	         -182.455513	         1184.035808	          -81.176263	           -0.430933	            0.000000	           -0.124544	            0.279365	           -1.869820	            0.111261	            0.000000	            0.000000	            0.000000	           -1.190000	            0.000000	           -0.300000	            0.000000	            0.000000	            0.000000
            0.255000	         -191.628457	         1203.360766	          -85.788191	           -0.427814	            0.000000	           -0.124042	            0.317402	           -1.994240	            0.125995	            0.000000	            0.000000	            0.000000	           -1.190000	            0.000000	           -0.300000	            0.000000	            0.000000	            0.000000
            0.256000	         -200.808944	         1219.486250	          -89.924366	           -0.424682	            0.000000	           -0.123601	            0.361349	           -2.137151	            0.141508	            0.000000	            0.000000	            0.000000	           -1.190000	            0.000000	           -0.300000	            0.000000	            0.000000	            0.000000
            0.257000	         -209.946133	         1232.480456	          -93.449485	           -0.421568	            0.000000	           -0.123237	            0.410541	           -2.296067	            0.157228	            0.000000	            0.000000	            0.000000	           -1.190000	            0.000000	           -0.300000	            0.000000	            0.000000	            0.000000
            0.258000	         -218.986878	         1242.453846	          -96.244799	           -0.418499	            0.000000	           -0.122960	            0.464079	           -2.467734	            0.172587	            0.000000	            0.000000	            0.000000	           -1.190000	            0.000000	           -0.300000	            0.000000	            0.000000	            0.000000
            0.259000	         -227.877436	         1249.557778	          -98.213904	           -0.415508	            0.000000	           -0.122776	            0.520841	           -2.648156	            0.187037	            0.000000	            0.000000	            0.000000	           -1.190000	            0.000000	           -0.300000	            0.000000	            0.000000	            0.000000
            0.260000	         -236.565315	         1253.982364	          -99.287524	           -0.412640	            0.000000	           -0.122681	            0.579509	           -2.832667	            0.200068	            0.000000	            0.000000	            0.000000	           -1.190000	            0.000000	           -0.300000	            0.000000	            0.000000	            0.000000
            0.261000	         -245.001131	         1255.953492	          -99.426990	           -0.409952	            0.000000	           -0.122670	            0.638598	           -3.016042	            0.211223	            0.000000	            0.000000	            0.000000	           -1.190000	            0.000000	           -0.300000	            0.000000	            0.000000	            0.000000
            0.262000	         -253.140372	         1255.728965	          -98.626171	           -0.407498	            0.000000	           -0.122729	            0.696504	           -3.192651	            0.220113	            0.000000	            0.000000	            0.000000	           -1.190000	            0.000000	           -0.300000	            0.000000	            0.000000	            0.000000
            0.263000	         -260.944937	         1253.593730	          -96.911750	           -0.405318	            0.000000	           -0.122843	            0.751558	           -3.356657	            0.226430	            0.000000	            0.000000	            0.000000	           -1.190000	            0.000000	           -0.300000	            0.000000	            0.000000	            0.000000
            0.264000	         -268.384358	         1249.854249	          -94.341796	           -0.403411	            0.000000	           -0.122993	            0.802086	           -3.502241	            0.229958	            0.000000	            0.000000	            0.000000	           -1.190000	            0.000000	           -0.300000	            0.000000	            0.000000	            0.000000
            0.265000	         -275.436619	         1244.832087	          -91.002747	           -0.401734	            0.000000	           -0.123165	            0.846479	           -3.623844	            0.230576	            0.000000	            0.000000	            0.000000	           -1.190000	            0.000000	           -0.300000	            0.000000	            0.000000	            0.000000
            0.266000	         -282.088517	         1238.856897	          -87.004984	           -0.400199	            0.000000	           -0.123346	            0.883257	           -3.716422	            0.228262	            0.000000	            0.000000	            0.000000	           -1.190000	            0.000000	           -0.300000	            0.000000	            0.000000	            0.000000
            0.267000	         -288.335547	         1232.258988	          -82.477305	           -0.398691	            0.000000	           -0.123532	            0.911141	           -3.775687	            0.223094	            0.000000	            0.000000	            0.000000	           -1.190000	            0.000000	           -0.300000	            0.000000	            0.000000	            0.000000
            0.268000	         -294.181299	         1225.361770	          -77.560637	           -0.397094	            0.000000	           -0.123720	            0.929112	           -3.798327	            0.215238	            0.000000	            0.000000	            0.000000	           -1.190000	            0.000000	           -0.300000	            0.000000	            0.000000	            0.000000
            0.269000	         -299.636436	         1218.474344	          -72.401416	           -0.395314	            0.000000	           -0.123904	            0.936460	           -3.782188	            0.204943	            0.000000	            0.000000	            0.000000	           -1.190000	            0.000000	           -0.300000	            0.000000	            0.000000	            0.000000
            0.270000	         -304.717289	         1211.884562	          -67.145021	           -0.393298	            0.000000	           -0.124080	            0.932824	           -3.726402	            0.192527	            0.000000	            0.000000	            0.000000	           -1.190000	            0.000000	           -0.300000	            0.000000	            0.000000	            0.000000
            0.271000	         -309.444205	         1205.852843	          -61.929671	           -0.391034	            0.000000	           -0.124238	            0.918213	           -3.631460	            0.178365	            0.000000	            0.000000	            0.000000	           -1.190000	            0.000000	           -0.300000	            0.000000	            0.000000	            0.000000
            0.272000	         -313.839745	         1200.607004	          -56.881121	           -0.388546	            0.000000	           -0.124371	            0.893010	           -3.499212	            0.162864	            0.000000	            0.000000	            0.000000	           -1.190000	            0.000000	           -0.300000	            0.000000	            0.000000	            0.000000
            0.273000	         -317.926882	         1196.338319	          -52.108430	           -0.385882	            0.000000	           -0.124474	            0.857958	           -3.332806	            0.146456	            0.000000	            0.000000	            0.000000	           -1.190000	            0.000000	           -0.300000	            0.000000	            0.000000	            0.000000
            0.274000	         -321.727340	         1193.198943	          -47.700968	           -0.383106	            0.000000	           -0.124547	            0.814124	           -3.136548	            0.129573	            0.000000	            0.000000	            0.000000	           -1.190000	            0.000000	           -0.300000	            0.000000	            0.000000	            0.000000
            0.275000	         -325.260210	         1191.300763	          -43.726760	           -0.380285	            0.000000	           -0.124593	            0.762854	           -2.915718	            0.112636	            0.000000	            0.000000	            0.000000	           -1.190000	            0.000000	           -0.300000	            0.000000	            0.000000	            0.000000
            0.276000	         -328.540942	         1190.715659	          -40.232131	           -0.377480	            0.000000	           -0.124618	            0.705706	           -2.676329	            0.096039	            0.000000	            0.000000	            0.000000	           -1.190000	            0.000000	           -0.300000	            0.000000	            0.000000	            0.000000
            0.277000	         -331.580806	         1191.477102	          -37.242552	           -0.374733	            0.000000	           -0.124629	            0.644384	           -2.424851	            0.080136	            0.000000	            0.000000	            0.000000	           -1.190000	            0.000000	           -0.300000	            0.000000	            0.000000	            0.000000
            0.278000	         -334.386831	         1193.582913	          -34.764494	           -0.372071	            0.000000	           -0.124631	            0.580652	           -2.167927	            0.065235	            0.000000	            0.000000	            0.000000	           -1.190000	            0.000000	           -0.300000	            0.000000	            0.000000	            0.000000
            0.279000	         -336.962221	         1196.998994	          -32.788052	           -0.369500	            0.000000	           -0.124628	            0.516264	           -1.912078	            0.051586	            0.000000	            0.000000	            0.000000	           -1.190000	            0.000000	           -0.300000	            0.000000	            0.000000	            0.000000
            0.280000	         -339.307178	         1201.663775	          -31.290062	           -0.367019	            0.000000	           -0.124616	            0.452886	           -1.663437	            0.039381	            0.000000	            0.000000	            0.000000	           -1.190000	            0.000000	           -0.300000	            0.000000	            0.000000	            0.000000
            0.281000	         -341.420019	         1207.493117	          -30.237424	           -0.364618	            0.000000	           -0.124593	            0.392031	           -1.427505	            0.028751	            0.000000	            0.000000	            0.000000	           -1.190000	            0.000000	           -0.300000	            0.000000	            0.000000	            0.000000
            0.282000	         -343.298466	         1214.385411	          -29.590379	           -0.362287	            0.000000	           -0.124555	            0.335007	           -1.208963	            0.019767	            0.000000	            0.000000	            0.000000	           -1.190000	            0.000000	           -0.300000	            0.000000	            0.000000	            0.000000
            0.283000	         -344.940961	         1222.226599	          -29.305492	           -0.360013	            0.000000	           -0.124501	            0.282874	           -1.011521	            0.012441	            0.000000	            0.000000	            0.000000	           -1.190000	            0.000000	           -0.300000	            0.000000	            0.000000	            0.000000
            0.284000	         -346.347858	         1230.894921	          -29.338195	           -0.357787	            0.000000	           -0.124434	            0.236421	           -0.837841	            0.006734	            0.000000	            0.000000	            0.000000	           -1.190000	            0.000000	           -0.300000	            0.000000	            0.000000	            0.000000
            0.285000	         -347.522384	         1240.265193	          -29.644750	           -0.355603	            0.000000	           -0.124359	            0.196157	           -0.689504	            0.002561	            0.000000	            0.000000	            0.000000	           -1.190000	            0.000000	           -0.300000	            0.000000	            0.000000	            0.000000
            0.286000	         -348.471264	         1250.212472	          -30.183617	           -0.353456	            0.000000	           -0.124282	            0.162311	           -0.567037	           -0.000203	            0.000000	            0.000000	            0.000000	           -1.190000	            0.000000	           -0.300000	            0.000000	            0.000000	            0.000000
            0.287000	         -349.204972	         1260.615053	          -30.916217	           -0.351345	            0.000000	           -0.124208	            0.134853	           -0.469980	           -0.001711	            0.000000	            0.000000	            0.000000	           -1.190000	            0.000000	           -0.300000	            0.000000	            0.000000	            0.000000
            0.288000	         -349.737600	         1271.356747	          -31.807181	           -0.349269	            0.000000	           -0.124136	            0.113521	           -0.396997	           -0.002140	            0.000000	            0.000000	            0.000000	           -1.190000	            0.000000	           -0.300000	            0.000000	            0.000000	            0.000000
            0.289000	         -350.086361	         1282.328467	          -32.824179	           -0.347233	            0.000000	           -0.124062	            0.097851	           -0.346006	           -0.001679	            0.000000	            0.000000	            0.000000	           -1.190000	            0.000000	           -0.300000	            0.000000	            0.000000	            0.000000
            0.290000	         -350.270820	         1293.429186	          -33.937459	           -0.345241	            0.000000	           -0.123981	            0.087219	           -0.314332	           -0.000524	            0.000000	            0.000000	            0.000000	           -1.190000	            0.000000	           -0.300000	            0.000000	            0.000000	            0.000000
            0.291000	         -350.311908	         1304.566352	          -35.119239	           -0.343297	            0.000000	           -0.123891	            0.080879	           -0.298861	            0.001132	            0.000000	            0.000000	            0.000000	           -1.190000	            0.000000	           -0.300000	            0.000000	            0.000000	            0.000000
            0.292000	         -350.230848	         1315.655870	          -36.343071	           -0.341407	            0.000000	           -0.123789	            0.078009	           -0.296199	            0.003103	            0.000000	            0.000000	            0.000000	           -1.190000	            0.000000	           -0.300000	            0.000000	            0.000000	            0.000000
            0.293000	         -350.048080	         1326.621771	          -37.583278	           -0.339575	            0.000000	           -0.123678	            0.077742	           -0.302819	            0.005214	            0.000000	            0.000000	            0.000000	           -1.190000	            0.000000	           -0.300000	            0.000000	            0.000000	            0.000000
            0.294000	         -349.782268	         1337.395678	          -38.814567	           -0.337807	            0.000000	           -0.123561	            0.079207	           -0.315197	            0.007311	            0.000000	            0.000000	            0.000000	           -1.190000	            0.000000	           -0.300000	            0.000000	            0.000000	            0.000000
            0.295000	         -349.449473	         1347.916183	          -40.011840	           -0.336103	            0.000000	           -0.123444	            0.081558	           -0.329934	            0.009257	            0.000000	            0.000000	            0.000000	           -1.190000	            0.000000	           -0.300000	            0.000000	            0.000000	            0.000000
            0.296000	         -349.062534	         1358.128210	          -41.150241	           -0.334464	            0.000000	           -0.123332	            0.084006	           -0.343861	            0.010939	            0.000000	            0.000000	            0.000000	           -1.190000	            0.000000	           -0.300000	            0.000000	            0.000000	            0.000000
            0.297000	         -348.630676	         1367.982434	          -42.205428	           -0.332887	            0.000000	           -0.123225	            0.085834	           -0.354122	            0.012265	            0.000000	            0.000000	            0.000000	           -1.190000	            0.000000	           -0.300000	            0.000000	            0.000000	            0.000000
            0.298000	         -348.159350	         1377.434806	          -43.154036	           -0.331368	            0.000000	           -0.123125	            0.086422	           -0.358251	            0.013169	            0.000000	            0.000000	            0.000000	           -1.190000	            0.000000	           -0.300000	            0.000000	            0.000000	            0.000000
            0.299000	         -347.650288	         1386.446183	          -43.974285	           -0.329897	            0.000000	           -0.123031	            0.085258	           -0.354219	            0.013608	            0.000000	            0.000000	            0.000000	           -1.190000	            0.000000	           -0.300000	            0.000000	            0.000000	            0.000000
            0.300000	         -347.101735	         1394.982079	          -44.646684	           -0.328465	            0.000000	           -0.122941	            0.081947	           -0.340471	            0.013560	            0.000000	            0.000000	            0.000000	           -1.190000	            0.000000	           -0.300000	            0.000000	            0.000000	            0.000000
            0.301000	         -346.508816	         1403.012518	          -45.154761	           -0.327061	            0.000000	           -0.122856	            0.076219	           -0.315951	            0.013024	            0.000000	            0.000000	            0.000000	           -1.190000	            0.000000	           -0.300000	            0.000000	            0.000000	            0.000000
            0.302000	         -345.863998	         1410.511956	          -45.485765	           -0.325676	            0.000000	           -0.122775	            0.067925	           -0.280102	            0.012018	            0.000000	            0.000000	            0.000000	           -1.190000	            0.000000	           -0.300000	            0.000000	            0.000000	            0.000000
            0.303000	         -345.157602	         1417.459241	          -45.631285	           -0.324302	            0.000000	           -0.122696	            0.057041	           -0.232863	            0.010576	            0.000000	            0.000000	            0.000000	           -1.190000	            0.000000	           -0.300000	            0.000000	            0.000000	            0.000000
            0.304000	         -344.378316	         1423.837581	          -45.587730	           -0.322933	            0.000000	           -0.122621	            0.043656	           -0.174640	            0.008746	            0.000000	            0.000000	            0.000000	           -1.190000	            0.000000	           -0.300000	            0.000000	            0.000000	            0.000000
            0.305000	         -343.513695	         1429.634492	          -45.356651	           -0.321563	            0.000000	           -0.122549	            0.027965	           -0.106274	            0.006586	            0.000000	            0.000000	            0.000000	           -1.190000	            0.000000	           -0.300000	            0.000000	            0.000000	            0.000000
            0.306000	         -342.550601	         1434.841682	          -44.944850	           -0.320192	            0.000000	           -0.122479	            0.010259	           -0.028992	            0.004163	            0.000000	            0.000000	            0.000000	           -1.190000	            0.000000	           -0.300000	            0.000000	            0.000000	            0.000000
            0.307000	         -341.475581	         1439.454887	          -44.364285	           -0.318818	            0.000000	           -0.122411	           -0.009094	            0.055650	            0.001548	            0.000000	            0.000000	            0.000000	           -1.190000	            0.000000	           -0.300000	            0.000000	            0.000000	            0.000000
            0.308000	         -340.275169	         1443.473613	          -43.631749	           -0.317442	            0.000000	           -0.122343	           -0.029665	            0.145838	           -0.001183	            0.000000	            0.000000	            0.000000	           -1.190000	            0.000000	           -0.300000	            0.000000	            0.000000	            0.000000
            0.309000	         -338.936107	         1446.900816	          -42.768345	           -0.316065	            0.000000	           -0.122274	           -0.050980	            0.239572	           -0.003959	            0.000000	            0.000000	            0.000000	           -1.190000	            0.000000	           -0.300000	            0.000000	            0.000000	            0.000000
            0.310000	         -337.445493	         1449.742510	          -41.798750	           -0.314691	            0.000000	           -0.122202	           -0.072543	            0.334740	           -0.006708	            0.000000	            0.000000	            0.000000	           -1.190000	            0.000000	           -0.300000	            0.000000	            0.000000	            0.000000
            0.311000	         -335.790867	         1452.007325	          -40.750322	           -0.313320	            0.000000	           -0.122126	           -0.093850	            0.429205	           -0.009365	            0.000000	            0.000000	            0.000000	           -1.190000	            0.000000	           -0.300000	            0.000000	            0.000000	            0.000000
            0.312000	         -333.960243	         1453.706047	          -39.652062	           -0.311954	            0.000000	           -0.122044	           -0.114416	            0.520877	           -0.011871	            0.000000	            0.000000	            0.000000	           -1.190000	            0.000000	           -0.300000	            0.000000	            0.000000	            0.000000
            0.313000	         -331.942114	         1454.851142	          -38.533490	           -0.310593	            0.000000	           -0.121955	           -0.133781	            0.607788	           -0.014177	            0.000000	            0.000000	            0.000000	           -1.190000	            0.000000	           -0.300000	            0.000000	            0.000000	            0.000000
            0.314000	         -329.725446	         1455.456323	          -37.423472	           -0.309236	            0.000000	           -0.121861	           -0.151538	            0.688162	           -0.016243	            0.000000	            0.000000	            0.000000	           -1.190000	            0.000000	           -0.300000	            0.000000	            0.000000	            0.000000
            0.315000	         -327.299674	         1455.536154	          -36.349064	           -0.307884	            0.000000	           -0.121760	           -0.167336	            0.760466	           -0.018038	            0.000000	            0.000000	            0.000000	           -1.190000	            0.000000	           -0.300000	            0.000000	            0.000000	            0.000000
            0.316000	         -324.654733	         1455.105740	          -35.334417	           -0.306540	            0.000000	           -0.121655	           -0.180896	            0.823460	           -0.019544	            0.000000	            0.000000	            0.000000	           -1.190000	            0.000000	           -0.300000	            0.000000	            0.000000	            0.000000
            0.317000	         -321.781129	         1454.180505	          -34.399800	           -0.305208	            0.000000	           -0.121545	           -0.192013	            0.876229	           -0.020749	            0.000000	            0.000000	            0.000000	           -1.190000	            0.000000	           -0.300000	            0.000000	            0.000000	            0.000000
            0.318000	         -318.670064	         1452.776067	          -33.560788	           -0.303890	            0.000000	           -0.121428	           -0.200566	            0.918204	           -0.021655	            0.000000	            0.000000	            0.000000	           -1.190000	            0.000000	           -0.300000	            0.000000	            0.000000	            0.000000
            0.319000	         -315.313616	         1450.908222	          -32.827662	           -0.302585	            0.000000	           -0.121304	           -0.206512	            0.949160	           -0.022270	            0.000000	            0.000000	            0.000000	           -1.190000	            0.000000	           -0.300000	            0.000000	            0.000000	            0.000000
            0.320000	         -311.704985	         1448.593019	          -32.205039	           -0.301290	            0.000000	           -0.121168	           -0.209888	            0.969216	           -0.022609	            0.000000	            0.000000	            0.000000	           -1.190000	            0.000000	           -0.300000	            0.000000	            0.000000	            0.000000
            0.321000	         -307.838774	         1445.846904	          -31.691755	           -0.299998	            0.000000	           -0.121022	           -0.210800	            0.978809	           -0.022694	            0.000000	            0.000000	            0.000000	           -1.190000	            0.000000	           -0.300000	            0.000000	            0.000000	            0.000000
            0.322000	         -303.711312	         1442.686927	          -31.281009	           -0.298708	            0.000000	           -0.120866	           -0.209422	            0.978667	           -0.022552	            0.000000	            0.000000	            0.000000	           -1.190000	            0.000000	           -0.300000	            0.000000	            0.000000	            0.000000
            0.323000	         -299.320974	         1439.130969	          -30.960732	           -0.297418	            0.000000	           -0.120702	           -0.205978	            0.969760	           -0.022211	            0.000000	            0.000000	            0.000000	           -1.190000	            0.000000	           -0.300000	            0.000000	            0.000000	            0.000000
            0.324000	         -294.668490	         1435.197951	          -30.714190	           -0.296133	            0.000000	           -0.120532	           -0.200737	            0.953262	           -0.021703	            0.000000	            0.000000	            0.000000	           -1.190000	            0.000000	           -0.300000	            0.000000	            0.000000	            0.000000
            0.325000	         -289.757194	         1430.908013	          -30.520756	           -0.294853	            0.000000	           -0.120358	           -0.193997	            0.930493	           -0.021058	            0.000000	            0.000000	            0.000000	           -1.190000	            0.000000	           -0.300000	            0.000000	            0.000000	            0.000000
            0.326000	         -284.593202	         1426.282610	          -30.356815	           -0.293580	            0.000000	           -0.120180	           -0.186076	            0.902864	           -0.020306	            0.000000	            0.000000	            0.000000	           -1.190000	            0.000000	           -0.300000	            0.000000	            0.000000	            0.000000
            0.327000	         -279.185471	         1421.344511	          -30.196760	           -0.292317	            0.000000	           -0.120001	           -0.177293	            0.871829	           -0.019477	            0.000000	            0.000000	            0.000000	           -1.190000	            0.000000	           -0.300000	            0.000000	            0.000000	            0.000000
            0.328000	         -273.545736	         1416.117691	          -30.014022	           -0.291066	            0.000000	           -0.119820	           -0.167965	            0.838824	           -0.018595	            0.000000	            0.000000	            0.000000	           -1.190000	            0.000000	           -0.300000	            0.000000	            0.000000	            0.000000
            0.329000	         -267.688310	         1410.627082	          -29.782081	           -0.289829	            0.000000	           -0.119640	           -0.158391	            0.805227	           -0.017681	            0.000000	            0.000000	            0.000000	           -1.190000	            0.000000	           -0.300000	            0.000000	            0.000000	            0.000000
            0.330000	         -261.629739	         1404.898205	          -29.475427	           -0.288606	            0.000000	           -0.119461	           -0.148843	            0.772310	           -0.016754	            0.000000	            0.000000	            0.000000	           -1.190000	            0.000000	           -0.300000	            0.000000	            0.000000	            0.000000
            0.331000	         -255.388330	         1398.956696	          -29.070431	           -0.287397	            0.000000	           -0.119285	           -0.139564	            0.741205	           -0.015827	            0.000000	            0.000000	            0.000000	           -1.190000	            0.000000	           -0.300000	            0.000000	            0.000000	            0.000000
            0.332000	         -248.983588	         1392.827719	          -28.546085	           -0.286199	            0.000000	           -0.119112	           -0.130753	            0.712876	           -0.014910	            0.000000	            0.000000	            0.000000	           -1.190000	            0.000000	           -0.300000	            0.000000	            0.000000	            0.000000
            0.333000	         -242.435575	         1386.535331	          -27.884618	           -0.285013	            0.000000	           -0.118944	           -0.122572	            0.688096	           -0.014007	            0.000000	            0.000000	            0.000000	           -1.190000	            0.000000	           -0.300000	            0.000000	            0.000000	            0.000000
            0.334000	         -235.764252	         1380.101800	          -27.071947	           -0.283839	            0.000000	           -0.118781	           -0.115137	            0.667437	           -0.013121	            0.000000	            0.000000	            0.000000	           -1.190000	            0.000000	           -0.300000	            0.000000	            0.000000	            0.000000
            0.335000	         -228.988845	         1373.546948	          -26.097990	           -0.282683	            0.000000	           -0.118625	           -0.108521	            0.651263	           -0.012249	            0.000000	            0.000000	            0.000000	           -1.190000	            0.000000	           -0.300000	            0.000000	            0.000000	            0.000000
            0.336000	         -222.127276	         1366.887522	          -24.956818	           -0.281552	            0.000000	           -0.118478	           -0.102754	            0.639733	           -0.011388	            0.000000	            0.000000	            0.000000	           -1.190000	            0.000000	           -0.300000	            0.000000	            0.000000	            0.000000
            0.337000	         -215.195705	         1360.136664	          -23.646668	           -0.280451	            0.000000	           -0.118343	           -0.097829	            0.632808	           -0.010531	            0.000000	            0.000000	            0.000000	           -1.190000	            0.000000	           -0.300000	            0.000000	            0.000000	            0.000000
            0.338000	         -208.208210	         1353.303491	          -22.169830	           -0.279382	            0.000000	           -0.118224	           -0.093701	            0.630264	           -0.009671	            0.000000	            0.000000	            0.000000	           -1.190000	            0.000000	           -0.300000	            0.000000	            0.000000	            0.000000
            0.339000	         -201.176624	         1346.392820	          -20.532406	           -0.278347	            0.000000	           -0.118121	           -0.090298	            0.631711	           -0.008800	            0.000000	            0.000000	            0.000000	           -1.190000	            0.000000	           -0.300000	            0.000000	            0.000000	            0.000000
            0.340000	         -194.110542	         1339.405052	          -18.743981	           -0.277347	            0.000000	           -0.118035	           -0.087522	            0.636617	           -0.007909	            0.000000	            0.000000	            0.000000	           -1.190000	            0.000000	           -0.300000	            0.000000	            0.000000	            0.000000
            0.341000	         -187.017474	         1332.336223	          -16.817197	           -0.276382	            0.000000	           -0.117966	           -0.085258	            0.644328	           -0.006992	            0.000000	            0.000000	            0.000000	           -1.190000	            0.000000	           -0.300000	            0.000000	            0.000000	            0.000000
            0.342000	         -179.903145	         1325.178218	          -14.767269	           -0.275452	            0.000000	           -0.117914	           -0.083379	            0.654096	           -0.006043	            0.000000	            0.000000	            0.000000	           -1.190000	            0.000000	           -0.300000	            0.000000	            0.000000	            0.000000
            0.343000	         -172.771890	         1317.919130	          -12.611441	           -0.274556	            0.000000	           -0.117878	           -0.081752	            0.665105	           -0.005060	            0.000000	            0.000000	            0.000000	           -1.190000	            0.000000	           -0.300000	            0.000000	            0.000000	            0.000000
            0.344000	         -165.627124	         1310.543756	          -10.368418	           -0.273690	            0.000000	           -0.117854	           -0.080245	            0.676501	           -0.004040	            0.000000	            0.000000	            0.000000	           -1.190000	            0.000000	           -0.300000	            0.000000	            0.000000	            0.000000
            0.345000	         -158.471835	         1303.034186	           -8.057783	           -0.272848	            0.000000	           -0.117840	           -0.078729	            0.687412	           -0.002987	            0.000000	            0.000000	            0.000000	           -1.190000	            0.000000	           -0.300000	            0.000000	            0.000000	            0.000000
            0.346000	         -151.309068	         1295.370467	           -5.699412	           -0.272026	            0.000000	           -0.117830	           -0.077088	            0.696979	           -0.001904	            0.000000	            0.000000	            0.000000	           -1.190000	            0.000000	           -0.300000	            0.000000	            0.000000	            0.000000
            0.347000	         -144.142352	         1287.531292	           -3.312923	           -0.271222	            0.000000	           -0.117824	           -0.075220	            0.704374	           -0.000800	            0.000000	            0.000000	            0.000000	           -1.190000	            0.000000	           -0.300000	            0.000000	            0.000000	            0.000000
            0.348000	         -136.976050	         1279.494702	           -0.917160	           -0.270435	            0.000000	           -0.117816	           -0.073040	            0.708824	            0.000314	            0.000000	            0.000000	            0.000000	           -1.190000	            0.000000	           -0.300000	            0.000000	            0.000000	            0.000000
            0.349000	         -129.815598	         1271.238750	            1.470272	           -0.269664	            0.000000	           -0.117808	           -0.070484	            0.709622	            0.001423	            0.000000	            0.000000	            0.000000	           -1.190000	            0.000000	           -0.300000	            0.000000	            0.000000	            0.000000
            0.350000	         -122.667625	         1262.742107	            3.833388	           -0.268909	            0.000000	           -0.117798	           -0.067508	            0.706147	            0.002511	            0.000000	            0.000000	            0.000000	           -1.190000	            0.000000	           -0.300000	            0.000000	            0.000000	            0.000000
            0.351000	         -115.539952	         1253.984593	            6.158142	           -0.268171	            0.000000	           -0.117787	           -0.064093	            0.697867	            0.003557	            0.000000	            0.000000	            0.000000	           -1.190000	            0.000000	           -0.300000	            0.000000	            0.000000	            0.000000
            0.352000	         -108.441458	         1244.947608	            8.432640	           -0.267447	            0.000000	           -0.117777	           -0.060240	            0.684350	            0.004541	            0.000000	            0.000000	            0.000000	           -1.190000	            0.000000	           -0.300000	            0.000000	            0.000000	            0.000000
            0.353000	         -101.381853	         1235.614457	           10.647275	           -0.266737	            0.000000	           -0.117767	           -0.055974	            0.665261	            0.005438	            0.000000	            0.000000	            0.000000	           -1.190000	            0.000000	           -0.300000	            0.000000	            0.000000	            0.000000
            0.354000	          -94.371349	         1225.970574	           12.794765	           -0.266033	            0.000000	           -0.117756	           -0.051336	            0.640361	            0.006222	            0.000000	            0.000000	            0.000000	           -1.190000	            0.000000	           -0.300000	            0.000000	            0.000000	            0.000000
            0.355000	          -87.420272	         1216.003626	           14.870098	           -0.265334	            0.000000	           -0.117744	           -0.046389	            0.609504	            0.006867	            0.000000	            0.000000	            0.000000	           -1.190000	            0.000000	           -0.300000	            0.000000	            0.000000	            0.000000
            0.356000	          -80.538644	         1205.703533	           16.870404	           -0.264637	            0.000000	           -0.117730	           -0.041210	            0.572626	            0.007345	            0.000000	            0.000000	            0.000000	           -1.190000	            0.000000	           -0.300000	            0.000000	            0.000000	            0.000000
            0.357000	          -73.735754	         1195.062387	           18.794749	           -0.263942	            0.000000	           -0.117715	           -0.035889	            0.529736	            0.007628	            0.000000	            0.000000	            0.000000	           -1.190000	            0.000000	           -0.300000	            0.000000	            0.000000	            0.000000
            0.358000	          -67.019758	         1184.074314	           20.643873	           -0.263253	            0.000000	           -0.117700	           -0.030525	            0.480904	            0.007687	            0.000000	            0.000000	            0.000000	           -1.190000	            0.000000	           -0.300000	            0.000000	            0.000000	            0.000000
            0.359000	          -60.397330	         1172.735268	           22.419882	           -0.262572	            0.000000	           -0.117688	           -0.025226	            0.426252	            0.007493	            0.000000	            0.000000	            0.000000	           -1.190000	            0.000000	           -0.300000	            0.000000	            0.000000	            0.000000
            0.360000	          -53.873392	         1161.042803	           24.125904	           -0.261902	            0.000000	           -0.117680	           -0.020105	            0.365940	            0.007019	            0.000000	            0.000000	            0.000000	           -1.190000	            0.000000	           -0.300000	            0.000000	            0.000000	            0.000000
            0.361000	          -47.450937	         1148.995822	           25.765746	           -0.261242	            0.000000	           -0.117674	           -0.015278	            0.300154	            0.006237	            0.000000	            0.000000	            0.000000	           -1.190000	            0.000000	           -0.300000	            0.000000	            0.000000	            0.000000
            0.362000	          -41.130957	         1136.594330	           27.343532	           -0.260589	            0.000000	           -0.117670	           -0.010860	            0.229099	            0.005119	            0.000000	            0.000000	            0.000000	           -1.190000	            0.000000	           -0.300000	            0.000000	            0.000000	            0.000000
            0.363000	          -34.912487	         1123.839207	           28.863378	           -0.259942	            0.000000	           -0.117664	           -0.006966	            0.152986	            0.003639	            0.000000	            0.000000	            0.000000	           -1.190000	            0.000000	           -0.300000	            0.000000	            0.000000	            0.000000
            0.364000	          -28.792754	         1110.732008	           30.329075	           -0.259299	            0.000000	           -0.117657	           -0.003710	            0.072032	            0.001774	            0.000000	            0.000000	            0.000000	           -1.190000	            0.000000	           -0.300000	            0.000000	            0.000000	            0.000000
            0.365000	          -22.767432	         1097.274804	           31.743832	           -0.258659	            0.000000	           -0.117650	           -0.001200	           -0.013554	           -0.000501	            0.000000	            0.000000	            0.000000	           -1.190000	            0.000000	           -0.300000	            0.000000	            0.000000	            0.000000
            0.366000	          -16.830984	         1083.470077	           33.110048	           -0.258023	            0.000000	           -0.117644	            0.000458	           -0.103569	           -0.003208	            0.000000	            0.000000	            0.000000	           -1.190000	            0.000000	           -0.300000	            0.000000	            0.000000	            0.000000
            0.367000	          -10.977071	         1069.320653	           34.429155	           -0.257388	            0.000000	           -0.117641	            0.001163	           -0.197819	           -0.006366	            0.000000	            0.000000	            0.000000	           -1.190000	            0.000000	           -0.300000	            0.000000	            0.000000	            0.000000
            0.368000	           -5.199017	         1054.829688	           35.701513	           -0.256755	            0.000000	           -0.117640	            0.000817	           -0.296125	           -0.009995	            0.000000	            0.000000	            0.000000	           -1.190000	            0.000000	           -0.300000	            0.000000	            0.000000	            0.000000
            0.369000	            0.509714	         1040.000701	           36.926358	           -0.256128	            0.000000	           -0.117644	           -0.000673	           -0.398316	           -0.014109	            0.000000	            0.000000	            0.000000	           -1.190000	            0.000000	           -0.300000	            0.000000	            0.000000	            0.000000
            0.370000	            6.155028	         1024.837638	           38.101825	           -0.255513	            0.000000	           -0.117650	           -0.003398	           -0.504237	           -0.018724	            0.000000	            0.000000	            0.000000	           -1.190000	            0.000000	           -0.300000	            0.000000	            0.000000	            0.000000
            0.371000	           11.741744	         1009.344965	           39.225009	           -0.254914	            0.000000	           -0.117660	           -0.007446	           -0.613739	           -0.023851	            0.000000	            0.000000	            0.000000	           -1.190000	            0.000000	           -0.300000	            0.000000	            0.000000	            0.000000
            0.372000	           17.273178	          993.527773	           40.292092	           -0.254334	            0.000000	           -0.117673	           -0.012904	           -0.726684	           -0.029500	            0.000000	            0.000000	            0.000000	           -1.190000	            0.000000	           -0.300000	            0.000000	            0.000000	            0.000000
            0.373000	           22.750794	          977.391896	           41.298496	           -0.253772	            0.000000	           -0.117685	           -0.019858	           -0.842939	           -0.035678	            0.000000	            0.000000	            0.000000	           -1.190000	            0.000000	           -0.300000	            0.000000	            0.000000	            0.000000
            0.374000	           28.173930	          960.944008	           42.239089	           -0.253223	            0.000000	           -0.117695	           -0.028398	           -0.962375	           -0.042389	            0.000000	            0.000000	            0.000000	           -1.190000	            0.000000	           -0.300000	            0.000000	            0.000000	            0.000000
            0.375000	           33.539620	          944.191716	           43.108398	           -0.252683	            0.000000	           -0.117700	           -0.038611	           -1.084863	           -0.049637	            0.000000	            0.000000	            0.000000	           -1.190000	            0.000000	           -0.300000	            0.000000	            0.000000	            0.000000
            0.376000	           38.842501	          927.143615	           43.900847	           -0.252149	            0.000000	           -0.117695	           -0.050592	           -1.210271	           -0.057421	            0.000000	            0.000000	            0.000000	           -1.190000	            0.000000	           -0.300000	            0.000000	            0.000000	            0.000000
            0.377000	           44.074822	          909.809318	           44.610986	           -0.251617	            0.000000	           -0.117678	           -0.064438	           -1.338463	           -0.065738	            0.000000	            0.000000	            0.000000	           -1.190000	            0.000000	           -0.300000	            0.000000	            0.000000	            0.000000
            0.378000	           49.226535	          892.199446	           45.233720	           -0.251084	            0.000000	           -0.117649	           -0.080250	           -1.469295	           -0.074584	            0.000000	            0.000000	            0.000000	           -1.190000	            0.000000	           -0.300000	            0.000000	            0.000000	            0.000000
            0.379000	           54.285472	          874.325584	           45.764508	           -0.250549	            0.000000	           -0.117609	           -0.098136	           -1.602615	           -0.083950	            0.000000	            0.000000	            0.000000	           -1.190000	            0.000000	           -0.300000	            0.000000	            0.000000	            0.000000
            0.380000	           59.237582	          856.200212	           46.199544	           -0.250012	            0.000000	           -0.117561	           -0.118207	           -1.738258	           -0.093827	            0.000000	            0.000000	            0.000000	           -1.190000	            0.000000	           -0.300000	            0.000000	            0.000000	            0.000000
            0.381000	           64.067225	          837.836606	           46.535889	           -0.249473	            0.000000	           -0.117507	           -0.140582	           -1.876048	           -0.104202	            0.000000	            0.000000	            0.000000	           -1.190000	            0.000000	           -0.300000	            0.000000	            0.000000	            0.000000
            0.382000	           68.757497	          819.248731	           46.771577	           -0.248932	            0.000000	           -0.117450	           -0.165380	           -2.015796	           -0.115059	            0.000000	            0.000000	            0.000000	           -1.190000	            0.000000	           -0.300000	            0.000000	            0.000000	            0.000000
            0.383000	           73.290571	          800.451131	           46.905662	           -0.248391	            0.000000	           -0.117386	           -0.192727	           -2.157298	           -0.126380	            0.000000	            0.000000	            0.000000	           -1.190000	            0.000000	           -0.300000	            0.000000	            0.000000	            0.000000
            0.384000	           77.648046	          781.458833	           46.938239	           -0.247849	            0.000000	           -0.117315	           -0.222743	           -2.300336	           -0.138143	            0.000000	            0.000000	            0.000000	           -1.190000	            0.000000	           -0.300000	            0.000000	            0.000000	            0.000000
            0.385000	           81.811274	          762.287264	           46.870413	           -0.247309	            0.000000	           -0.117235	           -0.255551	           -2.444677	           -0.150325	            0.000000	            0.000000	            0.000000	           -1.190000	            0.000000	           -0.300000	            0.000000	            0.000000	            0.000000
            0.386000	           85.761666	          742.952214	           46.704240	           -0.246775	            0.000000	           -0.117144	           -0.291262	           -2.590071	           -0.162897	            0.000000	            0.000000	            0.000000	           -1.190000	            0.000000	           -0.300000	            0.000000	            0.000000	            0.000000
            0.387000	           89.480968	          723.469821	           46.442637	           -0.246248	            0.000000	           -0.117041	           -0.329977	           -2.736250	           -0.175828	            0.000000	            0.000000	            0.000000	           -1.190000	            0.000000	           -0.300000	            0.000000	            0.000000	            0.000000
            0.388000	           92.951490	          703.856616	           46.089272	           -0.245726	            0.000000	           -0.116926	           -0.371778	           -2.882925	           -0.189083	            0.000000	            0.000000	            0.000000	           -1.190000	            0.000000	           -0.300000	            0.000000	            0.000000	            0.000000
            0.389000	           96.156308	          684.129597	           45.648436	           -0.245208	            0.000000	           -0.116798	           -0.416724	           -3.029784	           -0.202622	            0.000000	            0.000000	            0.000000	           -1.190000	            0.000000	           -0.300000	            0.000000	            0.000000	            0.000000
            0.390000	           99.079417	          664.306353	           45.124915	           -0.244689	            0.000000	           -0.116655	           -0.464842	           -3.176490	           -0.216402	            0.000000	            0.000000	            0.000000	           -1.190000	            0.000000	           -0.300000	            0.000000	            0.000000	            0.000000
            0.391000	          101.705864	          644.405224	           44.523857	           -0.244165	            0.000000	           -0.116493	           -0.516120	           -3.322675	           -0.230375	            0.000000	            0.000000	            0.000000	           -1.190000	            0.000000	           -0.300000	            0.000000	            0.000000	            0.000000
            0.392000	          104.021850	          624.445483	           43.850652	           -0.243630	            0.000000	           -0.116306	           -0.570502	           -3.467936	           -0.244489	            0.000000	            0.000000	            0.000000	           -1.190000	            0.000000	           -0.300000	            0.000000	            0.000000	            0.000000
            0.393000	          106.014826	          604.447541	           43.110819	           -0.243081	            0.000000	           -0.116091	           -0.627874	           -3.611838	           -0.258690	            0.000000	            0.000000	            0.000000	           -1.190000	            0.000000	           -0.300000	            0.000000	            0.000000	            0.000000
            0.394000	          107.673578	          584.433145	           42.309915	           -0.242515	            0.000000	           -0.115847	           -0.688065	           -3.753904	           -0.272920	            0.000000	            0.000000	            0.000000	           -1.190000	            0.000000	           -0.300000	            0.000000	            0.000000	            0.000000
            0.395000	          108.988326	          564.425582	           41.453461	           -0.241932	            0.000000	           -0.115574	           -0.750837	           -3.893622	           -0.287117	            0.000000	            0.000000	            0.000000	           -1.190000	            0.000000	           -0.300000	            0.000000	            0.000000	            0.000000
            0.396000	          109.950832	          544.449844	           40.546884	           -0.241331	            0.000000	           -0.115272	           -0.815878	           -4.030439	           -0.301219	            0.000000	            0.000000	            0.000000	           -1.190000	            0.000000	           -0.300000	            0.000000	            0.000000	            0.000000
            0.397000	          110.554535	          524.532767	           39.595485	           -0.240712	            0.000000	           -0.114945	           -0.882803	           -4.163770	           -0.315165	            0.000000	            0.000000	            0.000000	           -1.190000	            0.000000	           -0.300000	            0.000000	            0.000000	            0.000000
            0.398000	          110.794708	          504.703115	           38.604421	           -0.240073	            0.000000	           -0.114591	           -0.951153	           -4.293002	           -0.328895	            0.000000	            0.000000	            0.000000	           -1.190000	            0.000000	           -0.300000	            0.000000	            0.000000	            0.000000
            0.399000	          110.668636	          484.991601	           37.578700	           -0.239415	            0.000000	           -0.114211	           -1.020392	           -4.417501	           -0.342351	            0.000000	            0.000000	            0.000000	           -1.190000	            0.000000	           -0.300000	            0.000000	            0.000000	            0.000000
            0.400000	          110.175829	          465.430848	           36.523191	           -0.238741	            0.000000	           -0.113800	           -1.089915	           -4.536629	           -0.355482	            0.000000	            0.000000	            0.000000	           -1.190000	            0.000000	           -0.300000	            0.000000	            0.000000	            0.000000
            0.401000	          109.318232	          446.055263	           35.442640	           -0.238050	            0.000000	           -0.113353	           -1.159056	           -4.649754	           -0.368243	            0.000000	            0.000000	            0.000000	           -1.190000	            0.000000	           -0.300000	            0.000000	            0.000000	            0.000000
            0.402000	          108.100448	          426.900832	           34.341682	           -0.237348	            0.000000	           -0.112867	           -1.227091	           -4.756271	           -0.380599	            0.000000	            0.000000	            0.000000	           -1.190000	            0.000000	           -0.300000	            0.000000	            0.000000	            0.000000
            0.403000	          106.529950	          408.004840	           33.224865	           -0.236636	            0.000000	           -0.112335	           -1.293260	           -4.855620	           -0.392526	            0.000000	            0.000000	            0.000000	           -1.190000	            0.000000	           -0.300000	            0.000000	            0.000000	            0.000000
            0.404000	          104.617256	          389.405498	           32.096663	           -0.235920	            0.000000	           -0.111755	           -1.356773	           -4.947305	           -0.404012	            0.000000	            0.000000	            0.000000	           -1.190000	            0.000000	           -0.300000	            0.000000	            0.000000	            0.000000
            0.405000	          102.376073	          371.141511	           30.961476	           -0.235205	            0.000000	           -0.111120	           -1.416834	           -5.030917	           -0.415058	            0.000000	            0.000000	            0.000000	           -1.190000	            0.000000	           -0.300000	            0.000000	            0.000000	            0.000000
            0.406000	           99.823362	          353.251561	           29.823638	           -0.234494	            0.000000	           -0.110422	           -1.472655	           -5.106153	           -0.425679	            0.000000	            0.000000	            0.000000	           -1.190000	            0.000000	           -0.300000	            0.000000	            0.000000	            0.000000
            0.407000	           96.979343	          335.773753	           28.687404	           -0.233785	            0.000000	           -0.109643	           -1.523481	           -5.172833	           -0.435903	            0.000000	            0.000000	            0.000000	           -1.190000	            0.000000	           -0.300000	            0.000000	            0.000000	            0.000000
            0.408000	           93.867393	          318.745006	           27.556930	           -0.233071	            0.000000	           -0.108766	           -1.568604	           -5.230913	           -0.445771	            0.000000	            0.000000	            0.000000	           -1.190000	            0.000000	           -0.300000	            0.000000	            0.000000	            0.000000
            0.409000	           90.513859	          302.200420	           26.436247	           -0.232346	            0.000000	           -0.107771	           -1.607389	           -5.280500	           -0.455332	            0.000000	            0.000000	            0.000000	           -1.190000	            0.000000	           -0.300000	            0.000000	            0.000000	            0.000000
            0.410000	           86.947762	          286.172645	           25.329230	           -0.231605	            0.000000	           -0.106641	           -1.639287	           -5.321847	           -0.464647	            0.000000	            0.000000	            0.000000	           -1.190000	            0.000000	           -0.300000	            0.000000	            0.000000	            0.000000
            0.411000	           83.200409	          270.691245	           24.239552	           -0.230850	            0.000000	           -0.105361	           -1.663857	           -5.355358	           -0.473776	            0.000000	            0.000000	            0.000000	           -1.190000	            0.000000	           -0.300000	            0.000000	            0.000000	            0.000000
            0.412000	           79.304910	          255.782104	           23.170646	           -0.230088	            0.000000	           -0.103922	           -1.680779	           -5.381574	           -0.482780	            0.000000	            0.000000	            0.000000	           -1.190000	            0.000000	           -0.300000	            0.000000	            0.000000	            0.000000
            0.413000	           75.295624	          241.466871	           22.125654	           -0.229328	            0.000000	           -0.102321	           -1.689862	           -5.401156	           -0.491712	            0.000000	            0.000000	            0.000000	           -1.190000	            0.000000	           -0.300000	            0.000000	            0.000000	            0.000000
            0.414000	           71.207548	          227.762483	           21.107379	           -0.228576	            0.000000	           -0.100559	           -1.691056	           -5.414861	           -0.500613	            0.000000	            0.000000	            0.000000	           -1.190000	            0.000000	           -0.300000	            0.000000	            0.000000	            0.000000
            0.415000	           67.075677	          214.680760	           20.118240	           -0.227836	            0.000000	           -0.098647	           -1.684455	           -5.423503	           -0.509506	            0.000000	            0.000000	            0.000000	           -1.190000	            0.000000	           -0.300000	            0.000000	            0.000000	            0.000000
            0.416000	           62.934353	          202.228104	           19.160230	           -0.227104	            0.000000	           -0.096597	           -1.670292	           -5.427920	           -0.518385	            0.000000	            0.000000	            0.000000	           -1.190000	            0.000000	           -0.300000	            0.000000	            0.000000	            0.000000
            0.417000	           58.816636	          190.405309	           18.234874	           -0.226368	            0.000000	           -0.094420	           -1.648943	           -5.428925	           -0.527213	            0.000000	            0.000000	            0.000000	           -1.190000	            0.000000	           -0.300000	            0.000000	            0.000000	            0.000000
            0.418000	           54.753713	          179.207490	           17.343199	           -0.225611	            0.000000	           -0.092130	           -1.620912	           -5.427260	           -0.535916	            0.000000	            0.000000	            0.000000	           -1.190000	            0.000000	           -0.300000	            0.000000	            0.000000	            0.000000
            0.419000	           50.774381	          168.624136	           16.485717	           -0.224814	            0.000000	           -0.089730	           -1.586824	           -5.423543	           -0.544374	            0.000000	            0.000000	            0.000000	           -1.190000	            0.000000	           -0.300000	            0.000000	            0.000000	            0.000000
            0.420000	           46.904599	          158.639290	           15.662410	           -0.223969	            0.000000	           -0.087218	           -1.547403	           -5.418219	           -0.552423	            0.000000	            0.000000	            0.000000	           -1.190000	            0.000000	           -0.300000	            0.000000	            0.000000	            0.000000
            0.421000	           43.167145	          149.231859	           14.872741	           -0.223070	            0.000000	           -0.084576	           -1.503463	           -5.411517	           -0.559851	            0.000000	            0.000000	            0.000000	           -1.190000	            0.000000	           -0.300000	            0.000000	            0.000000	            0.000000
            0.422000	           39.581365	          140.376047	           14.115673	           -0.222110	            0.000000	           -0.081768	           -1.455878	           -5.403405	           -0.566400	            0.000000	            0.000000	            0.000000	           -1.190000	            0.000000	           -0.300000	            0.000000	            0.000000	            0.000000
            0.423000	           36.163036	          132.041895	           13.389706	           -0.221085	            0.000000	           -0.078748	           -1.405562	           -5.393561	           -0.571768	            0.000000	            0.000000	            0.000000	           -1.190000	            0.000000	           -0.300000	            0.000000	            0.000000	            0.000000
            0.424000	           32.924319	          124.195931	           12.692938	           -0.220000	            0.000000	           -0.075467	           -1.353446	           -5.381349	           -0.575620	            0.000000	            0.000000	            0.000000	           -1.190000	            0.000000	           -0.300000	            0.000000	            0.000000	            0.000000
            0.425000	           29.873817	          116.801913	           12.023135	           -0.218863	            0.000000	           -0.071881	           -1.300446	           -5.365813	           -0.577593	            0.000000	            0.000000	            0.000000	           -1.190000	            0.000000	           -0.300000	            0.000000	            0.000000	            0.000000
            0.426000	           27.016711	          109.821640	           11.377822	           -0.217685	            0.000000	           -0.067956	           -1.247440	           -5.345682	           -0.577309	            0.000000	            0.000000	            0.000000	           -1.190000	            0.000000	           -0.300000	            0.000000	            0.000000	            0.000000
            0.427000	           24.354979	          103.215823	           10.754382	           -0.216492	            0.000000	           -0.063661	           -1.195239	           -5.319391	           -0.574396	            0.000000	            0.000000	            0.000000	           -1.190000	            0.000000	           -0.300000	            0.000000	            0.000000	            0.000000
            0.428000	           21.887673	           96.945001	           10.150169	           -0.215342	            0.000000	           -0.058973	           -1.144561	           -5.285125	           -0.568500	            0.000000	            0.000000	            0.000000	           -1.190000	            0.000000	           -0.300000	            0.000000	            0.000000	            0.000000
            0.429000	           19.611245	           90.970460	            9.562614	           -0.214298	            0.000000	           -0.053875	           -1.096004	           -5.240869	           -0.559307	            0.000000	            0.000000	            0.000000	           -1.190000	            0.000000	           -0.300000	            0.000000	            0.000000	            0.000000
            0.430000	           17.519918	           85.255157	            8.989340	           -0.213405	            0.000000	           -0.048352	           -1.050030	           -5.184488	           -0.546561	            0.000000	            0.000000	            0.000000	           -1.190000	            0.000000	           -0.300000	            0.000000	            0.000000	            0.000000
            0.431000	           15.606070	           79.764605	            8.428261	           -0.212668	            0.000000	           -0.042380	           -1.006941	           -5.113811	           -0.530091	            0.000000	            0.000000	            0.000000	           -1.190000	            0.000000	           -0.300000	            0.000000	            0.000000	            0.000000
            0.432000	           13.860640	           74.467702	            7.877671	           -0.212073	            0.000000	           -0.035914	           -0.966868	           -5.026733	           -0.509821	            0.000000	            0.000000	            0.000000	           -1.190000	            0.000000	           -0.300000	            0.000000	            0.000000	            0.000000
            0.433000	           12.273521	           69.337471	            7.336318	           -0.211612	            0.000000	           -0.028903	           -0.929766	           -4.921325	           -0.485795	            0.000000	            0.000000	            0.000000	           -1.190000	            0.000000	           -0.300000	            0.000000	            0.000000	            0.000000
            0.434000	           10.833951	           64.351684	            6.803451	           -0.211277	            0.000000	           -0.021289	           -0.895411	           -4.795945	           -0.458185	            0.000000	            0.000000	            0.000000	           -1.190000	            0.000000	           -0.300000	            0.000000	            0.000000	            0.000000
            0.435000	            9.530867	           59.493351	            6.278854	           -0.211053	            0.000000	           -0.013011	           -0.863407	           -4.649350	           -0.427305	            0.000000	            0.000000	            0.000000	           -1.190000	            0.000000	           -0.300000	            0.000000	            0.000000	            0.000000
            0.436000	            8.353237	           54.751035	            5.762845	           -0.210924	            0.000000	           -0.004006	           -0.833200	           -4.480805	           -0.393606	            0.000000	            0.000000	            0.000000	           -1.190000	            0.000000	           -0.300000	            0.000000	            0.000000	            0.000000
            0.437000	            7.290331	           50.118979	            5.256261	           -0.210870	            0.000000	            0.005750	           -0.804102	           -4.290168	           -0.357680	            0.000000	            0.000000	            0.000000	           -1.190000	            0.000000	           -0.300000	            0.000000	            0.000000	            0.000000
            0.438000	            6.331957	           45.597029	            4.760411	           -0.210866	            0.000000	            0.016222	           -0.775318	           -4.077960	           -0.320246	            0.000000	            0.000000	            0.000000	           -1.190000	            0.000000	           -0.300000	            0.000000	            0.000000	            0.000000
            0.439000	            5.468633	           41.190342	            4.277020	           -0.210885	            0.000000	            0.027321	           -0.745984	           -3.845410	           -0.282127	            0.000000	            0.000000	            0.000000	           -1.190000	            0.000000	           -0.300000	            0.000000	            0.000000	            0.000000
            0.440000	            4.691696	           36.908870	            3.808140	           -0.210907	            0.000000	            0.038938	           -0.715213	           -3.594466	           -0.244228	            0.000000	            0.000000	            0.000000	           -1.190000	            0.000000	           -0.300000	            0.000000	            0.000000	            0.000000
            0.441000	            3.993367	           32.766651	            3.356059	           -0.210927	            0.000000	            0.050960	           -0.682141	           -3.327768	           -0.207498	            0.000000	            0.000000	            0.000000	           -1.190000	            0.000000	           -0.300000	            0.000000	            0.000000	            0.000000
            0.442000	            3.366748	           28.780894	            2.923190	           -0.210952	            0.000000	            0.063260	           -0.645981	           -3.048587	           -0.172887	            0.000000	            0.000000	            0.000000	           -1.190000	            0.000000	           -0.300000	            0.000000	            0.000000	            0.000000
            0.443000	            2.805785	           24.970928	            2.511957	           -0.210999	            0.000000	            0.075703	           -0.606078	           -2.760729	           -0.141303	            0.000000	            0.000000	            0.000000	           -1.190000	            0.000000	           -0.300000	            0.000000	            0.000000	            0.000000
            0.444000	            2.305184	           21.357036	            2.124678	           -0.211087	            0.000000	            0.088242	           -0.561962	           -2.468402	           -0.113562	            0.000000	            0.000000	            0.000000	           -1.190000	            0.000000	           -0.300000	            0.000000	            0.000000	            0.000000
            0.445000	            1.860302	           17.959229	            1.763452	           -0.211087	            0.000000	            0.088242	           -0.513399	           -2.176061	           -0.090334	            0.000000	            0.000000	            0.000000	           -1.190000	            0.000000	           -0.300000	            0.000000	            0.000000	            0.000000
            0.446000	            1.467030	           14.796048	            1.430054	           -0.211087	            0.000000	            0.088242	           -0.460433	           -1.888231	           -0.072108	            0.000000	            0.000000	            0.000000	           -1.190000	            0.000000	           -0.300000	            0.000000	            0.000000	            0.000000
            0.447000	            1.121656	           11.883420	            1.125843	           -0.450000	            0.000000	           -0.300000	           -0.403412	           -1.609324	           -0.059146	            0.000000	            0.000000	            0.000000	           -1.190000	            0.000000	           -0.300000	            0.000000	            0.000000	            0.000000
            0.448000	            0.000000	            0.000000	            0.000000	           -0.450000	            0.000000	           -0.300000	            0.000000	            0.000000	            0.000000	            0.000000	            0.000000	            0.000000	           -1.190000	            0.000000	           -0.300000	            0.000000	            0.000000	            0.000000
            0.449000	            0.000000	            0.000000	            0.000000	           -0.450000	            0.000000	           -0.300000	            0.000000	            0.000000	            0.000000	            0.000000	            0.000000	            0.000000	           -1.190000	            0.000000	           -0.300000	            0.000000	            0.000000	            0.000000
            0.450000	            0.000000	            0.000000	            0.000000	           -0.450000	            0.000000	           -0.300000	            0.000000	            0.000000	            0.000000	            0.000000	            0.000000	            0.000000	           -1.190000	            0.000000	           -0.300000	            0.000000	            0.000000	            0.000000
