PathFileType	4	(X/Y/Z)	 P2 250w 04.trc
DataRate	CameraRate	NumFrames	NumMarkers	Units	OrigDataRate	OrigDataStartFrame	OrigNumFrames
200	200	226	38	m	200	1	226
Frame#	Time	RASIS			LASIS			RPSIS			LPSIS			RThighRear1			RThighFront1			RThighRear2			RThighFront2			RKneeLat			RKneeMed			RShankRear1			RShankFront1			RShankRear2			RShankFront2			RAnkleLat			RAnkleMed			RM5			RM1			RMid			RHeel			LThighRear1			LThighFront1			LThighRear2			LThighFront2			LKneeLat			LKneeMed			LShankRear1			LShankFront1			LShankRear2			LShankFront2			LAnkleLat			LAnkleMed			LM5			LM1			LMid			LHeel			RShoulder			LShoulder			
		X1	Y1	Z1	X2	Y2	Z2	X3	Y3	Z3	X4	Y4	Z4	X5	Y5	Z5	X6	Y6	Z6	X7	Y7	Z7	X8	Y8	Z8	X9	Y9	Z9	X10	Y10	Z10	X11	Y11	Z11	X12	Y12	Z12	X13	Y13	Z13	X14	Y14	Z14	X15	Y15	Z15	X16	Y16	Z16	X17	Y17	Z17	X18	Y18	Z18	X19	Y19	Z19	X20	Y20	Z20	X21	Y21	Z21	X22	Y22	Z22	X23	Y23	Z23	X24	Y24	Z24	X25	Y25	Z25	X26	Y26	Z26	X27	Y27	Z27	X28	Y28	Z28	X29	Y29	Z29	X30	Y30	Z30	X31	Y31	Z31	X32	Y32	Z32	X33	Y33	Z33	X34	Y34	Z34	X35	Y35	Z35	X36	Y36	Z36	X37	Y37	Z37	X38	Y38	Z38	
1	0.0000	-1.496031	0.900967	-0.296727	-1.482809	0.890116	-0.533598	-1.681113	0.923942	-0.391377	-1.674877	0.920070	-0.479861	-1.592844	0.678292	-0.235922	-1.529615	0.680126	-0.249798	-1.598638	0.629055	-0.237668	-1.537936	0.627221	-0.250319	-1.667592	0.442644	-0.259901	-1.643349	0.421531	-0.366999	-1.772624	0.345565	-0.248587	-1.718383	0.325004	-0.255835	-1.800537	0.276058	-0.254740	-1.747153	0.262404	-0.260289	-1.859563	0.105217	-0.275984	-1.843890	0.095682	-0.359264	-1.783062	0.019815	-0.220665	-1.753633	0.004848	-0.332650	-1.692024	0.029971	-0.271157	-1.941051	0.066702	-0.335218	-1.514926	0.678245	-0.602701	-1.461945	0.704040	-0.594599	-1.497087	0.631731	-0.597409	-1.445670	0.662805	-0.592808	-1.406080	0.421216	-0.557363	-1.381918	0.432868	-0.450225	-1.413135	0.291471	-0.562516	-1.367656	0.310620	-0.559084	-1.394450	0.245050	-0.554716	-1.349981	0.264791	-0.550719	-1.301673	0.074650	-0.521862	-1.292484	0.092139	-0.443744	-1.178961	0.026189	-0.548813	-1.149949	0.038050	-0.438855	-1.099479	0.077264	-0.501009	-1.356483	0.031786	-0.468203	-1.526345	1.389537	-0.307862	-1.541132	1.351167	-0.637352	
2	0.0050	-1.490410	0.900931	-0.297065	-1.477342	0.890165	-0.533968	-1.675563	0.923934	-0.391626	-1.669416	0.920244	-0.480126	-1.586938	0.678200	-0.235939	-1.523781	0.680109	-0.249844	-1.592667	0.628949	-0.237498	-1.531960	0.627185	-0.250158	-1.661286	0.442337	-0.258919	-1.637055	0.420972	-0.366139	-1.767391	0.346535	-0.247559	-1.713472	0.325189	-0.254871	-1.796221	0.277533	-0.253781	-1.743040	0.263078	-0.259418	-1.857505	0.107567	-0.275395	-1.841749	0.097884	-0.358640	-1.782940	0.019860	-0.220593	-1.753547	0.004710	-0.332536	-1.692265	0.029918	-0.271148	-1.939600	0.069955	-0.335073	-1.509646	0.678453	-0.602892	-1.456635	0.704219	-0.595015	-1.491863	0.631953	-0.597545	-1.440423	0.662961	-0.593208	-1.401277	0.421172	-0.557711	-1.377143	0.433086	-0.450586	-1.409031	0.291425	-0.562746	-1.363462	0.310283	-0.559189	-1.390661	0.244921	-0.554840	-1.346113	0.264354	-0.550765	-1.299431	0.074073	-0.521777	-1.290117	0.091431	-0.443681	-1.177817	0.024215	-0.548314	-1.149003	0.035354	-0.438404	-1.097675	0.073952	-0.500429	-1.355067	0.032539	-0.468008	-1.520632	1.389668	-0.309176	-1.535464	1.350548	-0.638631	
3	0.0100	-1.484704	0.900901	-0.297424	-1.471801	0.890236	-0.534354	-1.669931	0.923937	-0.391871	-1.663878	0.920432	-0.480389	-1.580927	0.678107	-0.235954	-1.517843	0.680096	-0.249894	-1.586585	0.628842	-0.237321	-1.525874	0.627152	-0.249994	-1.654848	0.442019	-0.257907	-1.630621	0.420391	-0.365246	-1.762042	0.347516	-0.246511	-1.708448	0.325374	-0.253881	-1.791802	0.279032	-0.252802	-1.738828	0.263763	-0.258526	-1.855374	0.109963	-0.274794	-1.839534	0.100131	-0.358004	-1.782826	0.019913	-0.220526	-1.753484	0.004566	-0.332426	-1.692520	0.029848	-0.271146	-1.938077	0.073313	-0.334929	-1.504287	0.678680	-0.603093	-1.451249	0.704419	-0.595442	-1.486558	0.632194	-0.597690	-1.435094	0.663138	-0.593620	-1.396387	0.421147	-0.558065	-1.372291	0.433325	-0.450954	-1.404860	0.291398	-0.562989	-1.359199	0.309956	-0.559296	-1.386816	0.244808	-0.554975	-1.342187	0.263925	-0.550811	-1.297175	0.073498	-0.521686	-1.287745	0.090724	-0.443610	-1.176676	0.022252	-0.547822	-1.148059	0.032659	-0.437950	-1.095877	0.070629	-0.499841	-1.353653	0.033291	-0.467811	-1.514833	1.389815	-0.310515	-1.529713	1.349933	-0.639931	
4	0.0150	-1.478917	0.900882	-0.297808	-1.466194	0.890335	-0.534760	-1.664222	0.923956	-0.392110	-1.658272	0.920638	-0.480648	-1.574807	0.678014	-0.235969	-1.511800	0.680093	-0.249945	-1.580387	0.628735	-0.237136	-1.519669	0.627128	-0.249822	-1.648258	0.441691	-0.256861	-1.624019	0.419788	-0.364316	-1.756554	0.348510	-0.245442	-1.703288	0.325562	-0.252864	-1.787255	0.280557	-0.251802	-1.734493	0.264464	-0.257610	-1.853139	0.112417	-0.274185	-1.837216	0.102432	-0.357358	-1.782705	0.019994	-0.220465	-1.753439	0.004431	-0.332320	-1.692782	0.029757	-0.271153	-1.936442	0.076803	-0.334789	-1.498852	0.678931	-0.603307	-1.445790	0.704644	-0.595881	-1.481178	0.632459	-0.597846	-1.429688	0.663342	-0.594045	-1.391413	0.421145	-0.558426	-1.367369	0.433590	-0.451331	-1.400626	0.291394	-0.563249	-1.354872	0.309644	-0.559406	-1.382919	0.244716	-0.555124	-1.338209	0.263508	-0.550857	-1.294920	0.072930	-0.521588	-1.285384	0.090021	-0.443529	-1.175547	0.020320	-0.547343	-1.147126	0.029987	-0.437496	-1.094101	0.067317	-0.499246	-1.352254	0.034035	-0.467613	-1.508952	1.389983	-0.311877	-1.523883	1.349330	-0.641249	
5	0.0200	-1.473054	0.900879	-0.298223	-1.460525	0.890470	-0.535188	-1.658441	0.923997	-0.392343	-1.652599	0.920869	-0.480904	-1.568569	0.677923	-0.235980	-1.505643	0.680106	-0.249996	-1.574060	0.628630	-0.236939	-1.513336	0.627119	-0.249639	-1.641490	0.441354	-0.255775	-1.617222	0.419162	-0.363341	-1.750897	0.349518	-0.244352	-1.697962	0.325754	-0.251817	-1.782549	0.282113	-0.250782	-1.730004	0.265186	-0.256670	-1.850767	0.114938	-0.273567	-1.834759	0.104800	-0.356700	-1.782565	0.020124	-0.220413	-1.753406	0.004322	-0.332219	-1.693041	0.029644	-0.271168	-1.934646	0.080458	-0.334653	-1.493345	0.679212	-0.603538	-1.440262	0.704901	-0.596333	-1.475725	0.632751	-0.598015	-1.424207	0.663576	-0.594485	-1.386355	0.421173	-0.558794	-1.362380	0.433886	-0.451716	-1.396331	0.291422	-0.563528	-1.350484	0.309353	-0.559519	-1.378979	0.244652	-0.555290	-1.334185	0.263109	-0.550903	-1.292678	0.072373	-0.521481	-1.283050	0.089330	-0.443436	-1.174441	0.018439	-0.546882	-1.146211	0.027360	-0.437045	-1.092362	0.064039	-0.498647	-1.350882	0.034765	-0.467416	-1.502990	1.390180	-0.313263	-1.517975	1.348747	-0.642584	
6	0.0250	-1.467117	0.900897	-0.298670	-1.454794	0.890648	-0.535642	-1.652589	0.924065	-0.392571	-1.646862	0.921129	-0.481156	-1.562206	0.677837	-0.235988	-1.499365	0.680140	-0.250046	-1.567594	0.628530	-0.236728	-1.506861	0.627130	-0.249441	-1.634515	0.441010	-0.254643	-1.610194	0.418512	-0.362317	-1.745041	0.350543	-0.243239	-1.692438	0.325955	-0.250737	-1.777651	0.283705	-0.249743	-1.725330	0.265935	-0.255703	-1.848220	0.117540	-0.272943	-1.832128	0.107247	-0.356034	-1.782386	0.020328	-0.220370	-1.753377	0.004257	-0.332122	-1.693284	0.029506	-0.271190	-1.932638	0.084309	-0.334523	-1.487767	0.679527	-0.603788	-1.434666	0.705194	-0.596799	-1.470201	0.633075	-0.598199	-1.418649	0.663847	-0.594942	-1.381214	0.421236	-0.559168	-1.357326	0.434215	-0.452108	-1.391980	0.291487	-0.563830	-1.346039	0.309088	-0.559635	-1.374998	0.244621	-0.555478	-1.330120	0.262731	-0.550949	-1.290462	0.071832	-0.521364	-1.280758	0.088655	-0.443328	-1.173368	0.016626	-0.546445	-1.145321	0.024798	-0.436601	-1.090675	0.060815	-0.498045	-1.349548	0.035476	-0.467219	-1.496949	1.390412	-0.314673	-1.511988	1.348191	-0.643935	
7	0.0300	-1.461107	0.900941	-0.299155	-1.449004	0.890876	-0.536122	-1.646667	0.924164	-0.392794	-1.641061	0.921423	-0.481406	-1.555707	0.677759	-0.235990	-1.492957	0.680201	-0.250090	-1.560974	0.628438	-0.236499	-1.500232	0.627170	-0.249223	-1.627306	0.440659	-0.253463	-1.602902	0.417840	-0.361236	-1.738950	0.351588	-0.242102	-1.686683	0.326169	-0.249621	-1.772525	0.285339	-0.248685	-1.720437	0.266717	-0.254709	-1.845462	0.120236	-0.272315	-1.829286	0.109787	-0.355358	-1.782149	0.020630	-0.220337	-1.753338	0.004259	-0.332030	-1.693498	0.029344	-0.271219	-1.930366	0.088391	-0.334402	-1.482118	0.679880	-0.604059	-1.429003	0.705526	-0.597278	-1.464605	0.633435	-0.598400	-1.413016	0.664157	-0.595417	-1.375991	0.421338	-0.559549	-1.352210	0.434579	-0.452508	-1.387575	0.291594	-0.564158	-1.341541	0.308851	-0.559756	-1.370984	0.244627	-0.555689	-1.326020	0.262379	-0.550995	-1.288284	0.071312	-0.521236	-1.278524	0.088000	-0.443205	-1.172335	0.014897	-0.546037	-1.144464	0.022322	-0.436165	-1.089053	0.057665	-0.497444	-1.348263	0.036160	-0.467024	-1.490829	1.390685	-0.316107	-1.505919	1.347670	-0.645299	
8	0.0350	-1.455027	0.901016	-0.299680	-1.443153	0.891159	-0.536632	-1.640677	0.924298	-0.393014	-1.635195	0.921754	-0.481654	-1.549062	0.677690	-0.235984	-1.486410	0.680298	-0.250126	-1.554188	0.628356	-0.236249	-1.493434	0.627244	-0.248980	-1.619830	0.440304	-0.252228	-1.595311	0.417147	-0.360095	-1.732591	0.352658	-0.240941	-1.680662	0.326400	-0.248468	-1.767136	0.287021	-0.247611	-1.715291	0.267539	-0.253686	-1.842452	0.123041	-0.271684	-1.826194	0.112434	-0.354675	-1.781831	0.021060	-0.220316	-1.753277	0.004350	-0.331943	-1.693666	0.029157	-0.271254	-1.927775	0.092735	-0.334289	-1.476398	0.680276	-0.604352	-1.423271	0.705900	-0.597770	-1.458939	0.633831	-0.598618	-1.407306	0.664509	-0.595911	-1.370686	0.421480	-0.559936	-1.347035	0.434979	-0.452916	-1.383120	0.291746	-0.564512	-1.336993	0.308645	-0.559882	-1.366940	0.244675	-0.555927	-1.321892	0.262056	-0.551043	-1.286155	0.070816	-0.521098	-1.276361	0.087370	-0.443064	-1.171352	0.013269	-0.545664	-1.143645	0.019947	-0.435739	-1.087508	0.054609	-0.496845	-1.347035	0.036814	-0.466833	-1.484627	1.391004	-0.317565	-1.499765	1.347192	-0.646675	
9	0.0400	-1.448877	0.901127	-0.300246	-1.437242	0.891500	-0.537173	-1.634619	0.924470	-0.393233	-1.629265	0.922126	-0.481904	-1.542263	0.677633	-0.235969	-1.479716	0.680436	-0.250150	-1.547224	0.628289	-0.235977	-1.486457	0.627360	-0.248708	-1.612061	0.439948	-0.250937	-1.587389	0.416436	-0.358890	-1.725932	0.353758	-0.239754	-1.674345	0.326654	-0.247275	-1.761451	0.288755	-0.246524	-1.709859	0.268408	-0.252634	-1.839156	0.125965	-0.271052	-1.822817	0.115201	-0.353986	-1.781407	0.021644	-0.220307	-1.753175	0.004555	-0.331859	-1.693771	0.028948	-0.271292	-1.924814	0.097371	-0.334187	-1.470607	0.680715	-0.604670	-1.417472	0.706316	-0.598276	-1.453203	0.634266	-0.598854	-1.401519	0.664904	-0.596423	-1.365303	0.421664	-0.560330	-1.341805	0.435414	-0.453331	-1.378621	0.291946	-0.564895	-1.332401	0.308473	-0.560015	-1.362875	0.244766	-0.556194	-1.317741	0.261763	-0.551093	-1.284085	0.070347	-0.520947	-1.274281	0.086768	-0.442906	-1.170425	0.011751	-0.545328	-1.142869	0.017690	-0.435327	-1.086050	0.051662	-0.496251	-1.345874	0.037433	-0.466645	-1.478345	1.391373	-0.319045	-1.493524	1.346762	-0.648061	
10	0.0450	-1.442662	0.901277	-0.300854	-1.431269	0.891903	-0.537744	-1.628496	0.924684	-0.393453	-1.623270	0.922542	-0.482157	-1.535304	0.677592	-0.235944	-1.472868	0.680621	-0.250159	-1.540071	0.628239	-0.235678	-1.479289	0.627525	-0.248401	-1.603974	0.439594	-0.249586	-1.579107	0.415711	-0.357620	-1.718941	0.354891	-0.238543	-1.667700	0.326935	-0.246043	-1.755437	0.290549	-0.245425	-1.704110	0.269331	-0.251554	-1.835537	0.129023	-0.270424	-1.819118	0.118099	-0.353293	-1.780851	0.022410	-0.220310	-1.753012	0.004899	-0.331780	-1.693790	0.028719	-0.271331	-1.921431	0.102323	-0.334097	-1.464747	0.681199	-0.605012	-1.411607	0.706776	-0.598794	-1.447398	0.634740	-0.599109	-1.395656	0.665343	-0.596955	-1.359847	0.421891	-0.560729	-1.336523	0.435882	-0.453753	-1.374084	0.292196	-0.565307	-1.327773	0.308334	-0.560154	-1.358795	0.244903	-0.556489	-1.313576	0.261501	-0.551144	-1.282085	0.069907	-0.520785	-1.272295	0.086198	-0.442729	-1.169560	0.010356	-0.545032	-1.142140	0.015564	-0.434929	-1.084687	0.048840	-0.495665	-1.344787	0.038012	-0.466462	-1.471983	1.391797	-0.320548	-1.487194	1.346388	-0.649455	
11	0.0500	-1.436385	0.901472	-0.301503	-1.425235	0.892368	-0.538344	-1.622310	0.924942	-0.393677	-1.617210	0.923004	-0.482416	-1.528180	0.677570	-0.235906	-1.465864	0.680862	-0.250149	-1.532723	0.628210	-0.235352	-1.471923	0.627746	-0.248055	-1.595546	0.439247	-0.248177	-1.570441	0.414977	-0.356282	-1.711592	0.356063	-0.237308	-1.660703	0.327250	-0.244772	-1.749065	0.292407	-0.244320	-1.698018	0.270315	-0.250446	-1.831564	0.132224	-0.269801	-1.815067	0.121140	-0.352598	-1.780134	0.023387	-0.220326	-1.752764	0.005408	-0.331702	-1.693701	0.028476	-0.271367	-1.917579	0.107610	-0.334019	-1.458820	0.681728	-0.605379	-1.405676	0.707278	-0.599321	-1.441529	0.635251	-0.599382	-1.389720	0.665823	-0.597504	-1.354325	0.422159	-0.561133	-1.331197	0.436378	-0.454182	-1.369517	0.292496	-0.565747	-1.323116	0.308229	-0.560300	-1.354710	0.245085	-0.556814	-1.309406	0.261270	-0.551199	-1.280164	0.069500	-0.520613	-1.270413	0.085662	-0.442535	-1.168761	0.009089	-0.544778	-1.141461	0.013580	-0.434549	-1.083425	0.046157	-0.495091	-1.343779	0.038549	-0.466284	-1.465543	1.392279	-0.322070	-1.480773	1.346074	-0.650854	
12	0.0550	-1.430054	0.901714	-0.302190	-1.419142	0.892896	-0.538973	-1.616067	0.925244	-0.393910	-1.611088	0.923513	-0.482685	-1.520889	0.677571	-0.235854	-1.458701	0.681163	-0.250115	-1.525175	0.628206	-0.234995	-1.464357	0.628030	-0.247667	-1.586762	0.438913	-0.246709	-1.561373	0.414243	-0.354879	-1.703864	0.357278	-0.236050	-1.653330	0.327605	-0.243464	-1.742312	0.294334	-0.243213	-1.691560	0.271365	-0.249315	-1.827208	0.135575	-0.269187	-1.810635	0.124332	-0.351905	-1.779226	0.024599	-0.220352	-1.752404	0.006107	-0.331625	-1.693480	0.028225	-0.271397	-1.913216	0.113246	-0.333954	-1.452831	0.682300	-0.605770	-1.399684	0.707819	-0.599857	-1.435601	0.635798	-0.599671	-1.383714	0.666342	-0.598070	-1.348749	0.422464	-0.561542	-1.325834	0.436899	-0.454615	-1.364932	0.292843	-0.566214	-1.318441	0.308155	-0.560453	-1.350628	0.245311	-0.557168	-1.305242	0.261069	-0.551256	-1.278329	0.069126	-0.520430	-1.268642	0.085162	-0.442323	-1.168033	0.007957	-0.544568	-1.140834	0.011744	-0.434187	-1.082268	0.043622	-0.494530	-1.342855	0.039040	-0.466114	-1.459030	1.392819	-0.323609	-1.474262	1.345824	-0.652255	
13	0.0600	-1.423675	0.902007	-0.302912	-1.412990	0.893486	-0.539626	-1.609772	0.925591	-0.394156	-1.604905	0.924068	-0.482966	-1.513434	0.677598	-0.235786	-1.451383	0.681531	-0.250054	-1.517428	0.628232	-0.234608	-1.456589	0.628385	-0.247232	-1.577611	0.438596	-0.245186	-1.551891	0.413517	-0.353414	-1.695740	0.358542	-0.234772	-1.645568	0.328007	-0.242121	-1.735160	0.296333	-0.242108	-1.684716	0.272489	-0.248162	-1.822446	0.139084	-0.268585	-1.805799	0.127681	-0.351215	-1.778098	0.026070	-0.220388	-1.751904	0.007019	-0.331548	-1.693098	0.027975	-0.271417	-1.908307	0.119235	-0.333903	-1.446786	0.682912	-0.606184	-1.393636	0.708395	-0.600398	-1.429620	0.636377	-0.599976	-1.377646	0.666896	-0.598650	-1.343131	0.422804	-0.561953	-1.320444	0.437437	-0.455053	-1.360339	0.293235	-0.566706	-1.313761	0.308111	-0.560614	-1.346562	0.245578	-0.557549	-1.301094	0.260898	-0.551318	-1.276588	0.068786	-0.520238	-1.266988	0.084699	-0.442096	-1.167377	0.006959	-0.544400	-1.140261	0.010064	-0.433844	-1.081219	0.041245	-0.493987	-1.342018	0.039485	-0.465951	-1.452448	1.393419	-0.325161	-1.467663	1.345643	-0.653653	
14	0.0650	-1.417258	0.902354	-0.303665	-1.406784	0.894133	-0.540301	-1.603432	0.925982	-0.394418	-1.598667	0.924669	-0.483264	-1.505821	0.677656	-0.235700	-1.443914	0.681973	-0.249963	-1.509485	0.628293	-0.234188	-1.448623	0.628817	-0.246748	-1.568089	0.438306	-0.243611	-1.541991	0.412808	-0.351892	-1.687208	0.359860	-0.233479	-1.637404	0.328461	-0.240749	-1.727593	0.298409	-0.241013	-1.677474	0.273692	-0.246992	-1.817260	0.142752	-0.268000	-1.800541	0.131191	-0.350533	-1.776716	0.027820	-0.220433	-1.751230	0.008166	-0.331467	-1.692527	0.027736	-0.271422	-1.902822	0.125577	-0.333866	-1.440693	0.683562	-0.606618	-1.387538	0.709001	-0.600941	-1.423596	0.636984	-0.600294	-1.371522	0.667480	-0.599241	-1.337486	0.423172	-0.562365	-1.315039	0.437985	-0.455494	-1.355753	0.293668	-0.567219	-1.309090	0.308094	-0.560783	-1.342522	0.245884	-0.557956	-1.296975	0.260752	-0.551384	-1.274945	0.068480	-0.520038	-1.265454	0.084274	-0.441856	-1.166794	0.006096	-0.544275	-1.139740	0.008541	-0.433523	-1.080276	0.039033	-0.493463	-1.341268	0.039883	-0.465796	-1.445808	1.394078	-0.326722	-1.460979	1.345533	-0.655045	
15	0.0700	-1.410814	0.902756	-0.304441	-1.400526	0.894834	-0.540993	-1.597057	0.926416	-0.394702	-1.592379	0.925315	-0.483583	-1.498056	0.677750	-0.235595	-1.436302	0.682493	-0.249837	-1.501353	0.628393	-0.233735	-1.440467	0.629332	-0.246212	-1.558197	0.438049	-0.241990	-1.531674	0.412130	-0.350319	-1.678264	0.361235	-0.232173	-1.628835	0.328975	-0.239351	-1.719606	0.300563	-0.239933	-1.669827	0.274978	-0.245809	-1.811635	0.146581	-0.267434	-1.794845	0.134861	-0.349862	-1.775051	0.029865	-0.220485	-1.750349	0.009568	-0.331382	-1.691738	0.027521	-0.271407	-1.896740	0.132260	-0.333843	-1.434561	0.684245	-0.607070	-1.381398	0.709631	-0.601483	-1.417538	0.637615	-0.600623	-1.365354	0.668087	-0.599841	-1.331831	0.423562	-0.562777	-1.309633	0.438535	-0.455934	-1.351188	0.294138	-0.567751	-1.304443	0.308098	-0.560960	-1.338523	0.246224	-0.558385	-1.292899	0.260630	-0.551455	-1.273405	0.068208	-0.519834	-1.264044	0.083886	-0.441604	-1.166285	0.005366	-0.544191	-1.139272	0.007176	-0.433224	-1.079439	0.036989	-0.492963	-1.340606	0.040233	-0.465650	-1.439117	1.394794	-0.328286	-1.454218	1.345494	-0.656426	
16	0.0750	-1.404355	0.903214	-0.305233	-1.394223	0.895583	-0.541696	-1.590657	0.926890	-0.395011	-1.586046	0.926003	-0.483926	-1.490152	0.677885	-0.235470	-1.428559	0.683096	-0.249675	-1.493042	0.628538	-0.233251	-1.432132	0.629937	-0.245625	-1.547943	0.437836	-0.240329	-1.520951	0.411494	-0.348705	-1.668910	0.362674	-0.230860	-1.619862	0.329556	-0.237933	-1.711195	0.302796	-0.238874	-1.661773	0.276353	-0.244618	-1.805564	0.150567	-0.266891	-1.788705	0.138690	-0.349204	-1.773071	0.032218	-0.220540	-1.749225	0.011240	-0.331289	-1.690698	0.027343	-0.271367	-1.890049	0.139266	-0.333833	-1.428402	0.684955	-0.607538	-1.375227	0.710278	-0.602020	-1.411461	0.638264	-0.600961	-1.359153	0.668711	-0.600446	-1.326186	0.423968	-0.563187	-1.304239	0.439078	-0.456374	-1.346660	0.294637	-0.568295	-1.299836	0.308120	-0.561145	-1.334578	0.246593	-0.558833	-1.288880	0.260527	-0.551531	-1.271972	0.067969	-0.519625	-1.262757	0.083537	-0.441343	-1.165847	0.004761	-0.544145	-1.138855	0.005968	-0.432947	-1.078704	0.035116	-0.492489	-1.340030	0.040537	-0.465513	-1.432388	1.395565	-0.329847	-1.447384	1.345528	-0.657791	
17	0.0800	-1.397892	0.903731	-0.306034	-1.387880	0.896374	-0.542404	-1.584241	0.927403	-0.395351	-1.579675	0.926730	-0.484296	-1.482122	0.678066	-0.235323	-1.420697	0.683787	-0.249474	-1.484567	0.628734	-0.232735	-1.423631	0.630638	-0.244985	-1.537340	0.437674	-0.238636	-1.509838	0.410915	-0.347057	-1.659153	0.364179	-0.229545	-1.610491	0.330211	-0.236501	-1.702367	0.305111	-0.237842	-1.653314	0.277820	-0.243427	-1.799044	0.154705	-0.266375	-1.782117	0.142672	-0.348565	-1.770746	0.034884	-0.220598	-1.747819	0.013192	-0.331188	-1.689376	0.027218	-0.271298	-1.882745	0.146568	-0.333838	-1.422228	0.685686	-0.608017	-1.369035	0.710935	-0.602550	-1.405377	0.638925	-0.601305	-1.352934	0.669343	-0.601052	-1.320572	0.424382	-0.563592	-1.298875	0.439607	-0.456809	-1.342186	0.295159	-0.568848	-1.295286	0.308156	-0.561337	-1.330700	0.246985	-0.559297	-1.284932	0.260441	-0.551613	-1.270647	0.067762	-0.519416	-1.261592	0.083224	-0.441077	-1.165479	0.004276	-0.544134	-1.138486	0.004913	-0.432693	-1.078066	0.033413	-0.492044	-1.339537	0.040796	-0.465387	-1.425633	1.396386	-0.331399	-1.440488	1.345634	-0.659135	
18	0.0850	-1.391440	0.904306	-0.306835	-1.381503	0.897201	-0.543110	-1.577821	0.927951	-0.395724	-1.573276	0.927493	-0.484698	-1.473982	0.678298	-0.235154	-1.412732	0.684572	-0.249234	-1.475941	0.628987	-0.232190	-1.414982	0.631439	-0.244295	-1.526407	0.437575	-0.236920	-1.498358	0.410408	-0.345388	-1.649006	0.365755	-0.228235	-1.600737	0.330946	-0.235063	-1.693129	0.307506	-0.236844	-1.644461	0.279382	-0.242239	-1.792078	0.158986	-0.265888	-1.775083	0.146799	-0.347946	-1.768046	0.037867	-0.220654	-1.746093	0.015433	-0.331074	-1.687739	0.027161	-0.271193	-1.874832	0.154132	-0.333856	-1.416053	0.686433	-0.608503	-1.362834	0.711594	-0.603068	-1.399301	0.639593	-0.601653	-1.346709	0.669976	-0.601656	-1.315010	0.424796	-0.563991	-1.293554	0.440112	-0.457239	-1.337784	0.295699	-0.569405	-1.290810	0.308200	-0.561536	-1.326902	0.247395	-0.559772	-1.281069	0.260367	-0.551702	-1.269429	0.067585	-0.519208	-1.260545	0.082948	-0.440808	-1.165177	0.003901	-0.544154	-1.138163	0.004004	-0.432462	-1.077519	0.031877	-0.491630	-1.339122	0.041013	-0.465271	-1.418867	1.397254	-0.332934	-1.433538	1.345811	-0.660454	
19	0.0900	-1.385010	0.904940	-0.307625	-1.375099	0.898056	-0.543807	-1.571407	0.928531	-0.396135	-1.566855	0.928289	-0.485133	-1.465748	0.678589	-0.234962	-1.404679	0.685452	-0.248952	-1.467185	0.629302	-0.231616	-1.406202	0.632346	-0.243558	-1.515167	0.437550	-0.235190	-1.486538	0.409988	-0.343708	-1.638488	0.367405	-0.226936	-1.590616	0.331768	-0.233625	-1.683498	0.309980	-0.235884	-1.635227	0.281041	-0.241062	-1.784673	0.163397	-0.265433	-1.767608	0.151058	-0.347351	-1.764943	0.041160	-0.220707	-1.744009	0.017964	-0.330948	-1.685753	0.027189	-0.271050	-1.866322	0.161916	-0.333887	-1.409890	0.687189	-0.608995	-1.356635	0.712248	-0.603572	-1.393248	0.640261	-0.602001	-1.340496	0.670602	-0.602253	-1.309521	0.425204	-0.564381	-1.288296	0.440586	-0.457660	-1.333469	0.296248	-0.569959	-1.286425	0.308248	-0.561740	-1.323199	0.247816	-0.560252	-1.277303	0.260301	-0.551796	-1.268319	0.067437	-0.519004	-1.259611	0.082706	-0.440540	-1.164937	0.003626	-0.544203	-1.137882	0.003233	-0.432253	-1.077055	0.030503	-0.491249	-1.338781	0.041191	-0.465165	-1.412104	1.398163	-0.334446	-1.426545	1.346056	-0.661743	
20	0.0950	-1.378615	0.905632	-0.308397	-1.368675	0.898933	-0.544488	-1.565011	0.929140	-0.396586	-1.560422	0.929114	-0.485603	-1.457438	0.678943	-0.234746	-1.396556	0.686432	-0.248631	-1.458316	0.629686	-0.231018	-1.397313	0.633363	-0.242775	-1.503648	0.437609	-0.233456	-1.474413	0.409671	-0.342029	-1.627621	0.369133	-0.225654	-1.580151	0.332682	-0.232194	-1.673493	0.312532	-0.234967	-1.625628	0.282797	-0.239900	-1.776841	0.167926	-0.265012	-1.759705	0.155437	-0.346782	-1.761413	0.044753	-0.220753	-1.741527	0.020780	-0.330806	-1.683385	0.027319	-0.270863	-1.857238	0.169875	-0.333931	-1.403754	0.687950	-0.609486	-1.350453	0.712890	-0.604058	-1.387234	0.640926	-0.602347	-1.334310	0.671213	-0.602839	-1.304126	0.425599	-0.564761	-1.283114	0.441022	-0.458071	-1.329258	0.296800	-0.570505	-1.282148	0.308295	-0.561950	-1.319603	0.248244	-0.560735	-1.273649	0.260241	-0.551896	-1.267314	0.067315	-0.518805	-1.258784	0.082497	-0.440276	-1.164754	0.003439	-0.544275	-1.137640	0.002592	-0.432067	-1.076666	0.029286	-0.490903	-1.338507	0.041333	-0.465070	-1.405358	1.399108	-0.335928	-1.419521	1.346366	-0.662996	
21	0.1000	-1.372266	0.906382	-0.309142	-1.362237	0.899825	-0.545146	-1.558642	0.929774	-0.397080	-1.553984	0.929963	-0.486110	-1.449070	0.679367	-0.234506	-1.388380	0.687515	-0.248272	-1.449354	0.630146	-0.230396	-1.388334	0.634495	-0.241953	-1.491879	0.437764	-0.231727	-1.462018	0.409471	-0.340364	-1.616431	0.370939	-0.224398	-1.569366	0.333694	-0.230778	-1.663137	0.315160	-0.234096	-1.615687	0.284652	-0.238760	-1.768597	0.172554	-0.264627	-1.751386	0.159917	-0.346243	-1.757431	0.048629	-0.220789	-1.738612	0.023873	-0.330647	-1.680604	0.027566	-0.270631	-1.847607	0.177955	-0.333986	-1.397658	0.688708	-0.609974	-1.344299	0.713513	-0.604525	-1.381275	0.641582	-0.602689	-1.328165	0.671804	-0.603411	-1.298845	0.425973	-0.565128	-1.278026	0.441414	-0.458468	-1.325165	0.297348	-0.571039	-1.277993	0.308338	-0.562163	-1.316125	0.248671	-0.561214	-1.270117	0.260182	-0.552002	-1.266411	0.067217	-0.518615	-1.258057	0.082319	-0.440019	-1.164622	0.003330	-0.544367	-1.137432	0.002070	-0.431902	-1.076344	0.028217	-0.490591	-1.338294	0.041444	-0.464985	-1.398644	1.400085	-0.337372	-1.412475	1.346739	-0.664210	
22	0.1050	-1.365972	0.907190	-0.309850	-1.355793	0.900726	-0.545775	-1.552308	0.930430	-0.397616	-1.547549	0.930835	-0.486655	-1.440662	0.679867	-0.234242	-1.380169	0.688703	-0.247876	-1.440320	0.630688	-0.229755	-1.379287	0.635744	-0.241098	-1.479894	0.438024	-0.230012	-1.449393	0.409404	-0.338722	-1.604950	0.372826	-0.223172	-1.558290	0.334808	-0.229383	-1.652458	0.317858	-0.233276	-1.605428	0.286604	-0.237647	-1.759960	0.177262	-0.264278	-1.742670	0.164480	-0.345733	-1.752976	0.052767	-0.220814	-1.735225	0.027228	-0.330472	-1.677378	0.027947	-0.270350	-1.837464	0.186101	-0.334053	-1.391616	0.689460	-0.610454	-1.338186	0.714112	-0.604969	-1.375384	0.642225	-0.603025	-1.322078	0.672367	-0.603966	-1.293698	0.426322	-0.565479	-1.273045	0.441756	-0.458849	-1.321205	0.297888	-0.571554	-1.273975	0.308372	-0.562379	-1.312775	0.249094	-0.561684	-1.266718	0.260122	-0.552114	-1.265604	0.067142	-0.518434	-1.257420	0.082170	-0.439771	-1.164537	0.003285	-0.544474	-1.137255	0.001656	-0.431758	-1.076080	0.027288	-0.490316	-1.338135	0.041527	-0.464910	-1.391976	1.401087	-0.338772	-1.405419	1.347170	-0.665381	
23	0.1100	-1.359740	0.908054	-0.310515	-1.349348	0.901630	-0.546369	-1.546018	0.931105	-0.398195	-1.541124	0.931724	-0.487236	-1.432231	0.680449	-0.233955	-1.371937	0.689998	-0.247448	-1.431233	0.631316	-0.229098	-1.370193	0.637114	-0.240215	-1.467727	0.438401	-0.228320	-1.436577	0.409484	-0.337115	-1.593208	0.374794	-0.221984	-1.546953	0.336028	-0.228015	-1.641483	0.320622	-0.232507	-1.594875	0.288650	-0.236564	-1.750951	0.182029	-0.263965	-1.733575	0.169105	-0.345255	-1.748031	0.057137	-0.220826	-1.731335	0.030824	-0.330278	-1.673678	0.028474	-0.270021	-1.826850	0.194254	-0.334129	-1.385639	0.690201	-0.610924	-1.332124	0.714682	-0.605390	-1.369576	0.642852	-0.603352	-1.316062	0.672899	-0.604499	-1.288700	0.426641	-0.565814	-1.268184	0.442046	-0.459213	-1.317389	0.298413	-0.572047	-1.270104	0.308396	-0.562596	-1.309561	0.249508	-0.562142	-1.263459	0.260058	-0.552230	-1.264889	0.067087	-0.518266	-1.256866	0.082049	-0.439536	-1.164491	0.003293	-0.544593	-1.137105	0.001338	-0.431633	-1.075866	0.026487	-0.490076	-1.338022	0.041587	-0.464845	-1.385366	1.402110	-0.340122	-1.398363	1.347655	-0.666506	
24	0.1150	-1.353578	0.908973	-0.311131	-1.342909	0.902533	-0.546923	-1.539776	0.931796	-0.398816	-1.534716	0.932628	-0.487853	-1.423792	0.681119	-0.233644	-1.363700	0.691400	-0.246991	-1.422110	0.632038	-0.228428	-1.361070	0.638606	-0.239313	-1.455413	0.438903	-0.226659	-1.423613	0.409724	-0.335553	-1.581240	0.376842	-0.220838	-1.535386	0.337357	-0.226680	-1.630244	0.323446	-0.231791	-1.584058	0.290788	-0.235516	-1.741592	0.186830	-0.263687	-1.724124	0.173768	-0.344810	-1.742580	0.061705	-0.220822	-1.726910	0.034634	-0.330066	-1.669474	0.029159	-0.269643	-1.815810	0.202354	-0.334213	-1.379740	0.690928	-0.611379	-1.326125	0.715220	-0.605785	-1.363862	0.643462	-0.603670	-1.310130	0.673394	-0.605009	-1.283867	0.426927	-0.566131	-1.263457	0.442282	-0.459558	-1.313728	0.298921	-0.572512	-1.266392	0.308408	-0.562812	-1.306492	0.249910	-0.562583	-1.260348	0.259990	-0.552351	-1.264260	0.067050	-0.518110	-1.256384	0.081953	-0.439315	-1.164480	0.003342	-0.544719	-1.136977	0.001105	-0.431527	-1.075692	0.025803	-0.489871	-1.337948	0.041629	-0.464788	-1.378827	1.403148	-0.341416	-1.391318	1.348190	-0.667582	
25	0.1200	-1.347489	0.909947	-0.311692	-1.336479	0.903432	-0.547433	-1.533588	0.932502	-0.399476	-1.528330	0.933545	-0.488502	-1.415359	0.681881	-0.233311	-1.355471	0.692911	-0.246512	-1.412969	0.632858	-0.227750	-1.351937	0.640221	-0.238400	-1.442985	0.439540	-0.225037	-1.410540	0.410133	-0.334043	-1.569080	0.378969	-0.219741	-1.523621	0.338795	-0.225382	-1.618772	0.326322	-0.231126	-1.573003	0.293012	-0.234506	-1.731907	0.191641	-0.263443	-1.714339	0.178446	-0.344396	-1.736613	0.066434	-0.220800	-1.721924	0.038628	-0.329837	-1.664743	0.030010	-0.269218	-1.804390	0.210340	-0.334305	-1.373926	0.691638	-0.611817	-1.320198	0.715722	-0.606154	-1.358254	0.644052	-0.603977	-1.304294	0.673850	-0.605491	-1.279210	0.427177	-0.566427	-1.258871	0.442462	-0.459882	-1.310229	0.299406	-0.572945	-1.262846	0.308405	-0.563027	-1.303572	0.250297	-0.563002	-1.257389	0.259916	-0.552474	-1.263710	0.067029	-0.517969	-1.255965	0.081881	-0.439110	-1.164497	0.003422	-0.544848	-1.136869	0.000946	-0.431439	-1.075551	0.025226	-0.489700	-1.337905	0.041657	-0.464740	-1.372368	1.404199	-0.342649	-1.384293	1.348771	-0.668608	
26	0.1250	-1.341474	0.910973	-0.312195	-1.330065	0.904324	-0.547896	-1.527455	0.933222	-0.400172	-1.521972	0.934472	-0.489180	-1.406944	0.682742	-0.232957	-1.347261	0.694530	-0.246014	-1.403826	0.633781	-0.227065	-1.342811	0.641960	-0.237483	-1.430479	0.440319	-0.223460	-1.397399	0.410723	-0.332594	-1.556763	0.381171	-0.218696	-1.511689	0.340342	-0.224125	-1.607100	0.329242	-0.230511	-1.561739	0.295317	-0.233535	-1.721920	0.196436	-0.263230	-1.704243	0.183111	-0.344013	-1.730120	0.071280	-0.220762	-1.716353	0.042771	-0.329593	-1.659459	0.031033	-0.268749	-1.792642	0.218152	-0.334401	-1.368206	0.692330	-0.612235	-1.314350	0.716188	-0.606497	-1.352760	0.644624	-0.604272	-1.298563	0.674266	-0.605945	-1.274739	0.427390	-0.566701	-1.254436	0.442587	-0.460184	-1.306899	0.299869	-0.573344	-1.259472	0.308388	-0.563238	-1.300804	0.250667	-0.563396	-1.254586	0.259836	-0.552599	-1.263231	0.067024	-0.517842	-1.255599	0.081831	-0.438923	-1.164536	0.003522	-0.544979	-1.136777	0.000848	-0.431366	-1.075437	0.024743	-0.489562	-1.337888	0.041676	-0.464700	-1.365998	1.405257	-0.343819	-1.377294	1.349393	-0.669581	
27	0.1300	-1.335533	0.912050	-0.312639	-1.323670	0.905209	-0.548311	-1.521379	0.933953	-0.400898	-1.515645	0.935407	-0.489883	-1.398558	0.683703	-0.232583	-1.339080	0.696258	-0.245505	-1.394694	0.634810	-0.226379	-1.333706	0.643823	-0.236573	-1.417925	0.441246	-0.221933	-1.384226	0.411499	-0.331211	-1.544323	0.383444	-0.217707	-1.499622	0.341998	-0.222913	-1.595258	0.332197	-0.229944	-1.550294	0.297695	-0.232606	-1.711655	0.201186	-0.263046	-1.693859	0.187739	-0.343661	-1.723095	0.076199	-0.220705	-1.710179	0.047023	-0.329334	-1.653603	0.032229	-0.268241	-1.780615	0.225735	-0.334500	-1.362585	0.693003	-0.612630	-1.308589	0.716617	-0.606814	-1.347387	0.645178	-0.604553	-1.292945	0.674640	-0.606368	-1.270461	0.427566	-0.566952	-1.250157	0.442661	-0.460462	-1.303741	0.300306	-0.573704	-1.256273	0.308358	-0.563443	-1.298191	0.251020	-0.563762	-1.251940	0.259750	-0.552725	-1.262816	0.067031	-0.517731	-1.255277	0.081800	-0.438753	-1.164593	0.003634	-0.545108	-1.136698	0.000800	-0.431307	-1.075341	0.024342	-0.489454	-1.337890	0.041688	-0.464666	-1.359724	1.406321	-0.344922	-1.370331	1.350054	-0.670503	
28	0.1350	-1.329664	0.913176	-0.313023	-1.317296	0.906086	-0.548678	-1.515358	0.934697	-0.401649	-1.509351	0.936348	-0.490605	-1.390208	0.684769	-0.232190	-1.330935	0.698091	-0.244990	-1.385583	0.635948	-0.225694	-1.324633	0.645808	-0.235677	-1.405354	0.442325	-0.220461	-1.371055	0.412468	-0.329897	-1.531791	0.385782	-0.216776	-1.487448	0.343758	-0.221748	-1.583278	0.335175	-0.229422	-1.538694	0.300137	-0.231718	-1.701136	0.205865	-0.262887	-1.683209	0.192301	-0.343337	-1.715538	0.081142	-0.220631	-1.703388	0.051344	-0.329064	-1.647158	0.033595	-0.267699	-1.768359	0.233032	-0.334599	-1.357068	0.693658	-0.613001	-1.302919	0.717009	-0.607105	-1.342139	0.645714	-0.604820	-1.287447	0.674974	-0.606759	-1.266380	0.427707	-0.567178	-1.246038	0.442684	-0.460716	-1.300757	0.300719	-0.574025	-1.253251	0.308314	-0.563641	-1.295732	0.251355	-0.564097	-1.249450	0.259659	-0.552850	-1.262458	0.067052	-0.517634	-1.254989	0.081788	-0.438601	-1.164662	0.003750	-0.545232	-1.136629	0.000793	-0.431262	-1.075259	0.024013	-0.489374	-1.337904	0.041698	-0.464638	-1.353551	1.407389	-0.345956	-1.363408	1.350750	-0.671371	
29	0.1400	-1.323863	0.914349	-0.313348	-1.310948	0.906956	-0.548997	-1.509391	0.935453	-0.402418	-1.503092	0.937296	-0.491340	-1.381901	0.685940	-0.231780	-1.322832	0.700028	-0.244477	-1.376503	0.637197	-0.225013	-1.315604	0.647912	-0.234804	-1.392794	0.443558	-0.219046	-1.357919	0.413632	-0.328655	-1.519199	0.388177	-0.215903	-1.475194	0.345618	-0.220631	-1.571187	0.338165	-0.228940	-1.526964	0.302634	-0.230872	-1.690383	0.210443	-0.262749	-1.672315	0.196771	-0.343040	-1.707449	0.086060	-0.220541	-1.695970	0.055689	-0.328785	-1.640110	0.035125	-0.267130	-1.755922	0.239994	-0.334696	-1.351655	0.694295	-0.613344	-1.297344	0.717367	-0.607371	-1.337018	0.646235	-0.605072	-1.282070	0.675269	-0.607117	-1.262498	0.427814	-0.567380	-1.242083	0.442663	-0.460946	-1.297948	0.301108	-0.574305	-1.250405	0.308260	-0.563830	-1.293426	0.251673	-0.564397	-1.247114	0.259564	-0.552972	-1.262149	0.067083	-0.517552	-1.254728	0.081793	-0.438467	-1.164740	0.003864	-0.545351	-1.136568	0.000817	-0.431228	-1.075186	0.023743	-0.489319	-1.337925	0.041709	-0.464615	-1.347481	1.408458	-0.346922	-1.356530	1.351479	-0.672188	
30	0.1450	-1.318122	0.915569	-0.313618	-1.304627	0.907820	-0.549272	-1.503472	0.936221	-0.403197	-1.496870	0.938248	-0.492080	-1.373639	0.687218	-0.231355	-1.314774	0.702066	-0.243971	-1.367462	0.638558	-0.224338	-1.306626	0.650133	-0.233961	-1.380271	0.444947	-0.217692	-1.344845	0.414990	-0.327487	-1.506576	0.390622	-0.215091	-1.462886	0.347573	-0.219563	-1.559013	0.341152	-0.228493	-1.515126	0.305175	-0.230066	-1.679417	0.214892	-0.262628	-1.661196	0.201121	-0.342766	-1.698832	0.090903	-0.220434	-1.687922	0.060013	-0.328501	-1.632448	0.036808	-0.266541	-1.743350	0.246575	-0.334787	-1.346346	0.694915	-0.613658	-1.291865	0.717692	-0.607612	-1.332026	0.646745	-0.605309	-1.276818	0.675527	-0.607441	-1.258813	0.427890	-0.567555	-1.238290	0.442601	-0.461151	-1.295309	0.301474	-0.574541	-1.247733	0.308197	-0.564008	-1.291270	0.251976	-0.564662	-1.244928	0.259468	-0.553090	-1.261882	0.067125	-0.517483	-1.254486	0.081814	-0.438350	-1.164821	0.003971	-0.545461	-1.136514	0.000864	-0.431205	-1.075117	0.023524	-0.489287	-1.337949	0.041724	-0.464596	-1.341517	1.409529	-0.347818	-1.349701	1.352236	-0.672954	
31	0.1500	-1.312435	0.916831	-0.313838	-1.298334	0.908682	-0.549504	-1.497599	0.937004	-0.403977	-1.490684	0.939205	-0.492818	-1.365427	0.688602	-0.230918	-1.306762	0.704202	-0.243479	-1.358464	0.640030	-0.223673	-1.297706	0.652466	-0.233157	-1.367805	0.446490	-0.216398	-1.331856	0.416542	-0.326391	-1.493947	0.393107	-0.214336	-1.450545	0.349614	-0.218545	-1.546781	0.344123	-0.228077	-1.503201	0.307747	-0.229300	-1.668256	0.219184	-0.262520	-1.649873	0.205326	-0.342513	-1.689694	0.095622	-0.220314	-1.679244	0.064273	-0.328215	-1.624166	0.038627	-0.265942	-1.730683	0.252735	-0.334869	-1.341140	0.695521	-0.613943	-1.286482	0.717988	-0.607830	-1.327160	0.647244	-0.605528	-1.271690	0.675751	-0.607730	-1.255323	0.427939	-0.567704	-1.234659	0.442505	-0.461331	-1.292838	0.301820	-0.574735	-1.245230	0.308129	-0.564173	-1.289260	0.252265	-0.564891	-1.242888	0.259373	-0.553202	-1.261651	0.067178	-0.517427	-1.254256	0.081849	-0.438249	-1.164902	0.004066	-0.545563	-1.136463	0.000926	-0.431191	-1.075050	0.023345	-0.489274	-1.337973	0.041745	-0.464579	-1.335658	1.410602	-0.348646	-1.342924	1.353022	-0.673671	
32	0.1550	-1.306793	0.918135	-0.314012	-1.292072	0.909542	-0.549700	-1.491764	0.937802	-0.404751	-1.484533	0.940165	-0.493547	-1.357262	0.690091	-0.230470	-1.298797	0.706429	-0.243007	-1.349513	0.641611	-0.223019	-1.288846	0.654905	-0.232396	-1.355417	0.448185	-0.215166	-1.318974	0.418282	-0.325367	-1.481337	0.395619	-0.213638	-1.438192	0.351733	-0.217575	-1.534511	0.347062	-0.227686	-1.491207	0.310337	-0.228572	-1.656916	0.223292	-0.262418	-1.638361	0.209359	-0.342277	-1.680043	0.100168	-0.220181	-1.669941	0.068423	-0.327930	-1.615261	0.040564	-0.265340	-1.717959	0.258439	-0.334938	-1.336034	0.696114	-0.614196	-1.281195	0.718258	-0.608026	-1.322417	0.647738	-0.605731	-1.266684	0.675944	-0.607985	-1.252021	0.427964	-0.567826	-1.231187	0.442379	-0.461487	-1.290529	0.302148	-0.574885	-1.242891	0.308057	-0.564324	-1.287389	0.252542	-0.565081	-1.240987	0.259280	-0.553306	-1.261448	0.067241	-0.517381	-1.254032	0.081897	-0.438163	-1.164980	0.004148	-0.545656	-1.136416	0.000998	-0.431185	-1.074982	0.023198	-0.489277	-1.337992	0.041774	-0.464565	-1.329902	1.411676	-0.349409	-1.336200	1.353834	-0.674341	
33	0.1600	-1.301187	0.919478	-0.314148	-1.285841	0.910405	-0.549862	-1.485961	0.938616	-0.405509	-1.478418	0.941129	-0.494259	-1.349146	0.691680	-0.230014	-1.290878	0.708744	-0.242559	-1.340612	0.643299	-0.222377	-1.280049	0.657444	-0.231685	-1.343122	0.450027	-0.213995	-1.306214	0.420205	-0.324411	-1.468765	0.398147	-0.212994	-1.425843	0.353919	-0.216654	-1.522225	0.349954	-0.227313	-1.479161	0.312932	-0.227879	-1.645412	0.227189	-0.262319	-1.626675	0.213196	-0.342055	-1.669891	0.104496	-0.220038	-1.660023	0.072420	-0.327651	-1.605733	0.042595	-0.264744	-1.705210	0.263658	-0.334990	-1.331021	0.696698	-0.614416	-1.276002	0.718505	-0.608201	-1.317790	0.648227	-0.605914	-1.261795	0.676111	-0.608206	-1.248902	0.427971	-0.567921	-1.227869	0.442230	-0.461619	-1.288375	0.302462	-0.574993	-1.240707	0.307985	-0.564460	-1.285652	0.252812	-0.565233	-1.239217	0.259193	-0.553402	-1.261268	0.067314	-0.517346	-1.253810	0.081957	-0.438090	-1.165054	0.004214	-0.545739	-1.136372	0.001073	-0.431185	-1.074912	0.023075	-0.489294	-1.338005	0.041812	-0.464553	-1.324246	1.412753	-0.350110	-1.329529	1.354671	-0.674966	
34	0.1650	-1.295606	0.920856	-0.314254	-1.279642	0.911273	-0.549999	-1.480183	0.939448	-0.406243	-1.472335	0.942097	-0.494944	-1.341076	0.693366	-0.229553	-1.283002	0.711139	-0.242140	-1.331760	0.645090	-0.221749	-1.271316	0.660075	-0.231028	-1.330935	0.452008	-0.212885	-1.293589	0.422301	-0.323520	-1.456250	0.400677	-0.212398	-1.413513	0.356161	-0.215778	-1.509937	0.352782	-0.226955	-1.467075	0.315516	-0.227219	-1.633754	0.230850	-0.262217	-1.614827	0.216814	-0.341844	-1.659250	0.108564	-0.219886	-1.649503	0.076225	-0.327379	-1.595587	0.044695	-0.264164	-1.692462	0.268367	-0.335022	-1.326096	0.697274	-0.614603	-1.270897	0.718733	-0.608357	-1.313272	0.648716	-0.606078	-1.257019	0.676255	-0.608391	-1.245957	0.427963	-0.567988	-1.224701	0.442064	-0.461728	-1.286368	0.302764	-0.575060	-1.238671	0.307917	-0.564578	-1.284041	0.253076	-0.565346	-1.237571	0.259114	-0.553486	-1.261105	0.067397	-0.517317	-1.253586	0.082029	-0.438028	-1.165120	0.004265	-0.545812	-1.136328	0.001148	-0.431192	-1.074839	0.022969	-0.489322	-1.338009	0.041860	-0.464540	-1.318687	1.413835	-0.350751	-1.322911	1.355533	-0.675548	
35	0.1700	-1.290040	0.922267	-0.314337	-1.273476	0.912149	-0.550114	-1.474425	0.940299	-0.406943	-1.466284	0.943067	-0.495597	-1.333050	0.695144	-0.229089	-1.275167	0.713607	-0.241755	-1.322958	0.646979	-0.221135	-1.262646	0.662791	-0.230429	-1.318865	0.454121	-0.211834	-1.281109	0.424561	-0.322690	-1.443807	0.403195	-0.211848	-1.401213	0.358447	-0.214948	-1.497662	0.355530	-0.226604	-1.454960	0.318075	-0.226590	-1.621953	0.234253	-0.262107	-1.602830	0.220191	-0.341640	-1.648136	0.112332	-0.219727	-1.638398	0.079800	-0.327117	-1.584830	0.046835	-0.263605	-1.679735	0.272551	-0.335029	-1.321252	0.697844	-0.614756	-1.265877	0.718945	-0.608494	-1.308856	0.649207	-0.606220	-1.252348	0.676380	-0.608543	-1.243176	0.427946	-0.568029	-1.221677	0.441885	-0.461814	-1.284499	0.303059	-0.575086	-1.236774	0.307855	-0.564679	-1.282547	0.253337	-0.565421	-1.236041	0.259046	-0.553559	-1.260956	0.067491	-0.517295	-1.253356	0.082111	-0.437975	-1.165177	0.004301	-0.545875	-1.136286	0.001219	-0.431204	-1.074762	0.022876	-0.489358	-1.338005	0.041919	-0.464528	-1.313217	1.414921	-0.351337	-1.316346	1.356418	-0.676090	
36	0.1750	-1.284479	0.923708	-0.314406	-1.267342	0.913033	-0.550215	-1.468678	0.941170	-0.407602	-1.460261	0.944039	-0.496209	-1.325063	0.697005	-0.228626	-1.267369	0.716142	-0.241404	-1.314204	0.648959	-0.220536	-1.254039	0.665583	-0.229888	-1.306922	0.456355	-0.210840	-1.268781	0.426972	-0.321916	-1.431448	0.405687	-0.211338	-1.388952	0.360763	-0.214160	-1.485411	0.358181	-0.226257	-1.442824	0.320594	-0.225989	-1.610015	0.237375	-0.261986	-1.590690	0.223307	-0.341438	-1.636563	0.115766	-0.219563	-1.626727	0.083112	-0.326868	-1.573473	0.048986	-0.263075	-1.667046	0.276195	-0.335009	-1.316480	0.698412	-0.614874	-1.260937	0.719146	-0.608613	-1.304530	0.649701	-0.606340	-1.247775	0.676489	-0.608662	-1.240548	0.427923	-0.568042	-1.218788	0.441700	-0.461878	-1.282759	0.303350	-0.575073	-1.235005	0.307802	-0.564761	-1.281162	0.253598	-0.565459	-1.234617	0.258990	-0.553618	-1.260814	0.067595	-0.517277	-1.253118	0.082203	-0.437929	-1.165225	0.004323	-0.545929	-1.136245	0.001283	-0.431221	-1.074681	0.022790	-0.489398	-1.337990	0.041989	-0.464515	-1.307833	1.416015	-0.351872	-1.309831	1.357327	-0.676595	
37	0.1800	-1.278914	0.925174	-0.314468	-1.261241	0.913928	-0.550308	-1.462937	0.942061	-0.408211	-1.454264	0.945013	-0.496774	-1.317113	0.698943	-0.228165	-1.259606	0.718733	-0.241091	-1.305499	0.651024	-0.219952	-1.245493	0.668440	-0.229407	-1.295109	0.458701	-0.209902	-1.256609	0.429521	-0.321195	-1.419182	0.408138	-0.210862	-1.376737	0.363097	-0.213412	-1.473192	0.360719	-0.225909	-1.430676	0.323057	-0.225412	-1.597945	0.240197	-0.261848	-1.578416	0.226144	-0.341237	-1.624548	0.118837	-0.219394	-1.614513	0.086129	-0.326633	-1.561529	0.051116	-0.262579	-1.654402	0.279292	-0.334957	-1.311771	0.698978	-0.614957	-1.256069	0.719337	-0.608714	-1.300284	0.650201	-0.606435	-1.243291	0.676585	-0.608747	-1.238062	0.427899	-0.568029	-1.216027	0.441514	-0.461921	-1.281138	0.303640	-0.575023	-1.233354	0.307762	-0.564822	-1.279878	0.253863	-0.565461	-1.233290	0.258950	-0.553662	-1.260678	0.067710	-0.517260	-1.252872	0.082304	-0.437887	-1.165262	0.004332	-0.545974	-1.136205	0.001340	-0.431241	-1.074597	0.022708	-0.489442	-1.337965	0.042069	-0.464500	-1.302526	1.417115	-0.352361	-1.303364	1.358259	-0.677064	
38	0.1850	-1.273336	0.926662	-0.314531	-1.255173	0.914835	-0.550398	-1.457196	0.942973	-0.408765	-1.448291	0.945987	-0.497287	-1.309195	0.700949	-0.227711	-1.251874	0.721373	-0.240817	-1.296840	0.653164	-0.219383	-1.237005	0.671352	-0.228987	-1.283433	0.461145	-0.209017	-1.244594	0.432193	-0.320521	-1.407016	0.410531	-0.210414	-1.364572	0.365434	-0.212703	-1.461012	0.363127	-0.225556	-1.418518	0.325450	-0.224858	-1.585748	0.242701	-0.261690	-1.566012	0.228687	-0.341031	-1.612108	0.121519	-0.219220	-1.601778	0.088828	-0.326411	-1.549014	0.053193	-0.262120	-1.641808	0.281841	-0.334871	-1.307118	0.699544	-0.615005	-1.251268	0.719521	-0.608799	-1.296107	0.650708	-0.606505	-1.238886	0.676671	-0.608799	-1.235708	0.427877	-0.567990	-1.213387	0.441329	-0.461944	-1.279625	0.303933	-0.574937	-1.231812	0.307736	-0.564864	-1.278684	0.254133	-0.565427	-1.232052	0.258926	-0.553691	-1.260544	0.067836	-0.517244	-1.252615	0.082413	-0.437848	-1.165288	0.004332	-0.546011	-1.136165	0.001388	-0.431265	-1.074510	0.022627	-0.489487	-1.337931	0.042160	-0.464484	-1.297290	1.418224	-0.352808	-1.296943	1.359214	-0.677501	
39	0.1900	-1.267737	0.928168	-0.314603	-1.249138	0.915751	-0.550491	-1.451449	0.943904	-0.409257	-1.442340	0.946960	-0.497741	-1.301307	0.703013	-0.227265	-1.244169	0.724051	-0.240582	-1.288226	0.655372	-0.218828	-1.228574	0.674308	-0.228625	-1.271895	0.463674	-0.208184	-1.232737	0.434973	-0.319889	-1.394957	0.412853	-0.209990	-1.352462	0.367762	-0.212030	-1.448876	0.365389	-0.225194	-1.406353	0.327758	-0.224324	-1.573426	0.244873	-0.261509	-1.553482	0.230920	-0.340817	-1.599260	0.123793	-0.219041	-1.588548	0.091187	-0.326202	-1.535948	0.055188	-0.261699	-1.629263	0.283841	-0.334748	-1.302511	0.700112	-0.615018	-1.246525	0.719700	-0.608867	-1.291987	0.651221	-0.606547	-1.234551	0.676750	-0.608818	-1.233472	0.427861	-0.567926	-1.210858	0.441149	-0.461949	-1.278210	0.304230	-0.574819	-1.230366	0.307726	-0.564884	-1.277574	0.254412	-0.565360	-1.230892	0.258921	-0.553703	-1.260409	0.067974	-0.517226	-1.252349	0.082530	-0.437810	-1.165303	0.004324	-0.546040	-1.136126	0.001426	-0.431291	-1.074421	0.022545	-0.489531	-1.337887	0.042261	-0.464465	-1.292119	1.419341	-0.353218	-1.290565	1.360190	-0.677906	
40	0.1950	-1.262111	0.929686	-0.314690	-1.243135	0.916678	-0.550591	-1.445693	0.944854	-0.409682	-1.436408	0.947930	-0.498133	-1.293444	0.705125	-0.226830	-1.236489	0.726759	-0.240386	-1.279655	0.657638	-0.218287	-1.220197	0.677298	-0.228320	-1.260495	0.466275	-0.207400	-1.221037	0.437846	-0.319297	-1.383006	0.415087	-0.209582	-1.340406	0.370065	-0.211390	-1.436784	0.367493	-0.224821	-1.394185	0.329967	-0.223806	-1.560978	0.246700	-0.261300	-1.540828	0.232833	-0.340593	-1.586021	0.125647	-0.218857	-1.574848	0.093190	-0.326004	-1.522348	0.057071	-0.261316	-1.616762	0.285296	-0.334586	-1.297941	0.700680	-0.614996	-1.241835	0.719875	-0.608918	-1.287913	0.651741	-0.606560	-1.230276	0.676822	-0.608806	-1.231345	0.427853	-0.567837	-1.208432	0.440978	-0.461935	-1.276883	0.304534	-0.574669	-1.229009	0.307734	-0.564884	-1.276536	0.254700	-0.565260	-1.229804	0.258934	-0.553698	-1.260273	0.068124	-0.517205	-1.252073	0.082654	-0.437770	-1.165307	0.004311	-0.546062	-1.136088	0.001456	-0.431320	-1.074330	0.022459	-0.489573	-1.337834	0.042371	-0.464444	-1.287003	1.420466	-0.353596	-1.284226	1.361187	-0.678283	
41	0.2000	-1.256452	0.931213	-0.314796	-1.237164	0.917610	-0.550701	-1.439923	0.945822	-0.410039	-1.430492	0.948895	-0.498460	-1.285604	0.707274	-0.226409	-1.228833	0.729485	-0.240226	-1.271128	0.659952	-0.217760	-1.211873	0.680309	-0.228069	-1.249234	0.468933	-0.206664	-1.209492	0.440796	-0.318739	-1.371165	0.417221	-0.209188	-1.328406	0.372332	-0.210782	-1.424739	0.369423	-0.224434	-1.382013	0.332066	-0.223303	-1.548406	0.248171	-0.261062	-1.528049	0.234415	-0.340354	-1.572407	0.127070	-0.218663	-1.560702	0.094825	-0.325812	-1.508238	0.058815	-0.260967	-1.604294	0.286215	-0.334384	-1.293401	0.701249	-0.614939	-1.237189	0.720048	-0.608950	-1.283873	0.652267	-0.606543	-1.226051	0.676891	-0.608761	-1.229314	0.427856	-0.567724	-1.206101	0.440816	-0.461905	-1.275635	0.304847	-0.574491	-1.227728	0.307761	-0.564862	-1.275563	0.254998	-0.565131	-1.228777	0.258968	-0.553676	-1.260134	0.068285	-0.517178	-1.251788	0.082784	-0.437726	-1.165301	0.004296	-0.546077	-1.136051	0.001476	-0.431351	-1.074240	0.022370	-0.489611	-1.337774	0.042490	-0.464420	-1.281938	1.421597	-0.353944	-1.277923	1.362203	-0.678633	
42	0.2050	-1.250755	0.932742	-0.314926	-1.231225	0.918547	-0.550826	-1.434137	0.946803	-0.410323	-1.424592	0.949853	-0.498720	-1.277784	0.709450	-0.226002	-1.221198	0.732220	-0.240102	-1.262642	0.662304	-0.217245	-1.203599	0.683330	-0.227868	-1.238110	0.471634	-0.205973	-1.198100	0.443805	-0.318212	-1.359435	0.419240	-0.208801	-1.316462	0.374549	-0.210203	-1.412740	0.371167	-0.224034	-1.369837	0.334041	-0.222812	-1.535707	0.249280	-0.260791	-1.515147	0.235658	-0.340097	-1.558434	0.128059	-0.218458	-1.546136	0.096086	-0.325623	-1.493639	0.060395	-0.260648	-1.591847	0.286607	-0.334139	-1.288882	0.701820	-0.614848	-1.232581	0.720218	-0.608964	-1.279858	0.652797	-0.606494	-1.221866	0.676955	-0.608684	-1.227368	0.427870	-0.567587	-1.203857	0.440665	-0.461858	-1.274455	0.305171	-0.574287	-1.226516	0.307807	-0.564819	-1.274647	0.255309	-0.564973	-1.227804	0.259021	-0.553636	-1.259990	0.068457	-0.517146	-1.251495	0.082920	-0.437678	-1.165284	0.004281	-0.546086	-1.136015	0.001488	-0.431384	-1.074149	0.022277	-0.489645	-1.337707	0.042616	-0.464393	-1.276914	1.422733	-0.354267	-1.271652	1.363235	-0.678957	
43	0.2100	-1.245019	0.934267	-0.315082	-1.225315	0.919482	-0.550966	-1.428334	0.947795	-0.410535	-1.418704	0.950801	-0.498912	-1.269983	0.711643	-0.225613	-1.213584	0.734954	-0.240011	-1.254199	0.664684	-0.216742	-1.195375	0.686349	-0.227714	-1.227123	0.474365	-0.205326	-1.186858	0.446859	-0.317714	-1.347814	0.421132	-0.208417	-1.304572	0.376704	-0.209650	-1.400785	0.372714	-0.223619	-1.357656	0.335882	-0.222331	-1.522879	0.250020	-0.260486	-1.502118	0.236557	-0.339819	-1.544119	0.128616	-0.218237	-1.531172	0.096969	-0.325430	-1.478575	0.061791	-0.260351	-1.579406	0.286482	-0.333853	-1.284379	0.702389	-0.614723	-1.228003	0.720385	-0.608957	-1.275856	0.653331	-0.606413	-1.217713	0.677014	-0.608574	-1.225499	0.427897	-0.567428	-1.201690	0.440525	-0.461796	-1.273335	0.305505	-0.574057	-1.225362	0.307872	-0.564756	-1.273780	0.255633	-0.564789	-1.226878	0.259094	-0.553579	-1.259843	0.068641	-0.517106	-1.251196	0.083062	-0.437623	-1.165258	0.004268	-0.546090	-1.135981	0.001493	-0.431419	-1.074060	0.022180	-0.489674	-1.337634	0.042749	-0.464363	-1.271926	1.423871	-0.354568	-1.265410	1.364283	-0.679256	
44	0.2150	-1.239242	0.935785	-0.315265	-1.219436	0.920412	-0.551123	-1.422512	0.948795	-0.410674	-1.412828	0.951736	-0.499037	-1.262199	0.713840	-0.225241	-1.205992	0.737675	-0.239950	-1.245799	0.667081	-0.216250	-1.187201	0.689356	-0.227603	-1.216271	0.477109	-0.204721	-1.175765	0.449941	-0.317242	-1.336302	0.422885	-0.208034	-1.292736	0.378787	-0.209122	-1.388873	0.374055	-0.223188	-1.345470	0.337579	-0.221857	-1.509921	0.250388	-0.260145	-1.488962	0.237109	-0.339516	-1.529474	0.128746	-0.217996	-1.515833	0.097476	-0.325226	-1.463069	0.062983	-0.260067	-1.566952	0.285853	-0.333523	-1.279884	0.702956	-0.614566	-1.223451	0.720548	-0.608929	-1.271860	0.653866	-0.606298	-1.213582	0.677070	-0.608431	-1.223696	0.427937	-0.567248	-1.199594	0.440396	-0.461718	-1.272265	0.305851	-0.573805	-1.224258	0.307956	-0.564672	-1.272953	0.255969	-0.564581	-1.225991	0.259186	-0.553504	-1.259690	0.068836	-0.517058	-1.250891	0.083208	-0.437560	-1.165223	0.004259	-0.546088	-1.135948	0.001491	-0.431456	-1.073973	0.022079	-0.489699	-1.337556	0.042887	-0.464331	-1.266967	1.425007	-0.354848	-1.259194	1.365341	-0.679531	
45	0.2200	-1.233425	0.937287	-0.315475	-1.213584	0.921330	-0.551295	-1.416673	0.949797	-0.410743	-1.406961	0.952654	-0.499096	-1.254432	0.716032	-0.224888	-1.198422	0.740375	-0.239918	-1.237442	0.669484	-0.215770	-1.179075	0.692339	-0.227529	-1.205551	0.479854	-0.204157	-1.164817	0.453036	-0.316794	-1.324895	0.424488	-0.207650	-1.280953	0.380787	-0.208616	-1.377001	0.375181	-0.222743	-1.333277	0.339125	-0.221388	-1.496829	0.250384	-0.259766	-1.475675	0.237310	-0.339186	-1.514515	0.128459	-0.217727	-1.500139	0.097613	-0.325003	-1.447144	0.063960	-0.259784	-1.554468	0.284734	-0.333152	-1.275393	0.703520	-0.614376	-1.218917	0.720706	-0.608877	-1.267862	0.654399	-0.606151	-1.209467	0.677120	-0.608255	-1.221950	0.427990	-0.567046	-1.197561	0.440276	-0.461627	-1.271240	0.306208	-0.573532	-1.223198	0.308057	-0.564569	-1.272161	0.256317	-0.564350	-1.225138	0.259295	-0.553412	-1.259534	0.069042	-0.517000	-1.250581	0.083359	-0.437489	-1.165180	0.004256	-0.546081	-1.135916	0.001484	-0.431494	-1.073887	0.021975	-0.489718	-1.337475	0.043031	-0.464295	-1.262031	1.426136	-0.355111	-1.253000	1.366408	-0.679782	
46	0.2250	-1.227568	0.938768	-0.315711	-1.207759	0.922230	-0.551482	-1.410816	0.950796	-0.410743	-1.401103	0.953552	-0.499092	-1.246681	0.718209	-0.224554	-1.190875	0.743044	-0.239910	-1.229130	0.671884	-0.215299	-1.170998	0.695288	-0.227490	-1.194963	0.482586	-0.203632	-1.154014	0.456130	-0.316367	-1.313592	0.425931	-0.207261	-1.269221	0.382695	-0.208131	-1.365165	0.376085	-0.222285	-1.321077	0.340512	-0.220921	-1.483601	0.250009	-0.259347	-1.462255	0.237162	-0.338823	-1.499252	0.127768	-0.217424	-1.484109	0.097387	-0.324751	-1.430824	0.064710	-0.259491	-1.541933	0.283138	-0.332739	-1.270901	0.704076	-0.614156	-1.214396	0.720856	-0.608799	-1.263856	0.654928	-0.605970	-1.205361	0.677162	-0.608046	-1.220253	0.428054	-0.566824	-1.195584	0.440166	-0.461521	-1.270250	0.306576	-0.573241	-1.222173	0.308176	-0.564446	-1.271397	0.256678	-0.564098	-1.224312	0.259422	-0.553302	-1.259373	0.069258	-0.516932	-1.250270	0.083513	-0.437409	-1.165130	0.004260	-0.546070	-1.135885	0.001473	-0.431533	-1.073803	0.021867	-0.489732	-1.337390	0.043179	-0.464256	-1.257113	1.427254	-0.355357	-1.246824	1.367477	-0.680009	
47	0.2300	-1.221675	0.940222	-0.315970	-1.201958	0.923106	-0.551682	-1.404943	0.951786	-0.410678	-1.395253	0.954425	-0.499027	-1.238948	0.720362	-0.224238	-1.183353	0.745672	-0.239924	-1.220865	0.674271	-0.214840	-1.162971	0.698193	-0.227480	-1.184504	0.485293	-0.203146	-1.143355	0.459208	-0.315962	-1.302389	0.427208	-0.206869	-1.257539	0.384503	-0.207663	-1.353362	0.376762	-0.221813	-1.308868	0.341734	-0.220454	-1.470233	0.249266	-0.258887	-1.448698	0.236665	-0.338425	-1.483698	0.126690	-0.217080	-1.467761	0.096809	-0.324461	-1.414131	0.065228	-0.259172	-1.529327	0.281079	-0.332284	-1.266406	0.704624	-0.613906	-1.209885	0.720996	-0.608694	-1.259837	0.655450	-0.605757	-1.201258	0.677197	-0.607801	-1.218599	0.428130	-0.566583	-1.193657	0.440061	-0.461401	-1.269289	0.306954	-0.572931	-1.221177	0.308309	-0.564304	-1.270655	0.257048	-0.563828	-1.223508	0.259563	-0.553176	-1.259208	0.069483	-0.516854	-1.249956	0.083670	-0.437318	-1.165073	0.004272	-0.546055	-1.135856	0.001458	-0.431574	-1.073722	0.021757	-0.489741	-1.337303	0.043330	-0.464214	-1.252206	1.428355	-0.355587	-1.240665	1.368545	-0.680213	
48	0.2350	-1.215748	0.941643	-0.316248	-1.196181	0.923950	-0.551891	-1.399056	0.952763	-0.410553	-1.389409	0.955271	-0.498905	-1.231232	0.722480	-0.223939	-1.175858	0.748251	-0.239957	-1.212647	0.676634	-0.214390	-1.154995	0.701044	-0.227495	-1.174174	0.487961	-0.202697	-1.132839	0.462258	-0.315575	-1.291284	0.428309	-0.206472	-1.245908	0.386203	-0.207210	-1.341591	0.377208	-0.221331	-1.296651	0.342788	-0.219985	-1.456724	0.248161	-0.258383	-1.434999	0.235823	-0.337987	-1.467863	0.125243	-0.216686	-1.451110	0.095894	-0.324122	-1.397086	0.065512	-0.258814	-1.516630	0.278571	-0.331788	-1.261904	0.705160	-0.613627	-1.205379	0.721124	-0.608559	-1.255801	0.655961	-0.605512	-1.197153	0.677220	-0.607522	-1.216980	0.428216	-0.566323	-1.191774	0.439962	-0.461267	-1.268353	0.307341	-0.572606	-1.220205	0.308456	-0.564144	-1.269931	0.257428	-0.563540	-1.222721	0.259718	-0.553034	-1.259040	0.069717	-0.516764	-1.249643	0.083829	-0.437217	-1.165010	0.004293	-0.546034	-1.135828	0.001440	-0.431615	-1.073643	0.021645	-0.489746	-1.337214	0.043485	-0.464169	-1.247306	1.429432	-0.355801	-1.234518	1.369606	-0.680393	
49	0.2400	-1.209794	0.943023	-0.316541	-1.190424	0.924757	-0.552104	-1.393159	0.953718	-0.410373	-1.383571	0.956084	-0.498731	-1.223537	0.724557	-0.223657	-1.168395	0.750771	-0.240006	-1.204480	0.678965	-0.213952	-1.147071	0.703831	-0.227533	-1.163973	0.490579	-0.202284	-1.122467	0.465265	-0.315207	-1.280273	0.429229	-0.206071	-1.234327	0.387790	-0.206770	-1.329846	0.377420	-0.220839	-1.284425	0.343669	-0.219512	-1.443069	0.246699	-0.257834	-1.421157	0.234640	-0.337506	-1.451756	0.123448	-0.216233	-1.434169	0.094658	-0.323722	-1.379711	0.065565	-0.258400	-1.503823	0.275629	-0.331251	-1.257396	0.705681	-0.613321	-1.200875	0.721238	-0.608393	-1.251748	0.656460	-0.605236	-1.193043	0.677231	-0.607207	-1.215390	0.428310	-0.566045	-1.189930	0.439864	-0.461119	-1.267434	0.307735	-0.572266	-1.219251	0.308614	-0.563966	-1.269218	0.257816	-0.563236	-1.221948	0.259884	-0.552877	-1.258870	0.069959	-0.516663	-1.249330	0.083990	-0.437106	-1.164943	0.004323	-0.546010	-1.135801	0.001421	-0.431657	-1.073566	0.021533	-0.489748	-1.337123	0.043642	-0.464121	-1.242410	1.430480	-0.355999	-1.228381	1.370654	-0.680549	
50	0.2450	-1.203816	0.944357	-0.316842	-1.184684	0.925519	-0.552319	-1.387253	0.954646	-0.410144	-1.377738	0.956862	-0.498510	-1.215863	0.726583	-0.223389	-1.160964	0.753226	-0.240069	-1.196366	0.681253	-0.213524	-1.139200	0.706547	-0.227589	-1.153901	0.493136	-0.201906	-1.112241	0.468220	-0.314856	-1.269355	0.429964	-0.205668	-1.222798	0.389258	-0.206341	-1.318126	0.377397	-0.220338	-1.272192	0.344377	-0.219031	-1.429267	0.244890	-0.257237	-1.407166	0.233123	-0.336976	-1.435384	0.121329	-0.215712	-1.416950	0.093118	-0.323251	-1.362026	0.065392	-0.257917	-1.490888	0.272265	-0.330672	-1.252880	0.706185	-0.612988	-1.196370	0.721333	-0.608194	-1.247676	0.656943	-0.604932	-1.188926	0.677227	-0.606856	-1.213826	0.428410	-0.565749	-1.188121	0.439766	-0.460956	-1.266529	0.308134	-0.571913	-1.218312	0.308781	-0.563771	-1.268515	0.258210	-0.562918	-1.221185	0.260059	-0.552704	-1.258697	0.070207	-0.516551	-1.249019	0.084153	-0.436983	-1.164871	0.004363	-0.545982	-1.135775	0.001400	-0.431700	-1.073491	0.021419	-0.489746	-1.337030	0.043800	-0.464070	-1.237512	1.431490	-0.356181	-1.222252	1.371683	-0.680679	
51	0.2500	-1.197821	0.945639	-0.317146	-1.178961	0.926230	-0.552530	-1.381341	0.955540	-0.409871	-1.371910	0.957598	-0.498247	-1.208213	0.728552	-0.223133	-1.153571	0.755607	-0.240143	-1.188306	0.683491	-0.213107	-1.131385	0.709184	-0.227661	-1.143957	0.495622	-0.201563	-1.102161	0.471110	-0.314522	-1.258527	0.430510	-0.205263	-1.211322	0.390602	-0.205921	-1.306429	0.377140	-0.219829	-1.259951	0.344911	-0.218539	-1.415315	0.242743	-0.256590	-1.393025	0.231280	-0.336394	-1.418754	0.118909	-0.215114	-1.399462	0.091294	-0.322697	-1.344048	0.065003	-0.257349	-1.477806	0.268493	-0.330049	-1.248356	0.706668	-0.612632	-1.191862	0.721407	-0.607960	-1.243586	0.657407	-0.604600	-1.184799	0.677206	-0.606468	-1.212281	0.428514	-0.565437	-1.186343	0.439665	-0.460779	-1.265634	0.308537	-0.571547	-1.217384	0.308956	-0.563560	-1.267817	0.258609	-0.562586	-1.220429	0.260241	-0.552517	-1.258523	0.070461	-0.516427	-1.248709	0.084316	-0.436850	-1.164795	0.004410	-0.545949	-1.135750	0.001379	-0.431743	-1.073417	0.021305	-0.489742	-1.336936	0.043960	-0.464017	-1.232610	1.432456	-0.356344	-1.216129	1.372687	-0.680784	
52	0.2550	-1.191814	0.946863	-0.317446	-1.173249	0.926884	-0.552732	-1.375427	0.956393	-0.409560	-1.366086	0.958290	-0.497948	-1.200591	0.730457	-0.222887	-1.146218	0.757908	-0.240227	-1.180305	0.685670	-0.212703	-1.123628	0.711734	-0.227746	-1.134144	0.498027	-0.201254	-1.092229	0.473925	-0.314204	-1.247786	0.430863	-0.204859	-1.199900	0.391821	-0.205507	-1.294750	0.376649	-0.219313	-1.247705	0.345271	-0.218035	-1.401209	0.240270	-0.255889	-1.378729	0.229120	-0.335753	-1.401872	0.116213	-0.214429	-1.381716	0.089206	-0.322048	-1.325795	0.064412	-0.256681	-1.464562	0.264328	-0.329382	-1.243826	0.707128	-0.612252	-1.187351	0.721458	-0.607689	-1.239479	0.657849	-0.604243	-1.180662	0.677164	-0.606043	-1.210753	0.428621	-0.565108	-1.184592	0.439558	-0.460585	-1.264746	0.308942	-0.571169	-1.216463	0.309135	-0.563332	-1.267121	0.259010	-0.562243	-1.219677	0.260429	-0.552315	-1.258348	0.070720	-0.516291	-1.248403	0.084480	-0.436705	-1.164717	0.004466	-0.545911	-1.135725	0.001358	-0.431786	-1.073344	0.021192	-0.489736	-1.336841	0.044120	-0.463960	-1.227700	1.433370	-0.356487	-1.210010	1.373660	-0.680862	
53	0.2600	-1.185801	0.948022	-0.317734	-1.167548	0.927477	-0.552919	-1.369514	0.957199	-0.409218	-1.360266	0.958934	-0.497618	-1.193000	0.732292	-0.222648	-1.138909	0.760123	-0.240318	-1.172363	0.687781	-0.212312	-1.115930	0.714189	-0.227843	-1.124463	0.500342	-0.200979	-1.082450	0.476656	-0.313901	-1.237132	0.431022	-0.204457	-1.188535	0.392910	-0.205097	-1.283089	0.375926	-0.218791	-1.235455	0.345459	-0.217516	-1.386948	0.237483	-0.255131	-1.364276	0.226652	-0.335049	-1.384743	0.113268	-0.213649	-1.363717	0.086877	-0.321294	-1.307282	0.063633	-0.255900	-1.451142	0.259784	-0.328665	-1.239291	0.707561	-0.611850	-1.182836	0.721483	-0.607382	-1.235359	0.658267	-0.603864	-1.176515	0.677101	-0.605581	-1.209237	0.428727	-0.564763	-1.182865	0.439444	-0.460375	-1.263860	0.309348	-0.570781	-1.215547	0.309317	-0.563089	-1.266425	0.259413	-0.561889	-1.218927	0.260619	-0.552100	-1.258172	0.070982	-0.516144	-1.248100	0.084642	-0.436550	-1.164636	0.004529	-0.545870	-1.135700	0.001336	-0.431829	-1.073272	0.021079	-0.489729	-1.336744	0.044281	-0.463900	-1.222780	1.434227	-0.356610	-1.203894	1.374593	-0.680913	
54	0.2650	-1.179790	0.949112	-0.318004	-1.161852	0.928002	-0.553086	-1.363605	0.957951	-0.408851	-1.354450	0.959525	-0.497263	-1.185444	0.734050	-0.222415	-1.131646	0.762244	-0.240416	-1.164485	0.689816	-0.211935	-1.108294	0.716544	-0.227949	-1.114916	0.502559	-0.200737	-1.072824	0.479293	-0.313612	-1.226561	0.430986	-0.204058	-1.177230	0.393868	-0.204689	-1.271443	0.374975	-0.218261	-1.223205	0.345478	-0.216978	-1.372529	0.234396	-0.254311	-1.349663	0.223890	-0.334276	-1.367370	0.110099	-0.212763	-1.345472	0.084329	-0.320425	-1.288526	0.062686	-0.254995	-1.437531	0.254875	-0.327896	-1.234752	0.707966	-0.611429	-1.178315	0.721478	-0.607037	-1.231228	0.658659	-0.603465	-1.172359	0.677012	-0.605081	-1.207731	0.428833	-0.564403	-1.181161	0.439319	-0.460149	-1.262976	0.309751	-0.570382	-1.214633	0.309499	-0.562832	-1.265727	0.259814	-0.561524	-1.218178	0.260810	-0.551872	-1.257995	0.071246	-0.515985	-1.247800	0.084804	-0.436385	-1.164553	0.004598	-0.545824	-1.135674	0.001315	-0.431872	-1.073201	0.020967	-0.489722	-1.336646	0.044442	-0.463837	-1.217848	1.435018	-0.356709	-1.197778	1.375482	-0.680935	
55	0.2700	-1.173784	0.950127	-0.318250	-1.156160	0.928458	-0.553227	-1.357701	0.958642	-0.408465	-1.348636	0.960061	-0.496888	-1.177927	0.735726	-0.222183	-1.124435	0.764267	-0.240518	-1.156672	0.691768	-0.211573	-1.100722	0.718793	-0.228063	-1.105506	0.504668	-0.200528	-1.063356	0.481828	-0.313338	-1.216072	0.430754	-0.203666	-1.165988	0.394695	-0.204281	-1.259811	0.373801	-0.217723	-1.210955	0.345331	-0.216419	-1.357949	0.231024	-0.253425	-1.334888	0.220845	-0.333428	-1.349757	0.106734	-0.211763	-1.326986	0.081587	-0.319431	-1.269538	0.061591	-0.253955	-1.423718	0.249616	-0.327069	-1.230211	0.708339	-0.610988	-1.173790	0.721441	-0.606655	-1.227091	0.659022	-0.603048	-1.168196	0.676897	-0.604546	-1.206232	0.428934	-0.564027	-1.179477	0.439182	-0.459904	-1.262091	0.310152	-0.569973	-1.213721	0.309680	-0.562560	-1.265025	0.260213	-0.561151	-1.217428	0.260999	-0.551632	-1.257819	0.071512	-0.515815	-1.247503	0.084964	-0.436210	-1.164469	0.004672	-0.545774	-1.135649	0.001295	-0.431914	-1.073130	0.020855	-0.489715	-1.336547	0.044602	-0.463770	-1.212901	1.435738	-0.356783	-1.191662	1.376320	-0.680928	
56	0.2750	-1.167790	0.951062	-0.318464	-1.150467	0.928840	-0.553339	-1.351807	0.959268	-0.408065	-1.342825	0.960537	-0.496498	-1.170454	0.737315	-0.221952	-1.117278	0.766185	-0.240624	-1.148929	0.693628	-0.211227	-1.093216	0.720927	-0.228185	-1.096237	0.506663	-0.200353	-1.054049	0.484252	-0.313077	-1.205665	0.430328	-0.203279	-1.154813	0.395389	-0.203872	-1.248190	0.372409	-0.217176	-1.198710	0.345023	-0.215837	-1.343205	0.227385	-0.252467	-1.319948	0.217534	-0.332500	-1.331905	0.103200	-0.210641	-1.308266	0.078674	-0.318304	-1.250332	0.060372	-0.252772	-1.409692	0.244024	-0.326178	-1.225670	0.708679	-0.610531	-1.169260	0.721370	-0.606234	-1.222950	0.659355	-0.602616	-1.164028	0.676754	-0.603975	-1.204738	0.429031	-0.563638	-1.177811	0.439031	-0.459642	-1.261203	0.310547	-0.569556	-1.212807	0.309858	-0.562274	-1.264319	0.260607	-0.560769	-1.216676	0.261186	-0.551380	-1.257642	0.071778	-0.515634	-1.247210	0.085122	-0.436026	-1.164384	0.004750	-0.545719	-1.135623	0.001275	-0.431955	-1.073058	0.020745	-0.489708	-1.336445	0.044760	-0.463701	-1.207939	1.436382	-0.356831	-1.185544	1.377100	-0.680890	
57	0.2800	-1.161812	0.951913	-0.318640	-1.144771	0.929146	-0.553416	-1.345922	0.959823	-0.407656	-1.337017	0.960950	-0.496098	-1.163031	0.738810	-0.221719	-1.110179	0.767994	-0.240733	-1.141258	0.695389	-0.210898	-1.085781	0.722943	-0.228313	-1.087112	0.508536	-0.200213	-1.044906	0.486557	-0.312830	-1.195337	0.429708	-0.202899	-1.143708	0.395951	-0.203459	-1.236580	0.370804	-0.216617	-1.186472	0.344560	-0.215229	-1.328295	0.223497	-0.251432	-1.304843	0.213973	-0.331485	-1.313817	0.099527	-0.209390	-1.289314	0.075615	-0.317037	-1.230919	0.059054	-0.251439	-1.395444	0.238115	-0.325213	-1.221131	0.708984	-0.610059	-1.164727	0.721264	-0.605777	-1.218811	0.659656	-0.602173	-1.159856	0.676580	-0.603370	-1.203246	0.429121	-0.563234	-1.176163	0.438865	-0.459360	-1.260312	0.310936	-0.569130	-1.211892	0.310031	-0.561975	-1.263607	0.260996	-0.560380	-1.215921	0.261369	-0.551117	-1.257465	0.072044	-0.515442	-1.246921	0.085276	-0.435833	-1.164300	0.004830	-0.545661	-1.135597	0.001257	-0.431995	-1.072986	0.020635	-0.489703	-1.336342	0.044917	-0.463628	-1.202960	1.436943	-0.356850	-1.179425	1.377817	-0.680821	
58	0.2850	-1.155854	0.952677	-0.318773	-1.139069	0.929374	-0.553453	-1.340049	0.960301	-0.407243	-1.331210	0.961298	-0.495691	-1.155662	0.740207	-0.221482	-1.103141	0.769686	-0.240843	-1.133663	0.697043	-0.210588	-1.078417	0.724833	-0.228447	-1.078136	0.510281	-0.200107	-1.035930	0.488736	-0.312595	-1.185086	0.428897	-0.202526	-1.132678	0.396382	-0.203042	-1.224977	0.368995	-0.216044	-1.174244	0.343947	-0.214593	-1.313216	0.219379	-0.250313	-1.289569	0.210178	-0.330378	-1.295493	0.095741	-0.208004	-1.270135	0.072439	-0.315623	-1.211308	0.057663	-0.249952	-1.380965	0.231908	-0.324168	-1.216595	0.709251	-0.609574	-1.160190	0.721119	-0.605284	-1.214676	0.659924	-0.601720	-1.155683	0.676374	-0.602732	-1.201755	0.429203	-0.562818	-1.174530	0.438682	-0.459060	-1.259415	0.311318	-0.568696	-1.210974	0.310198	-0.561665	-1.262888	0.261379	-0.559985	-1.215162	0.261545	-0.550844	-1.257287	0.072308	-0.515240	-1.246634	0.085427	-0.435632	-1.164215	0.004911	-0.545598	-1.135569	0.001239	-0.432034	-1.072913	0.020526	-0.489700	-1.336237	0.045072	-0.463551	-1.197963	1.437418	-0.356838	-1.173304	1.378465	-0.680719	
59	0.2900	-1.149920	0.953349	-0.318857	-1.133358	0.929524	-0.553448	-1.334189	0.960699	-0.406828	-1.325405	0.961578	-0.495281	-1.148353	0.741499	-0.221239	-1.096168	0.771257	-0.240952	-1.126148	0.698583	-0.210297	-1.071130	0.726592	-0.228587	-1.069313	0.511889	-0.200036	-1.027126	0.490781	-0.312372	-1.174913	0.427898	-0.202159	-1.121725	0.396683	-0.202619	-1.213380	0.366990	-0.215453	-1.162030	0.343192	-0.213927	-1.297964	0.215054	-0.249105	-1.274127	0.206171	-0.329173	-1.276935	0.091873	-0.206476	-1.250733	0.069171	-0.314057	-1.191511	0.056229	-0.248307	-1.366248	0.225423	-0.323032	-1.212065	0.709480	-0.609077	-1.155650	0.720936	-0.604757	-1.210549	0.660158	-0.601260	-1.151512	0.676136	-0.602063	-1.200262	0.429277	-0.562389	-1.172912	0.438481	-0.458741	-1.258512	0.311691	-0.568256	-1.210051	0.310357	-0.561343	-1.262163	0.261753	-0.559583	-1.214399	0.261715	-0.550561	-1.257109	0.072571	-0.515028	-1.246351	0.085575	-0.435423	-1.164132	0.004991	-0.545531	-1.135541	0.001222	-0.432072	-1.072839	0.020418	-0.489698	-1.336131	0.045224	-0.463471	-1.192948	1.437803	-0.356794	-1.167180	1.379039	-0.680584	
60	0.2950	-1.144011	0.953926	-0.318889	-1.127634	0.929595	-0.553397	-1.328343	0.961012	-0.406415	-1.319600	0.961788	-0.494871	-1.141112	0.742681	-0.220992	-1.089261	0.772701	-0.241061	-1.118717	0.699999	-0.210026	-1.063921	0.728213	-0.228732	-1.060647	0.513356	-0.200003	-1.018496	0.492684	-0.312163	-1.164814	0.426713	-0.201797	-1.110855	0.396856	-0.202191	-1.201788	0.364798	-0.214842	-1.149832	0.342304	-0.213229	-1.282537	0.210543	-0.247802	-1.258515	0.201973	-0.327865	-1.258143	0.087953	-0.204803	-1.231114	0.065840	-0.312336	-1.171536	0.054782	-0.246506	-1.351287	0.218684	-0.321795	-1.207540	0.709670	-0.608570	-1.151109	0.720711	-0.604198	-1.206432	0.660358	-0.600796	-1.147345	0.675862	-0.601366	-1.198767	0.429340	-0.561948	-1.171308	0.438262	-0.458402	-1.257603	0.312055	-0.567809	-1.209124	0.310508	-0.561011	-1.261430	0.262119	-0.559177	-1.213630	0.261876	-0.550269	-1.256930	0.072830	-0.514807	-1.246071	0.085717	-0.435207	-1.164050	0.005070	-0.545461	-1.135512	0.001206	-0.432109	-1.072765	0.020310	-0.489698	-1.336023	0.045372	-0.463387	-1.187915	1.438095	-0.356716	-1.161054	1.379535	-0.680415	
61	0.3000	-1.138131	0.954405	-0.318864	-1.121896	0.929588	-0.553297	-1.322510	0.961239	-0.406007	-1.313794	0.961927	-0.494463	-1.133944	0.743747	-0.220737	-1.082426	0.774012	-0.241167	-1.111374	0.701286	-0.209777	-1.056796	0.729689	-0.228881	-1.052145	0.514675	-0.200008	-1.010045	0.494439	-0.311968	-1.154788	0.425347	-0.201437	-1.100071	0.396905	-0.201757	-1.190198	0.362428	-0.214205	-1.137653	0.341291	-0.212498	-1.266932	0.205871	-0.246397	-1.242732	0.197607	-0.326448	-1.239119	0.084012	-0.202981	-1.211281	0.062477	-0.310458	-1.151392	0.053352	-0.244550	-1.336074	0.211712	-0.320446	-1.203022	0.709819	-0.608055	-1.146567	0.720446	-0.603609	-1.202329	0.660521	-0.600330	-1.143183	0.675554	-0.600643	-1.197266	0.429393	-0.561498	-1.169715	0.438023	-0.458046	-1.256685	0.312409	-0.567357	-1.208191	0.310649	-0.560669	-1.260689	0.262475	-0.558767	-1.212857	0.262028	-0.549969	-1.256751	0.073086	-0.514577	-1.245794	0.085855	-0.434985	-1.163970	0.005146	-0.545388	-1.135481	0.001191	-0.432144	-1.072690	0.020203	-0.489700	-1.335915	0.045516	-0.463300	-1.182863	1.438293	-0.356604	-1.154925	1.379949	-0.680211	
62	0.3050	-1.132278	0.954786	-0.318781	-1.116141	0.929503	-0.553148	-1.316689	0.961376	-0.405604	-1.307988	0.961992	-0.494058	-1.126855	0.744690	-0.220477	-1.075664	0.775184	-0.241269	-1.104125	0.702433	-0.209550	-1.049757	0.731014	-0.229034	-1.043811	0.515839	-0.200052	-1.001775	0.496038	-0.311787	-1.144833	0.423806	-0.201076	-1.089377	0.396832	-0.201317	-1.178608	0.359893	-0.213538	-1.125497	0.340163	-0.211734	-1.251145	0.201066	-0.244884	-1.226778	0.193097	-0.324918	-1.219863	0.080084	-0.201009	-1.191240	0.059112	-0.308422	-1.131088	0.051973	-0.242443	-1.320604	0.204536	-0.318974	-1.198512	0.709926	-0.607535	-1.142024	0.720138	-0.602992	-1.198241	0.660649	-0.599864	-1.139028	0.675211	-0.599897	-1.195758	0.429434	-0.561038	-1.168133	0.437766	-0.457671	-1.255759	0.312752	-0.566900	-1.207252	0.310779	-0.560320	-1.259941	0.262821	-0.558353	-1.212077	0.262170	-0.549663	-1.256570	0.073338	-0.514338	-1.245520	0.085988	-0.434758	-1.163893	0.005218	-0.545312	-1.135450	0.001177	-0.432178	-1.072614	0.020096	-0.489705	-1.335805	0.045655	-0.463209	-1.177792	1.438395	-0.356455	-1.148793	1.380278	-0.679971	
63	0.3100	-1.126454	0.955064	-0.318637	-1.110366	0.929341	-0.552946	-1.310881	0.961421	-0.405208	-1.302180	0.961983	-0.493658	-1.119854	0.745504	-0.220212	-1.068979	0.776210	-0.241364	-1.096973	0.703435	-0.209346	-1.042808	0.732181	-0.229190	-1.035650	0.516844	-0.200138	-0.993691	0.497473	-0.311622	-1.134948	0.422095	-0.200712	-1.078776	0.396642	-0.200872	-1.167016	0.357203	-0.212838	-1.113365	0.338932	-0.210937	-1.235175	0.196155	-0.243258	-1.210654	0.188471	-0.323272	-1.200378	0.076202	-0.198885	-1.170998	0.055777	-0.306231	-1.110634	0.050678	-0.240191	-1.304874	0.197182	-0.317367	-1.194008	0.709992	-0.607011	-1.137481	0.719787	-0.602350	-1.194167	0.660740	-0.599401	-1.134882	0.674831	-0.599132	-1.194240	0.429463	-0.560570	-1.166559	0.437488	-0.457279	-1.254823	0.313084	-0.566440	-1.206305	0.310899	-0.559965	-1.259183	0.263157	-0.557938	-1.211290	0.262301	-0.549352	-1.256388	0.073585	-0.514093	-1.245248	0.086115	-0.434527	-1.163819	0.005284	-0.545234	-1.135418	0.001164	-0.432210	-1.072538	0.019990	-0.489711	-1.335696	0.045788	-0.463114	-1.172704	1.438400	-0.356270	-1.142658	1.380518	-0.679695	
64	0.3150	-1.120657	0.955240	-0.318430	-1.104570	0.929104	-0.552693	-1.305083	0.961375	-0.404819	-1.296368	0.961900	-0.493264	-1.112945	0.746183	-0.219941	-1.062374	0.777084	-0.241451	-1.089925	0.704282	-0.209164	-1.035954	0.733182	-0.229348	-1.027668	0.517684	-0.200267	-0.985797	0.498738	-0.311476	-1.125130	0.420220	-0.200341	-1.068272	0.396339	-0.200423	-1.155420	0.354374	-0.212100	-1.101262	0.337609	-0.210105	-1.219019	0.191168	-0.241514	-1.194359	0.183758	-0.321506	-1.180667	0.072401	-0.196612	-1.150562	0.052506	-0.303885	-1.090040	0.049503	-0.237802	-1.288877	0.189683	-0.315617	-1.189509	0.710016	-0.606485	-1.132938	0.719394	-0.601687	-1.190109	0.660795	-0.598941	-1.130744	0.674415	-0.598352	-1.192711	0.429479	-0.560097	-1.164991	0.437192	-0.456871	-1.253877	0.313405	-0.565978	-1.205349	0.311007	-0.559604	-1.258417	0.263482	-0.557521	-1.210497	0.262422	-0.549036	-1.256204	0.073828	-0.513840	-1.244978	0.086236	-0.434292	-1.163749	0.005344	-0.545154	-1.135385	0.001151	-0.432242	-1.072462	0.019885	-0.489720	-1.335587	0.045914	-0.463016	-1.167597	1.438310	-0.356047	-1.136522	1.380667	-0.679381	
65	0.3200	-1.114886	0.955311	-0.318161	-1.098751	0.928793	-0.552387	-1.299294	0.961236	-0.404437	-1.290552	0.961741	-0.492874	-1.106136	0.746720	-0.219668	-1.055850	0.777799	-0.241528	-1.082986	0.704967	-0.209005	-1.029200	0.734010	-0.229508	-1.019870	0.518354	-0.200441	-0.978096	0.499826	-0.311350	-1.115376	0.418191	-0.199958	-1.057869	0.395931	-0.199970	-1.143817	0.351417	-0.211320	-1.089190	0.336207	-0.209241	-1.202674	0.186136	-0.239650	-1.177895	0.178987	-0.319618	-1.160732	0.068716	-0.194190	-1.129940	0.049335	-0.301390	-1.069316	0.048481	-0.235286	-1.272611	0.182069	-0.313712	-1.185016	0.709997	-0.605960	-1.128394	0.718958	-0.601006	-1.186065	0.660813	-0.598488	-1.126616	0.673962	-0.597559	-1.191167	0.429483	-0.559618	-1.163426	0.436876	-0.456449	-1.252918	0.313715	-0.565515	-1.204382	0.311104	-0.559240	-1.257640	0.263797	-0.557105	-1.209694	0.262530	-0.548717	-1.256018	0.074066	-0.513582	-1.244711	0.086350	-0.434055	-1.163683	0.005396	-0.545073	-1.135351	0.001138	-0.432272	-1.072385	0.019780	-0.489730	-1.335479	0.046034	-0.462915	-1.162473	1.438125	-0.355786	-1.130383	1.380725	-0.679030	
66	0.3250	-1.109137	0.955279	-0.317829	-1.092908	0.928410	-0.552029	-1.293512	0.961006	-0.404060	-1.284730	0.961508	-0.492489	-1.099433	0.747109	-0.219393	-1.049411	0.778349	-0.241592	-1.076161	0.705483	-0.208868	-1.022549	0.734658	-0.229666	-1.012261	0.518850	-0.200661	-0.970592	0.500729	-0.311248	-1.105685	0.416015	-0.199561	-1.047569	0.395422	-0.199516	-1.132207	0.348350	-0.210495	-1.077151	0.334738	-0.208344	-1.186142	0.181092	-0.237662	-1.161265	0.174191	-0.317609	-1.140581	0.065187	-0.191625	-1.109141	0.046299	-0.298752	-1.048475	0.047651	-0.232653	-1.256072	0.174376	-0.311644	-1.180526	0.709936	-0.605436	-1.123849	0.718480	-0.600309	-1.182034	0.660794	-0.598041	-1.122497	0.673473	-0.596759	-1.189607	0.429473	-0.559137	-1.161860	0.436540	-0.456014	-1.251945	0.314014	-0.565051	-1.203403	0.311188	-0.558875	-1.256853	0.264101	-0.556689	-1.208882	0.262627	-0.548396	-1.255829	0.074298	-0.513320	-1.244445	0.086459	-0.433817	-1.163623	0.005440	-0.544992	-1.135316	0.001126	-0.432302	-1.072309	0.019676	-0.489742	-1.335373	0.046146	-0.462810	-1.157333	1.437846	-0.355486	-1.124243	1.380689	-0.678642	
67	0.3300	-1.103409	0.955141	-0.317436	-1.087040	0.927957	-0.551620	-1.287734	0.960684	-0.403689	-1.278901	0.961200	-0.492107	-1.092841	0.747343	-0.219117	-1.043059	0.778727	-0.241640	-1.069456	0.705823	-0.208752	-1.016006	0.735119	-0.229822	-1.004845	0.519169	-0.200928	-0.963290	0.501441	-0.311172	-1.096054	0.413702	-0.199144	-1.037375	0.394820	-0.199061	-1.120586	0.345187	-0.209621	-1.065148	0.333218	-0.207418	-1.169422	0.176071	-0.235549	-1.144471	0.169401	-0.315478	-1.120219	0.061850	-0.188922	-1.088178	0.043436	-0.295978	-1.027529	0.047046	-0.229918	-1.239259	0.166639	-0.309407	-1.176038	0.709833	-0.604917	-1.119302	0.717959	-0.599601	-1.178014	0.660739	-0.597603	-1.118386	0.672949	-0.595954	-1.188025	0.429450	-0.558656	-1.160291	0.436186	-0.455569	-1.250956	0.314303	-0.564589	-1.202410	0.311260	-0.558510	-1.256053	0.264395	-0.556275	-1.208059	0.262711	-0.548075	-1.255638	0.074525	-0.513054	-1.244181	0.086562	-0.433578	-1.163568	0.005475	-0.544911	-1.135282	0.001114	-0.432331	-1.072234	0.019572	-0.489755	-1.335269	0.046250	-0.462702	-1.152176	1.437477	-0.355147	-1.118102	1.380560	-0.678215	
68	0.3350	-1.097698	0.954898	-0.316983	-1.081148	0.927436	-0.551162	-1.281957	0.960274	-0.403320	-1.273063	0.960819	-0.491728	-1.086365	0.747417	-0.218842	-1.036795	0.778926	-0.241669	-1.062875	0.705980	-0.208658	-1.009575	0.735384	-0.229975	-0.997624	0.519307	-0.201243	-0.956192	0.501957	-0.311128	-1.086481	0.411262	-0.198704	-1.027290	0.394134	-0.198609	-1.108954	0.341947	-0.208695	-1.053186	0.331662	-0.206463	-1.152518	0.171105	-0.233311	-1.127517	0.164653	-0.313227	-1.099657	0.058745	-0.186088	-1.067062	0.040782	-0.293076	-1.006494	0.046704	-0.227092	-1.222170	0.158897	-0.306996	-1.171549	0.709688	-0.604403	-1.114753	0.717397	-0.598885	-1.174001	0.660648	-0.597173	-1.114280	0.672388	-0.595149	-1.186420	0.429412	-0.558175	-1.158713	0.435813	-0.455115	-1.249949	0.314580	-0.564130	-1.201401	0.311319	-0.558147	-1.255239	0.264678	-0.555865	-1.207223	0.262783	-0.547756	-1.255444	0.074747	-0.512786	-1.243918	0.086658	-0.433340	-1.163520	0.005502	-0.544830	-1.135247	0.001101	-0.432359	-1.072160	0.019469	-0.489768	-1.335169	0.046346	-0.462591	-1.147003	1.437020	-0.354770	-1.111961	1.380337	-0.677749	
69	0.3400	-1.092000	0.954552	-0.316472	-1.075229	0.926848	-0.550656	-1.276180	0.959778	-0.402952	-1.267215	0.960366	-0.491349	-1.080010	0.747325	-0.218570	-1.030620	0.778941	-0.241677	-1.056423	0.705950	-0.208582	-1.003259	0.735449	-0.230120	-0.990604	0.519263	-0.201605	-0.949304	0.502270	-0.311118	-1.076963	0.408708	-0.198238	-1.017317	0.393371	-0.198160	-1.097311	0.338646	-0.207717	-1.041267	0.330083	-0.205483	-1.135432	0.166231	-0.230951	-1.110410	0.159981	-0.310859	-1.078905	0.055909	-0.183131	-1.045809	0.038376	-0.290058	-0.985388	0.046659	-0.224190	-1.204806	0.151188	-0.304408	-1.167057	0.709501	-0.603896	-1.110200	0.716793	-0.598163	-1.169991	0.660520	-0.596753	-1.110179	0.671793	-0.594348	-1.184786	0.429360	-0.557696	-1.157121	0.435421	-0.454655	-1.248920	0.314847	-0.563676	-1.200371	0.311366	-0.557788	-1.254408	0.264952	-0.555459	-1.206372	0.262842	-0.547439	-1.255247	0.074963	-0.512517	-1.243656	0.086749	-0.433104	-1.163480	0.005518	-0.544751	-1.135213	0.001089	-0.432386	-1.072088	0.019367	-0.489783	-1.335071	0.046433	-0.462478	-1.141815	1.436477	-0.354353	-1.105819	1.380021	-0.677245	
70	0.3450	-1.086309	0.954102	-0.315906	-1.069285	0.926195	-0.550105	-1.270398	0.959197	-0.402583	-1.261354	0.959843	-0.490969	-1.073777	0.747063	-0.218302	-1.024536	0.778766	-0.241661	-1.050104	0.705726	-0.208523	-0.997062	0.735307	-0.230257	-0.983784	0.519036	-0.202016	-0.942627	0.502377	-0.311147	-1.067499	0.406051	-0.197742	-1.007459	0.392542	-0.197718	-1.085657	0.335303	-0.206684	-1.029394	0.328499	-0.204479	-1.118171	0.161484	-0.228473	-1.093157	0.155419	-0.308380	-1.057979	0.053381	-0.180062	-1.024436	0.036255	-0.286935	-0.964229	0.046945	-0.221229	-1.187171	0.143551	-0.301643	-1.162559	0.709273	-0.603398	-1.105642	0.716149	-0.597440	-1.165982	0.660355	-0.596343	-1.106078	0.671163	-0.593554	-1.183121	0.429293	-0.557223	-1.155509	0.435010	-0.454191	-1.247868	0.315104	-0.563226	-1.199319	0.311400	-0.557435	-1.253559	0.265216	-0.555058	-1.205503	0.262888	-0.547126	-1.255047	0.075174	-0.512248	-1.243394	0.086833	-0.432870	-1.163446	0.005525	-0.544675	-1.135179	0.001076	-0.432414	-1.072017	0.019265	-0.489798	-1.334977	0.046513	-0.462363	-1.136611	1.435853	-0.353897	-1.099678	1.379614	-0.676703	
71	0.3500	-1.080623	0.953549	-0.315288	-1.063316	0.925479	-0.549510	-1.264609	0.958537	-0.402211	-1.255480	0.959252	-0.490586	-1.067670	0.746628	-0.218038	-1.018543	0.778396	-0.241618	-1.043920	0.705306	-0.208479	-0.990985	0.734953	-0.230383	-0.977167	0.518625	-0.202472	-0.936164	0.502273	-0.311219	-1.058087	0.403305	-0.197214	-0.997716	0.391656	-0.197282	-1.073992	0.331938	-0.205598	-1.017574	0.326925	-0.203457	-1.100745	0.156898	-0.225881	-1.075768	0.151001	-0.305796	-1.036897	0.051198	-0.176891	-1.002962	0.034455	-0.283720	-0.943039	0.047595	-0.218224	-1.169268	0.136025	-0.298703	-1.158052	0.709005	-0.602909	-1.101076	0.715465	-0.596718	-1.161968	0.660155	-0.595942	-1.101976	0.670499	-0.592771	-1.181419	0.429210	-0.556757	-1.153871	0.434581	-0.453725	-1.246788	0.315350	-0.562784	-1.198241	0.311420	-0.557090	-1.252688	0.265470	-0.554663	-1.204615	0.262920	-0.546819	-1.254843	0.075379	-0.511981	-1.243132	0.086913	-0.432640	-1.163421	0.005522	-0.544600	-1.135145	0.001063	-0.432441	-1.071949	0.019164	-0.489813	-1.334887	0.046587	-0.462246	-1.131393	1.435151	-0.353402	-1.093537	1.379116	-0.676122	
72	0.3550	-1.074937	0.952896	-0.314622	-1.057323	0.924702	-0.548875	-1.258811	0.957800	-0.401833	-1.249591	0.958594	-0.490196	-1.061689	0.746017	-0.217778	-1.012639	0.777828	-0.241545	-1.037874	0.704688	-0.208447	-0.985030	0.734383	-0.230495	-0.970750	0.518033	-0.202972	-0.929917	0.501955	-0.311338	-1.048727	0.400484	-0.196652	-0.988092	0.390724	-0.196856	-1.062320	0.328568	-0.204458	-1.005810	0.325376	-0.202418	-1.083165	0.152508	-0.223184	-1.058255	0.146762	-0.303115	-1.015679	0.049394	-0.173633	-0.981410	0.033010	-0.280427	-0.921844	0.048637	-0.215191	-1.151106	0.128649	-0.295594	-1.153534	0.708696	-0.602431	-1.096502	0.714743	-0.595999	-1.157945	0.659919	-0.595551	-1.097868	0.669801	-0.592002	-1.179675	0.429111	-0.556299	-1.152200	0.434134	-0.453261	-1.245675	0.315587	-0.562350	-1.197133	0.311428	-0.556755	-1.251791	0.265716	-0.554276	-1.203703	0.262939	-0.546518	-1.254635	0.075580	-0.511717	-1.242869	0.086988	-0.432413	-1.163405	0.005509	-0.544530	-1.135113	0.001049	-0.432468	-1.071884	0.019063	-0.489827	-1.334800	0.046654	-0.462129	-1.126159	1.434376	-0.352867	-1.087398	1.378530	-0.675502	
73	0.3600	-1.069245	0.952144	-0.313910	-1.051307	0.923864	-0.548203	-1.253000	0.956991	-0.401446	-1.243686	0.957873	-0.489799	-1.055832	0.745230	-0.217522	-1.006824	0.777060	-0.241440	-1.031965	0.703870	-0.208423	-0.979196	0.733595	-0.230590	-0.964532	0.517261	-0.203514	-0.923887	0.501423	-0.311508	-1.039416	0.397602	-0.196056	-0.978588	0.389755	-0.196440	-1.050644	0.325215	-0.203266	-0.994108	0.323868	-0.201366	-1.065446	0.148344	-0.220390	-1.040633	0.142733	-0.300346	-0.994350	0.048000	-0.170301	-0.959803	0.031953	-0.277072	-0.900669	0.050098	-0.212146	-1.132697	0.121460	-0.292324	-1.149002	0.708348	-0.601964	-1.091916	0.713984	-0.595288	-1.153908	0.659646	-0.595170	-1.093752	0.669071	-0.591250	-1.177884	0.428995	-0.555850	-1.150488	0.433668	-0.452800	-1.244527	0.315814	-0.561925	-1.195990	0.311421	-0.556431	-1.250866	0.265954	-0.553898	-1.202763	0.262945	-0.546225	-1.254424	0.075777	-0.511457	-1.242604	0.087059	-0.432191	-1.163398	0.005488	-0.544462	-1.135081	0.001035	-0.432496	-1.071821	0.018963	-0.489841	-1.334716	0.046717	-0.462011	-1.120910	1.433530	-0.352293	-1.081260	1.377858	-0.674845	
74	0.3650	-1.063543	0.951295	-0.313158	-1.045268	0.922969	-0.547497	-1.247174	0.956115	-0.401049	-1.237763	0.957091	-0.489392	-1.050097	0.744267	-0.217270	-1.001095	0.776090	-0.241301	-1.026193	0.702854	-0.208404	-0.973483	0.732588	-0.230667	-0.958508	0.516314	-0.204091	-0.918073	0.500677	-0.311731	-1.030154	0.394675	-0.195423	-0.969207	0.388762	-0.196035	-1.038968	0.321896	-0.202026	-0.982474	0.322414	-0.200305	-1.047608	0.144436	-0.217512	-1.022920	0.138945	-0.297501	-0.972939	0.047044	-0.166910	-0.938170	0.031312	-0.273671	-0.879546	0.052000	-0.209106	-1.114056	0.114496	-0.288906	-1.144452	0.707961	-0.601509	-1.087317	0.713188	-0.594585	-1.149851	0.659338	-0.594796	-1.089621	0.668308	-0.590517	-1.176041	0.428862	-0.555414	-1.148729	0.433183	-0.452345	-1.243337	0.316031	-0.561510	-1.194807	0.311400	-0.556118	-1.249907	0.266183	-0.553528	-1.201794	0.262936	-0.545941	-1.254208	0.075970	-0.511203	-1.242336	0.087128	-0.431974	-1.163400	0.005459	-0.544400	-1.135050	0.001021	-0.432524	-1.071762	0.018862	-0.489854	-1.334635	0.046777	-0.461894	-1.115644	1.432618	-0.351680	-1.075125	1.377103	-0.674150	
75	0.3700	-1.057827	0.950353	-0.312369	-1.039209	0.922016	-0.546760	-1.241330	0.955175	-0.400638	-1.231820	0.956252	-0.488972	-1.044481	0.743130	-0.217020	-0.995448	0.774921	-0.241127	-1.020554	0.701643	-0.208385	-0.967887	0.731365	-0.230721	-0.952672	0.515197	-0.204701	-0.912472	0.499719	-0.312010	-1.020942	0.391718	-0.194756	-0.959948	0.387753	-0.195641	-1.027299	0.318629	-0.200740	-0.970915	0.321030	-0.199239	-1.029673	0.140812	-0.214561	-1.005136	0.135424	-0.294592	-0.951478	0.046550	-0.163477	-0.916541	0.031110	-0.270241	-0.858508	0.054359	-0.206086	-1.095202	0.107789	-0.285353	-1.139882	0.707537	-0.601065	-1.082702	0.712357	-0.593893	-1.145770	0.658994	-0.594431	-1.085473	0.667515	-0.589805	-1.174139	0.428709	-0.554990	-1.146913	0.432680	-0.451898	-1.242100	0.316239	-0.561107	-1.193581	0.311365	-0.555820	-1.248911	0.266405	-0.553169	-1.200788	0.262913	-0.545666	-1.253987	0.076160	-0.510956	-1.242064	0.087194	-0.431763	-1.163411	0.005422	-0.544341	-1.135020	0.001008	-0.432553	-1.071706	0.018762	-0.489865	-1.334555	0.046837	-0.461778	-1.110361	1.431645	-0.351026	-1.068992	1.376268	-0.673417	
76	0.3750	-1.052093	0.949319	-0.311547	-1.033131	0.921008	-0.545995	-1.235467	0.954176	-0.400211	-1.225857	0.955357	-0.488537	-1.038975	0.741824	-0.216770	-0.989878	0.773554	-0.240916	-1.015042	0.700241	-0.208362	-0.962404	0.729927	-0.230751	-0.947014	0.513919	-0.205335	-0.907080	0.498554	-0.312346	-1.011781	0.388746	-0.194055	-0.950813	0.386739	-0.195259	-1.015645	0.315434	-0.199413	-0.959438	0.319726	-0.198170	-1.011667	0.137494	-0.211552	-0.987305	0.132194	-0.291632	-0.930004	0.046534	-0.160018	-0.894950	0.031367	-0.266800	-0.837589	0.057186	-0.203103	-1.076160	0.101370	-0.281683	-1.135289	0.707076	-0.600633	-1.078069	0.711493	-0.593214	-1.141661	0.658616	-0.594071	-1.081302	0.666692	-0.589116	-1.172172	0.428538	-0.554580	-1.145033	0.432158	-0.451460	-1.240811	0.316438	-0.560717	-1.192304	0.311315	-0.555535	-1.247871	0.266619	-0.552821	-1.199744	0.262876	-0.545401	-1.253761	0.076348	-0.510717	-1.241787	0.087260	-0.431559	-1.163432	0.005379	-0.544288	-1.134991	0.000995	-0.432582	-1.071653	0.018661	-0.489876	-1.334475	0.046900	-0.461665	-1.105059	1.430613	-0.350333	-1.062862	1.375358	-0.672648	
77	0.3800	-1.046336	0.948196	-0.310697	-1.027036	0.919947	-0.545207	-1.229583	0.953125	-0.399765	-1.219874	0.954411	-0.488085	-1.033574	0.740354	-0.216516	-0.984380	0.771996	-0.240667	-1.009652	0.698655	-0.208330	-0.957027	0.728282	-0.230754	-0.941526	0.512486	-0.205988	-0.901889	0.497187	-0.312738	-1.002670	0.385774	-0.193321	-0.941804	0.385730	-0.194888	-1.004014	0.312326	-0.198050	-0.948053	0.318513	-0.197104	-0.993620	0.134501	-0.208500	-0.969457	0.129275	-0.288636	-0.908557	0.047007	-0.156552	-0.873435	0.032096	-0.263366	-0.816828	0.060485	-0.200172	-1.056959	0.095268	-0.277916	-1.130670	0.706579	-0.600211	-1.073415	0.710596	-0.592549	-1.137517	0.658202	-0.593717	-1.077105	0.665839	-0.588450	-1.170135	0.428346	-0.554183	-1.143079	0.431617	-0.451034	-1.239463	0.316628	-0.560340	-1.190972	0.311249	-0.555265	-1.246782	0.266828	-0.552485	-1.198654	0.262824	-0.545146	-1.253528	0.076536	-0.510488	-1.241504	0.087327	-0.431361	-1.163461	0.005332	-0.544239	-1.134963	0.000984	-0.432613	-1.071605	0.018559	-0.489884	-1.334393	0.046968	-0.461556	-1.099736	1.429528	-0.349599	-1.056735	1.374375	-0.671842	
78	0.3850	-1.040554	0.946990	-0.309822	-1.020925	0.918835	-0.544397	-1.223675	0.952024	-0.399300	-1.213869	0.953417	-0.487613	-1.028265	0.738729	-0.216257	-0.978946	0.770254	-0.240382	-1.004372	0.696895	-0.208284	-0.951749	0.726437	-0.230728	-0.936192	0.510910	-0.206650	-0.896890	0.495626	-0.313187	-0.993612	0.382819	-0.192556	-0.932918	0.384734	-0.194527	-0.992418	0.309320	-0.196656	-0.936767	0.317400	-0.196041	-0.975568	0.131847	-0.205423	-0.951621	0.126682	-0.285619	-0.887183	0.047972	-0.153097	-0.852035	0.033301	-0.259956	-0.796265	0.064253	-0.197305	-1.037634	0.089506	-0.274074	-1.126023	0.706048	-0.599799	-1.068738	0.709669	-0.591898	-1.133335	0.657755	-0.593366	-1.072876	0.664959	-0.587809	-1.168021	0.428133	-0.553802	-1.141045	0.431057	-0.450620	-1.238051	0.316809	-0.559976	-1.189580	0.311168	-0.555010	-1.245640	0.267030	-0.552161	-1.197515	0.262758	-0.544901	-1.253289	0.076724	-0.510269	-1.241212	0.087397	-0.431170	-1.163498	0.005281	-0.544196	-1.134936	0.000974	-0.432645	-1.071559	0.018455	-0.489892	-1.334308	0.047047	-0.461451	-1.094392	1.428392	-0.348825	-1.050612	1.373325	-0.671000	
79	0.3900	-1.034743	0.945703	-0.308927	-1.014800	0.917673	-0.543570	-1.217743	0.950879	-0.398811	-1.207842	0.952378	-0.487118	-1.023039	0.736959	-0.215987	-0.973568	0.768337	-0.240060	-0.999191	0.694971	-0.208218	-0.946558	0.724404	-0.230672	-0.930998	0.509202	-0.207314	-0.892071	0.493883	-0.313688	-0.984608	0.379894	-0.191764	-0.924157	0.383759	-0.194174	-0.980869	0.306430	-0.195237	-0.925590	0.316394	-0.194986	-0.957547	0.129541	-0.202337	-0.933833	0.124426	-0.282599	-0.865927	0.049424	-0.149671	-0.830794	0.034981	-0.256591	-0.775942	0.068478	-0.194517	-1.018226	0.084103	-0.270179	-1.121346	0.705483	-0.599397	-1.064034	0.708714	-0.591264	-1.129110	0.657274	-0.593017	-1.068611	0.664052	-0.587191	-1.165824	0.427898	-0.553435	-1.138921	0.430478	-0.450220	-1.236569	0.316981	-0.559628	-1.188120	0.311071	-0.554769	-1.244437	0.267227	-0.551850	-1.196321	0.262677	-0.544666	-1.253042	0.076914	-0.510063	-1.240912	0.087471	-0.430986	-1.163543	0.005227	-0.544158	-1.134908	0.000968	-0.432679	-1.071518	0.018349	-0.489897	-1.334218	0.047139	-0.461352	-1.089023	1.427209	-0.348009	-1.044491	1.372212	-0.670124	
80	0.3950	-1.028900	0.944340	-0.308016	-1.008663	0.916465	-0.542728	-1.211785	0.949695	-0.398297	-1.201793	0.951298	-0.486600	-1.017880	0.735055	-0.215703	-0.968236	0.766258	-0.239702	-0.994095	0.692897	-0.208128	-0.941443	0.722197	-0.230583	-0.925926	0.507376	-0.207970	-0.887417	0.491970	-0.314238	-0.975660	0.377013	-0.190947	-0.915518	0.382812	-0.193826	-0.969380	0.303667	-0.193799	-0.914531	0.315498	-0.193942	-0.939600	0.127586	-0.199261	-0.916132	0.122511	-0.279591	-0.844843	0.051349	-0.146291	-0.809757	0.037126	-0.253287	-0.755905	0.073139	-0.191820	-0.998781	0.079075	-0.266259	-1.116635	0.704888	-0.599002	-1.059302	0.707732	-0.590645	-1.124838	0.656761	-0.592669	-1.064305	0.663120	-0.586597	-1.163538	0.427642	-0.553084	-1.136699	0.429880	-0.449834	-1.235010	0.317146	-0.559295	-1.186588	0.310957	-0.554542	-1.243170	0.267419	-0.551553	-1.195068	0.262581	-0.544441	-1.252786	0.077109	-0.509869	-1.240600	0.087552	-0.430811	-1.163595	0.005174	-0.544125	-1.134880	0.000964	-0.432715	-1.071480	0.018240	-0.489901	-1.334121	0.047249	-0.461262	-1.083626	1.425983	-0.347151	-1.038373	1.371041	-0.669212	
81	0.4000	-1.023023	0.942906	-0.307091	-1.002516	0.915213	-0.541875	-1.205801	0.948476	-0.397755	-1.195722	0.950181	-0.486055	-1.012773	0.733031	-0.215400	-0.962938	0.764030	-0.239310	-0.989067	0.690688	-0.208008	-0.936390	0.719830	-0.230462	-0.920955	0.505445	-0.208608	-0.882910	0.489901	-0.314830	-0.966771	0.374189	-0.190107	-0.907000	0.381897	-0.193482	-0.957965	0.301041	-0.192349	-0.903600	0.314713	-0.192909	-0.921772	0.125979	-0.196212	-0.898558	0.120935	-0.276612	-0.823983	0.053725	-0.142977	-0.788975	0.039716	-0.250063	-0.736197	0.078207	-0.189225	-0.979349	0.074430	-0.262338	-1.111889	0.704263	-0.598613	-1.054538	0.706726	-0.590042	-1.120516	0.656217	-0.592319	-1.059955	0.662166	-0.586024	-1.161156	0.427363	-0.552746	-1.134373	0.429263	-0.449463	-1.233367	0.317302	-0.558977	-1.184979	0.310828	-0.554329	-1.241830	0.267608	-0.551270	-1.193749	0.262472	-0.544226	-1.252519	0.077310	-0.509690	-1.240276	0.087642	-0.430644	-1.163652	0.005121	-0.544098	-1.134851	0.000965	-0.432753	-1.071445	0.018127	-0.489904	-1.334014	0.047381	-0.461180	-1.078200	1.424717	-0.346252	-1.032259	1.369817	-0.668266	
82	0.4050	-1.017109	0.941406	-0.306156	-0.996359	0.913920	-0.541013	-1.199790	0.947226	-0.397184	-1.189630	0.949031	-0.485481	-1.007701	0.730902	-0.215073	-0.957664	0.761672	-0.238887	-0.984091	0.688362	-0.207853	-0.931382	0.717324	-0.230306	-0.916063	0.503426	-0.209218	-0.878528	0.487695	-0.315457	-0.957943	0.371435	-0.189248	-0.898599	0.381018	-0.193137	-0.946641	0.298558	-0.190892	-0.892807	0.314039	-0.191891	-0.904110	0.124711	-0.193208	-0.881157	0.119692	-0.273677	-0.803404	0.056519	-0.139746	-0.768498	0.042722	-0.246934	-0.716864	0.083643	-0.186741	-0.959989	0.070175	-0.258444	-1.107107	0.703610	-0.598228	-1.049740	0.705698	-0.589454	-1.116139	0.655643	-0.591966	-1.055557	0.661189	-0.585473	-1.158673	0.427061	-0.552421	-1.131936	0.428628	-0.449106	-1.231636	0.317452	-0.558675	-1.183286	0.310682	-0.554127	-1.240414	0.267794	-0.551003	-1.192361	0.262350	-0.544020	-1.252241	0.077521	-0.509526	-1.239939	0.087743	-0.430486	-1.163714	0.005072	-0.544075	-1.134821	0.000972	-0.432794	-1.071413	0.018010	-0.489904	-1.333895	0.047541	-0.461111	-1.072741	1.423414	-0.345309	-1.026147	1.368545	-0.667285	
83	0.4100	-1.011157	0.939846	-0.305215	-0.990195	0.912590	-0.540145	-1.193752	0.945949	-0.396582	-1.183516	0.947850	-0.484876	-1.002646	0.728686	-0.214718	-0.952399	0.759202	-0.238435	-0.979144	0.685938	-0.207659	-0.926402	0.714699	-0.230116	-0.911226	0.501334	-0.209790	-0.874248	0.485370	-0.316109	-0.949180	0.368760	-0.188373	-0.890313	0.380178	-0.192789	-0.935422	0.296224	-0.189434	-0.882162	0.313472	-0.190888	-0.886664	0.123769	-0.190266	-0.863976	0.118768	-0.270804	-0.783163	0.059692	-0.136614	-0.748378	0.046108	-0.243919	-0.697951	0.089398	-0.184378	-0.940760	0.066309	-0.254602	-1.102285	0.702932	-0.597847	-1.044905	0.704652	-0.588881	-1.111705	0.655041	-0.591607	-1.051107	0.660194	-0.584939	-1.156083	0.426736	-0.552110	-1.129381	0.427976	-0.448764	-1.229811	0.317595	-0.558389	-1.181505	0.310520	-0.553937	-1.238916	0.267979	-0.550752	-1.190899	0.262215	-0.543822	-1.251950	0.077743	-0.509379	-1.239587	0.087858	-0.430338	-1.163778	0.005026	-0.544057	-1.134788	0.000984	-0.432837	-1.071383	0.017888	-0.489903	-1.333761	0.047734	-0.461054	-1.067246	1.422077	-0.344324	-1.020037	1.367232	-0.666271	
84	0.4150	-1.005165	0.938231	-0.304269	-0.984024	0.911226	-0.539273	-1.187687	0.944649	-0.395945	-1.177381	0.946643	-0.484237	-0.997588	0.726400	-0.214330	-0.947129	0.756640	-0.237957	-0.974206	0.683436	-0.207422	-0.921431	0.711978	-0.229892	-0.906418	0.499188	-0.210314	-0.870044	0.482946	-0.316776	-0.940482	0.366175	-0.187483	-0.882135	0.379376	-0.192433	-0.924326	0.294040	-0.187981	-0.871673	0.313003	-0.189902	-0.869485	0.123130	-0.187402	-0.847062	0.118143	-0.268007	-0.763319	0.063193	-0.133596	-0.728670	0.049827	-0.241030	-0.679504	0.095416	-0.182142	-0.921729	0.062826	-0.250838	-1.097422	0.702231	-0.597466	-1.040031	0.703589	-0.588321	-1.107212	0.654413	-0.591242	-1.046601	0.659182	-0.584423	-1.153383	0.426390	-0.551810	-1.126703	0.427306	-0.448435	-1.227886	0.317733	-0.558119	-1.179632	0.310344	-0.553756	-1.237331	0.268164	-0.550518	-1.189358	0.262069	-0.543633	-1.251645	0.077980	-0.509250	-1.239218	0.087990	-0.430200	-1.163844	0.004985	-0.544044	-1.134752	0.001004	-0.432884	-1.071355	0.017760	-0.489900	-1.333612	0.047964	-0.461014	-1.061711	1.420709	-0.343294	-1.013928	1.365882	-0.665224	
85	0.4200	-0.999132	0.936569	-0.303320	-0.977848	0.909833	-0.538399	-1.181594	0.943330	-0.395273	-1.171226	0.945413	-0.483564	-0.992507	0.724063	-0.213905	-0.941840	0.754010	-0.237457	-0.969255	0.680878	-0.207137	-0.916448	0.709187	-0.229634	-0.901613	0.497004	-0.210781	-0.865887	0.480446	-0.317446	-0.931853	0.363688	-0.186581	-0.874062	0.378612	-0.192065	-0.913369	0.292005	-0.186539	-0.861350	0.312625	-0.188933	-0.852626	0.122770	-0.184631	-0.830465	0.117793	-0.265299	-0.743931	0.066964	-0.130707	-0.709427	0.053824	-0.238281	-0.661565	0.101630	-0.180039	-0.902963	0.059718	-0.247175	-1.092517	0.701511	-0.597084	-1.035116	0.702513	-0.587771	-1.102656	0.653761	-0.590868	-1.042036	0.658156	-0.583919	-1.150567	0.426022	-0.551520	-1.123897	0.426620	-0.448119	-1.225857	0.317868	-0.557865	-1.177662	0.310153	-0.553583	-1.235654	0.268351	-0.550301	-1.187735	0.261913	-0.543450	-1.251324	0.078236	-0.509140	-1.238833	0.088141	-0.430074	-1.163909	0.004950	-0.544035	-1.134714	0.001030	-0.432934	-1.071330	0.017627	-0.489896	-1.333445	0.048237	-0.460991	-1.056135	1.419313	-0.342220	-1.007819	1.364501	-0.664142	
86	0.4250	-0.993057	0.934866	-0.302369	-0.971665	0.908416	-0.537523	-1.175472	0.941995	-0.394563	-1.165051	0.944164	-0.482853	-0.987382	0.721696	-0.213438	-0.936517	0.751334	-0.236939	-0.964267	0.678287	-0.206803	-0.911434	0.706351	-0.229343	-0.896783	0.494802	-0.211180	-0.861747	0.477892	-0.318105	-0.923294	0.361304	-0.185669	-0.866086	0.377882	-0.191682	-0.902568	0.290117	-0.185111	-0.851201	0.312326	-0.187982	-0.836139	0.122656	-0.181966	-0.814236	0.117688	-0.262692	-0.725054	0.070942	-0.127959	-0.690704	0.058037	-0.235685	-0.644175	0.107968	-0.178073	-0.884532	0.056969	-0.243636	-1.087567	0.700773	-0.596698	-1.030157	0.701427	-0.587232	-1.098035	0.653088	-0.590483	-1.037411	0.657120	-0.583427	-1.147633	0.425634	-0.551239	-1.120960	0.425920	-0.447815	-1.223720	0.317999	-0.557628	-1.175592	0.309948	-0.553416	-1.233882	0.268542	-0.550102	-1.186026	0.261750	-0.543274	-1.250985	0.078514	-0.509051	-1.238429	0.088316	-0.429962	-1.163971	0.004921	-0.544031	-1.134671	0.001065	-0.432987	-1.071305	0.017487	-0.489890	-1.333259	0.048558	-0.460989	-1.050512	1.417892	-0.341100	-1.001710	1.363096	-0.663027	
87	0.4300	-0.986939	0.933130	-0.301417	-0.965477	0.906978	-0.536649	-1.169323	0.940647	-0.393813	-1.158856	0.942900	-0.482102	-0.982192	0.719318	-0.212926	-0.931143	0.748637	-0.236406	-0.959217	0.675685	-0.206416	-0.906366	0.703497	-0.229020	-0.891901	0.492598	-0.211506	-0.857593	0.475308	-0.318739	-0.914808	0.359028	-0.184747	-0.858201	0.377183	-0.191280	-0.891938	0.288371	-0.183702	-0.841231	0.312090	-0.187049	-0.820073	0.122754	-0.179418	-0.798425	0.117793	-0.260199	-0.706746	0.075056	-0.125364	-0.672553	0.062396	-0.233250	-0.627373	0.114351	-0.176247	-0.866510	0.054564	-0.240241	-1.082571	0.700022	-0.596307	-1.025153	0.700336	-0.586699	-1.093348	0.652397	-0.590086	-1.032721	0.656075	-0.582942	-1.144577	0.425228	-0.550966	-1.117890	0.425206	-0.447520	-1.221471	0.318131	-0.557407	-1.173420	0.309733	-0.553254	-1.232011	0.268739	-0.549922	-1.184229	0.261580	-0.543105	-1.250627	0.078818	-0.508983	-1.238005	0.088517	-0.429863	-1.164030	0.004899	-0.544030	-1.134624	0.001107	-0.433044	-1.071281	0.017342	-0.489883	-1.333052	0.048931	-0.461010	-1.044840	1.416449	-0.339935	-0.995599	1.361673	-0.661877	
88	0.4350	-0.980777	0.931368	-0.300465	-0.959284	0.905526	-0.535775	-1.163145	0.939289	-0.393021	-1.152642	0.941623	-0.481310	-0.976918	0.716949	-0.212367	-0.925703	0.745944	-0.235862	-0.954084	0.673095	-0.205977	-0.901224	0.700653	-0.228666	-0.886938	0.490411	-0.211749	-0.853392	0.472719	-0.319334	-0.906395	0.356865	-0.183816	-0.850399	0.376508	-0.190855	-0.881495	0.286760	-0.182315	-0.831448	0.311904	-0.186133	-0.804478	0.123025	-0.176998	-0.783079	0.118069	-0.257827	-0.689059	0.079230	-0.122931	-0.655027	0.066827	-0.230985	-0.611193	0.120694	-0.174562	-0.848966	0.052479	-0.237007	-1.077528	0.699260	-0.595907	-1.020100	0.699241	-0.586170	-1.088594	0.651691	-0.589674	-1.027966	0.655026	-0.582461	-1.141397	0.424804	-0.550700	-1.114683	0.424480	-0.447235	-1.219108	0.318264	-0.557203	-1.171143	0.309507	-0.553095	-1.230039	0.268944	-0.549762	-1.182341	0.261407	-0.542941	-1.250248	0.079151	-0.508939	-1.237562	0.088747	-0.429781	-1.164083	0.004883	-0.544034	-1.134573	0.001158	-0.433105	-1.071258	0.017190	-0.489874	-1.332824	0.049361	-0.461057	-1.039117	1.414986	-0.338723	-0.989485	1.360238	-0.660692	
89	0.4400	-0.974570	0.929588	-0.299513	-0.953083	0.904065	-0.534902	-1.156938	0.937925	-0.392185	-1.146408	0.940338	-0.480474	-0.971539	0.714610	-0.211758	-0.920182	0.743279	-0.235310	-0.948844	0.670541	-0.205484	-0.895986	0.697847	-0.228283	-0.881868	0.488258	-0.211905	-0.849112	0.470148	-0.319876	-0.898056	0.354816	-0.182876	-0.842670	0.375852	-0.190403	-0.871251	0.285273	-0.180952	-0.821856	0.311749	-0.185235	-0.789399	0.123427	-0.174712	-0.768244	0.118476	-0.255584	-0.672042	0.083385	-0.120666	-0.638172	0.071252	-0.228896	-0.595666	0.126910	-0.173018	-0.831971	0.050693	-0.233948	-1.072436	0.698491	-0.595498	-1.014996	0.698148	-0.585643	-1.083770	0.650973	-0.589246	-1.023144	0.653976	-0.581980	-1.138091	0.424365	-0.550440	-1.111340	0.423744	-0.446956	-1.216629	0.318401	-0.557014	-1.168759	0.309275	-0.552938	-1.227964	0.269161	-0.549622	-1.180361	0.261234	-0.542784	-1.249847	0.079519	-0.508919	-1.237098	0.089010	-0.429717	-1.164128	0.004871	-0.544042	-1.134517	0.001215	-0.433169	-1.071235	0.017032	-0.489863	-1.332574	0.049853	-0.461131	-1.033338	1.413506	-0.337464	-0.983366	1.358796	-0.659472	
90	0.4450	-0.968316	0.927798	-0.298558	-0.946874	0.902600	-0.534030	-1.150701	0.936557	-0.391304	-1.140154	0.939049	-0.479592	-0.966037	0.712319	-0.211098	-0.914564	0.740667	-0.234753	-0.943475	0.668044	-0.204938	-0.890632	0.695104	-0.227872	-0.876667	0.486156	-0.211969	-0.844723	0.467618	-0.320348	-0.889792	0.352882	-0.181927	-0.835007	0.375207	-0.189921	-0.861220	0.283901	-0.179615	-0.812457	0.311609	-0.184354	-0.774879	0.123918	-0.172565	-0.753963	0.118970	-0.253474	-0.655739	0.087443	-0.118575	-0.622033	0.075589	-0.226985	-0.580816	0.132909	-0.171613	-0.815592	0.049179	-0.231074	-1.067293	0.697718	-0.595075	-1.009841	0.697061	-0.585115	-1.078877	0.650246	-0.588800	-1.018253	0.652929	-0.581498	-1.134658	0.423914	-0.550184	-1.107859	0.422999	-0.446683	-1.214033	0.318545	-0.556841	-1.166269	0.309038	-0.552781	-1.225785	0.269392	-0.549502	-1.178289	0.261064	-0.542632	-1.249421	0.079925	-0.508927	-1.236612	0.089309	-0.429673	-1.164164	0.004864	-0.544054	-1.134458	0.001279	-0.433236	-1.071212	0.016868	-0.489851	-1.332304	0.050410	-0.461236	-1.027503	1.412013	-0.336157	-0.977240	1.357354	-0.658216	
91	0.4500	-0.962016	0.926007	-0.297601	-0.940655	0.901137	-0.533158	-1.144433	0.935187	-0.390374	-1.133880	0.937758	-0.478663	-0.960395	0.710095	-0.210387	-0.908837	0.738131	-0.234193	-0.937958	0.665624	-0.204339	-0.885143	0.692450	-0.227434	-0.871311	0.484120	-0.211936	-0.840195	0.465152	-0.320738	-0.881603	0.351062	-0.180967	-0.827401	0.374566	-0.189407	-0.851412	0.282633	-0.178306	-0.803254	0.311465	-0.183488	-0.760954	0.124454	-0.170561	-0.740273	0.119508	-0.251500	-0.640190	0.091322	-0.116662	-0.606651	0.079757	-0.225256	-0.566665	0.138602	-0.170345	-0.799892	0.047912	-0.228395	-1.062098	0.696947	-0.594636	-1.004632	0.695982	-0.584582	-1.073912	0.649516	-0.588335	-1.013292	0.651889	-0.581009	-1.131098	0.423453	-0.549933	-1.104240	0.422246	-0.446414	-1.211319	0.318699	-0.556685	-1.163671	0.308799	-0.552624	-1.223500	0.269640	-0.549405	-1.176122	0.260900	-0.542487	-1.248969	0.080374	-0.508962	-1.236103	0.089648	-0.429652	-1.164190	0.004857	-0.544071	-1.134396	0.001349	-0.433307	-1.071188	0.016701	-0.489838	-1.332012	0.051038	-0.461374	-1.021607	1.410510	-0.334802	-0.971107	1.355917	-0.656923	
92	0.4550	-0.955666	0.924224	-0.296639	-0.934424	0.899682	-0.532285	-1.138133	0.933820	-0.389395	-1.127584	0.936469	-0.477684	-0.954598	0.707954	-0.209624	-0.902987	0.735693	-0.233632	-0.932276	0.663301	-0.203691	-0.879503	0.689909	-0.226971	-0.865779	0.482165	-0.211805	-0.835500	0.462771	-0.321032	-0.873488	0.349355	-0.179996	-0.819842	0.373920	-0.188859	-0.841834	0.281455	-0.177024	-0.794248	0.311299	-0.182638	-0.747657	0.124992	-0.168698	-0.727209	0.120047	-0.249663	-0.625426	0.094947	-0.114926	-0.592059	0.083675	-0.223705	-0.553227	0.143902	-0.169207	-0.784927	0.046864	-0.225914	-1.056849	0.696179	-0.594179	-0.999368	0.694917	-0.584041	-1.068876	0.648785	-0.587849	-1.008261	0.650861	-0.580511	-1.127411	0.422986	-0.549685	-1.100484	0.421488	-0.446149	-1.208486	0.318866	-0.556544	-1.160967	0.308562	-0.552467	-1.221111	0.269909	-0.549330	-1.173863	0.260745	-0.542350	-1.248490	0.080870	-0.509028	-1.235570	0.090031	-0.429654	-1.164204	0.004851	-0.544092	-1.134333	0.001422	-0.433381	-1.071164	0.016529	-0.489823	-1.331700	0.051740	-0.461547	-1.015650	1.409000	-0.333398	-0.964963	1.354492	-0.655592	
93	0.4600	-0.949267	0.922457	-0.295670	-0.928178	0.898240	-0.531409	-1.131799	0.932458	-0.388365	-1.121266	0.935186	-0.476654	-0.948634	0.705911	-0.208811	-0.897004	0.733372	-0.233071	-0.926413	0.661093	-0.202995	-0.873697	0.687502	-0.226483	-0.860054	0.480303	-0.211574	-0.830614	0.460494	-0.321218	-0.865446	0.347758	-0.179011	-0.812322	0.373262	-0.188273	-0.832495	0.280355	-0.175769	-0.785436	0.311095	-0.181801	-0.735012	0.125493	-0.166976	-0.714796	0.120543	-0.247962	-0.611474	0.098244	-0.113367	-0.578285	0.087268	-0.222332	-0.540510	0.148727	-0.168196	-0.770747	0.046008	-0.223632	-1.051544	0.695421	-0.593701	-0.994047	0.693869	-0.583489	-1.063767	0.648058	-0.587340	-1.003158	0.649848	-0.580001	-1.123596	0.422514	-0.549442	-1.096592	0.420725	-0.445885	-1.205535	0.319050	-0.556419	-1.158156	0.308330	-0.552310	-1.218616	0.270203	-0.549278	-1.171509	0.260605	-0.542221	-1.247981	0.081417	-0.509125	-1.235011	0.090461	-0.429684	-1.164206	0.004840	-0.544119	-1.134269	0.001496	-0.433457	-1.071141	0.016355	-0.489806	-1.331369	0.052519	-0.461756	-1.009629	1.407487	-0.331945	-0.958808	1.353084	-0.654221	
94	0.4650	-0.942816	0.920715	-0.294692	-0.921916	0.896819	-0.530529	-1.125428	0.931104	-0.387282	-1.114923	0.933912	-0.475571	-0.942493	0.703980	-0.207951	-0.890876	0.731187	-0.232509	-0.920357	0.659013	-0.202255	-0.867711	0.685249	-0.225971	-0.854120	0.478545	-0.211244	-0.825516	0.458339	-0.321285	-0.857475	0.346268	-0.178010	-0.804831	0.372585	-0.187651	-0.823397	0.279322	-0.174540	-0.776816	0.310836	-0.180976	-0.723038	0.125917	-0.165390	-0.703057	0.120959	-0.246393	-0.598354	0.101146	-0.111982	-0.565351	0.090463	-0.221130	-0.528518	0.153000	-0.167305	-0.757396	0.045321	-0.221547	-1.046182	0.694674	-0.593199	-0.988666	0.692843	-0.582923	-1.058586	0.647339	-0.586807	-0.997982	0.648854	-0.579476	-1.119654	0.422042	-0.549202	-1.092563	0.419958	-0.445624	-1.202466	0.319254	-0.556309	-1.155238	0.308108	-0.552153	-1.216016	0.270525	-0.549248	-1.169063	0.260484	-0.542102	-1.247439	0.082021	-0.509256	-1.234425	0.090941	-0.429743	-1.164196	0.004823	-0.544151	-1.134207	0.001570	-0.433536	-1.071117	0.016181	-0.489787	-1.331019	0.053381	-0.462004	-1.003544	1.405975	-0.330443	-0.952640	1.351700	-0.652811	
95	0.4700	-0.936312	0.919007	-0.293702	-0.915632	0.895423	-0.529642	-1.119020	0.929762	-0.386145	-1.108553	0.932651	-0.474435	-0.936167	0.702173	-0.207044	-0.884597	0.729153	-0.231945	-0.914099	0.657075	-0.201473	-0.861537	0.683165	-0.225435	-0.847968	0.476901	-0.210817	-0.820189	0.456321	-0.321225	-0.849574	0.344881	-0.176991	-0.797363	0.371882	-0.186990	-0.814543	0.278342	-0.173336	-0.768384	0.310509	-0.180163	-0.711747	0.126230	-0.163935	-0.692003	0.121260	-0.244951	-0.586075	0.103593	-0.110765	-0.553271	0.093196	-0.220092	-0.517245	0.156653	-0.166525	-0.744905	0.044777	-0.219656	-1.040761	0.693942	-0.592671	-0.983226	0.691842	-0.582339	-1.053331	0.646632	-0.586249	-0.992734	0.647883	-0.578933	-1.115586	0.421572	-0.548969	-1.088398	0.419189	-0.445365	-1.199280	0.319482	-0.556215	-1.152216	0.307898	-0.551998	-1.213311	0.270879	-0.549243	-1.166525	0.260384	-0.541995	-1.246862	0.082686	-0.509422	-1.233808	0.091475	-0.429834	-1.164172	0.004797	-0.544190	-1.134149	0.001639	-0.433615	-1.071095	0.016006	-0.489767	-1.330650	0.054328	-0.462291	-0.997393	1.404467	-0.328890	-0.946457	1.350343	-0.651359	
96	0.4750	-0.929754	0.917343	-0.292698	-0.909325	0.894059	-0.528746	-1.112572	0.928436	-0.384953	-1.102155	0.931406	-0.473244	-0.929652	0.700498	-0.206095	-0.878160	0.727282	-0.231376	-0.907635	0.655290	-0.200654	-0.855168	0.681264	-0.224874	-0.841591	0.475379	-0.210295	-0.814619	0.454453	-0.321030	-0.841742	0.343594	-0.175953	-0.789911	0.371149	-0.186292	-0.805932	0.277405	-0.172154	-0.760136	0.310103	-0.179360	-0.701142	0.126404	-0.162604	-0.681643	0.121413	-0.243630	-0.574641	0.105534	-0.109710	-0.542051	0.095411	-0.219210	-0.506684	0.159628	-0.165849	-0.733300	0.044355	-0.217949	-1.035279	0.693231	-0.592112	-0.977725	0.690870	-0.581735	-1.048003	0.645940	-0.585664	-0.987412	0.646940	-0.578371	-1.111390	0.421108	-0.548741	-1.084095	0.418417	-0.445108	-1.195977	0.319738	-0.556137	-1.149089	0.307706	-0.551845	-1.210502	0.271269	-0.549261	-1.163894	0.260312	-0.541902	-1.246247	0.083415	-0.509623	-1.233157	0.092068	-0.429957	-1.164135	0.004757	-0.544235	-1.134098	0.001702	-0.433696	-1.071074	0.015834	-0.489745	-1.330263	0.055367	-0.462617	-0.991176	1.402969	-0.327287	-0.940257	1.349021	-0.649866	
97	0.4800	-0.923138	0.915729	-0.291677	-0.902991	0.892732	-0.527838	-1.106082	0.927130	-0.383706	-1.095726	0.930181	-0.471998	-0.922948	0.698962	-0.205107	-0.871562	0.725585	-0.230800	-0.900962	0.653665	-0.199801	-0.848599	0.679555	-0.224287	-0.834985	0.473985	-0.209680	-0.808799	0.452746	-0.320697	-0.833975	0.342401	-0.174894	-0.782467	0.370380	-0.185555	-0.797562	0.276501	-0.170994	-0.752063	0.309607	-0.178565	-0.691222	0.126413	-0.161389	-0.671975	0.121394	-0.242422	-0.564048	0.106929	-0.108809	-0.531691	0.097062	-0.218474	-0.496819	0.161876	-0.165266	-0.722592	0.044037	-0.216419	-1.029734	0.692541	-0.591521	-0.972160	0.689932	-0.581108	-1.042599	0.645267	-0.585051	-0.982016	0.646028	-0.577786	-1.107066	0.420652	-0.548522	-1.079654	0.417643	-0.444854	-1.192556	0.320025	-0.556075	-1.145856	0.307534	-0.551697	-1.207589	0.271699	-0.549303	-1.161170	0.260271	-0.541825	-1.245589	0.084215	-0.509862	-1.232468	0.092722	-0.430117	-1.164085	0.004703	-0.544288	-1.134057	0.001756	-0.433776	-1.071057	0.015666	-0.489722	-1.329857	0.056501	-0.462983	-0.984893	1.401485	-0.325633	-0.934039	1.347738	-0.648330	
98	0.4850	-0.916465	0.914176	-0.290637	-0.896626	0.891448	-0.526914	-1.099547	0.925848	-0.382402	-1.089263	0.928980	-0.470696	-0.916056	0.697572	-0.204083	-0.864802	0.724068	-0.230211	-0.894081	0.652205	-0.198917	-0.841831	0.678044	-0.223671	-0.828153	0.472723	-0.208978	-0.802726	0.451207	-0.320222	-0.826272	0.341299	-0.173813	-0.775028	0.369575	-0.184782	-0.789426	0.275622	-0.169852	-0.744160	0.309017	-0.177777	-0.681974	0.126240	-0.160279	-0.662989	0.121184	-0.241318	-0.554283	0.107749	-0.108051	-0.522181	0.098115	-0.217872	-0.487629	0.163365	-0.164767	-0.712785	0.043805	-0.215054	-1.024125	0.691877	-0.590894	-0.966531	0.689029	-0.580455	-1.037121	0.644617	-0.584409	-0.976545	0.645151	-0.577178	-1.102613	0.420206	-0.548314	-1.075072	0.416865	-0.444605	-1.189016	0.320348	-0.556028	-1.142518	0.307387	-0.551557	-1.204569	0.272173	-0.549369	-1.158352	0.260266	-0.541766	-1.244883	0.085088	-0.510139	-1.231735	0.093443	-0.430313	-1.164023	0.004630	-0.544348	-1.134030	0.001796	-0.433854	-1.071043	0.015504	-0.489697	-1.329429	0.057738	-0.463388	-0.978543	1.400021	-0.323929	-0.927802	1.346500	-0.646750	
99	0.4900	-0.909733	0.912690	-0.289575	-0.890228	0.890212	-0.525973	-1.092966	0.924595	-0.381042	-1.082765	0.927805	-0.469339	-0.908981	0.696329	-0.203026	-0.857880	0.722735	-0.229604	-0.886999	0.650914	-0.198004	-0.834867	0.676735	-0.223025	-0.821098	0.471596	-0.208193	-0.796401	0.449843	-0.319607	-0.818632	0.340283	-0.172707	-0.767589	0.368731	-0.183974	-0.781520	0.274762	-0.168727	-0.736418	0.308328	-0.176994	-0.673382	0.125871	-0.159264	-0.654671	0.120770	-0.240309	-0.545329	0.107977	-0.107425	-0.513504	0.098547	-0.217391	-0.479090	0.164071	-0.164342	-0.703871	0.043647	-0.213842	-1.018448	0.691240	-0.590229	-0.960837	0.688166	-0.579774	-1.031566	0.643992	-0.583737	-0.970998	0.644312	-0.576546	-1.098027	0.419773	-0.548119	-1.070345	0.416082	-0.444364	-1.185356	0.320709	-0.555998	-1.139072	0.307268	-0.551428	-1.201442	0.272694	-0.549458	-1.155438	0.260300	-0.541728	-1.244125	0.086041	-0.510455	-1.230952	0.094232	-0.430546	-1.163949	0.004539	-0.544418	-1.134020	0.001821	-0.433931	-1.071035	0.015348	-0.489670	-1.328976	0.059082	-0.463829	-0.972128	1.398581	-0.322175	-0.921544	1.345311	-0.645127	
100	0.4950	-0.902940	0.911281	-0.288489	-0.883793	0.889028	-0.525010	-1.086335	0.923376	-0.379627	-1.076229	0.926661	-0.467928	-0.901731	0.695236	-0.201940	-0.850800	0.721588	-0.228972	-0.879723	0.649791	-0.197065	-0.827712	0.675628	-0.222345	-0.813831	0.470604	-0.207329	-0.789830	0.448657	-0.318851	-0.811052	0.339351	-0.171578	-0.760149	0.367851	-0.183131	-0.773834	0.273916	-0.167616	-0.728829	0.307542	-0.176215	-0.665423	0.125303	-0.158335	-0.646998	0.120145	-0.239385	-0.537158	0.107606	-0.106921	-0.505637	0.098349	-0.217019	-0.471173	0.163986	-0.163980	-0.695833	0.043552	-0.212769	-1.012702	0.690634	-0.589522	-0.955075	0.687344	-0.579062	-1.025933	0.643395	-0.583034	-0.965373	0.643513	-0.575888	-1.093305	0.419353	-0.547939	-1.065467	0.415293	-0.444132	-1.181571	0.321112	-0.555983	-1.135516	0.307180	-0.551311	-1.198205	0.273265	-0.549571	-1.152425	0.260378	-0.541714	-1.243306	0.087077	-0.510809	-1.230109	0.095095	-0.430819	-1.163865	0.004427	-0.544496	-1.134031	0.001828	-0.434005	-1.071035	0.015201	-0.489643	-1.328493	0.060543	-0.464305	-0.965647	1.397170	-0.320371	-0.915265	1.344176	-0.643461	
101	0.5000	-0.896085	0.909954	-0.287377	-0.877318	0.887902	-0.524023	-1.079655	0.922196	-0.378158	-1.069654	0.925550	-0.466464	-0.894316	0.694292	-0.200827	-0.843567	0.720626	-0.228308	-0.872265	0.648837	-0.196102	-0.820376	0.674720	-0.221627	-0.806364	0.469748	-0.206393	-0.783022	0.447651	-0.317961	-0.803530	0.338498	-0.170425	-0.752705	0.366937	-0.182257	-0.766358	0.273082	-0.166517	-0.721384	0.306661	-0.175438	-0.658068	0.124535	-0.157480	-0.639942	0.119310	-0.238537	-0.529741	0.106646	-0.106524	-0.498550	0.097524	-0.216741	-0.463845	0.163118	-0.163671	-0.688644	0.043511	-0.211823	-1.006884	0.690058	-0.588770	-0.949245	0.686567	-0.578320	-1.020220	0.642827	-0.582299	-0.959668	0.642758	-0.575205	-1.088443	0.418948	-0.547779	-1.060431	0.414494	-0.443914	-1.177659	0.321559	-0.555986	-1.131844	0.307126	-0.551212	-1.194852	0.273891	-0.549707	-1.149309	0.260502	-0.541726	-1.242419	0.088201	-0.511200	-1.229199	0.096036	-0.431129	-1.163770	0.004297	-0.544583	-1.134065	0.001815	-0.434075	-1.071043	0.015064	-0.489616	-1.327972	0.062129	-0.464812	-0.959102	1.395796	-0.318519	-0.908963	1.343101	-0.641751	
102	0.5050	-0.889170	0.908719	-0.286239	-0.870803	0.886837	-0.523009	-1.072924	0.921060	-0.376636	-1.063036	0.924477	-0.464949	-0.886749	0.693494	-0.199691	-0.836188	0.719847	-0.227606	-0.864639	0.648047	-0.195116	-0.812870	0.674007	-0.220866	-0.798712	0.469024	-0.205390	-0.775993	0.446824	-0.316941	-0.796067	0.337723	-0.169249	-0.745260	0.365994	-0.181352	-0.759082	0.272258	-0.165428	-0.714075	0.305691	-0.174661	-0.651282	0.123573	-0.156689	-0.633470	0.118271	-0.237754	-0.523039	0.105114	-0.106222	-0.492205	0.096088	-0.216544	-0.457072	0.161486	-0.163404	-0.682267	0.043520	-0.210989	-1.000993	0.689514	-0.587972	-0.943345	0.685836	-0.577544	-1.014426	0.642290	-0.581532	-0.953882	0.642046	-0.574496	-1.083432	0.418557	-0.547641	-1.055228	0.413682	-0.443713	-1.173611	0.322052	-0.556006	-1.128052	0.307108	-0.551134	-1.191378	0.274573	-0.549864	-1.146083	0.260677	-0.541767	-1.241453	0.089418	-0.511627	-1.228208	0.097059	-0.431478	-1.163667	0.004151	-0.544680	-1.134127	0.001780	-0.434140	-1.071063	0.014937	-0.489590	-1.327403	0.063850	-0.465346	-0.952493	1.394463	-0.316618	-0.902638	1.342089	-0.639998	
103	0.5100	-0.882194	0.907580	-0.285072	-0.864244	0.885837	-0.521965	-1.066141	0.919975	-0.375064	-1.056377	0.923444	-0.463386	-0.879044	0.692841	-0.198532	-0.828673	0.719244	-0.226856	-0.856861	0.647417	-0.194106	-0.805208	0.673481	-0.220059	-0.790894	0.468431	-0.204324	-0.768758	0.446173	-0.315801	-0.788660	0.337023	-0.168050	-0.737815	0.365029	-0.180420	-0.751993	0.271448	-0.164348	-0.706893	0.304642	-0.173883	-0.645030	0.122431	-0.155954	-0.627543	0.117041	-0.237027	-0.517012	0.103042	-0.106002	-0.486562	0.094070	-0.216414	-0.450818	0.159122	-0.163170	-0.676659	0.043574	-0.210255	-0.995025	0.689002	-0.587125	-0.937374	0.685152	-0.576734	-1.008549	0.641783	-0.580733	-0.948012	0.641381	-0.573762	-1.078266	0.418179	-0.547530	-1.049848	0.412855	-0.443534	-1.169421	0.322593	-0.556043	-1.124131	0.307127	-0.551079	-1.187775	0.275315	-0.550043	-1.142740	0.260904	-0.541839	-1.240398	0.090733	-0.512088	-1.227125	0.098168	-0.431862	-1.163555	0.003992	-0.544786	-1.134217	0.001725	-0.434199	-1.071094	0.014820	-0.489564	-1.326774	0.065717	-0.465902	-0.945821	1.393177	-0.314671	-0.896290	1.341146	-0.638204	
104	0.5150	-0.875158	0.906543	-0.283877	-0.857642	0.884907	-0.520888	-1.059307	0.918946	-0.373444	-1.049675	0.922454	-0.461778	-0.871218	0.692328	-0.197352	-0.821034	0.718813	-0.226051	-0.848951	0.646941	-0.193072	-0.797407	0.673133	-0.219200	-0.782930	0.467965	-0.203202	-0.761339	0.445694	-0.314547	-0.781311	0.336397	-0.166830	-0.730373	0.364048	-0.179462	-0.745080	0.270653	-0.163276	-0.699831	0.303524	-0.173102	-0.639272	0.121124	-0.155264	-0.622122	0.115639	-0.236350	-0.511616	0.100470	-0.105851	-0.481575	0.091507	-0.216339	-0.445046	0.156072	-0.162960	-0.671770	0.043673	-0.209607	-0.988979	0.688521	-0.586227	-0.931328	0.684515	-0.575890	-1.002585	0.641306	-0.579900	-0.942054	0.640763	-0.573004	-1.072932	0.417814	-0.547448	-1.044277	0.412007	-0.443380	-1.165079	0.323183	-0.556099	-1.120071	0.307184	-0.551052	-1.184033	0.276118	-0.550242	-1.139269	0.261186	-0.541943	-1.239241	0.092152	-0.512581	-1.225934	0.099367	-0.432282	-1.163434	0.003827	-0.544900	-1.134339	0.001650	-0.434251	-1.071140	0.014714	-0.489542	-1.326069	0.067744	-0.466474	-0.939088	1.391945	-0.312679	-0.889919	1.340276	-0.636369	
105	0.5200	-0.868065	0.905615	-0.282654	-0.850997	0.884047	-0.519777	-1.052424	0.917978	-0.371782	-1.042930	0.921511	-0.460130	-0.863288	0.691951	-0.196152	-0.813283	0.718544	-0.225184	-0.840926	0.646613	-0.192013	-0.789484	0.672953	-0.218284	-0.774842	0.467620	-0.202029	-0.753758	0.445383	-0.313192	-0.774018	0.335846	-0.165592	-0.722938	0.363061	-0.178480	-0.738330	0.269879	-0.162211	-0.692881	0.302352	-0.172316	-0.633965	0.119676	-0.154613	-0.617163	0.114085	-0.235713	-0.506805	0.097447	-0.105754	-0.477196	0.088451	-0.216305	-0.439719	0.152392	-0.162764	-0.667545	0.043816	-0.209035	-0.982852	0.688070	-0.585276	-0.925208	0.683927	-0.575012	-0.996531	0.640859	-0.579036	-0.936007	0.640191	-0.572223	-1.067421	0.417459	-0.547399	-1.038502	0.411134	-0.443256	-1.160572	0.323822	-0.556174	-1.115861	0.307280	-0.551055	-1.180140	0.276984	-0.550460	-1.135661	0.261523	-0.542082	-1.237967	0.093678	-0.513101	-1.224620	0.100662	-0.432733	-1.163303	0.003666	-0.545023	-1.134492	0.001558	-0.434297	-1.071201	0.014618	-0.489523	-1.325270	0.069945	-0.467054	-0.932295	1.390773	-0.310645	-0.883525	1.339483	-0.634496	
106	0.5250	-0.860918	0.904800	-0.281403	-0.844309	0.883262	-0.518628	-1.045493	0.917078	-0.370080	-1.036144	0.920618	-0.458444	-0.855274	0.691703	-0.194932	-0.805435	0.718430	-0.224248	-0.832809	0.646426	-0.190926	-0.781458	0.672931	-0.217307	-0.766653	0.467392	-0.200809	-0.746038	0.445233	-0.311747	-0.766783	0.335368	-0.164337	-0.715516	0.362078	-0.177477	-0.731733	0.269133	-0.161151	-0.686038	0.301140	-0.171523	-0.629069	0.118109	-0.153994	-0.612624	0.112408	-0.235111	-0.502531	0.094032	-0.105701	-0.473373	0.084958	-0.216302	-0.434801	0.148146	-0.162577	-0.663925	0.044002	-0.208528	-0.976640	0.687647	-0.584271	-0.919010	0.683386	-0.574099	-0.990384	0.640439	-0.578138	-0.929864	0.639665	-0.571421	-1.061717	0.417110	-0.547386	-1.032506	0.410231	-0.443167	-1.155887	0.324510	-0.556269	-1.111487	0.307412	-0.551092	-1.176084	0.277915	-0.550695	-1.131901	0.261917	-0.542257	-1.236561	0.095317	-0.513644	-1.223164	0.102056	-0.433212	-1.163162	0.003517	-0.545151	-1.134676	0.001452	-0.434334	-1.071278	0.014531	-0.489510	-1.324353	0.072334	-0.467635	-0.925442	1.389665	-0.308571	-0.877108	1.338771	-0.632586	
107	0.5300	-0.853721	0.904102	-0.280125	-0.837581	0.882552	-0.517442	-1.038517	0.916250	-0.368343	-1.029320	0.919776	-0.456727	-0.847193	0.691581	-0.193691	-0.797504	0.718462	-0.223238	-0.824619	0.646372	-0.189810	-0.773351	0.673055	-0.216264	-0.758386	0.467275	-0.199547	-0.738204	0.445236	-0.310222	-0.759608	0.334965	-0.163069	-0.708115	0.361108	-0.176455	-0.725276	0.268420	-0.160097	-0.679297	0.299903	-0.170724	-0.624542	0.116451	-0.153401	-0.608460	0.110635	-0.234539	-0.498746	0.090288	-0.105679	-0.470055	0.081093	-0.216319	-0.430257	0.143408	-0.162390	-0.660851	0.044234	-0.208076	-0.970343	0.687249	-0.583212	-0.912734	0.682893	-0.573153	-0.984140	0.640043	-0.577209	-0.923624	0.639185	-0.570599	-1.055807	0.416764	-0.547413	-1.026274	0.409294	-0.443118	-1.151009	0.325246	-0.556384	-1.106934	0.307581	-0.551164	-1.171849	0.278910	-0.550945	-1.127973	0.262369	-0.542467	-1.235005	0.097076	-0.514206	-1.221548	0.103554	-0.433714	-1.163009	0.003396	-0.545285	-1.134889	0.001340	-0.434364	-1.071371	0.014452	-0.489504	-1.323295	0.074928	-0.468209	-0.918532	1.388628	-0.306460	-0.870668	1.338144	-0.630642	
108	0.5350	-0.846478	0.903523	-0.278822	-0.830815	0.881920	-0.516216	-1.031500	0.915499	-0.366578	-1.022459	0.918988	-0.454984	-0.839066	0.691578	-0.192428	-0.789507	0.718630	-0.222148	-0.816379	0.646444	-0.188660	-0.765181	0.673314	-0.215153	-0.750066	0.467263	-0.198248	-0.730281	0.445385	-0.308630	-0.752494	0.334637	-0.161790	-0.700741	0.360163	-0.175415	-0.718950	0.267750	-0.159048	-0.672654	0.298659	-0.169915	-0.620345	0.114732	-0.152831	-0.604631	0.108797	-0.233993	-0.495404	0.086282	-0.105676	-0.467190	0.076927	-0.216347	-0.426056	0.138258	-0.162198	-0.658259	0.044510	-0.207671	-0.963958	0.686872	-0.582098	-0.906376	0.682444	-0.572174	-0.977794	0.639667	-0.576249	-0.917281	0.638748	-0.569760	-1.049672	0.416416	-0.547480	-1.019786	0.408318	-0.443110	-1.145921	0.326028	-0.556519	-1.102184	0.307785	-0.551272	-1.167417	0.279970	-0.551209	-1.123862	0.262877	-0.542712	-1.233280	0.098959	-0.514780	-1.219749	0.105161	-0.434235	-1.162839	0.003317	-0.545421	-1.135126	0.001230	-0.434385	-1.071479	0.014379	-0.489507	-1.322066	0.077744	-0.468766	-0.911564	1.387666	-0.304315	-0.864206	1.337605	-0.628668	
109	0.5400	-0.839195	0.903068	-0.277495	-0.824015	0.881365	-0.514950	-1.024447	0.914831	-0.364789	-1.015566	0.918257	-0.453221	-0.830910	0.691688	-0.191142	-0.781461	0.718924	-0.220975	-0.808109	0.646633	-0.187476	-0.756970	0.673695	-0.213969	-0.741716	0.467350	-0.196915	-0.722293	0.445671	-0.306983	-0.745445	0.334386	-0.160503	-0.693403	0.359253	-0.174360	-0.712747	0.267130	-0.158005	-0.666106	0.297424	-0.169097	-0.616441	0.112980	-0.152280	-0.601096	0.106925	-0.233470	-0.492458	0.082085	-0.105684	-0.464727	0.072532	-0.216379	-0.422167	0.132778	-0.161999	-0.656091	0.044831	-0.207306	-0.957481	0.686513	-0.580929	-0.899935	0.682039	-0.571163	-0.971342	0.639308	-0.575259	-0.910830	0.638353	-0.568906	-1.043298	0.416061	-0.547591	-1.013025	0.407299	-0.443149	-1.140604	0.326854	-0.556676	-1.097220	0.308020	-0.551418	-1.162770	0.281095	-0.551484	-1.119549	0.263441	-0.542990	-1.231366	0.100971	-0.515360	-1.217747	0.106881	-0.434768	-1.162647	0.003300	-0.545557	-1.135381	0.001130	-0.434398	-1.071600	0.014309	-0.489521	-1.320635	0.080799	-0.469297	-0.904541	1.386786	-0.302141	-0.857724	1.337158	-0.626665	
110	0.5450	-0.831879	0.902736	-0.276147	-0.817186	0.880889	-0.513645	-1.017363	0.914248	-0.362984	-1.008646	0.917584	-0.451444	-0.822745	0.691907	-0.189831	-0.773383	0.719335	-0.219717	-0.799829	0.646932	-0.186253	-0.748738	0.674189	-0.212712	-0.733360	0.467528	-0.195553	-0.714264	0.446085	-0.305292	-0.738463	0.334213	-0.159211	-0.686111	0.358387	-0.173291	-0.706658	0.266568	-0.156968	-0.659652	0.296213	-0.168269	-0.612795	0.111224	-0.151747	-0.597819	0.105050	-0.232969	-0.489865	0.077768	-0.105693	-0.462618	0.067983	-0.216407	-0.418563	0.127053	-0.161787	-0.654286	0.045197	-0.206977	-0.950913	0.686167	-0.579707	-0.893409	0.681675	-0.570123	-0.964780	0.638961	-0.574240	-0.904268	0.637997	-0.568040	-1.036664	0.415695	-0.547746	-1.005971	0.406233	-0.443236	-1.135039	0.327722	-0.556853	-1.092021	0.308283	-0.551602	-1.157888	0.282284	-0.551768	-1.115014	0.264061	-0.543301	-1.229242	0.103120	-0.515938	-1.215518	0.108720	-0.435308	-1.162428	0.003363	-0.545691	-1.135645	0.001055	-0.434403	-1.071731	0.014241	-0.489548	-1.318968	0.084109	-0.469791	-0.897463	1.385990	-0.299942	-0.851221	1.336804	-0.624638	
111	0.5500	-0.824537	0.902529	-0.274779	-0.810335	0.880490	-0.512301	-1.010255	0.913756	-0.361168	-1.001704	0.916970	-0.449659	-0.814588	0.692227	-0.188494	-0.765289	0.719853	-0.218376	-0.791558	0.647334	-0.184989	-0.740505	0.674783	-0.211381	-0.725017	0.467793	-0.194165	-0.706218	0.446616	-0.303568	-0.731553	0.334119	-0.157917	-0.678874	0.357575	-0.172211	-0.700679	0.266073	-0.155937	-0.653295	0.295042	-0.167430	-0.609378	0.109491	-0.151231	-0.594767	0.103202	-0.232489	-0.487585	0.073400	-0.105694	-0.460815	0.063355	-0.216427	-0.415221	0.121169	-0.161563	-0.652789	0.045605	-0.206678	-0.944249	0.685829	-0.578434	-0.886795	0.681349	-0.569055	-0.958102	0.638620	-0.573195	-0.897588	0.637676	-0.567164	-1.029752	0.415311	-0.547945	-0.998608	0.405118	-0.443372	-1.129205	0.328629	-0.557052	-1.086568	0.308573	-0.551822	-1.152751	0.283536	-0.552056	-1.110236	0.264734	-0.543639	-1.226887	0.105409	-0.516507	-1.213040	0.110680	-0.435846	-1.162173	0.003530	-0.545820	-1.135907	0.001017	-0.434400	-1.071867	0.014172	-0.489591	-1.317028	0.087693	-0.470239	-0.890331	1.385283	-0.297723	-0.844701	1.336547	-0.622590	
112	0.5550	-0.817176	0.902447	-0.273396	-0.803467	0.880168	-0.510919	-1.003131	0.913355	-0.359347	-0.994748	0.916418	-0.447872	-0.806455	0.692645	-0.187129	-0.757197	0.720470	-0.216952	-0.783313	0.647831	-0.183683	-0.732289	0.675469	-0.209977	-0.716711	0.468135	-0.192755	-0.698177	0.447254	-0.301823	-0.724720	0.334105	-0.156623	-0.671703	0.356825	-0.171120	-0.694806	0.265650	-0.154913	-0.647034	0.293924	-0.166580	-0.606162	0.107807	-0.150733	-0.591911	0.101407	-0.232031	-0.485579	0.069049	-0.105683	-0.459276	0.058718	-0.216435	-0.412120	0.115208	-0.161325	-0.651549	0.046053	-0.206406	-0.937490	0.685494	-0.577112	-0.880093	0.681059	-0.567962	-0.951303	0.638280	-0.572125	-0.890787	0.637390	-0.566281	-1.022545	0.414906	-0.548188	-0.990918	0.403951	-0.443558	-1.123083	0.329570	-0.557271	-1.080838	0.308886	-0.552076	-1.147337	0.284851	-0.552347	-1.105195	0.265458	-0.544002	-1.224278	0.107845	-0.517058	-1.210289	0.112768	-0.436375	-1.161872	0.003824	-0.545939	-1.136153	0.001033	-0.434389	-1.072001	0.014099	-0.489652	-1.314778	0.091564	-0.470630	-0.883148	1.384669	-0.295488	-0.838163	1.336387	-0.620525	
113	0.5600	-0.809805	0.902488	-0.271998	-0.796590	0.879922	-0.509501	-0.995996	0.913049	-0.357529	-0.987783	0.915927	-0.446089	-0.798361	0.693152	-0.185736	-0.749122	0.721175	-0.215449	-0.775112	0.648417	-0.182334	-0.724108	0.676235	-0.208502	-0.708460	0.468549	-0.191327	-0.690160	0.447989	-0.300065	-0.717968	0.334170	-0.155332	-0.664608	0.356143	-0.170022	-0.689037	0.265306	-0.153895	-0.640874	0.292870	-0.165721	-0.603126	0.106195	-0.150254	-0.589227	0.099691	-0.231596	-0.483814	0.064777	-0.105654	-0.457960	0.054142	-0.216430	-0.409242	0.109251	-0.161074	-0.650518	0.046537	-0.206159	-0.930632	0.685158	-0.575744	-0.873299	0.680802	-0.566846	-0.944379	0.637935	-0.571032	-0.883859	0.637133	-0.565394	-1.015025	0.414474	-0.548471	-0.982884	0.402733	-0.443792	-1.116653	0.330544	-0.557509	-1.074811	0.309218	-0.552360	-1.141625	0.286226	-0.552636	-1.099869	0.266233	-0.544384	-1.221392	0.110432	-0.517582	-1.207240	0.114985	-0.436888	-1.161512	0.004270	-0.546045	-1.136365	0.001120	-0.434372	-1.072125	0.014021	-0.489732	-1.312178	0.095737	-0.470953	-0.875913	1.384149	-0.293245	-0.831611	1.336327	-0.618447	
114	0.5650	-0.802432	0.902651	-0.270591	-0.789712	0.879751	-0.508052	-0.988860	0.912839	-0.355718	-0.980819	0.915499	-0.444316	-0.790322	0.693745	-0.184315	-0.741080	0.721962	-0.213873	-0.766968	0.649083	-0.180940	-0.715977	0.677072	-0.206959	-0.700282	0.469027	-0.189884	-0.682188	0.448809	-0.298304	-0.711305	0.334316	-0.154045	-0.657600	0.355535	-0.168917	-0.683372	0.265046	-0.152886	-0.634820	0.291890	-0.164852	-0.600251	0.104675	-0.149794	-0.586695	0.098075	-0.231185	-0.482258	0.060642	-0.105602	-0.456833	0.049687	-0.216409	-0.406572	0.103373	-0.160811	-0.649655	0.047052	-0.205935	-0.923677	0.684815	-0.574334	-0.866413	0.680576	-0.565709	-0.937325	0.637581	-0.569920	-0.876802	0.636904	-0.564506	-1.007174	0.414011	-0.548793	-0.974494	0.401465	-0.444072	-1.109895	0.331547	-0.557765	-1.068468	0.309566	-0.552671	-1.135595	0.287660	-0.552918	-1.094238	0.267055	-0.544780	-1.218207	0.113175	-0.518072	-1.203873	0.117335	-0.437375	-1.161078	0.004894	-0.546134	-1.136524	0.001297	-0.434348	-1.072227	0.013937	-0.489834	-1.309188	0.100224	-0.471198	-0.868629	1.383727	-0.290998	-0.825046	1.336366	-0.616361	
115	0.5700	-0.795065	0.902931	-0.269176	-0.782841	0.879651	-0.506573	-0.981729	0.912725	-0.353921	-0.973862	0.915135	-0.442558	-0.782348	0.694415	-0.182867	-0.733086	0.722819	-0.212231	-0.758895	0.649822	-0.179504	-0.707913	0.677971	-0.205355	-0.692195	0.469561	-0.188430	-0.674277	0.449702	-0.296549	-0.704736	0.334539	-0.152765	-0.650691	0.355002	-0.167807	-0.677813	0.264871	-0.151884	-0.628877	0.290991	-0.163975	-0.597524	0.103263	-0.149357	-0.584299	0.096577	-0.230800	-0.480886	0.056695	-0.105525	-0.455862	0.045411	-0.216373	-0.404098	0.097641	-0.160538	-0.648922	0.047591	-0.205732	-0.916622	0.684461	-0.572886	-0.859433	0.680377	-0.564556	-0.930138	0.637212	-0.568790	-0.869611	0.636700	-0.563619	-0.998979	0.413515	-0.549149	-0.965737	0.400150	-0.444393	-1.102790	0.332575	-0.558036	-1.061789	0.309930	-0.553003	-1.129227	0.289152	-0.553191	-1.088281	0.267924	-0.545182	-1.214702	0.116078	-0.518517	-1.200164	0.119822	-0.437829	-1.160554	0.005721	-0.546202	-1.136607	0.001584	-0.434317	-1.072293	0.013845	-0.489959	-1.305769	0.105033	-0.471357	-0.861299	1.383402	-0.288754	-0.818471	1.336503	-0.614271	
116	0.5750	-0.787713	0.903325	-0.267758	-0.775986	0.879622	-0.505070	-0.974613	0.912706	-0.352142	-0.966922	0.914834	-0.440819	-0.774451	0.695157	-0.181392	-0.725153	0.723738	-0.210532	-0.750906	0.650627	-0.178027	-0.699928	0.678924	-0.203695	-0.684214	0.470143	-0.186970	-0.666445	0.450656	-0.294806	-0.698270	0.334838	-0.151493	-0.643892	0.354547	-0.166696	-0.672362	0.264783	-0.150890	-0.623052	0.290178	-0.163092	-0.594934	0.101971	-0.148945	-0.582027	0.095210	-0.230444	-0.479673	0.052979	-0.105421	-0.455021	0.041361	-0.216323	-0.401810	0.092118	-0.160259	-0.648290	0.048148	-0.205549	-0.909468	0.684092	-0.571406	-0.852358	0.680205	-0.563388	-0.922812	0.636824	-0.567646	-0.862284	0.636519	-0.562736	-0.990425	0.412984	-0.549534	-0.956603	0.398792	-0.444749	-1.095323	0.333628	-0.558320	-1.054756	0.310306	-0.553351	-1.122503	0.290700	-0.553447	-1.081981	0.268838	-0.545583	-1.210857	0.119143	-0.518908	-1.196093	0.122447	-0.438240	-1.159919	0.006776	-0.546245	-1.136588	0.002002	-0.434282	-1.072308	0.013746	-0.490108	-1.301884	0.110169	-0.471419	-0.853923	1.383176	-0.286518	-0.811889	1.336739	-0.612181	
117	0.5800	-0.780384	0.903827	-0.266339	-0.769157	0.879661	-0.503547	-0.967518	0.912783	-0.350386	-0.960006	0.914598	-0.439102	-0.766642	0.695964	-0.179893	-0.717293	0.724711	-0.208785	-0.743009	0.651489	-0.176513	-0.692035	0.679919	-0.201986	-0.676353	0.470766	-0.185506	-0.658708	0.451658	-0.293082	-0.691914	0.335210	-0.150230	-0.637214	0.354168	-0.165584	-0.667024	0.264782	-0.149905	-0.617354	0.289453	-0.162204	-0.592474	0.100809	-0.148558	-0.579871	0.093984	-0.230118	-0.478600	0.049530	-0.105290	-0.454286	0.037579	-0.216259	-0.399700	0.086856	-0.159976	-0.647731	0.048716	-0.205387	-0.902215	0.683706	-0.569898	-0.845188	0.680057	-0.562209	-0.915346	0.636415	-0.566491	-0.854818	0.636359	-0.561859	-0.981504	0.412417	-0.549943	-0.947087	0.397399	-0.445134	-1.087481	0.334702	-0.558613	-1.047355	0.310695	-0.553706	-1.115406	0.292303	-0.553683	-1.075320	0.269796	-0.545974	-1.206652	0.122374	-0.519238	-1.191642	0.125211	-0.438601	-1.159151	0.008083	-0.546258	-1.136437	0.002570	-0.434240	-1.072251	0.013642	-0.490281	-1.297496	0.115634	-0.471377	-0.846504	1.383049	-0.284298	-0.805302	1.337071	-0.610097	
118	0.5850	-0.773085	0.904431	-0.264925	-0.762361	0.879765	-0.502011	-0.960452	0.912953	-0.348656	-0.953123	0.914426	-0.437411	-0.758928	0.696826	-0.178374	-0.709518	0.725728	-0.207002	-0.735215	0.652400	-0.174965	-0.684242	0.680949	-0.200239	-0.668627	0.471420	-0.184044	-0.651079	0.452695	-0.291384	-0.685677	0.335649	-0.148979	-0.630669	0.353865	-0.164474	-0.661805	0.264864	-0.148930	-0.611790	0.288817	-0.161314	-0.590139	0.099781	-0.148200	-0.577827	0.092904	-0.229825	-0.477649	0.046374	-0.105133	-0.453638	0.034096	-0.216185	-0.397762	0.081899	-0.159693	-0.647227	0.049285	-0.205245	-0.894864	0.683300	-0.568370	-0.837922	0.679932	-0.561023	-0.907738	0.635980	-0.565327	-0.847211	0.636220	-0.560990	-0.972207	0.411815	-0.550366	-0.937189	0.395979	-0.445537	-1.079251	0.335798	-0.558910	-1.039572	0.311097	-0.554060	-1.107924	0.293960	-0.553891	-1.068283	0.270796	-0.546346	-1.202070	0.125770	-0.519498	-1.186793	0.128114	-0.438903	-1.158226	0.009662	-0.546236	-1.136123	0.003310	-0.434192	-1.072100	0.013536	-0.490479	-1.292574	0.121425	-0.471223	-0.839046	1.383019	-0.282100	-0.798716	1.337497	-0.608022	
119	0.5900	-0.765822	0.905130	-0.263517	-0.755607	0.879932	-0.500468	-0.953421	0.913214	-0.346955	-0.946282	0.914320	-0.435748	-0.751316	0.697737	-0.176840	-0.701838	0.726778	-0.205195	-0.727530	0.653351	-0.173390	-0.676560	0.682004	-0.198463	-0.661048	0.472097	-0.182588	-0.643574	0.453754	-0.289717	-0.679567	0.336151	-0.147739	-0.624268	0.353632	-0.163370	-0.656712	0.265027	-0.147964	-0.606370	0.288268	-0.160425	-0.587929	0.098888	-0.147872	-0.575891	0.091973	-0.229564	-0.476808	0.043531	-0.104950	-0.453061	0.030935	-0.216103	-0.395990	0.077283	-0.159413	-0.646760	0.049850	-0.205121	-0.887416	0.682874	-0.566826	-0.830560	0.679832	-0.559834	-0.899985	0.635520	-0.564158	-0.839465	0.636101	-0.560132	-0.962531	0.411183	-0.550798	-0.926910	0.394542	-0.445950	-1.070625	0.336914	-0.559206	-1.031398	0.311512	-0.554406	-1.100046	0.295672	-0.554068	-1.060859	0.271839	-0.546690	-1.197096	0.129331	-0.519679	-1.181532	0.131157	-0.439138	-1.157116	0.011534	-0.546176	-1.135612	0.004240	-0.434137	-1.071829	0.013431	-0.490700	-1.287089	0.127534	-0.470952	-0.831552	1.383085	-0.279929	-0.792133	1.338014	-0.605962	
120	0.5950	-0.758602	0.905916	-0.262122	-0.748902	0.880160	-0.498924	-0.946432	0.913563	-0.345284	-0.939488	0.914278	-0.434113	-0.743811	0.698686	-0.175295	-0.694261	0.727854	-0.203376	-0.719961	0.654333	-0.171793	-0.668995	0.683075	-0.196668	-0.653628	0.472788	-0.181141	-0.636205	0.454822	-0.288086	-0.673593	0.336708	-0.146513	-0.618022	0.353464	-0.162273	-0.651752	0.265263	-0.147008	-0.601102	0.287800	-0.159539	-0.585843	0.098130	-0.147575	-0.574064	0.091187	-0.229338	-0.476065	0.041011	-0.104744	-0.452543	0.028111	-0.216015	-0.394378	0.073032	-0.159141	-0.646321	0.050402	-0.205017	-0.879873	0.682429	-0.565273	-0.823104	0.679756	-0.558643	-0.892088	0.635036	-0.562987	-0.831579	0.636004	-0.559284	-0.952475	0.410524	-0.551227	-0.916257	0.393102	-0.446360	-1.061600	0.338053	-0.559495	-1.022828	0.311945	-0.554733	-1.091763	0.297436	-0.554205	-1.053039	0.272926	-0.546996	-1.191716	0.133055	-0.519775	-1.175848	0.134337	-0.439299	-1.155793	0.013712	-0.546073	-1.134868	0.005378	-0.434075	-1.071411	0.013335	-0.490942	-1.281018	0.133948	-0.470559	-0.824026	1.383245	-0.277792	-0.785558	1.338618	-0.603922	
121	0.6000	-0.751430	0.906780	-0.260742	-0.742255	0.880447	-0.497388	-0.939489	0.913998	-0.343643	-0.932749	0.914302	-0.432507	-0.736420	0.699666	-0.173746	-0.686793	0.728944	-0.201558	-0.712513	0.655337	-0.170182	-0.661554	0.684151	-0.194866	-0.646378	0.473484	-0.179710	-0.628985	0.455885	-0.286496	-0.667765	0.337313	-0.145302	-0.611942	0.353354	-0.161187	-0.646933	0.265567	-0.146063	-0.595995	0.287410	-0.158660	-0.583881	0.097501	-0.147310	-0.572346	0.090544	-0.229146	-0.475409	0.038818	-0.104518	-0.452074	0.025630	-0.215923	-0.392922	0.069164	-0.158878	-0.645902	0.050933	-0.204931	-0.872237	0.681966	-0.563718	-0.815555	0.679707	-0.557456	-0.884047	0.634528	-0.561816	-0.823555	0.635931	-0.558450	-0.942043	0.409846	-0.551646	-0.905240	0.391674	-0.446756	-1.052175	0.339215	-0.559770	-1.013857	0.312398	-0.555033	-1.083073	0.299255	-0.554297	-1.044817	0.274057	-0.547254	-1.185922	0.136938	-0.519779	-1.169732	0.137651	-0.439379	-1.154224	0.016208	-0.545924	-1.133853	0.006738	-0.434003	-1.070812	0.013255	-0.491203	-1.274343	0.140649	-0.470040	-0.816471	1.383497	-0.275695	-0.778996	1.339304	-0.601906	
122	0.6050	-0.744309	0.907714	-0.259381	-0.735671	0.880791	-0.495867	-0.932597	0.914515	-0.342034	-0.926070	0.914392	-0.430928	-0.729145	0.700666	-0.172199	-0.679442	0.730038	-0.199753	-0.705192	0.656352	-0.168567	-0.654242	0.685222	-0.193068	-0.639308	0.474176	-0.178298	-0.621928	0.456930	-0.284952	-0.662093	0.337958	-0.144108	-0.606039	0.353295	-0.160114	-0.642264	0.265930	-0.145129	-0.591058	0.287089	-0.157790	-0.582047	0.096993	-0.147077	-0.570738	0.090033	-0.228989	-0.474834	0.036945	-0.104274	-0.451648	0.023491	-0.215832	-0.391616	0.065686	-0.158628	-0.645498	0.051438	-0.204862	-0.864511	0.681490	-0.562166	-0.807914	0.679689	-0.556275	-0.875865	0.634002	-0.560648	-0.815397	0.635885	-0.557628	-0.931241	0.409159	-0.552045	-0.893872	0.390273	-0.447124	-1.042352	0.340405	-0.560022	-1.004488	0.312878	-0.555295	-1.073976	0.301127	-0.554337	-1.036192	0.275235	-0.547454	-1.179705	0.140975	-0.519685	-1.163179	0.141094	-0.439372	-1.152377	0.019027	-0.545723	-1.132527	0.008332	-0.433918	-1.069999	0.013201	-0.491478	-1.267052	0.147613	-0.469393	-0.808893	1.383837	-0.273643	-0.772453	1.340068	-0.599920	
123	0.6100	-0.737243	0.908708	-0.258044	-0.729156	0.881191	-0.494369	-0.925759	0.915110	-0.340454	-0.919458	0.914548	-0.429376	-0.721990	0.701677	-0.170662	-0.672210	0.731128	-0.197974	-0.698001	0.657369	-0.166954	-0.647063	0.686280	-0.191287	-0.632428	0.474855	-0.176911	-0.615045	0.457944	-0.283457	-0.656585	0.338634	-0.142933	-0.600322	0.353278	-0.159058	-0.637752	0.266343	-0.144209	-0.586300	0.286829	-0.156934	-0.580341	0.096598	-0.146874	-0.569244	0.089647	-0.228864	-0.474332	0.035384	-0.104016	-0.451258	0.021685	-0.215742	-0.390456	0.062599	-0.158394	-0.645107	0.051911	-0.204810	-0.856699	0.681005	-0.560623	-0.800185	0.679705	-0.555104	-0.867544	0.633462	-0.559486	-0.807108	0.635872	-0.556821	-0.920083	0.408472	-0.552412	-0.882173	0.388918	-0.447451	-1.032139	0.341625	-0.560245	-0.994726	0.313390	-0.555511	-1.064474	0.303054	-0.554317	-1.027166	0.276460	-0.547588	-1.173061	0.145157	-0.519489	-1.156186	0.144661	-0.439272	-1.150217	0.022171	-0.545469	-1.130852	0.010170	-0.433817	-1.068936	0.013184	-0.491761	-1.259142	0.154813	-0.468617	-0.801297	1.384261	-0.271640	-0.765934	1.340904	-0.597968	
124	0.6150	-0.730233	0.909753	-0.256735	-0.722715	0.881645	-0.492902	-0.918978	0.915781	-0.338903	-0.912915	0.914772	-0.427850	-0.714956	0.702689	-0.169143	-0.665103	0.732202	-0.196231	-0.690945	0.658379	-0.165354	-0.640019	0.687313	-0.189532	-0.625747	0.475513	-0.175554	-0.608348	0.458916	-0.282015	-0.651250	0.339333	-0.141780	-0.594800	0.353294	-0.158023	-0.633404	0.266795	-0.143302	-0.581726	0.286623	-0.156094	-0.578765	0.096305	-0.146702	-0.567864	0.089372	-0.228772	-0.473899	0.034117	-0.103748	-0.450903	0.020199	-0.215657	-0.389434	0.059896	-0.158176	-0.644730	0.052347	-0.204773	-0.848805	0.680520	-0.559095	-0.792371	0.679762	-0.553946	-0.859089	0.632915	-0.558330	-0.798694	0.635896	-0.556027	-0.908582	0.407800	-0.552738	-0.870162	0.387626	-0.447723	-1.021547	0.342881	-0.560428	-0.984579	0.313942	-0.555669	-1.054577	0.305037	-0.554232	-1.017743	0.277737	-0.547645	-1.165989	0.149474	-0.519186	-1.148754	0.148343	-0.439075	-1.147711	0.025634	-0.545157	-1.128787	0.012257	-0.433696	-1.067581	0.013215	-0.492046	-1.250614	0.162214	-0.467715	-0.793689	1.384768	-0.269693	-0.759445	1.341807	-0.596055	
125	0.6200	-0.723281	0.910839	-0.255457	-0.716349	0.882155	-0.491472	-0.912254	0.916523	-0.337379	-0.906443	0.915064	-0.426345	-0.708044	0.703693	-0.167649	-0.658121	0.733252	-0.194535	-0.684025	0.659371	-0.163775	-0.633114	0.688313	-0.187815	-0.619273	0.476143	-0.174231	-0.601848	0.459836	-0.280629	-0.646097	0.340044	-0.140651	-0.589481	0.353335	-0.157012	-0.629229	0.267279	-0.142412	-0.577345	0.286460	-0.155274	-0.577320	0.096102	-0.146558	-0.566599	0.089196	-0.228709	-0.473529	0.033124	-0.103473	-0.450580	0.019012	-0.215578	-0.388545	0.057562	-0.157977	-0.644369	0.052743	-0.204751	-0.840833	0.680041	-0.557588	-0.784474	0.679864	-0.552803	-0.850506	0.632371	-0.557183	-0.790161	0.635965	-0.555246	-0.896757	0.407155	-0.553013	-0.857865	0.386419	-0.447928	-1.010590	0.344179	-0.560561	-0.974061	0.314541	-0.555762	-1.044295	0.307077	-0.554075	-1.007932	0.279068	-0.547618	-1.158489	0.153914	-0.518775	-1.140887	0.152133	-0.438778	-1.144821	0.029405	-0.544783	-1.126294	0.014592	-0.433550	-1.065895	0.013310	-0.492325	-1.241479	0.169778	-0.466687	-0.786074	1.385351	-0.267804	-0.752992	1.342771	-0.594187	
126	0.6250	-0.716388	0.911958	-0.254215	-0.710061	0.882718	-0.490089	-0.905589	0.917333	-0.335879	-0.900046	0.915425	-0.424861	-0.701257	0.704682	-0.166188	-0.651267	0.734269	-0.192896	-0.677244	0.660339	-0.162227	-0.626348	0.689272	-0.186145	-0.613014	0.476737	-0.172947	-0.595556	0.460694	-0.279304	-0.641135	0.340761	-0.139551	-0.584372	0.353392	-0.156027	-0.625232	0.267783	-0.141541	-0.573161	0.286332	-0.154476	-0.576005	0.095976	-0.146441	-0.565450	0.089105	-0.228672	-0.473219	0.032379	-0.103196	-0.450286	0.018100	-0.215506	-0.387780	0.055578	-0.157797	-0.644025	0.053097	-0.204741	-0.832787	0.679580	-0.556105	-0.776500	0.680021	-0.551677	-0.841800	0.631838	-0.556047	-0.781517	0.636087	-0.554478	-0.884631	0.406554	-0.553227	-0.845308	0.385316	-0.448053	-0.999288	0.345524	-0.560636	-0.963187	0.315197	-0.555780	-1.033644	0.309175	-0.553840	-0.997747	0.280456	-0.547499	-1.150565	0.158461	-0.518252	-1.132592	0.156018	-0.438377	-1.141512	0.033468	-0.544344	-1.123335	0.017173	-0.433373	-1.063834	0.013482	-0.492588	-1.231754	0.177463	-0.465538	-0.778460	1.386009	-0.265978	-0.746582	1.343791	-0.592369	
127	0.6300	-0.709551	0.913101	-0.253012	-0.703851	0.883337	-0.488757	-0.898982	0.918208	-0.334401	-0.893723	0.915855	-0.423396	-0.694593	0.705646	-0.164768	-0.644540	0.735245	-0.191321	-0.670606	0.661273	-0.160718	-0.619723	0.690180	-0.184533	-0.606976	0.477290	-0.171708	-0.589480	0.461482	-0.278041	-0.636370	0.341473	-0.138482	-0.579480	0.353457	-0.155072	-0.621418	0.268298	-0.140690	-0.569179	0.286230	-0.153705	-0.574820	0.095916	-0.146348	-0.564416	0.089087	-0.228660	-0.472963	0.031856	-0.102920	-0.450023	0.017437	-0.215443	-0.387131	0.053921	-0.157635	-0.643701	0.053406	-0.204742	-0.824673	0.679146	-0.554650	-0.768454	0.680239	-0.550572	-0.832979	0.631330	-0.554920	-0.772770	0.636270	-0.553721	-0.872228	0.406013	-0.553371	-0.832519	0.384337	-0.448085	-0.987662	0.346923	-0.560641	-0.951977	0.315918	-0.555716	-1.022642	0.311331	-0.553519	-0.987203	0.281904	-0.547281	-1.142225	0.163099	-0.517618	-1.123879	0.159988	-0.437870	-1.137751	0.037799	-0.543838	-1.119874	0.019991	-0.433158	-1.061356	0.013745	-0.492823	-1.221464	0.185222	-0.464274	-0.770852	1.386736	-0.264217	-0.740220	1.344860	-0.590604	
128	0.6350	-0.702771	0.914261	-0.251851	-0.697718	0.884013	-0.487483	-0.892431	0.919144	-0.332944	-0.887472	0.916357	-0.421946	-0.688054	0.706581	-0.163394	-0.637940	0.736174	-0.189818	-0.664112	0.662168	-0.159257	-0.613239	0.691031	-0.182986	-0.601164	0.477797	-0.170516	-0.583631	0.462194	-0.276844	-0.631810	0.342173	-0.137449	-0.574809	0.353522	-0.154151	-0.617792	0.268816	-0.139862	-0.565401	0.286145	-0.152961	-0.573761	0.095909	-0.146276	-0.563493	0.089126	-0.228668	-0.472758	0.031526	-0.102647	-0.449788	0.016994	-0.215390	-0.386588	0.052563	-0.157493	-0.643402	0.053672	-0.204753	-0.816496	0.678751	-0.553227	-0.760340	0.680527	-0.549489	-0.824053	0.630857	-0.553805	-0.763930	0.636523	-0.552974	-0.859577	0.405550	-0.553436	-0.819529	0.383502	-0.448015	-0.975735	0.348381	-0.560567	-0.940454	0.316713	-0.555562	-1.011311	0.313545	-0.553109	-0.976319	0.283416	-0.546960	-1.133479	0.167809	-0.516872	-1.114761	0.164027	-0.437256	-1.133503	0.042370	-0.543260	-1.115877	0.023032	-0.432896	-1.058418	0.014114	-0.493020	-1.210640	0.193009	-0.462900	-0.763258	1.387530	-0.262524	-0.733913	1.345974	-0.588899	
129	0.6400	-0.696046	0.915431	-0.250736	-0.691661	0.884747	-0.486272	-0.885936	0.920140	-0.331506	-0.881292	0.916932	-0.420511	-0.681638	0.707479	-0.162074	-0.631468	0.737050	-0.188390	-0.657764	0.663019	-0.157851	-0.606896	0.691820	-0.181511	-0.595584	0.478254	-0.169376	-0.578014	0.462826	-0.275713	-0.627459	0.342855	-0.136457	-0.570364	0.353582	-0.153266	-0.614358	0.269329	-0.139060	-0.561830	0.286072	-0.152249	-0.572826	0.095943	-0.146223	-0.562679	0.089212	-0.228694	-0.472601	0.031360	-0.102382	-0.449582	0.016741	-0.215346	-0.386142	0.051474	-0.157368	-0.643129	0.053896	-0.204771	-0.808262	0.678407	-0.551838	-0.752164	0.680894	-0.548430	-0.815029	0.630434	-0.552701	-0.755005	0.636856	-0.552234	-0.846706	0.405181	-0.553414	-0.806370	0.382830	-0.447832	-0.963535	0.349905	-0.560403	-0.928642	0.317590	-0.555312	-0.999675	0.315818	-0.552602	-0.965115	0.284994	-0.546529	-1.124336	0.172567	-0.516015	-1.105253	0.168121	-0.436534	-1.128737	0.047147	-0.542608	-1.111314	0.026280	-0.432580	-1.054975	0.014602	-0.493163	-1.199320	0.200771	-0.461424	-0.755684	1.388387	-0.260900	-0.727666	1.347126	-0.587257	
130	0.6450	-0.689374	0.916605	-0.249667	-0.685675	0.885541	-0.485127	-0.879494	0.921192	-0.330087	-0.875180	0.917579	-0.419090	-0.675346	0.708337	-0.160812	-0.625120	0.737869	-0.187043	-0.651564	0.663821	-0.156507	-0.600693	0.692542	-0.180113	-0.590237	0.478658	-0.168292	-0.572635	0.463374	-0.274652	-0.623322	0.343512	-0.135510	-0.566146	0.353630	-0.152420	-0.611116	0.269829	-0.138288	-0.558466	0.286003	-0.151570	-0.572008	0.096009	-0.146185	-0.561968	0.089331	-0.228733	-0.472486	0.031329	-0.102127	-0.449403	0.016646	-0.215313	-0.385784	0.050624	-0.157260	-0.642884	0.054078	-0.204796	-0.799975	0.678127	-0.550485	-0.743933	0.681349	-0.547396	-0.805919	0.630073	-0.551607	-0.746006	0.637279	-0.551501	-0.833646	0.404923	-0.553299	-0.793073	0.382340	-0.447530	-0.951090	0.351500	-0.560141	-0.916567	0.318558	-0.554961	-0.987759	0.318148	-0.551996	-0.953616	0.286641	-0.545987	-1.114811	0.177351	-0.515048	-1.095372	0.172252	-0.435705	-1.123424	0.052091	-0.541878	-1.106158	0.029711	-0.432200	-1.050988	0.015221	-0.493240	-1.187545	0.208457	-0.459855	-0.748138	1.389304	-0.259348	-0.721486	1.348312	-0.585682	
131	0.6500	-0.682753	0.917780	-0.248648	-0.679755	0.886397	-0.484051	-0.873102	0.922298	-0.328685	-0.869130	0.918301	-0.417683	-0.669177	0.709154	-0.159612	-0.618897	0.738628	-0.185778	-0.645513	0.664573	-0.155231	-0.594631	0.693194	-0.178797	-0.585128	0.479008	-0.167266	-0.567498	0.463839	-0.273661	-0.619403	0.344140	-0.134612	-0.562157	0.353663	-0.151614	-0.608068	0.270311	-0.137549	-0.555307	0.285934	-0.150924	-0.571301	0.096096	-0.146160	-0.561354	0.089475	-0.228783	-0.472409	0.031404	-0.101884	-0.449251	0.016682	-0.215288	-0.385501	0.049980	-0.157168	-0.642670	0.054223	-0.204826	-0.791643	0.677922	-0.549169	-0.735652	0.681901	-0.546387	-0.796732	0.629788	-0.550524	-0.736943	0.637802	-0.550771	-0.820431	0.404793	-0.553085	-0.779669	0.382046	-0.447103	-0.938430	0.353170	-0.559771	-0.904257	0.319622	-0.554504	-0.975591	0.320532	-0.551286	-0.941847	0.288357	-0.545331	-1.104919	0.182136	-0.513976	-1.085137	0.176401	-0.434770	-1.117539	0.057157	-0.541068	-1.100387	0.033299	-0.431746	-1.046416	0.015980	-0.493233	-1.175363	0.216015	-0.458202	-0.740625	1.390278	-0.257868	-0.715377	1.349528	-0.584178	
132	0.6550	-0.676180	0.918952	-0.247678	-0.673898	0.887319	-0.483045	-0.866757	0.923455	-0.327301	-0.863139	0.919097	-0.416291	-0.663130	0.709927	-0.158478	-0.612794	0.739325	-0.184596	-0.639613	0.665273	-0.154026	-0.588708	0.693774	-0.177565	-0.580256	0.479306	-0.166301	-0.562606	0.464221	-0.272740	-0.615703	0.344734	-0.133769	-0.558396	0.353678	-0.150851	-0.605214	0.270771	-0.136845	-0.552351	0.285860	-0.150315	-0.570698	0.096197	-0.146145	-0.560830	0.089632	-0.228840	-0.472365	0.031558	-0.101655	-0.449124	0.016820	-0.215273	-0.385285	0.049513	-0.157088	-0.642487	0.054333	-0.204859	-0.783270	0.677806	-0.547891	-0.727329	0.682558	-0.545404	-0.787479	0.629591	-0.549450	-0.727828	0.638433	-0.550042	-0.807091	0.404805	-0.552767	-0.766189	0.381965	-0.446546	-0.925584	0.354917	-0.559286	-0.891741	0.320789	-0.553939	-0.963200	0.322966	-0.550469	-0.929833	0.290144	-0.544561	-1.094676	0.186894	-0.512799	-1.074567	0.180550	-0.433729	-1.111059	0.062301	-0.540173	-1.093982	0.037014	-0.431209	-1.041224	0.016886	-0.493129	-1.162825	0.223393	-0.456475	-0.733153	1.391307	-0.256459	-0.709343	1.350770	-0.582748	
133	0.6600	-0.669654	0.920120	-0.246758	-0.668095	0.888309	-0.482108	-0.860455	0.924661	-0.325938	-0.857199	0.919969	-0.414916	-0.657204	0.710657	-0.157412	-0.606811	0.739961	-0.183495	-0.633863	0.665922	-0.152897	-0.582923	0.694283	-0.176417	-0.575621	0.479550	-0.165398	-0.557958	0.464523	-0.271889	-0.612222	0.345293	-0.132984	-0.554862	0.353674	-0.150133	-0.602550	0.271206	-0.136180	-0.549595	0.285780	-0.149742	-0.570191	0.096306	-0.146137	-0.560387	0.089797	-0.228900	-0.472351	0.031769	-0.101441	-0.449021	0.017033	-0.215266	-0.385124	0.049191	-0.157020	-0.642336	0.054412	-0.204895	-0.774862	0.677789	-0.546651	-0.718969	0.683328	-0.544448	-0.778170	0.629496	-0.548385	-0.718670	0.639182	-0.549311	-0.793660	0.404974	-0.552343	-0.752663	0.382108	-0.445858	-0.912584	0.356743	-0.558679	-0.879047	0.322061	-0.553263	-0.950616	0.325447	-0.549544	-0.917602	0.291999	-0.543678	-1.084099	0.191596	-0.511523	-1.063683	0.184677	-0.432586	-1.103966	0.067471	-0.539191	-1.086930	0.040823	-0.430577	-1.035378	0.017944	-0.492911	-1.149980	0.230541	-0.454683	-0.725727	1.392389	-0.255124	-0.703389	1.352035	-0.581395	
134	0.6650	-0.663173	0.921283	-0.245888	-0.662339	0.889369	-0.481240	-0.854195	0.925915	-0.324598	-0.851305	0.920915	-0.413561	-0.651397	0.711346	-0.156415	-0.600945	0.740537	-0.182474	-0.628266	0.666522	-0.151845	-0.577274	0.694721	-0.175354	-0.571221	0.479746	-0.164559	-0.553554	0.464749	-0.271108	-0.608960	0.345815	-0.132261	-0.551552	0.353650	-0.149459	-0.600075	0.271613	-0.135557	-0.547034	0.285691	-0.149206	-0.569771	0.096416	-0.146134	-0.560018	0.089962	-0.228962	-0.472362	0.032013	-0.101244	-0.448939	0.017299	-0.215266	-0.385009	0.048985	-0.156961	-0.642216	0.054465	-0.204931	-0.766425	0.677881	-0.545448	-0.710579	0.684218	-0.543518	-0.768818	0.629513	-0.547327	-0.709481	0.640056	-0.548578	-0.780168	0.405310	-0.551809	-0.739119	0.382485	-0.445039	-0.899459	0.358647	-0.557944	-0.866204	0.323441	-0.552476	-0.937866	0.327967	-0.548510	-0.905180	0.293921	-0.542683	-1.073205	0.196214	-0.510150	-1.052505	0.188760	-0.431341	-1.096246	0.072617	-0.538119	-1.079223	0.044690	-0.429842	-1.028849	0.019153	-0.492562	-1.136883	0.237412	-0.452837	-0.718353	1.393523	-0.253860	-0.697517	1.353320	-0.580121	
135	0.6700	-0.656736	0.922442	-0.245065	-0.656624	0.890503	-0.480436	-0.847973	0.927213	-0.323284	-0.845448	0.921937	-0.412231	-0.645709	0.711996	-0.155486	-0.595194	0.741054	-0.181530	-0.622820	0.667076	-0.150872	-0.571760	0.695090	-0.174374	-0.567053	0.479894	-0.163785	-0.549389	0.464905	-0.270395	-0.605915	0.346301	-0.131604	-0.548461	0.353607	-0.148832	-0.597783	0.271992	-0.134978	-0.544662	0.285595	-0.148706	-0.569428	0.096525	-0.146134	-0.559712	0.090123	-0.229023	-0.472392	0.032273	-0.101064	-0.448877	0.017596	-0.215273	-0.384930	0.048871	-0.156909	-0.642125	0.054496	-0.204968	-0.757964	0.678092	-0.544283	-0.702166	0.685232	-0.542614	-0.759431	0.629653	-0.546276	-0.700271	0.641062	-0.547838	-0.766646	0.405824	-0.551166	-0.725583	0.383104	-0.444089	-0.886239	0.360627	-0.557078	-0.853238	0.324928	-0.551577	-0.924981	0.330518	-0.547365	-0.892595	0.295906	-0.541579	-1.062015	0.200718	-0.508686	-1.041056	0.192776	-0.429999	-1.087892	0.077688	-0.536952	-1.070856	0.048578	-0.428993	-1.021614	0.020510	-0.492068	-1.123586	0.243960	-0.450945	-0.711036	1.394707	-0.252667	-0.691730	1.354623	-0.578927	
136	0.6750	-0.650342	0.923598	-0.244289	-0.650940	0.891712	-0.479693	-0.841785	0.928554	-0.322001	-0.839623	0.923031	-0.410929	-0.640139	0.712613	-0.154624	-0.589554	0.741516	-0.180657	-0.617525	0.667588	-0.149978	-0.566378	0.695395	-0.173475	-0.563113	0.480001	-0.163074	-0.545458	0.464998	-0.269748	-0.603082	0.346750	-0.131015	-0.545583	0.353546	-0.148250	-0.595670	0.272344	-0.134446	-0.542472	0.285491	-0.148243	-0.569152	0.096630	-0.146136	-0.559460	0.090277	-0.229079	-0.472439	0.032532	-0.100902	-0.448832	0.017906	-0.215284	-0.384880	0.048823	-0.156862	-0.642063	0.054510	-0.205005	-0.749483	0.678428	-0.543154	-0.693736	0.686375	-0.541734	-0.750021	0.629924	-0.545232	-0.691048	0.642205	-0.547091	-0.753122	0.406521	-0.550412	-0.712078	0.383969	-0.443014	-0.872951	0.362677	-0.556079	-0.840178	0.326519	-0.550567	-0.911987	0.333090	-0.546113	-0.879871	0.297948	-0.540370	-1.050544	0.205078	-0.507133	-1.029354	0.196703	-0.428561	-1.078897	0.082632	-0.535688	-1.061832	0.052447	-0.428020	-1.013655	0.022008	-0.491415	-1.110139	0.250144	-0.449018	-0.703780	1.395941	-0.251543	-0.686029	1.355943	-0.577813	
137	0.6800	-0.643989	0.924754	-0.243555	-0.645279	0.892999	-0.479005	-0.835629	0.929935	-0.320754	-0.833821	0.924198	-0.409663	-0.634685	0.713199	-0.153828	-0.584024	0.741928	-0.179852	-0.612381	0.668063	-0.149161	-0.561127	0.695640	-0.172651	-0.559396	0.480071	-0.162428	-0.541755	0.465035	-0.269166	-0.600458	0.347166	-0.130497	-0.542913	0.353472	-0.147715	-0.593730	0.272671	-0.133963	-0.540457	0.285381	-0.147816	-0.568935	0.096729	-0.146137	-0.559254	0.090422	-0.229131	-0.472496	0.032777	-0.100756	-0.448801	0.018215	-0.215299	-0.384849	0.048821	-0.156819	-0.642026	0.054510	-0.205040	-0.740988	0.678895	-0.542061	-0.685296	0.687651	-0.540879	-0.740597	0.630332	-0.544194	-0.681823	0.643487	-0.546334	-0.739623	0.407406	-0.549550	-0.698626	0.385081	-0.441817	-0.859623	0.364791	-0.554946	-0.827047	0.328211	-0.549449	-0.898911	0.335673	-0.544754	-0.867033	0.300041	-0.539060	-1.038811	0.209265	-0.505498	-1.017421	0.200517	-0.427032	-1.069265	0.087399	-0.534324	-1.052156	0.056258	-0.426917	-1.004959	0.023633	-0.490590	-1.096588	0.255927	-0.447064	-0.696589	1.397225	-0.250489	-0.680414	1.357278	-0.576780	
138	0.6850	-0.637678	0.925913	-0.242860	-0.639634	0.894364	-0.478366	-0.829503	0.931353	-0.319548	-0.828035	0.925434	-0.408437	-0.629345	0.713762	-0.153095	-0.578600	0.742294	-0.179108	-0.607385	0.668506	-0.148420	-0.556003	0.695828	-0.171898	-0.555895	0.480109	-0.161843	-0.538271	0.465025	-0.268645	-0.598034	0.347551	-0.130050	-0.540442	0.353386	-0.147224	-0.591955	0.272974	-0.133529	-0.538608	0.285269	-0.147423	-0.568767	0.096823	-0.146138	-0.559084	0.090557	-0.229177	-0.472562	0.032998	-0.100627	-0.448780	0.018510	-0.215317	-0.384831	0.048848	-0.156777	-0.642011	0.054501	-0.205075	-0.732482	0.679498	-0.541003	-0.676851	0.689059	-0.540047	-0.731168	0.630883	-0.543163	-0.672604	0.644912	-0.545566	-0.726173	0.408481	-0.548583	-0.685247	0.386440	-0.440505	-0.846279	0.366960	-0.553680	-0.813868	0.329997	-0.548225	-0.885778	0.338253	-0.543293	-0.854106	0.302177	-0.537655	-1.026834	0.213250	-0.503783	-1.005273	0.204194	-0.425413	-1.059000	0.091941	-0.532858	-1.041838	0.059973	-0.425674	-0.995519	0.025371	-0.489580	-1.082979	0.261276	-0.445088	-0.689467	1.398557	-0.249501	-0.674885	1.358628	-0.575826	
139	0.6900	-0.631409	0.927078	-0.242199	-0.633995	0.895808	-0.477769	-0.823404	0.932806	-0.318390	-0.822258	0.926738	-0.407260	-0.624118	0.714306	-0.152420	-0.573280	0.742618	-0.178419	-0.602536	0.668922	-0.147751	-0.551004	0.695966	-0.171210	-0.552602	0.480120	-0.161319	-0.534996	0.464975	-0.268181	-0.595805	0.347909	-0.129674	-0.538163	0.353293	-0.146778	-0.590337	0.273257	-0.133146	-0.536917	0.285156	-0.147064	-0.568640	0.096912	-0.146138	-0.558943	0.090683	-0.229215	-0.472631	0.033189	-0.100514	-0.448769	0.018784	-0.215336	-0.384821	0.048887	-0.156736	-0.642016	0.054488	-0.205108	-0.723970	0.680237	-0.539979	-0.668406	0.690600	-0.539237	-0.721743	0.631580	-0.542137	-0.663398	0.646480	-0.544786	-0.712795	0.409745	-0.547512	-0.671956	0.388041	-0.439086	-0.832942	0.369171	-0.552284	-0.800662	0.331868	-0.546900	-0.872609	0.340815	-0.541733	-0.841109	0.304345	-0.536161	-1.014628	0.217005	-0.501993	-0.992930	0.207712	-0.423708	-1.048115	0.096214	-0.531286	-1.030893	0.063554	-0.424287	-0.985334	0.027201	-0.488378	-1.069350	0.266162	-0.443099	-0.682414	1.399939	-0.248579	-0.669440	1.359993	-0.574949	
140	0.6950	-0.625181	0.928254	-0.241568	-0.628356	0.897332	-0.477206	-0.817330	0.934289	-0.317286	-0.816483	0.928104	-0.406138	-0.619002	0.714836	-0.151801	-0.568060	0.742905	-0.177778	-0.597830	0.669318	-0.147152	-0.546126	0.696059	-0.170581	-0.549510	0.480112	-0.160854	-0.531920	0.464894	-0.267773	-0.593761	0.348243	-0.129370	-0.536065	0.353197	-0.146375	-0.588869	0.273523	-0.132814	-0.535373	0.285047	-0.146738	-0.568544	0.096997	-0.146136	-0.558821	0.090800	-0.229247	-0.472701	0.033345	-0.100416	-0.448763	0.019030	-0.215356	-0.384812	0.048927	-0.156693	-0.642038	0.054472	-0.205140	-0.715456	0.681114	-0.538990	-0.659967	0.692271	-0.538447	-0.712329	0.632423	-0.541120	-0.654212	0.648188	-0.543993	-0.699507	0.411193	-0.546343	-0.658769	0.389879	-0.437569	-0.819631	0.371413	-0.550764	-0.787448	0.333812	-0.545476	-0.859427	0.343346	-0.540080	-0.828062	0.306534	-0.534582	-1.002210	0.220504	-0.500132	-0.980405	0.211047	-0.421921	-1.036623	0.100176	-0.529606	-1.019339	0.066964	-0.422751	-0.974410	0.029099	-0.486976	-1.055733	0.270563	-0.441100	-0.675432	1.401368	-0.247721	-0.664078	1.361372	-0.574148	
141	0.7000	-0.618997	0.929443	-0.240961	-0.622709	0.898933	-0.476668	-0.811281	0.935799	-0.316242	-0.810705	0.929529	-0.405077	-0.613995	0.715358	-0.151233	-0.562938	0.743160	-0.177179	-0.593264	0.669698	-0.146618	-0.541366	0.696111	-0.170004	-0.546609	0.480089	-0.160444	-0.529030	0.464790	-0.267415	-0.591893	0.348558	-0.129135	-0.534139	0.353103	-0.146014	-0.587542	0.273777	-0.132533	-0.533968	0.284944	-0.146442	-0.568472	0.097080	-0.146133	-0.558714	0.090910	-0.229270	-0.472769	0.033463	-0.100331	-0.448759	0.019245	-0.215376	-0.384802	0.048959	-0.156648	-0.642073	0.054458	-0.205171	-0.706942	0.682125	-0.538034	-0.651539	0.694068	-0.537675	-0.702934	0.633411	-0.540111	-0.645053	0.650034	-0.543188	-0.686326	0.412820	-0.545081	-0.645696	0.391944	-0.435963	-0.806365	0.373671	-0.549125	-0.774242	0.335819	-0.543959	-0.846248	0.345827	-0.538341	-0.814983	0.308731	-0.532926	-0.989593	0.223723	-0.498203	-0.967714	0.214179	-0.420054	-1.024545	0.103793	-0.527819	-1.007198	0.070170	-0.421063	-0.962759	0.031041	-0.485371	-1.042156	0.274460	-0.439095	-0.668523	1.402846	-0.246925	-0.658794	1.362765	-0.573418	
142	0.7050	-0.612857	0.930649	-0.240374	-0.617048	0.900609	-0.476148	-0.805253	0.937332	-0.315265	-0.804916	0.931009	-0.404083	-0.609096	0.715877	-0.150712	-0.557910	0.743388	-0.176614	-0.588834	0.670068	-0.146144	-0.536719	0.696129	-0.169473	-0.543890	0.480057	-0.160087	-0.526315	0.464672	-0.267104	-0.590191	0.348859	-0.128969	-0.532376	0.353015	-0.145694	-0.586346	0.274022	-0.132302	-0.532692	0.284852	-0.146175	-0.568417	0.097164	-0.146129	-0.558613	0.091016	-0.229287	-0.472833	0.033545	-0.100259	-0.448756	0.019427	-0.215395	-0.384786	0.048976	-0.156600	-0.642119	0.054448	-0.205201	-0.698432	0.683268	-0.537113	-0.643126	0.695987	-0.536922	-0.693563	0.634540	-0.539112	-0.635926	0.652013	-0.542369	-0.673267	0.414615	-0.543732	-0.632748	0.394226	-0.434278	-0.793161	0.375928	-0.547376	-0.761059	0.337875	-0.542355	-0.833090	0.348242	-0.536521	-0.801885	0.310924	-0.531198	-0.976792	0.226640	-0.496210	-0.954867	0.217087	-0.418110	-1.011904	0.107032	-0.525921	-0.994491	0.073140	-0.419222	-0.950397	0.032997	-0.483561	-1.028639	0.277839	-0.437085	-0.661685	1.404371	-0.246188	-0.653586	1.364173	-0.572756	
143	0.7100	-0.606762	0.931875	-0.239799	-0.611366	0.902358	-0.475638	-0.799248	0.938884	-0.314359	-0.799113	0.932536	-0.403164	-0.604301	0.716396	-0.150234	-0.552972	0.743593	-0.176079	-0.584535	0.670431	-0.145726	-0.532181	0.696116	-0.168980	-0.541343	0.480021	-0.159780	-0.523762	0.464545	-0.266837	-0.588645	0.349149	-0.128867	-0.530763	0.352936	-0.145413	-0.585271	0.274262	-0.132121	-0.531535	0.284773	-0.145937	-0.568374	0.097250	-0.146125	-0.558514	0.091119	-0.229298	-0.472891	0.033590	-0.100198	-0.448752	0.019577	-0.215412	-0.384763	0.048973	-0.156549	-0.642171	0.054444	-0.205231	-0.689928	0.684537	-0.536226	-0.634731	0.698019	-0.536184	-0.684222	0.635807	-0.538126	-0.626835	0.654117	-0.541538	-0.660341	0.416569	-0.542303	-0.619932	0.396711	-0.432525	-0.780030	0.378168	-0.545527	-0.747910	0.339964	-0.540668	-0.819964	0.350574	-0.534629	-0.788782	0.313098	-0.529406	-0.963819	0.229236	-0.494155	-0.941875	0.219750	-0.416092	-0.998725	0.109868	-0.523915	-0.981245	0.075848	-0.417228	-0.937345	0.034938	-0.481548	-1.015198	0.280691	-0.435071	-0.654919	1.405943	-0.245510	-0.648449	1.365594	-0.572158	
144	0.7150	-0.600712	0.933121	-0.239232	-0.605660	0.904175	-0.475129	-0.793263	0.940450	-0.313530	-0.793292	0.934107	-0.402323	-0.599609	0.716920	-0.149794	-0.548123	0.743777	-0.175566	-0.580362	0.670792	-0.145359	-0.527747	0.696077	-0.168519	-0.538957	0.479986	-0.159519	-0.521358	0.464417	-0.266609	-0.587243	0.349433	-0.128828	-0.529292	0.352871	-0.145168	-0.584310	0.274502	-0.131987	-0.530487	0.284712	-0.145725	-0.568336	0.097342	-0.146122	-0.558413	0.091222	-0.229303	-0.472942	0.033603	-0.100146	-0.448744	0.019696	-0.215427	-0.384731	0.048948	-0.156493	-0.642228	0.054448	-0.205262	-0.681434	0.685925	-0.535375	-0.626359	0.700158	-0.535460	-0.674916	0.637204	-0.537155	-0.617785	0.656340	-0.540696	-0.647558	0.418669	-0.540799	-0.607254	0.399383	-0.430714	-0.766985	0.380373	-0.543588	-0.734805	0.342071	-0.538905	-0.806884	0.352804	-0.532673	-0.775684	0.315237	-0.527553	-0.950683	0.231493	-0.492041	-0.928745	0.222152	-0.414003	-0.985038	0.112280	-0.521800	-0.967485	0.078269	-0.415085	-0.923630	0.036835	-0.479338	-1.001839	0.283012	-0.433049	-0.648222	1.407559	-0.244887	-0.643378	1.367029	-0.571620	
145	0.7200	-0.594709	0.934389	-0.238667	-0.599924	0.906054	-0.474615	-0.787298	0.942025	-0.312781	-0.787449	0.935713	-0.401565	-0.595016	0.717450	-0.149389	-0.543356	0.743944	-0.175071	-0.576307	0.671154	-0.145039	-0.523413	0.696016	-0.168083	-0.536723	0.479955	-0.159302	-0.519091	0.464293	-0.266417	-0.585974	0.349715	-0.128847	-0.527951	0.352823	-0.144960	-0.583453	0.274745	-0.131899	-0.529540	0.284670	-0.145539	-0.568301	0.097441	-0.146120	-0.558306	0.091327	-0.229303	-0.472985	0.033587	-0.100103	-0.448731	0.019789	-0.215440	-0.384689	0.048900	-0.156433	-0.642286	0.054461	-0.205294	-0.672950	0.687424	-0.534561	-0.618011	0.702393	-0.534748	-0.665648	0.638723	-0.536201	-0.608778	0.658671	-0.539844	-0.634925	0.420899	-0.539230	-0.594719	0.402228	-0.428856	-0.754036	0.382524	-0.541571	-0.721753	0.344182	-0.537071	-0.793856	0.354915	-0.530661	-0.762600	0.317327	-0.525647	-0.937396	0.233398	-0.489871	-0.915485	0.224277	-0.411845	-0.970873	0.114256	-0.519578	-0.953239	0.080382	-0.412797	-0.909281	0.038656	-0.476939	-0.988565	0.284801	-0.431019	-0.641592	1.409218	-0.244319	-0.638368	1.368477	-0.571135	
146	0.7250	-0.588754	0.935679	-0.238100	-0.594157	0.907990	-0.474090	-0.781352	0.943604	-0.312115	-0.781583	0.937349	-0.400893	-0.590519	0.717988	-0.149015	-0.538668	0.744096	-0.174589	-0.572366	0.671518	-0.144761	-0.519173	0.695935	-0.167668	-0.534630	0.479933	-0.159125	-0.516947	0.464177	-0.266257	-0.584826	0.349998	-0.128921	-0.526729	0.352796	-0.144785	-0.582690	0.274994	-0.131855	-0.528683	0.284651	-0.145376	-0.568263	0.097550	-0.146122	-0.558190	0.091436	-0.229301	-0.473018	0.033546	-0.100067	-0.448711	0.019858	-0.215449	-0.384638	0.048830	-0.156368	-0.642344	0.054485	-0.205327	-0.664479	0.689025	-0.533784	-0.609691	0.704715	-0.534048	-0.656422	0.640355	-0.535268	-0.599816	0.661100	-0.538984	-0.622447	0.423245	-0.537603	-0.582329	0.405227	-0.426961	-0.741189	0.384604	-0.539488	-0.708759	0.346279	-0.535175	-0.780890	0.356890	-0.528601	-0.749535	0.319352	-0.523692	-0.923964	0.234941	-0.487646	-0.902097	0.226110	-0.409621	-0.956260	0.115786	-0.517252	-0.938532	0.082172	-0.410371	-0.894330	0.040374	-0.474362	-0.975371	0.286060	-0.428974	-0.635026	1.410917	-0.243803	-0.633413	1.369936	-0.570699	
147	0.7300	-0.582847	0.936989	-0.237526	-0.588356	0.909975	-0.473548	-0.775426	0.945181	-0.311534	-0.775691	0.939006	-0.400308	-0.586115	0.718534	-0.148670	-0.534056	0.744234	-0.174116	-0.568529	0.671885	-0.144521	-0.515021	0.695836	-0.167269	-0.532668	0.479922	-0.158984	-0.514915	0.464072	-0.266127	-0.583789	0.350287	-0.129046	-0.525616	0.352791	-0.144643	-0.582012	0.275253	-0.131852	-0.527908	0.284655	-0.145237	-0.568221	0.097670	-0.146128	-0.558065	0.091551	-0.229298	-0.473043	0.033486	-0.100037	-0.448685	0.019907	-0.215456	-0.384578	0.048740	-0.156300	-0.642399	0.054518	-0.205363	-0.656024	0.690718	-0.533047	-0.601401	0.707112	-0.533357	-0.647240	0.642091	-0.534358	-0.590902	0.663617	-0.538117	-0.610128	0.425690	-0.535926	-0.570088	0.408362	-0.425039	-0.728450	0.386595	-0.537352	-0.695830	0.348347	-0.533221	-0.767989	0.358714	-0.526503	-0.736495	0.321297	-0.521694	-0.910395	0.236112	-0.485367	-0.888585	0.227640	-0.407334	-0.941231	0.116867	-0.514826	-0.923391	0.083627	-0.407814	-0.878813	0.041961	-0.471621	-0.962249	0.286796	-0.426908	-0.628521	1.412652	-0.243338	-0.628509	1.371403	-0.570308	
148	0.7350	-0.576987	0.938315	-0.236941	-0.582519	0.912000	-0.472984	-0.769519	0.946751	-0.311037	-0.769774	0.940678	-0.399810	-0.581800	0.719088	-0.148352	-0.529514	0.744359	-0.173648	-0.564790	0.672257	-0.144315	-0.510953	0.695722	-0.166881	-0.530826	0.479923	-0.158877	-0.512984	0.463982	-0.266022	-0.582852	0.350583	-0.129216	-0.524602	0.352810	-0.144531	-0.581412	0.275522	-0.131889	-0.527207	0.284685	-0.145119	-0.568172	0.097803	-0.146141	-0.557927	0.091674	-0.229294	-0.473060	0.033411	-0.100012	-0.448651	0.019943	-0.215459	-0.384508	0.048633	-0.156227	-0.642450	0.054563	-0.205402	-0.647586	0.692493	-0.532349	-0.593142	0.709573	-0.532675	-0.638106	0.643918	-0.533474	-0.582038	0.666208	-0.537246	-0.597970	0.428216	-0.534207	-0.557996	0.411614	-0.423101	-0.715825	0.388480	-0.535175	-0.682967	0.350371	-0.531217	-0.755157	0.360370	-0.524373	-0.723482	0.323149	-0.519656	-0.896694	0.236907	-0.483037	-0.874949	0.228857	-0.404985	-0.925817	0.117502	-0.512304	-0.907839	0.084739	-0.405137	-0.862764	0.043394	-0.468733	-0.949185	0.287016	-0.424816	-0.622074	1.414420	-0.242921	-0.623648	1.372878	-0.569955	
149	0.7400	-0.571174	0.939655	-0.236343	-0.576648	0.914057	-0.472395	-0.763630	0.948309	-0.310625	-0.763831	0.942356	-0.399398	-0.577569	0.719649	-0.148058	-0.525037	0.744471	-0.173183	-0.561142	0.672633	-0.144139	-0.506962	0.695593	-0.166501	-0.529095	0.479939	-0.158800	-0.511142	0.463907	-0.265941	-0.582004	0.350889	-0.129429	-0.523678	0.352853	-0.144449	-0.580880	0.275805	-0.131963	-0.526571	0.284740	-0.145022	-0.568116	0.097949	-0.146160	-0.557778	0.091807	-0.229292	-0.473068	0.033327	-0.099991	-0.448610	0.019968	-0.215459	-0.384432	0.048511	-0.156150	-0.642496	0.054618	-0.205444	-0.639167	0.694337	-0.531693	-0.584916	0.712086	-0.531999	-0.629020	0.645825	-0.532620	-0.573223	0.668863	-0.536373	-0.585975	0.430807	-0.532455	-0.546053	0.414965	-0.421155	-0.703315	0.390244	-0.532971	-0.670175	0.352338	-0.529169	-0.742396	0.361846	-0.522220	-0.710498	0.324894	-0.517584	-0.882865	0.237324	-0.480656	-0.861189	0.229755	-0.402577	-0.910048	0.117699	-0.509692	-0.891901	0.085504	-0.402350	-0.846221	0.044650	-0.465716	-0.936162	0.286731	-0.422689	-0.615681	1.416214	-0.242551	-0.618825	1.374356	-0.569636	
150	0.7450	-0.565408	0.941002	-0.235728	-0.570743	0.916136	-0.471780	-0.757759	0.949848	-0.310295	-0.757864	0.944033	-0.399070	-0.573417	0.720214	-0.147788	-0.520622	0.744569	-0.172720	-0.557574	0.673011	-0.143991	-0.503043	0.695450	-0.166127	-0.527464	0.479969	-0.158751	-0.509380	0.463848	-0.265881	-0.581235	0.351205	-0.129680	-0.522834	0.352923	-0.144394	-0.580410	0.276102	-0.132070	-0.525994	0.284821	-0.144946	-0.568051	0.098111	-0.146187	-0.557616	0.091948	-0.229293	-0.473068	0.033238	-0.099972	-0.448562	0.019987	-0.215456	-0.384348	0.048378	-0.156071	-0.642535	0.054684	-0.205491	-0.630769	0.696241	-0.531078	-0.576725	0.714639	-0.531328	-0.619985	0.647801	-0.531797	-0.564461	0.671567	-0.535500	-0.574142	0.433444	-0.530678	-0.534261	0.418394	-0.419211	-0.690923	0.391872	-0.530750	-0.657455	0.354233	-0.527085	-0.729707	0.363129	-0.520050	-0.697545	0.326518	-0.515480	-0.868912	0.237363	-0.478226	-0.847302	0.230327	-0.400112	-0.893952	0.117468	-0.506997	-0.875598	0.085923	-0.399468	-0.829218	0.045713	-0.462591	-0.923159	0.285954	-0.420520	-0.609338	1.418030	-0.242226	-0.614034	1.375833	-0.569346	
151	0.7500	-0.559687	0.942352	-0.235097	-0.564805	0.918225	-0.471138	-0.751905	0.951364	-0.310043	-0.751874	0.945700	-0.398822	-0.569340	0.720780	-0.147541	-0.516263	0.744653	-0.172257	-0.554080	0.673391	-0.143867	-0.499189	0.695293	-0.165757	-0.525926	0.480014	-0.158727	-0.507687	0.463805	-0.265839	-0.580535	0.351534	-0.129966	-0.522061	0.353018	-0.144366	-0.579993	0.276414	-0.132210	-0.525468	0.284928	-0.144889	-0.567977	0.098288	-0.146224	-0.557442	0.092101	-0.229299	-0.473061	0.033148	-0.099957	-0.448507	0.020005	-0.215449	-0.384260	0.048237	-0.155988	-0.642566	0.054760	-0.205543	-0.622395	0.698191	-0.530506	-0.568571	0.717219	-0.530663	-0.611002	0.649833	-0.531009	-0.555750	0.674309	-0.534630	-0.562471	0.436111	-0.528885	-0.522620	0.421884	-0.417277	-0.678649	0.393351	-0.528524	-0.644808	0.356045	-0.524971	-0.717089	0.364209	-0.517871	-0.684622	0.328010	-0.513350	-0.854837	0.237027	-0.475747	-0.833287	0.230571	-0.397594	-0.877556	0.116825	-0.504226	-0.858949	0.085999	-0.396502	-0.811791	0.046569	-0.459380	-0.910153	0.284697	-0.418300	-0.603039	1.419862	-0.241944	-0.609270	1.377305	-0.569082	
152	0.7550	-0.554008	0.943695	-0.234448	-0.558837	0.920315	-0.470468	-0.746069	0.952850	-0.309866	-0.745863	0.947351	-0.398649	-0.565333	0.721344	-0.147316	-0.511954	0.744720	-0.171796	-0.550651	0.673770	-0.143768	-0.495395	0.695122	-0.165392	-0.524470	0.480073	-0.158725	-0.506055	0.463776	-0.265813	-0.579896	0.351876	-0.130282	-0.521350	0.353137	-0.144363	-0.579624	0.276742	-0.132380	-0.524987	0.285059	-0.144851	-0.567894	0.098479	-0.146271	-0.557257	0.092263	-0.229310	-0.473049	0.033062	-0.099943	-0.448447	0.020024	-0.215439	-0.384169	0.048092	-0.155903	-0.642589	0.054846	-0.205600	-0.614047	0.700179	-0.529978	-0.560454	0.719816	-0.530002	-0.602074	0.651910	-0.530257	-0.547093	0.677075	-0.533765	-0.550962	0.438792	-0.527083	-0.511129	0.425415	-0.415362	-0.666493	0.394670	-0.526303	-0.632236	0.357764	-0.522834	-0.704541	0.365078	-0.515687	-0.671728	0.329361	-0.511196	-0.840640	0.236323	-0.473222	-0.819138	0.230487	-0.395025	-0.860883	0.115789	-0.501388	-0.841971	0.085740	-0.393468	-0.793974	0.047208	-0.456105	-0.897121	0.282977	-0.416020	-0.596783	1.421701	-0.241704	-0.604528	1.378768	-0.568839	
153	0.7600	-0.548369	0.945026	-0.233782	-0.552841	0.922394	-0.469774	-0.740248	0.954302	-0.309757	-0.739835	0.948976	-0.398545	-0.561388	0.721903	-0.147115	-0.507692	0.744770	-0.171335	-0.547278	0.674146	-0.143689	-0.491656	0.694936	-0.165031	-0.523089	0.480146	-0.158743	-0.504476	0.463760	-0.265803	-0.579308	0.352230	-0.130626	-0.520695	0.353280	-0.144384	-0.579295	0.277084	-0.132576	-0.524545	0.285213	-0.144831	-0.567803	0.098686	-0.146329	-0.557062	0.092436	-0.229327	-0.473031	0.032981	-0.099931	-0.448382	0.020046	-0.215426	-0.384075	0.047946	-0.155816	-0.642604	0.054941	-0.205662	-0.605727	0.702191	-0.529491	-0.552376	0.722417	-0.529343	-0.593201	0.654018	-0.529542	-0.538489	0.679853	-0.532906	-0.539614	0.441469	-0.525281	-0.499788	0.428970	-0.413472	-0.654455	0.395818	-0.524096	-0.619739	0.359380	-0.520681	-0.692061	0.365729	-0.513505	-0.658863	0.330561	-0.509021	-0.826320	0.235256	-0.470651	-0.804852	0.230076	-0.392408	-0.843954	0.114381	-0.498492	-0.824678	0.085156	-0.390380	-0.775798	0.047626	-0.452789	-0.884037	0.280807	-0.413673	-0.590563	1.423541	-0.241503	-0.599802	1.380214	-0.568615	
154	0.7650	-0.542767	0.946334	-0.233100	-0.546822	0.924450	-0.469056	-0.734442	0.955715	-0.309710	-0.733793	0.950570	-0.398503	-0.557501	0.722451	-0.146936	-0.503471	0.744800	-0.170877	-0.543954	0.674515	-0.143631	-0.487965	0.694735	-0.164675	-0.521774	0.480231	-0.158780	-0.502943	0.463755	-0.265806	-0.578764	0.352596	-0.130994	-0.520087	0.353445	-0.144427	-0.579001	0.277441	-0.132799	-0.524136	0.285389	-0.144828	-0.567705	0.098906	-0.146399	-0.556856	0.092617	-0.229353	-0.473009	0.032909	-0.099920	-0.448314	0.020075	-0.215410	-0.383981	0.047801	-0.155728	-0.642609	0.055045	-0.205730	-0.597440	0.704217	-0.529047	-0.544338	0.725010	-0.528688	-0.584385	0.656148	-0.528866	-0.529941	0.682630	-0.532057	-0.528426	0.444127	-0.523486	-0.488597	0.432532	-0.411615	-0.642533	0.396789	-0.521911	-0.607319	0.360885	-0.518520	-0.679646	0.366158	-0.511327	-0.646024	0.331603	-0.506830	-0.811878	0.233838	-0.468036	-0.790424	0.229342	-0.389748	-0.826788	0.112624	-0.495548	-0.807084	0.084261	-0.387254	-0.757292	0.047822	-0.449456	-0.870877	0.278204	-0.411252	-0.584377	1.425373	-0.241340	-0.595088	1.381639	-0.568406	
155	0.7700	-0.537197	0.947613	-0.232404	-0.540782	0.926471	-0.468319	-0.728649	0.957084	-0.309719	-0.727739	0.952124	-0.398517	-0.553664	0.722985	-0.146782	-0.499287	0.744809	-0.170424	-0.540670	0.674876	-0.143593	-0.484318	0.694517	-0.164326	-0.520517	0.480327	-0.158834	-0.501449	0.463757	-0.265821	-0.578258	0.352974	-0.131384	-0.519519	0.353630	-0.144490	-0.578735	0.277811	-0.133044	-0.523756	0.285585	-0.144842	-0.567600	0.099139	-0.146481	-0.556643	0.092808	-0.229386	-0.472985	0.032848	-0.099911	-0.448243	0.020111	-0.215391	-0.383888	0.047661	-0.155639	-0.642606	0.055157	-0.205804	-0.589186	0.706246	-0.528643	-0.536343	0.727585	-0.528036	-0.575628	0.658287	-0.528229	-0.521449	0.685395	-0.531219	-0.517396	0.446753	-0.521706	-0.477557	0.436083	-0.409798	-0.630725	0.397575	-0.519755	-0.594975	0.362272	-0.516356	-0.667294	0.366361	-0.509157	-0.633212	0.332482	-0.504626	-0.797310	0.232078	-0.465379	-0.775847	0.228290	-0.387046	-0.809400	0.110545	-0.492565	-0.789198	0.083070	-0.384106	-0.738483	0.047800	-0.446128	-0.857615	0.275183	-0.408752	-0.578220	1.427189	-0.241213	-0.590380	1.383035	-0.568211	
156	0.7750	-0.531656	0.948852	-0.231698	-0.534726	0.928448	-0.467566	-0.722869	0.958404	-0.309776	-0.721677	0.953631	-0.398577	-0.549871	0.723500	-0.146651	-0.495134	0.744794	-0.169977	-0.537418	0.675225	-0.143574	-0.480709	0.694281	-0.163986	-0.519311	0.480431	-0.158902	-0.499989	0.463764	-0.265848	-0.577781	0.353362	-0.131794	-0.518985	0.353832	-0.144574	-0.578493	0.278194	-0.133311	-0.523398	0.285797	-0.144872	-0.567490	0.099385	-0.146576	-0.556421	0.093006	-0.229429	-0.472958	0.032797	-0.099902	-0.448171	0.020155	-0.215369	-0.383797	0.047526	-0.155550	-0.642593	0.055276	-0.205885	-0.580972	0.708268	-0.528278	-0.528391	0.730131	-0.527387	-0.566932	0.660424	-0.527631	-0.513014	0.688136	-0.530394	-0.506525	0.449331	-0.519948	-0.466667	0.439610	-0.408026	-0.619028	0.398172	-0.517632	-0.582709	0.363536	-0.514197	-0.655001	0.366338	-0.506997	-0.620424	0.333193	-0.502411	-0.782614	0.229989	-0.462683	-0.761116	0.226929	-0.384310	-0.791801	0.108168	-0.489554	-0.771030	0.081600	-0.380949	-0.719395	0.047566	-0.442827	-0.844227	0.271761	-0.406166	-0.572088	1.428980	-0.241120	-0.585675	1.384396	-0.568028	
157	0.7800	-0.526139	0.950042	-0.230983	-0.528657	0.930368	-0.466803	-0.717100	0.959671	-0.309872	-0.715610	0.955084	-0.398676	-0.546116	0.723993	-0.146546	-0.491008	0.744753	-0.169538	-0.534191	0.675559	-0.143573	-0.477133	0.694026	-0.163658	-0.518149	0.480541	-0.158985	-0.498556	0.463772	-0.265885	-0.577327	0.353759	-0.132220	-0.518479	0.354050	-0.144676	-0.578269	0.278588	-0.133598	-0.523060	0.286025	-0.144918	-0.567375	0.099641	-0.146683	-0.556193	0.093211	-0.229481	-0.472930	0.032759	-0.099895	-0.448100	0.020207	-0.215343	-0.383708	0.047398	-0.155461	-0.642570	0.055402	-0.205971	-0.572799	0.710273	-0.527949	-0.520485	0.732637	-0.526742	-0.558300	0.662549	-0.527070	-0.504640	0.690842	-0.529584	-0.495812	0.451849	-0.518217	-0.455928	0.443096	-0.406305	-0.607441	0.398577	-0.515546	-0.570521	0.364673	-0.512049	-0.642764	0.366089	-0.504850	-0.607659	0.333733	-0.500192	-0.767786	0.227585	-0.459951	-0.746225	0.225267	-0.381542	-0.774000	0.105520	-0.486527	-0.752585	0.079873	-0.377799	-0.700049	0.047133	-0.439574	-0.830691	0.267954	-0.403493	-0.565980	1.430738	-0.241061	-0.580970	1.385714	-0.567855	
158	0.7850	-0.520642	0.951177	-0.230265	-0.522580	0.932221	-0.466034	-0.711340	0.960881	-0.310000	-0.709543	0.956478	-0.398805	-0.542391	0.724459	-0.146467	-0.486904	0.744685	-0.169112	-0.530982	0.675876	-0.143591	-0.473586	0.693751	-0.163345	-0.517023	0.480656	-0.159080	-0.497147	0.463778	-0.265932	-0.576892	0.354163	-0.132661	-0.517994	0.354280	-0.144795	-0.578058	0.278991	-0.133902	-0.522735	0.286264	-0.144977	-0.567257	0.099907	-0.146803	-0.555958	0.093420	-0.229543	-0.472902	0.032733	-0.099889	-0.448031	0.020267	-0.215315	-0.383624	0.047279	-0.155373	-0.642537	0.055535	-0.206064	-0.564673	0.712251	-0.527655	-0.512627	0.735095	-0.526100	-0.549735	0.664650	-0.526547	-0.496327	0.693502	-0.528790	-0.485259	0.454296	-0.516520	-0.445341	0.446528	-0.404641	-0.595960	0.398787	-0.513500	-0.558413	0.365680	-0.509919	-0.630579	0.365616	-0.502715	-0.594917	0.334101	-0.497970	-0.752823	0.224879	-0.457187	-0.731169	0.223316	-0.378748	-0.756005	0.102628	-0.483494	-0.733869	0.077910	-0.374670	-0.680464	0.046514	-0.436388	-0.816984	0.263777	-0.400730	-0.559891	1.432453	-0.241032	-0.576260	1.386982	-0.567693	
159	0.7900	-0.515158	0.952247	-0.229548	-0.516499	0.933996	-0.465266	-0.705587	0.962030	-0.310153	-0.703478	0.957806	-0.398956	-0.538690	0.724895	-0.146413	-0.482819	0.744588	-0.168699	-0.527783	0.676172	-0.143628	-0.470063	0.693455	-0.163049	-0.515927	0.480773	-0.159187	-0.495756	0.463779	-0.265988	-0.576468	0.354572	-0.133115	-0.517525	0.354520	-0.144929	-0.577856	0.279402	-0.134223	-0.522422	0.286514	-0.145051	-0.567136	0.100180	-0.146935	-0.555718	0.093634	-0.229615	-0.472873	0.032718	-0.099883	-0.447965	0.020334	-0.215283	-0.383544	0.047168	-0.155286	-0.642495	0.055674	-0.206162	-0.556597	0.714192	-0.527391	-0.504820	0.737494	-0.525464	-0.541240	0.666718	-0.526059	-0.488080	0.696105	-0.528013	-0.474864	0.456659	-0.514860	-0.434907	0.449893	-0.403038	-0.584582	0.398803	-0.511495	-0.546385	0.366555	-0.507814	-0.618444	0.364923	-0.500594	-0.582197	0.334297	-0.495751	-0.737719	0.221889	-0.454395	-0.715942	0.221088	-0.375936	-0.737818	0.099519	-0.480466	-0.714885	0.075733	-0.371577	-0.660654	0.045728	-0.433286	-0.803087	0.259248	-0.397879	-0.553819	1.434117	-0.241034	-0.571542	1.388193	-0.567541	
160	0.7950	-0.509683	0.953245	-0.228835	-0.510418	0.935685	-0.464503	-0.699839	0.963116	-0.310321	-0.697418	0.959063	-0.399122	-0.535006	0.725297	-0.146385	-0.478747	0.744459	-0.168304	-0.524590	0.676445	-0.143683	-0.466560	0.693136	-0.162774	-0.514853	0.480890	-0.159306	-0.494379	0.463772	-0.266053	-0.576052	0.354986	-0.133581	-0.517067	0.354768	-0.145077	-0.577658	0.279819	-0.134559	-0.522114	0.286770	-0.145137	-0.567012	0.100460	-0.147079	-0.555473	0.093849	-0.229695	-0.472846	0.032714	-0.099880	-0.447903	0.020407	-0.215248	-0.383469	0.047067	-0.155200	-0.642443	0.055818	-0.206266	-0.548578	0.716087	-0.527154	-0.497066	0.739826	-0.524833	-0.532818	0.668742	-0.525603	-0.479900	0.698641	-0.527255	-0.464631	0.458928	-0.513243	-0.424626	0.453180	-0.401500	-0.573303	0.398625	-0.509530	-0.534439	0.367295	-0.505738	-0.606355	0.364014	-0.498487	-0.569500	0.334322	-0.493540	-0.722470	0.218629	-0.451579	-0.700539	0.218596	-0.373111	-0.719441	0.096221	-0.477455	-0.695638	0.073367	-0.368531	-0.640635	0.044795	-0.430284	-0.788983	0.254383	-0.394941	-0.547762	1.435721	-0.241063	-0.566814	1.389341	-0.567400	
161	0.8000	-0.504211	0.954166	-0.228132	-0.504339	0.937278	-0.463752	-0.694095	0.964134	-0.310499	-0.691367	0.960243	-0.399294	-0.531332	0.725664	-0.146383	-0.474686	0.744298	-0.167929	-0.521395	0.676692	-0.143756	-0.463072	0.692794	-0.162522	-0.513796	0.481006	-0.159434	-0.493013	0.463753	-0.266126	-0.575638	0.355402	-0.134056	-0.516614	0.355020	-0.145238	-0.577460	0.280240	-0.134909	-0.521810	0.287032	-0.145234	-0.566888	0.100746	-0.147233	-0.555223	0.094066	-0.229786	-0.472820	0.032719	-0.099877	-0.447846	0.020484	-0.215210	-0.383399	0.046974	-0.155116	-0.642381	0.055968	-0.206375	-0.540620	0.717926	-0.526941	-0.489369	0.742081	-0.524210	-0.524474	0.670714	-0.525177	-0.471792	0.701100	-0.526517	-0.454560	0.461093	-0.511672	-0.414501	0.456375	-0.400030	-0.562121	0.398254	-0.507606	-0.522577	0.367900	-0.503698	-0.594308	0.362895	-0.496393	-0.556825	0.334179	-0.491341	-0.707069	0.215116	-0.448747	-0.684956	0.215857	-0.370280	-0.700874	0.092758	-0.474471	-0.676128	0.070837	-0.365545	-0.620416	0.043738	-0.427396	-0.774654	0.249198	-0.391923	-0.541718	1.437258	-0.241120	-0.562073	1.390417	-0.567269	
162	0.8050	-0.498738	0.955002	-0.227443	-0.498267	0.938767	-0.463017	-0.688353	0.965082	-0.310679	-0.685327	0.961341	-0.399467	-0.527662	0.725992	-0.146405	-0.470632	0.744104	-0.167576	-0.518194	0.676912	-0.143847	-0.459597	0.692427	-0.162297	-0.512750	0.481118	-0.159573	-0.491654	0.463720	-0.266208	-0.575222	0.355818	-0.134540	-0.516161	0.355274	-0.145409	-0.577257	0.280665	-0.135270	-0.521504	0.287295	-0.145342	-0.566763	0.101034	-0.147399	-0.554968	0.094283	-0.229885	-0.472795	0.032733	-0.099876	-0.447795	0.020565	-0.215169	-0.383335	0.046889	-0.155034	-0.642309	0.056123	-0.206489	-0.532728	0.719700	-0.526748	-0.481732	0.744252	-0.523596	-0.516212	0.672622	-0.524778	-0.463760	0.703472	-0.525799	-0.444655	0.463145	-0.510148	-0.404533	0.459470	-0.398632	-0.551032	0.397693	-0.505720	-0.510799	0.368370	-0.501698	-0.582302	0.361573	-0.494313	-0.544174	0.333871	-0.489159	-0.691512	0.211369	-0.445904	-0.669186	0.212887	-0.367453	-0.682115	0.089158	-0.471526	-0.656359	0.068170	-0.362631	-0.600009	0.042581	-0.424633	-0.760087	0.243712	-0.388829	-0.535686	1.438719	-0.241201	-0.557317	1.391416	-0.567151	
163	0.8100	-0.493258	0.955751	-0.226774	-0.492204	0.940146	-0.462304	-0.682610	0.965958	-0.310856	-0.679299	0.962354	-0.399633	-0.523989	0.726279	-0.146450	-0.466582	0.743875	-0.167248	-0.514980	0.677103	-0.143956	-0.456130	0.692036	-0.162101	-0.511707	0.481225	-0.159722	-0.490298	0.463671	-0.266297	-0.574799	0.356234	-0.135030	-0.515704	0.355528	-0.145590	-0.577047	0.281091	-0.135642	-0.521195	0.287559	-0.145460	-0.566638	0.101326	-0.147574	-0.554709	0.094498	-0.229992	-0.472772	0.032754	-0.099876	-0.447751	0.020646	-0.215125	-0.383277	0.046811	-0.154955	-0.642228	0.056282	-0.206607	-0.524908	0.721401	-0.526571	-0.474159	0.746329	-0.522993	-0.508037	0.674457	-0.524403	-0.455807	0.705749	-0.525102	-0.434918	0.465075	-0.508674	-0.394724	0.462453	-0.397308	-0.540032	0.396944	-0.503870	-0.499108	0.368704	-0.499744	-0.570332	0.360054	-0.492246	-0.531548	0.333404	-0.487000	-0.675791	0.207406	-0.443057	-0.653229	0.209703	-0.364637	-0.663160	0.085446	-0.468629	-0.636332	0.065394	-0.359798	-0.579419	0.041351	-0.422004	-0.745268	0.237942	-0.385670	-0.529665	1.440099	-0.241307	-0.552544	1.392331	-0.567045	
164	0.8150	-0.487767	0.956408	-0.226127	-0.486152	0.941408	-0.461618	-0.676865	0.966759	-0.311023	-0.673287	0.963278	-0.399787	-0.520309	0.726525	-0.146517	-0.462532	0.743611	-0.166947	-0.511751	0.677263	-0.144082	-0.452667	0.691618	-0.161935	-0.510662	0.481325	-0.159879	-0.488942	0.463603	-0.266393	-0.574365	0.356646	-0.135525	-0.515238	0.355779	-0.145779	-0.576824	0.281516	-0.136022	-0.520877	0.287820	-0.145585	-0.566512	0.101618	-0.147757	-0.554446	0.094711	-0.230107	-0.472751	0.032780	-0.099878	-0.447713	0.020726	-0.215078	-0.383224	0.046741	-0.154878	-0.642136	0.056445	-0.206729	-0.517166	0.723019	-0.526406	-0.466654	0.748304	-0.522402	-0.499955	0.676210	-0.524048	-0.447940	0.707919	-0.524427	-0.425352	0.466875	-0.507249	-0.385076	0.465315	-0.396059	-0.529119	0.396011	-0.502054	-0.487505	0.368905	-0.497839	-0.558397	0.358346	-0.490192	-0.518949	0.332782	-0.484869	-0.659902	0.203246	-0.440216	-0.637079	0.206325	-0.361841	-0.644005	0.081648	-0.465791	-0.616049	0.062536	-0.357056	-0.558656	0.040077	-0.419519	-0.730187	0.231907	-0.382457	-0.523653	1.441390	-0.241437	-0.547753	1.393158	-0.566953	
165	0.8200	-0.482260	0.956971	-0.225507	-0.480114	0.942548	-0.460963	-0.671115	0.967484	-0.311176	-0.667291	0.964108	-0.399926	-0.516614	0.726728	-0.146605	-0.458479	0.743311	-0.166674	-0.508502	0.677390	-0.144223	-0.449206	0.691174	-0.161802	-0.509610	0.481417	-0.160045	-0.487582	0.463514	-0.266497	-0.573916	0.357054	-0.136023	-0.514759	0.356026	-0.145973	-0.576586	0.281941	-0.136410	-0.520549	0.288077	-0.145717	-0.566387	0.101910	-0.147949	-0.554178	0.094920	-0.230229	-0.472732	0.032811	-0.099882	-0.447682	0.020804	-0.215028	-0.383176	0.046676	-0.154804	-0.642035	0.056611	-0.206854	-0.509508	0.724544	-0.526250	-0.459222	0.750169	-0.521825	-0.491972	0.677870	-0.523709	-0.440163	0.709974	-0.523773	-0.415963	0.468536	-0.505873	-0.375592	0.468048	-0.394886	-0.518289	0.394898	-0.500268	-0.475991	0.368972	-0.495986	-0.546494	0.356459	-0.488151	-0.506378	0.332013	-0.482772	-0.643838	0.198908	-0.437389	-0.620736	0.202774	-0.359076	-0.624647	0.077790	-0.463023	-0.595515	0.059626	-0.354415	-0.537725	0.038788	-0.417182	-0.714834	0.225628	-0.379202	-0.517652	1.442587	-0.241588	-0.542942	1.393890	-0.566877	
166	0.8250	-0.476734	0.957439	-0.224918	-0.474092	0.943561	-0.460342	-0.665361	0.968131	-0.311312	-0.661312	0.964843	-0.400045	-0.512901	0.726888	-0.146710	-0.454422	0.742975	-0.166432	-0.505228	0.677483	-0.144380	-0.445743	0.690703	-0.161703	-0.508543	0.481499	-0.160218	-0.486216	0.463402	-0.266607	-0.573448	0.357457	-0.136523	-0.514262	0.356266	-0.146173	-0.576328	0.282363	-0.136804	-0.520206	0.288327	-0.145855	-0.566263	0.102200	-0.148147	-0.553906	0.095124	-0.230358	-0.472715	0.032844	-0.099887	-0.447657	0.020879	-0.214976	-0.383133	0.046615	-0.154733	-0.641924	0.056781	-0.206983	-0.501941	0.725968	-0.526098	-0.451867	0.751916	-0.521265	-0.484092	0.679428	-0.523383	-0.432481	0.711904	-0.523142	-0.406753	0.470053	-0.504544	-0.366276	0.470642	-0.393788	-0.507539	0.393610	-0.498510	-0.464570	0.368906	-0.494188	-0.534620	0.354400	-0.486123	-0.493837	0.331103	-0.480714	-0.627594	0.194415	-0.434586	-0.604197	0.199071	-0.356351	-0.605080	0.073898	-0.460335	-0.574732	0.056695	-0.351882	-0.516632	0.037513	-0.415000	-0.699200	0.219126	-0.375920	-0.511661	1.443686	-0.241761	-0.538110	1.394524	-0.566816	
167	0.8300	-0.471186	0.957810	-0.224363	-0.468086	0.944444	-0.459758	-0.659600	0.968699	-0.311427	-0.655351	0.965480	-0.400142	-0.509166	0.727004	-0.146830	-0.450357	0.742601	-0.166220	-0.501928	0.677542	-0.144550	-0.442275	0.690204	-0.161639	-0.507457	0.481570	-0.160400	-0.484839	0.463267	-0.266724	-0.572956	0.357853	-0.137024	-0.513744	0.356497	-0.146375	-0.576048	0.282781	-0.137201	-0.519847	0.288570	-0.145998	-0.566138	0.102488	-0.148352	-0.553630	0.095322	-0.230492	-0.472701	0.032879	-0.099893	-0.447639	0.020947	-0.214922	-0.383095	0.046558	-0.154666	-0.641804	0.056952	-0.207114	-0.494472	0.727281	-0.525948	-0.444595	0.753536	-0.520723	-0.476325	0.680875	-0.523066	-0.424901	0.713700	-0.522533	-0.397728	0.471418	-0.503259	-0.357131	0.473089	-0.392764	-0.496867	0.392151	-0.496776	-0.453242	0.368711	-0.492446	-0.522773	0.352178	-0.484110	-0.481330	0.330060	-0.478700	-0.611165	0.189788	-0.431817	-0.587462	0.195239	-0.353678	-0.585302	0.069997	-0.457736	-0.553707	0.053773	-0.349466	-0.495384	0.036285	-0.412974	-0.683280	0.212425	-0.372627	-0.505680	1.444682	-0.241954	-0.533258	1.395056	-0.566774	
168	0.8350	-0.465613	0.958086	-0.223845	-0.462098	0.945194	-0.459214	-0.653832	0.969187	-0.311519	-0.649409	0.966017	-0.400214	-0.505403	0.727076	-0.146962	-0.446283	0.742191	-0.166040	-0.498599	0.677566	-0.144733	-0.438800	0.689677	-0.161608	-0.506347	0.481630	-0.160588	-0.483449	0.463109	-0.266847	-0.572438	0.358241	-0.137524	-0.513201	0.356718	-0.146578	-0.575742	0.283193	-0.137602	-0.519467	0.288803	-0.146144	-0.566014	0.102772	-0.148561	-0.553349	0.095514	-0.230631	-0.472688	0.032913	-0.099901	-0.447627	0.021009	-0.214866	-0.383061	0.046503	-0.154601	-0.641676	0.057124	-0.207247	-0.487105	0.728475	-0.525796	-0.437410	0.755021	-0.520201	-0.468675	0.682199	-0.522755	-0.417429	0.715353	-0.521947	-0.388892	0.472625	-0.502015	-0.348160	0.475382	-0.391811	-0.486270	0.390526	-0.495063	-0.442010	0.368388	-0.490762	-0.510953	0.349804	-0.482112	-0.468860	0.328895	-0.476736	-0.594546	0.185051	-0.429095	-0.570532	0.191303	-0.351068	-0.565308	0.066116	-0.455237	-0.532445	0.050894	-0.347174	-0.473988	0.035136	-0.411109	-0.667068	0.205549	-0.369342	-0.499711	1.445572	-0.242167	-0.528384	1.395483	-0.566750	
169	0.8400	-0.460013	0.958267	-0.223365	-0.456130	0.945809	-0.458712	-0.648055	0.969594	-0.311588	-0.643485	0.966453	-0.400261	-0.501610	0.727105	-0.147105	-0.442198	0.741743	-0.165892	-0.495237	0.677554	-0.144926	-0.435314	0.689121	-0.161612	-0.505206	0.481678	-0.160782	-0.482043	0.462925	-0.266975	-0.571890	0.358620	-0.138020	-0.512628	0.356926	-0.146782	-0.575407	0.283600	-0.138004	-0.519065	0.289025	-0.146293	-0.565890	0.103051	-0.148774	-0.553064	0.095698	-0.230774	-0.472677	0.032948	-0.099910	-0.447620	0.021062	-0.214808	-0.383030	0.046450	-0.154540	-0.641540	0.057296	-0.207381	-0.479849	0.729541	-0.525639	-0.430319	0.756363	-0.519701	-0.461150	0.683393	-0.522445	-0.410071	0.716853	-0.521383	-0.380252	0.473668	-0.500806	-0.339368	0.477512	-0.390926	-0.475747	0.388741	-0.493367	-0.430876	0.367941	-0.489134	-0.499157	0.347288	-0.480132	-0.456428	0.327615	-0.474826	-0.577734	0.180228	-0.426430	-0.553408	0.187287	-0.348531	-0.545098	0.062282	-0.452848	-0.510955	0.048089	-0.345013	-0.452452	0.034098	-0.409405	-0.650559	0.198524	-0.366082	-0.493756	1.446354	-0.242398	-0.523488	1.395803	-0.566745	
170	0.8450	-0.454385	0.958355	-0.222926	-0.450181	0.946288	-0.458253	-0.642270	0.969919	-0.311632	-0.637581	0.966786	-0.400283	-0.497785	0.727091	-0.147253	-0.438100	0.741258	-0.165775	-0.491841	0.677506	-0.145129	-0.431815	0.688537	-0.161648	-0.504031	0.481712	-0.160982	-0.480617	0.462717	-0.267108	-0.571308	0.358989	-0.138512	-0.512023	0.357121	-0.146984	-0.575041	0.284000	-0.138405	-0.518637	0.289235	-0.146442	-0.565766	0.103325	-0.148991	-0.552775	0.095874	-0.230921	-0.472667	0.032980	-0.099920	-0.447617	0.021107	-0.214750	-0.383002	0.046397	-0.154482	-0.641397	0.057467	-0.207516	-0.472710	0.730470	-0.525475	-0.423325	0.757554	-0.519225	-0.453757	0.684446	-0.522134	-0.402833	0.718191	-0.520842	-0.371810	0.474544	-0.499627	-0.330760	0.479474	-0.390102	-0.465294	0.386802	-0.491688	-0.419841	0.367373	-0.487564	-0.487383	0.344639	-0.478170	-0.444040	0.326233	-0.472975	-0.560726	0.175346	-0.423836	-0.536094	0.183219	-0.346081	-0.524672	0.058524	-0.450578	-0.489247	0.045393	-0.342991	-0.430786	0.033204	-0.407865	-0.633750	0.191379	-0.362869	-0.487815	1.447026	-0.242648	-0.518572	1.396014	-0.566761	
171	0.8500	-0.448728	0.958352	-0.222528	-0.444251	0.946631	-0.457837	-0.636477	0.970164	-0.311652	-0.631695	0.967018	-0.400280	-0.493924	0.727034	-0.147406	-0.433988	0.740736	-0.165688	-0.488411	0.677420	-0.145339	-0.428301	0.687924	-0.161716	-0.502816	0.481733	-0.161187	-0.479168	0.462483	-0.267245	-0.570690	0.359348	-0.138997	-0.511383	0.357302	-0.147183	-0.574642	0.284391	-0.138804	-0.518181	0.289430	-0.146592	-0.565642	0.103591	-0.149211	-0.552483	0.096041	-0.231071	-0.472659	0.033010	-0.099930	-0.447618	0.021142	-0.214691	-0.382976	0.046344	-0.154427	-0.641248	0.057636	-0.207652	-0.465695	0.731255	-0.525302	-0.416437	0.758586	-0.518774	-0.446505	0.685350	-0.521819	-0.395723	0.719358	-0.520324	-0.363573	0.475247	-0.498471	-0.322341	0.481260	-0.389335	-0.454912	0.384717	-0.490020	-0.408909	0.366689	-0.486049	-0.475632	0.341869	-0.476231	-0.431699	0.324759	-0.471186	-0.543521	0.170431	-0.421325	-0.518593	0.179125	-0.343728	-0.504032	0.054870	-0.448437	-0.467334	0.042842	-0.341116	-0.409000	0.032487	-0.406489	-0.616641	0.184144	-0.359721	-0.481891	1.447587	-0.242916	-0.513635	1.396116	-0.566798	
172	0.8550	-0.443042	0.958262	-0.222172	-0.438343	0.946839	-0.457465	-0.630675	0.970327	-0.311648	-0.625829	0.967146	-0.400252	-0.490027	0.726935	-0.147559	-0.429860	0.740177	-0.165631	-0.484944	0.677298	-0.145553	-0.424769	0.687282	-0.161812	-0.501558	0.481739	-0.161395	-0.477692	0.462226	-0.267387	-0.570032	0.359696	-0.139475	-0.510705	0.357466	-0.147378	-0.574206	0.284773	-0.139200	-0.517695	0.289609	-0.146742	-0.565519	0.103850	-0.149432	-0.552189	0.096198	-0.231223	-0.472653	0.033038	-0.099941	-0.447621	0.021168	-0.214633	-0.382951	0.046290	-0.154375	-0.641094	0.057801	-0.207788	-0.458809	0.731887	-0.525116	-0.409657	0.759451	-0.518351	-0.439399	0.686095	-0.521496	-0.388745	0.720346	-0.519828	-0.355545	0.475774	-0.497331	-0.314115	0.482865	-0.388616	-0.444599	0.382492	-0.488364	-0.398081	0.365894	-0.484587	-0.463903	0.338990	-0.474316	-0.419408	0.323205	-0.469464	-0.526120	0.165512	-0.418911	-0.500912	0.175035	-0.341485	-0.483182	0.051352	-0.446436	-0.445228	0.040468	-0.339394	-0.387109	0.031980	-0.405280	-0.599231	0.176849	-0.356658	-0.475985	1.448038	-0.243201	-0.508680	1.396107	-0.566856	
173	0.8600	-0.437328	0.958087	-0.221859	-0.432454	0.946912	-0.457137	-0.624865	0.970409	-0.311622	-0.619980	0.967173	-0.400203	-0.486093	0.726795	-0.147711	-0.425717	0.739581	-0.165601	-0.481441	0.677139	-0.145772	-0.421217	0.686612	-0.161935	-0.500252	0.481729	-0.161606	-0.476188	0.461945	-0.267532	-0.569331	0.360031	-0.139944	-0.509986	0.357612	-0.147569	-0.573733	0.285145	-0.139590	-0.517176	0.289772	-0.146891	-0.565394	0.104099	-0.149654	-0.551893	0.096344	-0.231377	-0.472648	0.033062	-0.099953	-0.447625	0.021183	-0.214576	-0.382928	0.046234	-0.154325	-0.640938	0.057960	-0.207923	-0.452059	0.732360	-0.524918	-0.402993	0.760143	-0.517956	-0.432448	0.686674	-0.521162	-0.381907	0.721147	-0.519355	-0.347731	0.476124	-0.496198	-0.306087	0.484283	-0.387938	-0.434354	0.380135	-0.486716	-0.387361	0.364994	-0.483175	-0.452195	0.336014	-0.472428	-0.407173	0.321583	-0.467810	-0.508524	0.160619	-0.416605	-0.483056	0.170978	-0.339363	-0.462130	0.048001	-0.444585	-0.422948	0.038309	-0.337834	-0.365127	0.031717	-0.404239	-0.581521	0.169529	-0.353702	-0.470100	1.448378	-0.243503	-0.503706	1.395990	-0.566936	
174	0.8650	-0.431588	0.957830	-0.221587	-0.426587	0.946851	-0.456851	-0.619050	0.970410	-0.311575	-0.614149	0.967099	-0.400132	-0.482121	0.726613	-0.147859	-0.421558	0.738949	-0.165597	-0.477901	0.676943	-0.145991	-0.417644	0.685912	-0.162082	-0.498895	0.481704	-0.161818	-0.474652	0.461640	-0.267681	-0.568585	0.360353	-0.140401	-0.509223	0.357740	-0.147754	-0.573220	0.285505	-0.139974	-0.516623	0.289916	-0.147037	-0.565270	0.104339	-0.149877	-0.551596	0.096479	-0.231532	-0.472645	0.033082	-0.099964	-0.447629	0.021188	-0.214520	-0.382905	0.046175	-0.154278	-0.640779	0.058111	-0.208057	-0.445450	0.732667	-0.524704	-0.396449	0.760653	-0.517590	-0.425657	0.687079	-0.520817	-0.375214	0.721752	-0.518905	-0.340133	0.476296	-0.495066	-0.298264	0.485509	-0.387290	-0.424177	0.377655	-0.485075	-0.376751	0.363997	-0.481810	-0.440509	0.332954	-0.470571	-0.394999	0.319908	-0.466228	-0.490737	0.155782	-0.414422	-0.465036	0.166983	-0.337373	-0.440887	0.044848	-0.442894	-0.400512	0.036399	-0.336443	-0.343072	0.031728	-0.403369	-0.563516	0.162217	-0.350872	-0.464239	1.448610	-0.243822	-0.498717	1.395763	-0.567038	
175	0.8700	-0.425823	0.957496	-0.221356	-0.420740	0.946659	-0.456608	-0.613229	0.970333	-0.311510	-0.608337	0.966925	-0.400043	-0.478112	0.726392	-0.148000	-0.417381	0.738280	-0.165616	-0.474323	0.676711	-0.146211	-0.414047	0.685183	-0.162249	-0.497483	0.481663	-0.162031	-0.473082	0.461314	-0.267832	-0.567791	0.360663	-0.140846	-0.508414	0.357847	-0.147933	-0.572666	0.285854	-0.140350	-0.516035	0.290041	-0.147182	-0.565146	0.104567	-0.150101	-0.551299	0.096602	-0.231689	-0.472642	0.033100	-0.099976	-0.447633	0.021183	-0.214466	-0.382881	0.046114	-0.154233	-0.640621	0.058254	-0.208191	-0.438989	0.732802	-0.524474	-0.390029	0.760977	-0.517253	-0.419034	0.687304	-0.520457	-0.368672	0.722156	-0.518478	-0.332755	0.476288	-0.493925	-0.290649	0.486541	-0.386661	-0.414069	0.375062	-0.483440	-0.366253	0.362911	-0.480489	-0.428846	0.329823	-0.468748	-0.382889	0.318192	-0.464719	-0.472768	0.151032	-0.412373	-0.446862	0.163081	-0.335528	-0.419465	0.041924	-0.441373	-0.377943	0.034772	-0.335230	-0.320966	0.032044	-0.402672	-0.545221	0.154950	-0.348186	-0.458403	1.448733	-0.244156	-0.493713	1.395431	-0.567163	
176	0.8750	-0.420035	0.957088	-0.221165	-0.414914	0.946338	-0.456405	-0.607404	0.970177	-0.311428	-0.602541	0.966653	-0.399938	-0.474065	0.726131	-0.148134	-0.413186	0.737576	-0.165656	-0.470708	0.676441	-0.146428	-0.410426	0.684426	-0.162432	-0.496014	0.481604	-0.162243	-0.471473	0.460967	-0.267985	-0.566947	0.360959	-0.141276	-0.507558	0.357934	-0.148105	-0.572069	0.286188	-0.140717	-0.515408	0.290146	-0.147324	-0.565022	0.104783	-0.150324	-0.551004	0.096711	-0.231846	-0.472641	0.033113	-0.099986	-0.447635	0.021168	-0.214416	-0.382857	0.046050	-0.154190	-0.640465	0.058385	-0.208322	-0.432679	0.732762	-0.524226	-0.383739	0.761109	-0.516948	-0.412583	0.687343	-0.520081	-0.362284	0.722353	-0.518073	-0.325597	0.476103	-0.492767	-0.283246	0.487376	-0.386042	-0.404029	0.372366	-0.481810	-0.355872	0.361745	-0.479208	-0.417208	0.326635	-0.466962	-0.370851	0.316451	-0.463284	-0.454624	0.146401	-0.410470	-0.428547	0.159302	-0.333836	-0.397883	0.039261	-0.440031	-0.355263	0.033462	-0.334203	-0.298832	0.032695	-0.402153	-0.526644	0.147763	-0.345661	-0.452595	1.448752	-0.244507	-0.488697	1.394993	-0.567310	
177	0.8800	-0.414227	0.956608	-0.221012	-0.409109	0.945891	-0.456243	-0.601577	0.969945	-0.311332	-0.596762	0.966286	-0.399820	-0.469983	0.725831	-0.148258	-0.408973	0.736836	-0.165714	-0.467057	0.676136	-0.146642	-0.406780	0.683641	-0.162630	-0.494484	0.481527	-0.162452	-0.469825	0.460600	-0.268141	-0.566050	0.361240	-0.141692	-0.506652	0.357998	-0.148270	-0.571429	0.286509	-0.141074	-0.514742	0.290228	-0.147463	-0.564897	0.104985	-0.150547	-0.550713	0.096808	-0.232003	-0.472642	0.033123	-0.099997	-0.447635	0.021144	-0.214368	-0.382831	0.045982	-0.154148	-0.640312	0.058504	-0.208451	-0.426523	0.732543	-0.523960	-0.377581	0.761045	-0.516673	-0.406309	0.687193	-0.519687	-0.356056	0.722337	-0.517690	-0.318661	0.475742	-0.491584	-0.276058	0.488011	-0.385420	-0.394059	0.369579	-0.480183	-0.345610	0.360508	-0.477962	-0.405597	0.323405	-0.465217	-0.358890	0.314698	-0.461925	-0.436319	0.141919	-0.408725	-0.410106	0.155674	-0.332308	-0.376162	0.036890	-0.438879	-0.332501	0.032501	-0.333370	-0.276697	0.033706	-0.401814	-0.507797	0.140692	-0.343313	-0.446817	1.448667	-0.244873	-0.483670	1.394453	-0.567479	
178	0.8850	-0.408401	0.956061	-0.220896	-0.403324	0.945321	-0.456118	-0.595749	0.969638	-0.311225	-0.591000	0.965825	-0.399691	-0.465865	0.725493	-0.148371	-0.404743	0.736062	-0.165787	-0.463369	0.675794	-0.146850	-0.403105	0.682828	-0.162836	-0.492891	0.481432	-0.162659	-0.468133	0.460214	-0.268298	-0.565097	0.361507	-0.142091	-0.505694	0.358039	-0.148427	-0.570743	0.286814	-0.141419	-0.514034	0.290288	-0.147599	-0.564773	0.105174	-0.150768	-0.550426	0.096891	-0.232161	-0.472643	0.033129	-0.100006	-0.447631	0.021112	-0.214324	-0.382804	0.045910	-0.154108	-0.640164	0.058610	-0.208577	-0.420526	0.732144	-0.523675	-0.371558	0.760780	-0.516428	-0.400216	0.686850	-0.519274	-0.349989	0.722106	-0.517330	-0.311945	0.475211	-0.490370	-0.269087	0.488448	-0.384783	-0.384160	0.366713	-0.478560	-0.335470	0.359213	-0.476749	-0.394016	0.320149	-0.463514	-0.347012	0.312948	-0.460642	-0.417869	0.137617	-0.407146	-0.391557	0.152228	-0.330951	-0.354327	0.034838	-0.437925	-0.309686	0.031916	-0.332739	-0.254591	0.035102	-0.401662	-0.488693	0.133775	-0.341155	-0.441070	1.448483	-0.245255	-0.478634	1.393814	-0.567672	
179	0.8900	-0.402560	0.955450	-0.220816	-0.397560	0.944632	-0.456031	-0.589922	0.969258	-0.311110	-0.585253	0.965274	-0.399555	-0.461712	0.725118	-0.148474	-0.400493	0.735254	-0.165873	-0.459645	0.675417	-0.147052	-0.399402	0.681987	-0.163048	-0.491232	0.481317	-0.162860	-0.466394	0.459811	-0.268456	-0.564087	0.361760	-0.142473	-0.504682	0.358055	-0.148576	-0.570011	0.287104	-0.141752	-0.513284	0.290323	-0.147731	-0.564649	0.105348	-0.150988	-0.550144	0.096959	-0.232319	-0.472646	0.033131	-0.100014	-0.447624	0.021073	-0.214285	-0.382776	0.045834	-0.154067	-0.640023	0.058700	-0.208699	-0.414687	0.731562	-0.523371	-0.365671	0.760315	-0.516214	-0.394305	0.686313	-0.518842	-0.344084	0.721658	-0.516993	-0.305445	0.474513	-0.489117	-0.262333	0.488686	-0.384120	-0.374332	0.363780	-0.476940	-0.325454	0.357870	-0.475564	-0.382468	0.316881	-0.461856	-0.335224	0.311216	-0.459435	-0.399292	0.133524	-0.405744	-0.372918	0.148988	-0.329773	-0.332407	0.033133	-0.437177	-0.286851	0.031735	-0.332319	-0.232545	0.036902	-0.401701	-0.469351	0.127046	-0.339200	-0.435357	1.448203	-0.245652	-0.473592	1.393078	-0.567887	
180	0.8950	-0.396707	0.954778	-0.220770	-0.391815	0.943828	-0.455978	-0.584097	0.968807	-0.310989	-0.579521	0.964635	-0.399415	-0.457527	0.724705	-0.148565	-0.396225	0.734414	-0.165967	-0.455885	0.675005	-0.147246	-0.395668	0.681121	-0.163262	-0.489503	0.481183	-0.163055	-0.464605	0.459391	-0.268615	-0.563016	0.361997	-0.142835	-0.503613	0.358046	-0.148718	-0.569232	0.287377	-0.142071	-0.512489	0.290333	-0.147860	-0.564524	0.105507	-0.151207	-0.549870	0.097014	-0.232477	-0.472651	0.033130	-0.100022	-0.447613	0.021026	-0.214249	-0.382745	0.045754	-0.154027	-0.639890	0.058775	-0.208817	-0.409006	0.730799	-0.523046	-0.359920	0.759647	-0.516030	-0.388576	0.685583	-0.518390	-0.338341	0.720992	-0.516677	-0.299157	0.473655	-0.487820	-0.255795	0.488729	-0.383420	-0.364578	0.360796	-0.475323	-0.315567	0.356490	-0.474405	-0.370959	0.313619	-0.460247	-0.323533	0.309515	-0.458302	-0.380612	0.129668	-0.404523	-0.354214	0.145981	-0.328780	-0.310436	0.031796	-0.436643	-0.264032	0.031980	-0.332116	-0.210596	0.039121	-0.401936	-0.449793	0.120539	-0.337455	-0.429678	1.447829	-0.246066	-0.468545	1.392249	-0.568126	
181	0.9000	-0.390844	0.954048	-0.220755	-0.386088	0.942912	-0.455960	-0.578276	0.968287	-0.310865	-0.573803	0.963913	-0.399272	-0.453309	0.724257	-0.148645	-0.391936	0.733543	-0.166068	-0.452089	0.674559	-0.147432	-0.391903	0.680229	-0.163474	-0.487703	0.481027	-0.163242	-0.462762	0.458955	-0.268774	-0.561882	0.362220	-0.143179	-0.502486	0.358011	-0.148852	-0.568402	0.287633	-0.142376	-0.511647	0.290318	-0.147986	-0.564399	0.105652	-0.151424	-0.549603	0.097055	-0.232634	-0.472657	0.033126	-0.100028	-0.447598	0.020974	-0.214219	-0.382712	0.045670	-0.153987	-0.639767	0.058834	-0.208931	-0.403483	0.729858	-0.522703	-0.354303	0.758778	-0.515874	-0.383028	0.684661	-0.517918	-0.332757	0.720109	-0.516384	-0.293073	0.472645	-0.486475	-0.249468	0.488582	-0.382672	-0.354899	0.357774	-0.473710	-0.305809	0.355086	-0.473268	-0.359494	0.310378	-0.458687	-0.311946	0.307861	-0.457244	-0.361854	0.126073	-0.403489	-0.335468	0.143230	-0.327974	-0.288452	0.030848	-0.436327	-0.241267	0.032666	-0.332137	-0.188781	0.041769	-0.402371	-0.430043	0.114287	-0.335926	-0.424032	1.447366	-0.246495	-0.463493	1.391332	-0.568388	
182	0.9050	-0.384974	0.953263	-0.220770	-0.380377	0.941890	-0.455974	-0.572458	0.967701	-0.310742	-0.568096	0.963110	-0.399131	-0.449059	0.723775	-0.148713	-0.387625	0.732642	-0.166171	-0.448256	0.674080	-0.147609	-0.388103	0.679313	-0.163681	-0.485826	0.480850	-0.163421	-0.460860	0.458505	-0.268932	-0.560680	0.362428	-0.143501	-0.501298	0.357948	-0.148977	-0.567520	0.287872	-0.142666	-0.510756	0.290277	-0.148107	-0.564274	0.105781	-0.151638	-0.549345	0.097083	-0.232791	-0.472665	0.033119	-0.100032	-0.447579	0.020918	-0.214192	-0.382678	0.045582	-0.153947	-0.639654	0.058879	-0.209038	-0.398111	0.728742	-0.522340	-0.348818	0.757712	-0.515745	-0.377655	0.683551	-0.517427	-0.327330	0.719014	-0.516113	-0.287182	0.471493	-0.485080	-0.243347	0.488249	-0.381869	-0.345295	0.354728	-0.472101	-0.296183	0.353670	-0.472152	-0.348078	0.307174	-0.457179	-0.300471	0.306264	-0.456259	-0.343049	0.122761	-0.402644	-0.316709	0.140753	-0.327359	-0.266495	0.030303	-0.436234	-0.218596	0.033805	-0.332385	-0.167141	0.044850	-0.403012	-0.410133	0.108320	-0.334616	-0.418419	1.446817	-0.246941	-0.458438	1.390328	-0.568675	
183	0.9100	-0.379096	0.952427	-0.220814	-0.374680	0.940765	-0.456019	-0.566644	0.967051	-0.310622	-0.562400	0.962230	-0.398994	-0.444777	0.723258	-0.148772	-0.383291	0.731713	-0.166275	-0.444385	0.673570	-0.147776	-0.384266	0.678374	-0.163878	-0.483870	0.480651	-0.163588	-0.458893	0.458040	-0.269089	-0.559407	0.362622	-0.143802	-0.500044	0.357857	-0.149095	-0.566584	0.288094	-0.142940	-0.509812	0.290208	-0.148224	-0.564146	0.105898	-0.151849	-0.549095	0.097100	-0.232948	-0.472674	0.033109	-0.100036	-0.447555	0.020858	-0.214171	-0.382641	0.045490	-0.153905	-0.639551	0.058911	-0.209139	-0.392886	0.727456	-0.521959	-0.343458	0.756452	-0.515643	-0.372452	0.682259	-0.516918	-0.322051	0.717712	-0.515864	-0.281474	0.470208	-0.483633	-0.237421	0.487740	-0.381002	-0.335770	0.351674	-0.470497	-0.286690	0.352252	-0.471055	-0.336719	0.304021	-0.455722	-0.289116	0.304737	-0.455346	-0.324232	0.119751	-0.401989	-0.297967	0.138566	-0.326935	-0.244612	0.030169	-0.436366	-0.196062	0.035402	-0.332865	-0.145718	0.048361	-0.403861	-0.390098	0.102664	-0.333525	-0.412839	1.446186	-0.247405	-0.453380	1.389243	-0.568988	
184	0.9150	-0.373212	0.951541	-0.220885	-0.368994	0.939544	-0.456095	-0.560834	0.966340	-0.310508	-0.556711	0.961277	-0.398865	-0.440462	0.722709	-0.148821	-0.378932	0.730757	-0.166376	-0.440474	0.673028	-0.147933	-0.380389	0.677414	-0.164064	-0.481829	0.480428	-0.163744	-0.456856	0.457562	-0.269243	-0.558058	0.362801	-0.144081	-0.498721	0.357737	-0.149205	-0.565590	0.288300	-0.143197	-0.508812	0.290113	-0.148336	-0.564016	0.106001	-0.152057	-0.548853	0.097107	-0.233104	-0.472685	0.033097	-0.100038	-0.447527	0.020795	-0.214154	-0.382603	0.045393	-0.153863	-0.639460	0.058933	-0.209233	-0.387799	0.726009	-0.521561	-0.338216	0.755007	-0.515565	-0.367409	0.680793	-0.516393	-0.316911	0.716209	-0.515637	-0.275932	0.468802	-0.482135	-0.231677	0.487063	-0.380067	-0.326324	0.348628	-0.468900	-0.277330	0.350844	-0.469976	-0.325424	0.300936	-0.454318	-0.277888	0.303289	-0.454504	-0.305439	0.117055	-0.401521	-0.279276	0.136680	-0.326698	-0.222852	0.030450	-0.436721	-0.173712	0.037455	-0.333578	-0.124556	0.052292	-0.404921	-0.369977	0.097343	-0.332648	-0.407287	1.445478	-0.247888	-0.448317	1.388081	-0.569328	
185	0.9200	-0.367323	0.950610	-0.220981	-0.363315	0.938231	-0.456199	-0.555025	0.965570	-0.310405	-0.551025	0.960256	-0.398746	-0.436113	0.722129	-0.148863	-0.374543	0.729778	-0.166472	-0.436520	0.672458	-0.148080	-0.376468	0.676434	-0.164236	-0.479696	0.480182	-0.163886	-0.454740	0.457070	-0.269394	-0.556627	0.362968	-0.144337	-0.497324	0.357588	-0.149306	-0.564534	0.288491	-0.143437	-0.507753	0.289992	-0.148443	-0.563881	0.106095	-0.152260	-0.548617	0.097106	-0.233258	-0.472698	0.033081	-0.100038	-0.447495	0.020731	-0.214140	-0.382564	0.045292	-0.153820	-0.639378	0.058948	-0.209319	-0.382838	0.724408	-0.521148	-0.333083	0.753384	-0.515510	-0.362512	0.679161	-0.515853	-0.311900	0.714517	-0.515432	-0.270539	0.467287	-0.480591	-0.226101	0.486229	-0.379060	-0.316959	0.345603	-0.467313	-0.268104	0.349456	-0.468916	-0.314202	0.297931	-0.452967	-0.266794	0.301928	-0.453729	-0.286711	0.114683	-0.401236	-0.260671	0.135104	-0.326645	-0.201266	0.031140	-0.437297	-0.151592	0.039954	-0.334521	-0.103701	0.056625	-0.406192	-0.349815	0.092376	-0.331980	-0.401761	1.444696	-0.248391	-0.443249	1.386844	-0.569696	
186	0.9250	-0.361427	0.949637	-0.221102	-0.357638	0.936832	-0.456332	-0.549216	0.964746	-0.310314	-0.545340	0.959171	-0.398642	-0.431727	0.721519	-0.148897	-0.370121	0.728777	-0.166561	-0.432520	0.671861	-0.148217	-0.372499	0.675437	-0.164390	-0.477467	0.479911	-0.164012	-0.452537	0.456564	-0.269539	-0.555109	0.363121	-0.144568	-0.495847	0.357409	-0.149399	-0.563410	0.288668	-0.143658	-0.506629	0.289844	-0.148544	-0.563739	0.106182	-0.152459	-0.548388	0.097101	-0.233411	-0.472712	0.033064	-0.100038	-0.447460	0.020666	-0.214130	-0.382523	0.045186	-0.153776	-0.639305	0.058962	-0.209396	-0.377989	0.722664	-0.520721	-0.328045	0.751593	-0.515476	-0.357748	0.677376	-0.515303	-0.307002	0.712648	-0.515249	-0.265274	0.465675	-0.479004	-0.220674	0.485251	-0.377982	-0.307675	0.342616	-0.465737	-0.259010	0.348096	-0.467875	-0.303061	0.295020	-0.451669	-0.255842	0.300661	-0.453021	-0.268094	0.112639	-0.401126	-0.242191	0.133838	-0.326769	-0.179909	0.032228	-0.438089	-0.129751	0.042880	-0.335692	-0.083200	0.061333	-0.407672	-0.329661	0.087777	-0.331509	-0.396255	1.443845	-0.248916	-0.438172	1.385539	-0.570095	
187	0.9300	-0.355522	0.948624	-0.221247	-0.351957	0.935353	-0.456491	-0.543403	0.963869	-0.310239	-0.539649	0.958026	-0.398554	-0.427300	0.720881	-0.148927	-0.365661	0.727757	-0.166641	-0.428468	0.671237	-0.148344	-0.368476	0.674425	-0.164525	-0.475131	0.479616	-0.164121	-0.450237	0.456045	-0.269676	-0.553495	0.363264	-0.144775	-0.494285	0.357201	-0.149482	-0.562215	0.288832	-0.143859	-0.505435	0.289671	-0.148637	-0.563589	0.106265	-0.152651	-0.548160	0.097095	-0.233562	-0.472727	0.033044	-0.100036	-0.447420	0.020603	-0.214123	-0.382482	0.045076	-0.153730	-0.639239	0.058981	-0.209463	-0.373237	0.720789	-0.520285	-0.323089	0.749649	-0.515461	-0.353096	0.675450	-0.514745	-0.302200	0.710615	-0.515087	-0.260115	0.463981	-0.477383	-0.215371	0.484142	-0.376834	-0.298472	0.339678	-0.464176	-0.250047	0.346772	-0.466855	-0.292012	0.292212	-0.450424	-0.245038	0.299491	-0.452378	-0.249633	0.110921	-0.401181	-0.223875	0.132880	-0.327061	-0.158838	0.033694	-0.439086	-0.108241	0.046206	-0.337084	-0.063098	0.066380	-0.409356	-0.309569	0.083557	-0.331223	-0.390765	1.442929	-0.249466	-0.433084	1.384168	-0.570528	
188	0.9350	-0.349606	0.947575	-0.221414	-0.346266	0.933800	-0.456677	-0.537582	0.962942	-0.310185	-0.533947	0.956825	-0.398488	-0.422827	0.720218	-0.148953	-0.361158	0.726722	-0.166711	-0.424359	0.670591	-0.148461	-0.364392	0.673401	-0.164638	-0.472681	0.479294	-0.164210	-0.447828	0.455511	-0.269803	-0.551779	0.363397	-0.144956	-0.492629	0.356963	-0.149554	-0.560940	0.288988	-0.144039	-0.504164	0.289475	-0.148722	-0.563426	0.106349	-0.152836	-0.547933	0.097092	-0.233709	-0.472742	0.033022	-0.100034	-0.447376	0.020541	-0.214118	-0.382441	0.044961	-0.153684	-0.639177	0.059012	-0.209519	-0.368561	0.718796	-0.519843	-0.318197	0.747566	-0.515463	-0.348537	0.673397	-0.514183	-0.297475	0.708435	-0.514947	-0.255036	0.462217	-0.475736	-0.210169	0.482920	-0.375623	-0.289352	0.336805	-0.462634	-0.241210	0.345488	-0.465860	-0.281062	0.289518	-0.449231	-0.234389	0.298420	-0.451796	-0.231378	0.109522	-0.401390	-0.205768	0.132220	-0.327509	-0.138112	0.035511	-0.440278	-0.087112	0.049896	-0.338685	-0.043441	0.071725	-0.411237	-0.289594	0.079720	-0.331105	-0.385283	1.441953	-0.250043	-0.427980	1.382735	-0.570997	
189	0.9400	-0.343675	0.946495	-0.221603	-0.340557	0.932179	-0.456889	-0.531748	0.961970	-0.310155	-0.528227	0.955573	-0.398445	-0.418304	0.719532	-0.148977	-0.356604	0.725674	-0.166769	-0.420186	0.669923	-0.148569	-0.360240	0.672367	-0.164730	-0.470107	0.478948	-0.164278	-0.445299	0.454962	-0.269917	-0.549952	0.363522	-0.145110	-0.490872	0.356697	-0.149615	-0.559579	0.289137	-0.144198	-0.502811	0.289257	-0.148796	-0.563246	0.106438	-0.153012	-0.547700	0.097099	-0.233853	-0.472759	0.032999	-0.100030	-0.447329	0.020482	-0.214113	-0.382399	0.044842	-0.153637	-0.639116	0.059064	-0.209564	-0.363940	0.716701	-0.519397	-0.313351	0.745359	-0.515481	-0.344046	0.671233	-0.513622	-0.292805	0.706127	-0.514828	-0.250010	0.460399	-0.474075	-0.205038	0.481598	-0.374357	-0.280314	0.334006	-0.461115	-0.232496	0.344250	-0.464891	-0.270224	0.286946	-0.448090	-0.223900	0.297445	-0.451275	-0.213380	0.108429	-0.401736	-0.187911	0.131845	-0.328100	-0.117791	0.037644	-0.441648	-0.066415	0.053908	-0.340483	-0.024275	0.077313	-0.413305	-0.269799	0.076267	-0.331138	-0.379802	1.440920	-0.250651	-0.422854	1.381246	-0.571504	
190	0.9450	-0.337725	0.945386	-0.221815	-0.334821	0.930499	-0.457126	-0.525895	0.960954	-0.310152	-0.522481	0.954274	-0.398431	-0.413723	0.718825	-0.149001	-0.351991	0.724617	-0.166815	-0.415942	0.669236	-0.148668	-0.356012	0.671327	-0.164797	-0.467397	0.478575	-0.164322	-0.442636	0.454396	-0.270013	-0.548003	0.363641	-0.145236	-0.489005	0.356402	-0.149663	-0.558124	0.289284	-0.144333	-0.501366	0.289018	-0.148858	-0.563047	0.106540	-0.153178	-0.547458	0.097120	-0.233991	-0.472775	0.032974	-0.100025	-0.447278	0.020427	-0.214109	-0.382358	0.044718	-0.153590	-0.639052	0.059148	-0.209596	-0.359351	0.714518	-0.518954	-0.308529	0.743048	-0.515512	-0.339595	0.668976	-0.513067	-0.288166	0.703709	-0.514731	-0.245008	0.458540	-0.472414	-0.199948	0.480196	-0.373047	-0.271359	0.331294	-0.459624	-0.223900	0.343059	-0.463954	-0.259506	0.284499	-0.447000	-0.213577	0.296564	-0.450811	-0.195691	0.107623	-0.402204	-0.170351	0.131734	-0.328817	-0.097933	0.040051	-0.443180	-0.046203	0.058187	-0.342461	-0.005643	0.083087	-0.415546	-0.250246	0.073192	-0.331300	-0.374313	1.439835	-0.251294	-0.417701	1.379703	-0.572055	
191	0.9500	-0.331750	0.944254	-0.222047	-0.329048	0.928766	-0.457387	-0.520016	0.959898	-0.310182	-0.516703	0.952934	-0.398450	-0.409077	0.718099	-0.149027	-0.347313	0.723555	-0.166847	-0.411617	0.668533	-0.148757	-0.351699	0.670283	-0.164840	-0.464538	0.478175	-0.164339	-0.439824	0.453813	-0.270090	-0.545922	0.363756	-0.145333	-0.487018	0.356081	-0.149696	-0.556565	0.289433	-0.144443	-0.499823	0.288763	-0.148906	-0.562821	0.106662	-0.153333	-0.547200	0.097163	-0.234123	-0.472790	0.032948	-0.100020	-0.447222	0.020377	-0.214103	-0.382318	0.044590	-0.153542	-0.638979	0.059275	-0.209615	-0.354767	0.712264	-0.518518	-0.303709	0.740652	-0.515554	-0.335158	0.666643	-0.512525	-0.283530	0.701206	-0.514655	-0.240001	0.456654	-0.470765	-0.194866	0.478729	-0.371708	-0.262485	0.328678	-0.458168	-0.215415	0.341915	-0.463052	-0.248920	0.282183	-0.445962	-0.203424	0.295769	-0.450401	-0.178363	0.107081	-0.402775	-0.153132	0.131863	-0.329644	-0.078598	0.042683	-0.444851	-0.026524	0.062675	-0.344599	0.012413	0.088978	-0.417942	-0.231001	0.070486	-0.331568	-0.368806	1.438704	-0.251975	-0.412513	1.378112	-0.572651	
192	0.9550	-0.325745	0.943102	-0.222302	-0.323230	0.926987	-0.457673	-0.514104	0.958805	-0.310248	-0.510882	0.951556	-0.398504	-0.404358	0.717358	-0.149056	-0.342560	0.722491	-0.166867	-0.407202	0.667816	-0.148839	-0.347292	0.669239	-0.164859	-0.461519	0.477750	-0.164326	-0.436848	0.453212	-0.270141	-0.543699	0.363869	-0.145399	-0.484901	0.355734	-0.149712	-0.554893	0.289587	-0.144526	-0.498171	0.288494	-0.148938	-0.562564	0.106809	-0.153474	-0.546920	0.097234	-0.234247	-0.472804	0.032922	-0.100014	-0.447162	0.020333	-0.214096	-0.382279	0.044457	-0.153496	-0.638893	0.059457	-0.209620	-0.350161	0.709957	-0.518096	-0.298865	0.738191	-0.515608	-0.330703	0.664255	-0.512000	-0.278872	0.698638	-0.514601	-0.234958	0.454755	-0.469147	-0.189758	0.477217	-0.370355	-0.253693	0.326165	-0.456752	-0.207036	0.340817	-0.462191	-0.238476	0.279997	-0.444974	-0.193445	0.295052	-0.450044	-0.161448	0.106774	-0.403428	-0.136299	0.132202	-0.330561	-0.059842	0.045487	-0.446638	-0.007430	0.067305	-0.346874	0.029856	0.094915	-0.420474	-0.212131	0.068133	-0.331920	-0.363273	1.437530	-0.252698	-0.407283	1.376475	-0.573298	
193	0.9600	-0.319704	0.941936	-0.222578	-0.317355	0.925172	-0.457982	-0.508151	0.957678	-0.310355	-0.505010	0.950146	-0.398598	-0.399556	0.716605	-0.149090	-0.337722	0.721430	-0.166874	-0.402688	0.667088	-0.148912	-0.342780	0.668199	-0.164852	-0.458325	0.477299	-0.164281	-0.433691	0.452590	-0.270162	-0.541323	0.363983	-0.145434	-0.482644	0.355364	-0.149708	-0.553099	0.289754	-0.144581	-0.496403	0.288214	-0.148950	-0.562271	0.106991	-0.153599	-0.546610	0.097342	-0.234360	-0.472816	0.032896	-0.100008	-0.447096	0.020295	-0.214084	-0.382242	0.044320	-0.153450	-0.638787	0.059708	-0.209612	-0.345505	0.707615	-0.517691	-0.293975	0.735687	-0.515670	-0.326198	0.661830	-0.511501	-0.274162	0.696030	-0.514568	-0.229851	0.452855	-0.467574	-0.184590	0.475676	-0.369007	-0.244981	0.323761	-0.455384	-0.198756	0.339761	-0.461374	-0.228184	0.277942	-0.444036	-0.183642	0.294401	-0.449737	-0.144997	0.106669	-0.404143	-0.119899	0.132718	-0.331547	-0.041721	0.048401	-0.448515	0.011035	0.072004	-0.349259	0.046651	0.100820	-0.423117	-0.193701	0.066115	-0.332330	-0.357703	1.436318	-0.253468	-0.402003	1.374799	-0.573999	
194	0.9650	-0.313620	0.940761	-0.222875	-0.311414	0.923327	-0.458315	-0.502150	0.956521	-0.310506	-0.499078	0.948709	-0.398736	-0.394662	0.715842	-0.149130	-0.332791	0.720374	-0.166869	-0.398064	0.666352	-0.148978	-0.338154	0.667167	-0.164820	-0.454944	0.476822	-0.164201	-0.430339	0.451947	-0.270148	-0.538782	0.364101	-0.145435	-0.480236	0.354973	-0.149682	-0.551173	0.289937	-0.144606	-0.494509	0.287928	-0.148941	-0.561934	0.107217	-0.153707	-0.546264	0.097494	-0.234463	-0.472824	0.032870	-0.100001	-0.447024	0.020264	-0.214067	-0.382207	0.044179	-0.153406	-0.638655	0.060040	-0.209588	-0.340772	0.705256	-0.517313	-0.289012	0.733163	-0.515740	-0.321614	0.659388	-0.511033	-0.269373	0.693407	-0.514556	-0.224649	0.450967	-0.466064	-0.179329	0.474124	-0.367684	-0.236350	0.321470	-0.454071	-0.190567	0.338743	-0.460608	-0.218055	0.276014	-0.443150	-0.174019	0.293805	-0.449477	-0.129059	0.106731	-0.404898	-0.103972	0.133373	-0.332582	-0.024284	0.051364	-0.450453	0.028825	0.076697	-0.351727	0.062767	0.106614	-0.425846	-0.175779	0.064408	-0.332775	-0.352088	1.435073	-0.254289	-0.396667	1.373086	-0.574758	
195	0.9700	-0.307489	0.939581	-0.223195	-0.305397	0.921462	-0.458671	-0.496092	0.955336	-0.310706	-0.493078	0.947248	-0.398922	-0.389669	0.715072	-0.149177	-0.327758	0.719330	-0.166852	-0.393320	0.665611	-0.149037	-0.333405	0.666146	-0.164764	-0.451363	0.476321	-0.164081	-0.426776	0.451281	-0.270095	-0.536067	0.364227	-0.145401	-0.477667	0.354563	-0.149631	-0.549104	0.290142	-0.144598	-0.492481	0.287639	-0.148906	-0.561547	0.107495	-0.153795	-0.545871	0.097699	-0.234551	-0.472828	0.032846	-0.099993	-0.446945	0.020242	-0.214045	-0.382174	0.044034	-0.153364	-0.638489	0.060467	-0.209550	-0.335933	0.702897	-0.516965	-0.283954	0.730640	-0.515817	-0.316919	0.656949	-0.510602	-0.264478	0.690792	-0.514565	-0.219325	0.449101	-0.464634	-0.173942	0.472578	-0.366408	-0.227800	0.319296	-0.452819	-0.182462	0.337755	-0.459898	-0.208099	0.274208	-0.442315	-0.164576	0.293247	-0.449260	-0.113680	0.106922	-0.405671	-0.088563	0.134128	-0.333644	-0.007580	0.054311	-0.452424	0.045900	0.081304	-0.354245	0.078177	0.112213	-0.428631	-0.158426	0.062987	-0.333229	-0.346418	1.433801	-0.255167	-0.391265	1.371342	-0.575579	
196	0.9750	-0.301305	0.938402	-0.223536	-0.299295	0.919587	-0.459050	-0.489972	0.954127	-0.310958	-0.487002	0.945770	-0.399160	-0.384567	0.714300	-0.149233	-0.322616	0.718300	-0.166824	-0.388449	0.664867	-0.149088	-0.328523	0.665141	-0.164684	-0.447570	0.475796	-0.163920	-0.422987	0.450590	-0.269996	-0.533168	0.364362	-0.145331	-0.474928	0.354138	-0.149552	-0.546885	0.290375	-0.144558	-0.490311	0.287352	-0.148844	-0.561103	0.107835	-0.153862	-0.545425	0.097964	-0.234623	-0.472827	0.032824	-0.099985	-0.446857	0.020227	-0.214014	-0.382144	0.043886	-0.153325	-0.638282	0.061004	-0.209497	-0.330963	0.700558	-0.516656	-0.278775	0.728141	-0.515902	-0.312083	0.654532	-0.510216	-0.259450	0.688210	-0.514596	-0.213856	0.447269	-0.463302	-0.168400	0.471052	-0.365200	-0.219331	0.317239	-0.451637	-0.174437	0.336792	-0.459248	-0.198327	0.272518	-0.441531	-0.155315	0.292713	-0.449085	-0.098901	0.107200	-0.406441	-0.073708	0.134942	-0.334710	0.008350	0.057177	-0.454398	0.062223	0.085746	-0.356784	0.092860	0.117538	-0.431441	-0.141705	0.061824	-0.333669	-0.340686	1.432507	-0.256105	-0.385792	1.369572	-0.576465	
197	0.9800	-0.295065	0.937230	-0.223900	-0.293101	0.917709	-0.459452	-0.483784	0.952898	-0.311267	-0.480844	0.944278	-0.399451	-0.379350	0.713528	-0.149298	-0.317357	0.717290	-0.166787	-0.383441	0.664124	-0.149133	-0.323501	0.664155	-0.164582	-0.443553	0.475248	-0.163714	-0.418960	0.449874	-0.269848	-0.530076	0.364510	-0.145223	-0.472011	0.353702	-0.149442	-0.544507	0.290643	-0.144481	-0.487991	0.287071	-0.148752	-0.560597	0.108244	-0.153906	-0.544917	0.098297	-0.234678	-0.472820	0.032805	-0.099976	-0.446760	0.020221	-0.213974	-0.382117	0.043734	-0.153290	-0.638026	0.061663	-0.209430	-0.325837	0.698254	-0.516390	-0.273457	0.725687	-0.515993	-0.307081	0.652156	-0.509880	-0.254265	0.685685	-0.514648	-0.208221	0.445479	-0.462082	-0.162677	0.469562	-0.364081	-0.210946	0.315299	-0.450531	-0.166485	0.335846	-0.458663	-0.188747	0.270937	-0.440801	-0.146238	0.292187	-0.448948	-0.084762	0.107527	-0.407187	-0.059444	0.135774	-0.335760	0.023469	0.059899	-0.456344	0.077763	0.089945	-0.359308	0.106801	0.122508	-0.434245	-0.125671	0.060888	-0.334074	-0.334886	1.431196	-0.257107	-0.380242	1.367779	-0.577420	
198	0.9850	-0.288765	0.936071	-0.224286	-0.286809	0.915838	-0.459876	-0.477524	0.951651	-0.311634	-0.474599	0.942778	-0.399800	-0.374012	0.712759	-0.149374	-0.311976	0.716302	-0.166742	-0.378292	0.663385	-0.149171	-0.318334	0.663192	-0.164456	-0.439305	0.474680	-0.163461	-0.414685	0.449132	-0.269644	-0.526784	0.364673	-0.145077	-0.468910	0.353257	-0.149297	-0.541964	0.290949	-0.144368	-0.485516	0.286802	-0.148627	-0.560021	0.108732	-0.153925	-0.544338	0.098707	-0.234712	-0.472804	0.032790	-0.099967	-0.446653	0.020224	-0.213925	-0.382094	0.043580	-0.153259	-0.637715	0.062457	-0.209348	-0.320534	0.696002	-0.516174	-0.267981	0.723299	-0.516092	-0.301889	0.649839	-0.509600	-0.248905	0.683237	-0.514721	-0.202402	0.443740	-0.460989	-0.156751	0.468120	-0.363073	-0.202648	0.313474	-0.449508	-0.158602	0.334907	-0.458146	-0.179370	0.269455	-0.440123	-0.137347	0.291653	-0.448845	-0.071296	0.107862	-0.407888	-0.045802	0.136581	-0.336772	0.037749	0.062414	-0.458232	0.092492	0.093825	-0.361787	0.119987	0.127051	-0.437008	-0.110374	0.060148	-0.334424	-0.329014	1.429874	-0.258177	-0.374611	1.365970	-0.578444	
199	0.9900	-0.282406	0.934928	-0.224694	-0.280415	0.913984	-0.460321	-0.471190	0.950391	-0.312062	-0.468264	0.941276	-0.400208	-0.368551	0.711997	-0.149460	-0.306471	0.715341	-0.166690	-0.372998	0.662653	-0.149202	-0.313018	0.662256	-0.164311	-0.434821	0.474091	-0.163158	-0.410153	0.448364	-0.269380	-0.523290	0.364856	-0.144891	-0.465619	0.352808	-0.149115	-0.539250	0.291300	-0.144217	-0.482882	0.286549	-0.148466	-0.559370	0.109306	-0.153917	-0.543682	0.099199	-0.234723	-0.472780	0.032780	-0.099957	-0.446533	0.020236	-0.213864	-0.382074	0.043424	-0.153232	-0.637343	0.063396	-0.209254	-0.315039	0.693817	-0.516014	-0.262333	0.720995	-0.516198	-0.296488	0.647597	-0.509381	-0.243352	0.680889	-0.514815	-0.196388	0.442057	-0.460037	-0.150607	0.466736	-0.362193	-0.194439	0.311761	-0.448575	-0.150787	0.333968	-0.457701	-0.170207	0.268062	-0.439500	-0.128642	0.291094	-0.448774	-0.058529	0.108168	-0.408529	-0.032810	0.137325	-0.337729	0.051165	0.064669	-0.460035	0.106390	0.097315	-0.364187	0.132413	0.131098	-0.439699	-0.095861	0.059574	-0.334701	-0.323067	1.428546	-0.259317	-0.368899	1.364150	-0.579541	
200	0.9950	-0.275989	0.933809	-0.225124	-0.273919	0.912155	-0.460787	-0.464782	0.949122	-0.312553	-0.461841	0.939776	-0.400676	-0.362964	0.711245	-0.149557	-0.300841	0.714410	-0.166633	-0.367557	0.661930	-0.149227	-0.307553	0.661350	-0.164145	-0.430097	0.473486	-0.162802	-0.405363	0.447569	-0.269054	-0.519590	0.365059	-0.144666	-0.462138	0.352359	-0.148893	-0.536364	0.291699	-0.144027	-0.480087	0.286316	-0.148268	-0.558640	0.109973	-0.153881	-0.542941	0.099779	-0.234711	-0.472746	0.032775	-0.099946	-0.446401	0.020258	-0.213791	-0.382058	0.043266	-0.153210	-0.636901	0.064488	-0.209146	-0.309339	0.691714	-0.515912	-0.256503	0.718794	-0.516312	-0.290864	0.645445	-0.509228	-0.237597	0.678657	-0.514931	-0.190173	0.440438	-0.459234	-0.144235	0.465421	-0.361460	-0.186327	0.310155	-0.447737	-0.143040	0.333021	-0.457331	-0.161265	0.266750	-0.438933	-0.120128	0.290497	-0.448731	-0.046484	0.108409	-0.409093	-0.020491	0.137968	-0.338612	0.063704	0.066612	-0.461727	0.119443	0.100352	-0.366479	0.144081	0.134590	-0.442286	-0.082167	0.059134	-0.334890	-0.317048	1.427219	-0.260529	-0.363105	1.362324	-0.580710	
201	1.0000	-0.269519	0.932718	-0.225574	-0.267325	0.910362	-0.461274	-0.458305	0.947847	-0.313106	-0.455332	0.938283	-0.401205	-0.357255	0.710506	-0.149665	-0.295090	0.713514	-0.166571	-0.361972	0.661220	-0.149245	-0.301942	0.660479	-0.163961	-0.425135	0.472866	-0.162393	-0.400313	0.446748	-0.268661	-0.515687	0.365286	-0.144400	-0.458467	0.351914	-0.148628	-0.533305	0.292150	-0.143799	-0.477132	0.286108	-0.148031	-0.557827	0.110738	-0.153817	-0.542110	0.100453	-0.234672	-0.472702	0.032776	-0.099934	-0.446255	0.020288	-0.213705	-0.382046	0.043108	-0.153194	-0.636387	0.065741	-0.209027	-0.303428	0.689704	-0.515874	-0.250487	0.716711	-0.516436	-0.285010	0.643396	-0.509142	-0.231632	0.676558	-0.515067	-0.183758	0.438887	-0.458591	-0.137634	0.464181	-0.360887	-0.178318	0.308652	-0.446998	-0.135363	0.332060	-0.457036	-0.152557	0.265507	-0.438422	-0.111806	0.289847	-0.448714	-0.035175	0.108554	-0.409568	-0.008861	0.138478	-0.339406	0.075356	0.068201	-0.463283	0.131640	0.102882	-0.368633	0.154995	0.137479	-0.444739	-0.069323	0.058800	-0.334980	-0.310961	1.425898	-0.261812	-0.357234	1.360499	-0.581951	
202	1.0050	-0.263004	0.931660	-0.226045	-0.260638	0.908614	-0.461779	-0.451765	0.946571	-0.313722	-0.448745	0.936803	-0.401794	-0.351430	0.709782	-0.149784	-0.289225	0.712655	-0.166507	-0.356249	0.660525	-0.149256	-0.296191	0.659644	-0.163760	-0.419942	0.472234	-0.161930	-0.395009	0.445903	-0.268200	-0.511586	0.365539	-0.144094	-0.454612	0.351477	-0.148319	-0.530077	0.292656	-0.143531	-0.474020	0.285928	-0.147755	-0.556929	0.111605	-0.153724	-0.541186	0.101221	-0.234607	-0.472646	0.032785	-0.099921	-0.446094	0.020327	-0.213606	-0.382039	0.042950	-0.153184	-0.635794	0.067157	-0.208898	-0.297307	0.687799	-0.515901	-0.244286	0.714758	-0.516571	-0.278926	0.641462	-0.509126	-0.225461	0.674606	-0.515225	-0.177150	0.437406	-0.458110	-0.130808	0.463021	-0.360486	-0.170423	0.307246	-0.446362	-0.127762	0.331078	-0.456817	-0.144091	0.264325	-0.437968	-0.103681	0.289136	-0.448718	-0.024612	0.108577	-0.409942	0.002068	0.138826	-0.340099	0.086123	0.069405	-0.464682	0.142981	0.104860	-0.370624	0.165165	0.139726	-0.447029	-0.057350	0.058545	-0.334963	-0.304812	1.424589	-0.263167	-0.351292	1.358680	-0.583262	
203	1.0100	-0.256455	0.930639	-0.226534	-0.253871	0.906918	-0.462302	-0.445173	0.945298	-0.314400	-0.442090	0.935341	-0.402442	-0.345499	0.709078	-0.149914	-0.283255	0.711836	-0.166442	-0.350399	0.659848	-0.149261	-0.290310	0.658850	-0.163543	-0.414528	0.471592	-0.161413	-0.389462	0.445035	-0.267671	-0.507296	0.365818	-0.143749	-0.450579	0.351054	-0.147966	-0.526686	0.293219	-0.143225	-0.470759	0.285780	-0.147438	-0.555943	0.112575	-0.153601	-0.540165	0.102086	-0.234513	-0.472578	0.032802	-0.099907	-0.445918	0.020374	-0.213494	-0.382035	0.042793	-0.153179	-0.635121	0.068738	-0.208760	-0.290983	0.686006	-0.515996	-0.237908	0.712946	-0.516718	-0.272618	0.639651	-0.509180	-0.219090	0.672811	-0.515402	-0.170362	0.435999	-0.457796	-0.123772	0.461945	-0.360263	-0.162653	0.305931	-0.445831	-0.120245	0.330070	-0.456673	-0.135879	0.263194	-0.437571	-0.095759	0.288353	-0.448742	-0.014797	0.108456	-0.410209	0.012290	0.138990	-0.340681	0.096011	0.070197	-0.465909	0.153469	0.106254	-0.372431	0.174608	0.141307	-0.449133	-0.046259	0.058344	-0.334834	-0.298615	1.423299	-0.264591	-0.345291	1.356875	-0.584639	
204	1.0150	-0.249887	0.929661	-0.227040	-0.247037	0.905283	-0.462840	-0.438544	0.944034	-0.315135	-0.435383	0.933903	-0.403146	-0.339477	0.708396	-0.150053	-0.277196	0.711060	-0.166376	-0.344437	0.659191	-0.149259	-0.284316	0.658099	-0.163313	-0.408910	0.470945	-0.160843	-0.383689	0.444147	-0.267073	-0.502831	0.366125	-0.143367	-0.446383	0.350647	-0.147567	-0.523142	0.293838	-0.142883	-0.467358	0.285667	-0.147082	-0.554872	0.113649	-0.153450	-0.539048	0.103047	-0.234391	-0.472498	0.032827	-0.099892	-0.445727	0.020428	-0.213369	-0.382035	0.042637	-0.153180	-0.634367	0.070482	-0.208616	-0.284469	0.684333	-0.516157	-0.231367	0.711283	-0.516877	-0.266101	0.637971	-0.509305	-0.212535	0.671179	-0.515600	-0.163416	0.434667	-0.457647	-0.116546	0.460955	-0.360221	-0.155022	0.304701	-0.445404	-0.112824	0.329035	-0.456602	-0.127930	0.262106	-0.437231	-0.088048	0.287494	-0.448782	-0.005725	0.108177	-0.410365	0.021803	0.138953	-0.341144	0.105036	0.070567	-0.466950	0.163117	0.107043	-0.374035	0.183341	0.142212	-0.451030	-0.036054	0.058175	-0.334591	-0.292384	1.422034	-0.266079	-0.339244	1.355090	-0.586079	
205	1.0200	-0.243317	0.928728	-0.227561	-0.240158	0.903717	-0.463392	-0.431895	0.942783	-0.315925	-0.428642	0.932494	-0.403902	-0.333381	0.707737	-0.150201	-0.271068	0.710329	-0.166311	-0.338382	0.658558	-0.149250	-0.278228	0.657393	-0.163071	-0.403109	0.470296	-0.160221	-0.377710	0.443241	-0.266409	-0.498209	0.366460	-0.142949	-0.442038	0.350261	-0.147123	-0.519460	0.294513	-0.142507	-0.463830	0.285591	-0.146688	-0.553717	0.114825	-0.153271	-0.537836	0.104101	-0.234240	-0.472405	0.032861	-0.099876	-0.445521	0.020489	-0.213231	-0.382040	0.042485	-0.153186	-0.633531	0.072381	-0.208466	-0.277787	0.682785	-0.516384	-0.224684	0.709774	-0.517051	-0.259396	0.636426	-0.509498	-0.205817	0.669716	-0.515816	-0.156339	0.433411	-0.457658	-0.109160	0.460050	-0.360361	-0.147546	0.303549	-0.445082	-0.105514	0.327970	-0.456601	-0.120255	0.261055	-0.436948	-0.080556	0.286556	-0.448835	0.002615	0.107728	-0.410408	0.030614	0.138704	-0.341486	0.113219	0.070511	-0.467797	0.171940	0.107222	-0.375424	0.191390	0.142443	-0.452703	-0.026729	0.058022	-0.334236	-0.286139	1.420799	-0.267627	-0.333170	1.353333	-0.587574	
206	1.0250	-0.236768	0.927844	-0.228095	-0.233256	0.902226	-0.463955	-0.425249	0.941550	-0.316764	-0.421891	0.931119	-0.404706	-0.327235	0.707105	-0.150356	-0.264892	0.709645	-0.166247	-0.332257	0.657950	-0.149235	-0.272070	0.656733	-0.162819	-0.397153	0.469649	-0.159552	-0.371556	0.442323	-0.265682	-0.493452	0.366822	-0.142498	-0.437567	0.349899	-0.146635	-0.515657	0.295241	-0.142098	-0.460194	0.285553	-0.146258	-0.552484	0.116096	-0.153066	-0.536533	0.105243	-0.234062	-0.472299	0.032904	-0.099858	-0.445300	0.020557	-0.213081	-0.382048	0.042336	-0.153198	-0.632617	0.074426	-0.208313	-0.270966	0.681364	-0.516674	-0.217886	0.708421	-0.517239	-0.252533	0.635018	-0.509755	-0.198966	0.668422	-0.516052	-0.149166	0.432230	-0.457823	-0.101652	0.459229	-0.360678	-0.140242	0.302470	-0.444861	-0.098333	0.326877	-0.456667	-0.112866	0.260033	-0.436720	-0.073294	0.285539	-0.448898	0.010240	0.107108	-0.410340	0.038732	0.138240	-0.341704	0.120590	0.070038	-0.468445	0.179961	0.106798	-0.376589	0.198781	0.142019	-0.454143	-0.018270	0.057868	-0.333775	-0.279903	1.419600	-0.269226	-0.327090	1.351611	-0.589117	
207	1.0300	-0.230265	0.927011	-0.228638	-0.226362	0.900817	-0.464526	-0.418633	0.940341	-0.317646	-0.415158	0.929785	-0.405551	-0.321065	0.706502	-0.150519	-0.258697	0.709009	-0.166186	-0.326092	0.657369	-0.149212	-0.265871	0.656122	-0.162559	-0.391073	0.469007	-0.158839	-0.365258	0.441397	-0.264898	-0.488587	0.367210	-0.142018	-0.432994	0.349565	-0.146107	-0.511754	0.296019	-0.141662	-0.456470	0.285555	-0.145794	-0.551178	0.117457	-0.152837	-0.535145	0.106466	-0.233857	-0.472180	0.032956	-0.099839	-0.445065	0.020630	-0.212921	-0.382061	0.042192	-0.153215	-0.631628	0.076604	-0.208158	-0.264040	0.680071	-0.517024	-0.211007	0.707224	-0.517443	-0.245548	0.633748	-0.510073	-0.192018	0.667295	-0.516304	-0.141937	0.431123	-0.458132	-0.094064	0.458490	-0.361161	-0.133131	0.301457	-0.444738	-0.091301	0.325758	-0.456793	-0.105774	0.259038	-0.436546	-0.066274	0.284447	-0.448970	0.017171	0.106319	-0.410166	0.046174	0.137564	-0.341801	0.127182	0.069166	-0.468896	0.187210	0.105792	-0.377527	0.205542	0.140970	-0.455341	-0.010653	0.057704	-0.333215	-0.273702	1.418443	-0.270869	-0.321031	1.349931	-0.590700	
208	1.0350	-0.223837	0.926232	-0.229187	-0.219506	0.899495	-0.465103	-0.412077	0.939161	-0.318563	-0.408472	0.928496	-0.406431	-0.314904	0.705929	-0.150686	-0.252514	0.708422	-0.166127	-0.319918	0.656818	-0.149184	-0.259662	0.655559	-0.162292	-0.384909	0.468375	-0.158088	-0.358858	0.440467	-0.264062	-0.483645	0.367623	-0.141512	-0.428348	0.349261	-0.145540	-0.507778	0.296842	-0.141201	-0.452680	0.285594	-0.145302	-0.549808	0.118897	-0.152586	-0.533681	0.107761	-0.233626	-0.472050	0.033018	-0.099819	-0.444817	0.020707	-0.212750	-0.382076	0.042054	-0.153236	-0.630571	0.078898	-0.208004	-0.257052	0.678906	-0.517428	-0.204086	0.706179	-0.517663	-0.238486	0.632614	-0.510446	-0.185013	0.666330	-0.516573	-0.134697	0.430089	-0.458573	-0.086447	0.457827	-0.361800	-0.126234	0.300507	-0.444706	-0.084442	0.324618	-0.456974	-0.098991	0.258067	-0.436423	-0.059509	0.283288	-0.449047	0.023436	0.105370	-0.409893	0.052960	0.136685	-0.341782	0.133036	0.067923	-0.469155	0.193718	0.104237	-0.378239	0.211705	0.139340	-0.456299	-0.003849	0.057521	-0.332567	-0.267566	1.417332	-0.272543	-0.315021	1.348300	-0.592310	
209	1.0400	-0.217514	0.925508	-0.229739	-0.212726	0.898264	-0.465680	-0.405611	0.938016	-0.319508	-0.401870	0.927258	-0.407337	-0.308784	0.705389	-0.150857	-0.246377	0.707884	-0.166072	-0.313771	0.656298	-0.149150	-0.253482	0.655046	-0.162021	-0.378700	0.467757	-0.157304	-0.352398	0.439540	-0.263182	-0.478659	0.368057	-0.140986	-0.423661	0.348989	-0.144941	-0.503754	0.297702	-0.140720	-0.448853	0.285672	-0.144784	-0.548384	0.120405	-0.152316	-0.532151	0.109116	-0.233374	-0.471910	0.033088	-0.099798	-0.444559	0.020787	-0.212572	-0.382095	0.041922	-0.153261	-0.629454	0.081288	-0.207852	-0.250046	0.677865	-0.517880	-0.197167	0.705282	-0.517898	-0.231394	0.631611	-0.510867	-0.177999	0.665521	-0.516855	-0.127495	0.429126	-0.459129	-0.078853	0.457238	-0.362578	-0.119573	0.299614	-0.444758	-0.077780	0.323463	-0.457203	-0.092527	0.257117	-0.436349	-0.053014	0.282070	-0.449128	0.029065	0.104275	-0.409531	0.059113	0.135619	-0.341655	0.138196	0.066346	-0.469231	0.199524	0.102179	-0.378733	0.217303	0.137185	-0.457019	0.002179	0.057316	-0.331844	-0.261526	1.416274	-0.274238	-0.309090	1.346726	-0.593937	
210	1.0450	-0.211329	0.924840	-0.230290	-0.206059	0.897126	-0.466256	-0.399272	0.936911	-0.320471	-0.395386	0.926075	-0.408261	-0.302744	0.704882	-0.151030	-0.240324	0.707396	-0.166021	-0.307691	0.655811	-0.149110	-0.247367	0.654582	-0.161748	-0.372494	0.467157	-0.156496	-0.345928	0.438621	-0.262267	-0.473667	0.368510	-0.140444	-0.418967	0.348750	-0.144314	-0.499715	0.298593	-0.140226	-0.445017	0.285785	-0.144248	-0.546919	0.121967	-0.152031	-0.530570	0.110519	-0.233102	-0.471759	0.033166	-0.099776	-0.444293	0.020869	-0.212388	-0.382117	0.041797	-0.153289	-0.628288	0.083750	-0.207704	-0.243075	0.676944	-0.518373	-0.190297	0.704524	-0.518147	-0.224326	0.630736	-0.511328	-0.171026	0.664857	-0.517150	-0.120383	0.428234	-0.459785	-0.071341	0.456715	-0.363476	-0.113171	0.298775	-0.444887	-0.071342	0.322300	-0.457473	-0.086394	0.256191	-0.436320	-0.046805	0.280806	-0.449211	0.034093	0.103053	-0.409091	0.064661	0.134386	-0.341430	0.142707	0.064478	-0.469136	0.204667	0.099675	-0.379020	0.222368	0.134570	-0.457511	0.007475	0.057086	-0.331059	-0.255617	1.415272	-0.275941	-0.303273	1.345215	-0.595568	
211	1.0500	-0.205316	0.924228	-0.230835	-0.199545	0.896084	-0.466824	-0.393097	0.935851	-0.321442	-0.389060	0.924952	-0.409193	-0.296822	0.704410	-0.151203	-0.234393	0.706956	-0.165973	-0.301717	0.655357	-0.149065	-0.241360	0.654167	-0.161475	-0.366338	0.466578	-0.155671	-0.339499	0.437718	-0.261327	-0.468710	0.368977	-0.139892	-0.414304	0.348545	-0.143666	-0.495693	0.299505	-0.139722	-0.441202	0.285931	-0.143697	-0.545425	0.123568	-0.151735	-0.528951	0.111955	-0.232813	-0.471601	0.033252	-0.099754	-0.444020	0.020952	-0.212200	-0.382141	0.041679	-0.153319	-0.627082	0.086260	-0.207561	-0.236191	0.676139	-0.518899	-0.183527	0.703896	-0.518409	-0.217337	0.629981	-0.511821	-0.164148	0.664327	-0.517455	-0.113414	0.427408	-0.460523	-0.063970	0.456254	-0.364473	-0.107050	0.297987	-0.445082	-0.065154	0.321139	-0.457776	-0.080602	0.255288	-0.436331	-0.040896	0.279509	-0.449295	0.038557	0.101726	-0.408586	0.069636	0.133011	-0.341119	0.146621	0.062368	-0.468888	0.209192	0.096790	-0.379113	0.226934	0.131568	-0.457789	0.012086	0.056833	-0.330229	-0.249873	1.414329	-0.277637	-0.297603	1.343775	-0.597190	
212	1.0550	-0.199510	0.923672	-0.231371	-0.193227	0.895138	-0.467382	-0.387120	0.934841	-0.322412	-0.382931	0.923892	-0.410125	-0.291057	0.703974	-0.151374	-0.228624	0.706563	-0.165930	-0.295892	0.654937	-0.149016	-0.235502	0.653798	-0.161204	-0.360283	0.466025	-0.154837	-0.333163	0.436836	-0.260373	-0.463826	0.369453	-0.139336	-0.409711	0.348373	-0.143003	-0.491722	0.300429	-0.139215	-0.437441	0.286106	-0.143139	-0.543918	0.125189	-0.151431	-0.527311	0.113408	-0.232513	-0.471436	0.033344	-0.099731	-0.443744	0.021036	-0.212010	-0.382166	0.041570	-0.153351	-0.625852	0.088791	-0.207426	-0.229450	0.675441	-0.519448	-0.176910	0.703388	-0.518683	-0.210487	0.629337	-0.512337	-0.157418	0.663919	-0.517767	-0.106641	0.426647	-0.461323	-0.056797	0.455849	-0.365547	-0.101233	0.297248	-0.445335	-0.059244	0.319989	-0.458104	-0.075160	0.254413	-0.436379	-0.035303	0.278196	-0.449377	0.042496	0.100318	-0.408031	0.074070	0.131523	-0.340735	0.149987	0.060070	-0.468504	0.213142	0.093595	-0.379033	0.231036	0.128257	-0.457870	0.016063	0.056561	-0.329369	-0.244328	1.413449	-0.279311	-0.292117	1.342411	-0.598788	
213	1.0600	-0.193944	0.923172	-0.231893	-0.187145	0.894288	-0.467924	-0.381380	0.933885	-0.323370	-0.377036	0.922899	-0.411045	-0.285491	0.703573	-0.151542	-0.223056	0.706217	-0.165890	-0.290257	0.654551	-0.148963	-0.229836	0.653476	-0.160938	-0.354378	0.465501	-0.154004	-0.326974	0.435983	-0.259416	-0.459058	0.369934	-0.138782	-0.405225	0.348235	-0.142333	-0.487837	0.301354	-0.138711	-0.433766	0.286305	-0.142581	-0.542414	0.126814	-0.151123	-0.525667	0.114863	-0.232204	-0.471268	0.033440	-0.099708	-0.443467	0.021118	-0.211821	-0.382194	0.041470	-0.153383	-0.624610	0.091314	-0.207299	-0.222906	0.674844	-0.520013	-0.170496	0.702988	-0.518965	-0.203831	0.628797	-0.512867	-0.150892	0.663618	-0.518083	-0.100117	0.425949	-0.462166	-0.049882	0.455494	-0.366674	-0.095741	0.296557	-0.445633	-0.053637	0.318861	-0.458449	-0.070077	0.253567	-0.436459	-0.030041	0.276882	-0.449457	0.045950	0.098858	-0.407439	0.077998	0.129953	-0.340292	0.152857	0.057639	-0.468007	0.216565	0.090166	-0.378801	0.234704	0.124721	-0.457776	0.019459	0.056273	-0.328496	-0.239016	1.412634	-0.280950	-0.286847	1.341129	-0.600349	
214	1.0650	-0.188652	0.922724	-0.232397	-0.181337	0.893531	-0.468447	-0.375912	0.932989	-0.324306	-0.371413	0.921977	-0.411945	-0.280160	0.703208	-0.151705	-0.217727	0.705914	-0.165854	-0.284853	0.654201	-0.148908	-0.224401	0.653196	-0.160680	-0.348673	0.465008	-0.153181	-0.320986	0.435164	-0.258467	-0.454446	0.370415	-0.138236	-0.400886	0.348128	-0.141664	-0.484070	0.302272	-0.138215	-0.430209	0.286525	-0.142028	-0.540927	0.128424	-0.150816	-0.524038	0.116302	-0.231891	-0.471097	0.033540	-0.099684	-0.443192	0.021198	-0.211635	-0.382221	0.041379	-0.153416	-0.623371	0.093801	-0.207182	-0.216612	0.674338	-0.520583	-0.164336	0.702683	-0.519253	-0.197426	0.628349	-0.513403	-0.144622	0.663411	-0.518399	-0.093890	0.425311	-0.463033	-0.043276	0.455184	-0.367830	-0.090593	0.295911	-0.445967	-0.048357	0.317765	-0.458802	-0.065359	0.252756	-0.436564	-0.025123	0.275584	-0.449533	0.048959	0.097372	-0.406825	0.081456	0.128332	-0.339806	0.155282	0.055130	-0.467418	0.219507	0.086583	-0.378440	0.237971	0.121042	-0.457531	0.022330	0.055975	-0.327625	-0.233970	1.411886	-0.282538	-0.281828	1.339932	-0.601859	
215	1.0700	-0.183662	0.922329	-0.232880	-0.175841	0.892864	-0.468947	-0.370746	0.932154	-0.325211	-0.366097	0.921126	-0.412816	-0.275101	0.702878	-0.151862	-0.212673	0.705653	-0.165821	-0.279717	0.653885	-0.148852	-0.219236	0.652958	-0.160430	-0.343214	0.464550	-0.152377	-0.315248	0.434386	-0.257538	-0.450029	0.370890	-0.137705	-0.396729	0.348051	-0.141004	-0.480456	0.303169	-0.137733	-0.426799	0.286760	-0.141487	-0.539474	0.130000	-0.150513	-0.522441	0.117710	-0.231579	-0.470926	0.033643	-0.099661	-0.442923	0.021276	-0.211453	-0.382249	0.041296	-0.153448	-0.622150	0.096224	-0.207075	-0.210619	0.673917	-0.521150	-0.158476	0.702462	-0.519544	-0.191323	0.627985	-0.513934	-0.138657	0.663282	-0.518714	-0.088005	0.424732	-0.463905	-0.037031	0.454914	-0.368992	-0.085803	0.295312	-0.446325	-0.043424	0.316712	-0.459157	-0.061010	0.251984	-0.436690	-0.020560	0.274319	-0.449606	0.051563	0.095889	-0.406204	0.084479	0.126694	-0.339291	0.157312	0.052597	-0.466760	0.222014	0.082923	-0.377976	0.240868	0.117301	-0.457160	0.024729	0.055675	-0.326771	-0.229218	1.411205	-0.284062	-0.277088	1.338825	-0.603305	
216	1.0750	-0.179001	0.921982	-0.233336	-0.170689	0.892285	-0.469419	-0.365914	0.931384	-0.326075	-0.361118	0.920348	-0.413648	-0.270347	0.702583	-0.152011	-0.207926	0.705430	-0.165793	-0.274884	0.653602	-0.148794	-0.214376	0.652757	-0.160192	-0.338046	0.464128	-0.151601	-0.309808	0.433654	-0.256639	-0.445841	0.371353	-0.137193	-0.392787	0.348001	-0.140361	-0.477024	0.304038	-0.137271	-0.423565	0.287004	-0.140965	-0.538071	0.131525	-0.150219	-0.520895	0.119070	-0.231272	-0.470757	0.033745	-0.099639	-0.442663	0.021349	-0.211279	-0.382277	0.041223	-0.153479	-0.620962	0.098558	-0.206978	-0.204971	0.673570	-0.521705	-0.152959	0.702311	-0.519833	-0.185571	0.627694	-0.514454	-0.133041	0.663219	-0.519022	-0.082499	0.424208	-0.464766	-0.031187	0.454678	-0.370138	-0.081386	0.294757	-0.446697	-0.038857	0.315711	-0.459507	-0.057033	0.251256	-0.436831	-0.016360	0.273102	-0.449674	0.053802	0.094433	-0.405588	0.087104	0.125068	-0.338761	0.158994	0.050092	-0.466057	0.224131	0.079261	-0.377432	0.243422	0.113576	-0.456689	0.026712	0.055378	-0.325947	-0.224786	1.410592	-0.285509	-0.272656	1.337811	-0.604676	
217	1.0800	-0.174690	0.921682	-0.233764	-0.165909	0.891787	-0.469861	-0.361438	0.930681	-0.326891	-0.356502	0.919644	-0.414434	-0.265926	0.702322	-0.152151	-0.203513	0.705244	-0.165767	-0.270384	0.653353	-0.148737	-0.209850	0.652591	-0.159967	-0.333205	0.463743	-0.150861	-0.304706	0.432972	-0.255781	-0.441915	0.371799	-0.136707	-0.389092	0.347974	-0.139742	-0.473800	0.304868	-0.136833	-0.420531	0.287253	-0.140467	-0.536732	0.132982	-0.149937	-0.519416	0.120367	-0.230975	-0.470593	0.033847	-0.099617	-0.442414	0.021419	-0.211114	-0.382304	0.041158	-0.153509	-0.619820	0.100776	-0.206892	-0.199707	0.673288	-0.522240	-0.147821	0.702217	-0.520119	-0.180209	0.627467	-0.514955	-0.127812	0.663208	-0.519321	-0.077405	0.423737	-0.465599	-0.025780	0.454473	-0.371248	-0.077350	0.294248	-0.447072	-0.034669	0.314771	-0.459845	-0.053425	0.250575	-0.436982	-0.012529	0.271948	-0.449738	0.055712	0.093029	-0.404990	0.089367	0.123485	-0.338231	0.160374	0.047660	-0.465330	0.225903	0.075669	-0.376834	0.245662	0.109938	-0.456145	0.028331	0.055091	-0.325165	-0.220693	1.410044	-0.286867	-0.268552	1.336889	-0.605961	
218	1.0850	-0.170746	0.921424	-0.234161	-0.161523	0.891365	-0.470270	-0.357337	0.930045	-0.327651	-0.352269	0.919014	-0.415167	-0.261859	0.702093	-0.152280	-0.199457	0.705089	-0.165745	-0.266241	0.653135	-0.148681	-0.205683	0.652456	-0.159756	-0.328725	0.463396	-0.150165	-0.299977	0.432344	-0.254972	-0.438277	0.372223	-0.136250	-0.385667	0.347968	-0.139154	-0.470809	0.305651	-0.136423	-0.417718	0.287501	-0.139998	-0.535471	0.134355	-0.149671	-0.518019	0.121588	-0.230690	-0.470436	0.033946	-0.099597	-0.442179	0.021483	-0.210959	-0.382330	0.041102	-0.153536	-0.618736	0.102858	-0.206817	-0.194859	0.673063	-0.522748	-0.143091	0.702170	-0.520395	-0.175269	0.627293	-0.515429	-0.122999	0.663235	-0.519608	-0.072747	0.423317	-0.466391	-0.020837	0.454295	-0.372305	-0.073699	0.293785	-0.447443	-0.030868	0.313898	-0.460166	-0.050184	0.249945	-0.437138	-0.009068	0.270868	-0.449796	0.057330	0.091698	-0.404421	0.091302	0.121970	-0.337713	0.161493	0.045344	-0.464600	0.227370	0.072211	-0.376207	0.247615	0.106451	-0.455553	0.029634	0.054818	-0.324435	-0.216956	1.409561	-0.288126	-0.264795	1.336062	-0.607151	
219	1.0900	-0.167181	0.921207	-0.234523	-0.157547	0.891013	-0.470643	-0.353624	0.929477	-0.328350	-0.348434	0.918455	-0.415842	-0.258164	0.701895	-0.152399	-0.195772	0.704963	-0.165725	-0.262473	0.652946	-0.148627	-0.201892	0.652350	-0.159562	-0.324629	0.463087	-0.149518	-0.295650	0.431773	-0.254221	-0.434948	0.372621	-0.135827	-0.382533	0.347979	-0.138603	-0.468067	0.306379	-0.136044	-0.415143	0.287743	-0.139563	-0.534298	0.135633	-0.149423	-0.516717	0.122722	-0.230422	-0.470287	0.034040	-0.099578	-0.441961	0.021542	-0.210817	-0.382354	0.041054	-0.153561	-0.617723	0.104786	-0.206752	-0.190449	0.672887	-0.523223	-0.138791	0.702159	-0.520660	-0.170777	0.627164	-0.515871	-0.118626	0.663291	-0.519878	-0.068541	0.422946	-0.467132	-0.016375	0.454141	-0.373293	-0.070432	0.293366	-0.447801	-0.027456	0.313100	-0.460465	-0.047301	0.249370	-0.437294	-0.005974	0.269872	-0.449848	0.058689	0.090458	-0.403888	0.092942	0.120546	-0.337217	0.162391	0.043177	-0.463885	0.228573	0.068941	-0.375571	0.249304	0.103168	-0.454939	0.030670	0.054565	-0.323765	-0.213584	1.409140	-0.289280	-0.261395	1.335326	-0.608239	
220	1.0950	-0.163997	0.921025	-0.234851	-0.153987	0.890724	-0.470980	-0.350304	0.928975	-0.328984	-0.345003	0.917965	-0.416455	-0.254849	0.701725	-0.152506	-0.192469	0.704863	-0.165708	-0.259089	0.652785	-0.148577	-0.198488	0.652267	-0.159385	-0.320934	0.462816	-0.148926	-0.291742	0.431260	-0.253533	-0.431943	0.372989	-0.135441	-0.379703	0.348002	-0.138095	-0.465588	0.307046	-0.135700	-0.412818	0.287974	-0.139165	-0.533223	0.136804	-0.149196	-0.515522	0.123760	-0.230173	-0.470148	0.034130	-0.099560	-0.441760	0.021595	-0.210687	-0.382377	0.041013	-0.153583	-0.616790	0.106546	-0.206697	-0.186492	0.672752	-0.523660	-0.134934	0.702174	-0.520909	-0.166747	0.627072	-0.516277	-0.114705	0.663364	-0.520130	-0.064792	0.422621	-0.467811	-0.012400	0.454008	-0.374200	-0.067544	0.292993	-0.448139	-0.024432	0.312380	-0.460740	-0.044766	0.248851	-0.437446	-0.003241	0.268969	-0.449895	0.059821	0.089322	-0.403399	0.094320	0.119231	-0.336752	0.163103	0.041186	-0.463203	0.229547	0.065905	-0.374946	0.250753	0.100135	-0.454323	0.031480	0.054335	-0.323159	-0.210579	1.408777	-0.290322	-0.258359	1.334681	-0.609222	
221	1.1000	-0.161193	0.920876	-0.235142	-0.150845	0.890490	-0.471279	-0.347378	0.928538	-0.329550	-0.341975	0.917543	-0.417002	-0.251917	0.701582	-0.152601	-0.189549	0.704786	-0.165694	-0.256094	0.652650	-0.148529	-0.195475	0.652204	-0.159226	-0.317649	0.462582	-0.148392	-0.288264	0.430807	-0.252913	-0.429268	0.373323	-0.135094	-0.377183	0.348035	-0.137633	-0.463378	0.307649	-0.135391	-0.410747	0.288191	-0.138807	-0.532253	0.137861	-0.148990	-0.514441	0.124696	-0.229947	-0.470021	0.034212	-0.099544	-0.441579	0.021643	-0.210571	-0.382397	0.040980	-0.153602	-0.615943	0.108128	-0.206651	-0.182993	0.672650	-0.524055	-0.131523	0.702207	-0.521141	-0.163184	0.627008	-0.516643	-0.111240	0.663447	-0.520362	-0.061500	0.422340	-0.468423	-0.008911	0.453894	-0.375019	-0.065024	0.292663	-0.448451	-0.021787	0.311740	-0.460987	-0.042565	0.248390	-0.437591	-0.000857	0.268162	-0.449936	0.060755	0.088301	-0.402959	0.095465	0.118038	-0.336326	0.163661	0.039391	-0.462565	0.230327	0.063139	-0.374349	0.251985	0.097382	-0.453726	0.032104	0.054130	-0.322622	-0.207939	1.408470	-0.291250	-0.255683	1.334123	-0.610095	
222	1.1050	-0.158761	0.920755	-0.235398	-0.148113	0.890306	-0.471540	-0.344837	0.928163	-0.330048	-0.339345	0.917183	-0.417484	-0.249363	0.701463	-0.152685	-0.187006	0.704726	-0.165682	-0.253483	0.652538	-0.148486	-0.192848	0.652159	-0.159086	-0.314774	0.462382	-0.147918	-0.285216	0.430412	-0.252364	-0.426924	0.373623	-0.134787	-0.374976	0.348075	-0.137221	-0.461440	0.308184	-0.135119	-0.408932	0.288391	-0.138490	-0.531391	0.138799	-0.148808	-0.513479	0.125526	-0.229744	-0.469906	0.034287	-0.099529	-0.441417	0.021684	-0.210469	-0.382416	0.040952	-0.153619	-0.615187	0.109526	-0.206614	-0.179945	0.672576	-0.524406	-0.128554	0.702251	-0.521351	-0.160082	0.626967	-0.516968	-0.108225	0.663534	-0.520570	-0.058652	0.422099	-0.468965	-0.005896	0.453796	-0.375745	-0.062857	0.292376	-0.448733	-0.019507	0.311181	-0.461206	-0.040679	0.247987	-0.437726	0.001192	0.267454	-0.449973	0.061518	0.087399	-0.402570	0.096407	0.116978	-0.335943	0.164091	0.037803	-0.461982	0.230943	0.060667	-0.373794	0.253021	0.094933	-0.453162	0.032575	0.053952	-0.322154	-0.205654	1.408212	-0.292064	-0.253362	1.333646	-0.610859	
223	1.1100	-0.156686	0.920658	-0.235618	-0.145778	0.890163	-0.471765	-0.342666	0.927846	-0.330478	-0.337097	0.916881	-0.417901	-0.247176	0.701366	-0.152757	-0.184829	0.704683	-0.165671	-0.251245	0.652447	-0.148448	-0.190597	0.652128	-0.158963	-0.312300	0.462214	-0.147506	-0.282592	0.430073	-0.251885	-0.424906	0.373886	-0.134520	-0.373075	0.348117	-0.136859	-0.459769	0.308650	-0.134884	-0.407369	0.288570	-0.138213	-0.530639	0.139617	-0.148649	-0.512639	0.126248	-0.229565	-0.469805	0.034354	-0.099517	-0.441277	0.021720	-0.210381	-0.382431	0.040930	-0.153633	-0.614525	0.110740	-0.206584	-0.177338	0.672523	-0.524713	-0.126013	0.702299	-0.521540	-0.157429	0.626943	-0.517250	-0.105647	0.663617	-0.520755	-0.056232	0.421895	-0.469434	-0.003336	0.453713	-0.376374	-0.061023	0.292130	-0.448984	-0.017574	0.310700	-0.461395	-0.039089	0.247640	-0.437848	0.002927	0.266843	-0.450004	0.062133	0.086619	-0.402234	0.097171	0.116053	-0.335607	0.164420	0.036426	-0.461462	0.231422	0.058501	-0.373291	0.253881	0.092795	-0.452645	0.032926	0.053801	-0.321754	-0.203709	1.408001	-0.292764	-0.251381	1.333246	-0.611517	
224	1.1150	-0.154948	0.920583	-0.235804	-0.143817	0.890055	-0.471955	-0.340847	0.927583	-0.330842	-0.335211	0.916633	-0.418255	-0.245337	0.701288	-0.152818	-0.183000	0.704652	-0.165663	-0.249363	0.652374	-0.148415	-0.188702	0.652108	-0.158859	-0.310212	0.462076	-0.147154	-0.280374	0.429789	-0.251477	-0.423200	0.374113	-0.134292	-0.371468	0.348160	-0.136548	-0.458355	0.309049	-0.134684	-0.406047	0.288728	-0.137978	-0.529995	0.140317	-0.148513	-0.511919	0.126865	-0.229411	-0.469717	0.034413	-0.099506	-0.441156	0.021750	-0.210307	-0.382445	0.040913	-0.153644	-0.613957	0.111774	-0.206561	-0.175148	0.672486	-0.524974	-0.123879	0.702348	-0.521705	-0.155202	0.626930	-0.517491	-0.103484	0.663695	-0.520916	-0.054212	0.421726	-0.469833	-0.001201	0.453644	-0.376909	-0.059498	0.291923	-0.449201	-0.015963	0.310296	-0.461556	-0.037770	0.247347	-0.437955	0.004369	0.266328	-0.450030	0.062624	0.085959	-0.401949	0.097782	0.115265	-0.335318	0.164666	0.035257	-0.461009	0.231790	0.056644	-0.372846	0.254586	0.090971	-0.452184	0.033181	0.053675	-0.321419	-0.202084	1.407830	-0.293356	-0.249722	1.332916	-0.612072	
225	1.1200	-0.153521	0.920526	-0.235959	-0.142206	0.889976	-0.472112	-0.339352	0.927369	-0.331145	-0.333661	0.916433	-0.418548	-0.243822	0.701227	-0.152868	-0.181493	0.704630	-0.165656	-0.247811	0.652317	-0.148386	-0.187140	0.652096	-0.158772	-0.308485	0.461965	-0.146859	-0.278538	0.429554	-0.251136	-0.421788	0.374305	-0.134102	-0.370138	0.348201	-0.136286	-0.457183	0.309383	-0.134518	-0.404953	0.288864	-0.137781	-0.529456	0.140902	-0.148399	-0.511316	0.127380	-0.229281	-0.469642	0.034463	-0.099497	-0.441055	0.021775	-0.210245	-0.382456	0.040900	-0.153653	-0.613479	0.112636	-0.206544	-0.173347	0.672462	-0.525193	-0.122123	0.702394	-0.521846	-0.153372	0.626925	-0.517692	-0.101706	0.663763	-0.521053	-0.052562	0.421589	-0.470163	0.000541	0.453586	-0.377353	-0.058256	0.291752	-0.449384	-0.014649	0.309963	-0.461689	-0.036698	0.247105	-0.438048	0.005545	0.265903	-0.450051	0.063008	0.085412	-0.401714	0.098264	0.114607	-0.335075	0.164848	0.034288	-0.460624	0.232067	0.055089	-0.372463	0.255153	0.089449	-0.451783	0.033362	0.053574	-0.321145	-0.200754	1.407695	-0.293846	-0.248360	1.332650	-0.612531	
226	1.1250	-0.152377	0.920483	-0.236084	-0.140911	0.889919	-0.472239	-0.338152	0.927199	-0.331389	-0.332416	0.916275	-0.418786	-0.242603	0.701180	-0.152908	-0.180282	0.704617	-0.165651	-0.246562	0.652273	-0.148362	-0.185883	0.652090	-0.158701	-0.307090	0.461877	-0.146618	-0.277054	0.429365	-0.250857	-0.420647	0.374462	-0.133948	-0.369062	0.348239	-0.136071	-0.456235	0.309656	-0.134383	-0.404068	0.288977	-0.137621	-0.529015	0.141380	-0.148306	-0.510822	0.127801	-0.229175	-0.469581	0.034505	-0.099489	-0.440973	0.021795	-0.210195	-0.382466	0.040890	-0.153660	-0.613087	0.113338	-0.206531	-0.171900	0.672447	-0.525372	-0.120713	0.702435	-0.521964	-0.151902	0.626926	-0.517855	-0.100279	0.663821	-0.521166	-0.051245	0.421479	-0.470430	0.001929	0.453539	-0.377713	-0.057265	0.291614	-0.449535	-0.013600	0.309695	-0.461796	-0.035845	0.246910	-0.438126	0.006483	0.265561	-0.450069	0.063305	0.084971	-0.401524	0.098636	0.114072	-0.334877	0.164981	0.033505	-0.460305	0.232271	0.053819	-0.372144	0.255601	0.088211	-0.451446	0.033488	0.053495	-0.320927	-0.199690	1.407591	-0.294242	-0.247268	1.332439	-0.612902	
