name=P3 65w 01_force.mot
nRows=1046
nColumns=19
range=0.000000 1.045000
endheader
time	1_force_vx	1_force_vy	1_force_vz	1_force_px	1_force_py	1_force_pz	1_torque_x	1_torque_y	1_torque_z	2_force_vx	2_force_vy	2_force_vz	2_force_px	2_force_py	2_force_pz	2_torque_x	2_torque_y	2_torque_z
            0.000000	            0.000000	            0.000000	            0.000000	           -0.433332	            0.000000	           -0.275592	            0.000000	            0.000000	            0.000000	            9.470492	           23.159462	           -2.020238	           -1.423196	            0.000000	           -0.538972	            0.256625	           -0.054574	           -0.253331
            0.001000	            0.000000	            0.000000	            0.000000	           -0.433332	            0.000000	           -0.275592	            0.000000	            0.000000	            0.000000	           12.540531	           31.539296	           -2.895957	           -1.423196	            0.000000	           -0.538972	            0.254418	           -0.021747	           -0.239516
            0.002000	            0.000000	            0.000000	            0.000000	           -0.433332	            0.000000	           -0.275592	            0.000000	            0.000000	            0.000000	           15.680687	           40.351228	           -3.836700	           -1.423196	            0.000000	           -0.538972	            0.249764	            0.011117	           -0.224464
            0.003000	            0.000000	            0.000000	            0.000000	           -0.433332	            0.000000	           -0.275592	            0.000000	            0.000000	            0.000000	           18.869445	           49.614497	           -4.844972	           -1.406488	            0.000000	           -0.524878	            0.242569	            0.043712	           -0.208256
            0.004000	            0.000000	            0.000000	            0.000000	           -0.433332	            0.000000	           -0.275592	            0.000000	            0.000000	            0.000000	           22.079364	           59.335403	           -5.921168	           -1.391883	            0.000000	           -0.512404	            0.232891	            0.075691	           -0.191082
            0.005000	            0.000000	            0.000000	            0.000000	           -0.433332	            0.000000	           -0.275592	            0.000000	            0.000000	            0.000000	           25.276972	           69.505817	           -7.063390	           -1.379200	            0.000000	           -0.501444	            0.220923	            0.106676	           -0.173218
            0.006000	            0.000000	            0.000000	            0.000000	           -0.433332	            0.000000	           -0.275592	            0.000000	            0.000000	            0.000000	           28.422955	           80.102428	           -8.267367	           -1.368314	            0.000000	           -0.491948	            0.206960	            0.136261	           -0.154997
            0.007000	            0.000000	            0.000000	            0.000000	           -0.433332	            0.000000	           -0.275592	            0.000000	            0.000000	            0.000000	           31.472628	           91.086737	           -9.526489	           -1.359078	            0.000000	           -0.483846	            0.191372	            0.164022	           -0.136779
            0.008000	            0.000000	            0.000000	            0.000000	           -0.433332	            0.000000	           -0.275592	            0.000000	            0.000000	            0.000000	           34.376718	          102.405807	          -10.831959	           -1.351314	            0.000000	           -0.477021	            0.174576	            0.189523	           -0.118928
            0.009000	            0.000000	            0.000000	            0.000000	           -0.433332	            0.000000	           -0.275592	            0.000000	            0.000000	            0.000000	           37.082410	          113.993704	          -12.173052	           -1.344832	            0.000000	           -0.471326	            0.157004	            0.212324	           -0.101782
            0.010000	            0.000000	            0.000000	            0.000000	           -0.433332	            0.000000	           -0.275592	            0.000000	            0.000000	            0.000000	           39.534645	          125.773544	          -13.537459	           -1.339434	            0.000000	           -0.466612	            0.139084	            0.231987	           -0.085638
            0.011000	            0.000000	            0.000000	            0.000000	           -0.433332	            0.000000	           -0.275592	            0.000000	            0.000000	            0.000000	           41.677621	          137.660046	          -14.911718	           -1.334929	            0.000000	           -0.462740	            0.121219	            0.248082	           -0.070734
            0.012000	            0.000000	            0.000000	            0.000000	           -0.433332	            0.000000	           -0.275592	            0.000000	            0.000000	            0.000000	           43.456436	          149.562453	          -16.281685	           -1.331138	            0.000000	           -0.459579	            0.103771	            0.260193	           -0.057237
            0.013000	            0.000000	            0.000000	            0.000000	           -0.433332	            0.000000	           -0.275592	            0.000000	            0.000000	            0.000000	           44.818808	          161.387687	          -17.633038	           -1.327906	            0.000000	           -0.457008	            0.087054	            0.267931	           -0.045246
            0.014000	            0.000000	            0.000000	            0.000000	           -0.433332	            0.000000	           -0.275592	            0.000000	            0.000000	            0.000000	           45.716808	          173.043599	          -18.951779	           -1.325104	            0.000000	           -0.454916	            0.071332	            0.270939	           -0.034783
            0.015000	            0.000000	            0.000000	            0.000000	           -0.433332	            0.000000	           -0.275592	            0.000000	            0.000000	            0.000000	           46.108508	          184.442168	          -20.224703	           -1.322626	            0.000000	           -0.453205	            0.056811	            0.268902	           -0.025804
            0.016000	            0.000000	            0.000000	            0.000000	           -0.433332	            0.000000	           -0.275592	            0.000000	            0.000000	            0.000000	           45.959487	          195.502523	          -21.439816	           -1.320388	            0.000000	           -0.451798	            0.043652	            0.261556	           -0.018201
            0.017000	            0.000000	            0.000000	            0.000000	           -0.433332	            0.000000	           -0.275592	            0.000000	            0.000000	            0.000000	           45.244123	          206.153686	          -22.586674	           -1.318331	            0.000000	           -0.450637	            0.031969	            0.248695	           -0.011818
            0.018000	            0.000000	            0.000000	            0.000000	           -0.433332	            0.000000	           -0.275592	            0.000000	            0.000000	            0.000000	           43.946589	          216.336935	          -23.656622	           -1.316412	            0.000000	           -0.449678	            0.021839	            0.230177	           -0.006460
            0.019000	            0.000000	            0.000000	            0.000000	           -0.433332	            0.000000	           -0.275592	            0.000000	            0.000000	            0.000000	           42.061545	          226.007716	          -24.642925	           -1.314596	            0.000000	           -0.448886	            0.013311	            0.205929	           -0.001906
            0.020000	            0.000000	            0.000000	            0.000000	           -0.433332	            0.000000	           -0.275592	            0.000000	            0.000000	            0.000000	           39.594457	          235.137068	          -25.540779	           -1.312855	            0.000000	           -0.448232	            0.006413	            0.175941	            0.002076
            0.021000	            0.000000	            0.000000	            0.000000	           -0.433332	            0.000000	           -0.275592	            0.000000	            0.000000	            0.000000	           36.561552	          243.712538	          -26.347202	           -1.311167	            0.000000	           -0.447694	            0.001162	            0.140273	            0.005717
            0.022000	            0.000000	            0.000000	            0.000000	           -0.433332	            0.000000	           -0.275592	            0.000000	            0.000000	            0.000000	           32.989414	          251.738571	          -27.060813	           -1.309516	            0.000000	           -0.447249	           -0.002434	            0.099036	            0.009233
            0.023000	            0.000000	            0.000000	            0.000000	           -0.433332	            0.000000	           -0.275592	            0.000000	            0.000000	            0.000000	           28.914226	          259.236414	          -27.681501	           -1.307886	            0.000000	           -0.446874	           -0.004367	            0.052392	            0.012818
            0.024000	            0.000000	            0.000000	            0.000000	           -0.433332	            0.000000	           -0.275592	            0.000000	            0.000000	            0.000000	           24.380705	          266.243557	          -28.210016	           -1.306269	            0.000000	           -0.446545	           -0.004624	            0.000533	            0.016628
            0.025000	            0.000000	            0.000000	            0.000000	           -0.433332	            0.000000	           -0.275592	            0.000000	            0.000000	            0.000000	           19.440780	          272.812762	          -28.647496	           -1.304654	            0.000000	           -0.446245	           -0.003187	           -0.056333	            0.020783
            0.026000	            0.000000	            0.000000	            0.000000	           -0.433332	            0.000000	           -0.275592	            0.000000	            0.000000	            0.000000	           14.152048	          279.010727	          -28.994948	           -1.303036	            0.000000	           -0.445962	           -0.000031	           -0.118001	            0.025355
            0.027000	            0.000000	            0.000000	            0.000000	           -0.433332	            0.000000	           -0.275592	            0.000000	            0.000000	            0.000000	            8.576093	          284.916467	          -29.252733	           -1.301411	            0.000000	           -0.445690	            0.004877	           -0.184288	            0.030369
            0.028000	            0.000000	            0.000000	            0.000000	           -0.433332	            0.000000	           -0.275592	            0.000000	            0.000000	            0.000000	            2.776714	          290.619443	          -29.420069	           -1.299779	            0.000000	           -0.445430	            0.011577	           -0.255049	            0.035803
            0.029000	            0.000000	            0.000000	            0.000000	           -0.433332	            0.000000	           -0.275592	            0.000000	            0.000000	            0.000000	           -3.181871	          296.217525	          -29.494588	           -1.298138	            0.000000	           -0.445185	            0.020113	           -0.330200	            0.041585
            0.030000	            0.000000	            0.000000	            0.000000	           -0.433332	            0.000000	           -0.275592	            0.000000	            0.000000	            0.000000	           -9.236776	          301.814828	          -29.471981	           -1.296482	            0.000000	           -0.444961	            0.030533	           -0.409723	            0.047603
            0.031000	            0.000000	            0.000000	            0.000000	           -0.433332	            0.000000	           -0.275592	            0.000000	            0.000000	            0.000000	          -15.328108	          307.519478	          -29.345761	           -1.294804	            0.000000	           -0.444760	            0.042883	           -0.493678	            0.053706
            0.032000	            0.000000	            0.000000	            0.000000	           -0.433332	            0.000000	           -0.275592	            0.000000	            0.000000	            0.000000	          -21.400476	          313.441339	          -29.107158	           -1.293100	            0.000000	           -0.444586	            0.057207	           -0.582203	            0.059711
            0.033000	            0.000000	            0.000000	            0.000000	           -0.433332	            0.000000	           -0.275592	            0.000000	            0.000000	            0.000000	          -27.404311	          319.689753	          -28.745185	           -1.291370	            0.000000	           -0.444437	            0.073541	           -0.675508	            0.065411
            0.034000	            0.000000	            0.000000	            0.000000	           -0.433332	            0.000000	           -0.275592	            0.000000	            0.000000	            0.000000	          -33.296952	          326.371302	          -28.246865	           -1.289619	            0.000000	           -0.444309	            0.091911	           -0.773861	            0.070584
            0.035000	            0.000000	            0.000000	            0.000000	           -0.433332	            0.000000	           -0.275592	            0.000000	            0.000000	            0.000000	          -39.043478	          333.587624	          -27.597649	           -1.287857	            0.000000	           -0.444198	            0.112328	           -0.877567	            0.075001
            0.036000	            0.000000	            0.000000	            0.000000	           -0.433332	            0.000000	           -0.275592	            0.000000	            0.000000	            0.000000	          -44.617250	          341.433302	          -26.782004	           -1.286096	            0.000000	           -0.444102	            0.134784	           -0.986934	            0.078436
            0.037000	            0.000000	            0.000000	            0.000000	           -0.433332	            0.000000	           -0.275592	            0.000000	            0.000000	            0.000000	          -50.000173	          349.993833	          -25.784169	           -1.284348	            0.000000	           -0.444020	            0.159248	           -1.102239	            0.080675
            0.038000	            0.000000	            0.000000	            0.000000	           -0.433332	            0.000000	           -0.275592	            0.000000	            0.000000	            0.000000	          -55.182646	          359.343702	          -24.589052	           -1.282621	            0.000000	           -0.443952	            0.185659	           -1.223681	            0.081524
            0.039000	            0.000000	            0.000000	            0.000000	           -0.433332	            0.000000	           -0.275592	            0.000000	            0.000000	            0.000000	          -60.163231	          369.544571	          -23.183237	           -1.280918	            0.000000	           -0.443903	            0.213923	           -1.351335	            0.080820
            0.040000	            0.000000	            0.000000	            0.000000	           -0.433332	            0.000000	           -0.275592	            0.000000	            0.000000	            0.000000	          -64.948037	          380.643619	          -21.556066	           -1.279237	            0.000000	           -0.443881	            0.243908	           -1.485104	            0.078435
            0.041000	            0.000000	            0.000000	            0.000000	           -0.433332	            0.000000	           -0.275592	            0.000000	            0.000000	            0.000000	          -69.549853	          392.672045	          -19.700732	           -1.277573	            0.000000	           -0.443892	            0.275438	           -1.624667	            0.074287
            0.042000	            0.000000	            0.000000	            0.000000	           -0.433332	            0.000000	           -0.275592	            0.000000	            0.000000	            0.000000	          -73.987058	          405.643788	          -17.615339	           -1.275913	            0.000000	           -0.443942	            0.308290	           -1.769439	            0.068341
            0.043000	            0.000000	            0.000000	            0.000000	           -0.433332	            0.000000	           -0.275592	            0.000000	            0.000000	            0.000000	          -78.282340	          419.554497	          -15.303862	           -1.274238	            0.000000	           -0.444033	            0.342189	           -1.918537	            0.060619
            0.044000	            0.000000	            0.000000	            0.000000	           -0.433332	            0.000000	           -0.275592	            0.000000	            0.000000	            0.000000	          -82.461296	          434.380805	          -12.776942	           -1.272522	            0.000000	           -0.444170	            0.376807	           -2.070752	            0.051196
            0.045000	            0.000000	            0.000000	            0.000000	           -0.433332	            0.000000	           -0.275592	            0.000000	            0.000000	            0.000000	          -86.550936	          450.079959	          -10.052455	           -1.270738	            0.000000	           -0.444354	            0.411764	           -2.224543	            0.040203
            0.046000	            0.000000	            0.000000	            0.000000	           -0.433332	            0.000000	           -0.275592	            0.000000	            0.000000	            0.000000	          -90.578176	          466.589857	           -7.155806	           -1.268860	            0.000000	           -0.444587	            0.446631	           -2.378044	            0.027829
            0.047000	            0.000000	            0.000000	            0.000000	           -0.433332	            0.000000	           -0.275592	            0.000000	            0.000000	            0.000000	          -94.568380	          483.829546	           -4.119883	           -1.266871	            0.000000	           -0.444870	            0.480930	           -2.529088	            0.014312
            0.048000	            0.000000	            0.000000	            0.000000	           -0.433332	            0.000000	           -0.275592	            0.000000	            0.000000	            0.000000	          -98.543995	          501.700196	           -0.984662	           -1.264766	            0.000000	           -0.445197	            0.514148	           -2.675257	           -0.000065
            0.049000	            0.000000	            0.000000	            0.000000	           -0.433332	            0.000000	           -0.275592	            0.000000	            0.000000	            0.000000	         -102.523376	          520.086602	            2.203576	           -1.262563	            0.000000	           -0.445555	            0.545744	           -2.813937	           -0.014978
            0.050000	            0.000000	            0.000000	            0.000000	           -0.433332	            0.000000	           -0.275592	            0.000000	            0.000000	            0.000000	         -106.519815	          538.859179	            5.393392	           -1.260301	            0.000000	           -0.445925	            0.575164	           -2.942409	           -0.030080
            0.051000	            0.000000	            0.000000	            0.000000	           -0.433332	            0.000000	           -0.275592	            0.000000	            0.000000	            0.000000	         -110.540863	          557.876457	            8.529688	           -1.258032	            0.000000	           -0.446286	            0.601856	           -3.057932	           -0.045002
            0.052000	            0.000000	            0.000000	            0.000000	           -0.433332	            0.000000	           -0.275592	            0.000000	            0.000000	            0.000000	         -114.587944	          576.988004	           11.555495	           -1.255812	            0.000000	           -0.446620	            0.625290	           -3.157858	           -0.059376
            0.053000	            0.000000	            0.000000	            0.000000	           -0.433332	            0.000000	           -0.275592	            0.000000	            0.000000	            0.000000	         -118.656301	          596.037721	           14.413982	           -1.253689	            0.000000	           -0.446911	            0.644974	           -3.239729	           -0.072842
            0.054000	            0.000000	            0.000000	            0.000000	           -0.433332	            0.000000	           -0.275592	            0.000000	            0.000000	            0.000000	         -122.735264	          614.867399	           17.050603	           -1.251700	            0.000000	           -0.447151	            0.660477	           -3.301394	           -0.085063
            0.055000	            0.000000	            0.000000	            0.000000	           -0.433332	            0.000000	           -0.275592	            0.000000	            0.000000	            0.000000	         -126.808832	          633.320444	           19.415259	           -1.249864	            0.000000	           -0.447333	            0.671445	           -3.341103	           -0.095740
            0.056000	            0.000000	            0.000000	            0.000000	           -0.433332	            0.000000	           -0.275592	            0.000000	            0.000000	            0.000000	         -130.856520	          651.245633	           21.464390	           -1.248193	            0.000000	           -0.447459	            0.677620	           -3.357603	           -0.104623
            0.057000	            0.000000	            0.000000	            0.000000	           -0.433332	            0.000000	           -0.275592	            0.000000	            0.000000	            0.000000	         -134.854439	          668.500771	           23.162860	           -1.246686	            0.000000	           -0.447527	            0.678855	           -3.350203	           -0.111518
            0.058000	            0.000000	            0.000000	            0.000000	           -0.433332	            0.000000	           -0.275592	            0.000000	            0.000000	            0.000000	         -138.776530	          684.956138	           24.485546	           -1.245340	            0.000000	           -0.447539	            0.675122	           -3.318831	           -0.116300
            0.059000	            0.000000	            0.000000	            0.000000	           -0.433332	            0.000000	           -0.275592	            0.000000	            0.000000	            0.000000	         -142.595894	          700.497573	           25.418549	           -1.244147	            0.000000	           -0.447495	            0.666523	           -3.264057	           -0.118915
            0.060000	            0.000000	            0.000000	            0.000000	           -0.433332	            0.000000	           -0.275592	            0.000000	            0.000000	            0.000000	         -146.286132	          715.029115	           25.959937	           -1.243100	            0.000000	           -0.447400	            0.653289	           -3.187098	           -0.119380
            0.061000	            0.000000	            0.000000	            0.000000	           -0.433332	            0.000000	           -0.275592	            0.000000	            0.000000	            0.000000	         -149.822638	          728.475098	           26.120012	           -1.242188	            0.000000	           -0.447263	            0.635777	           -3.089789	           -0.117783
            0.062000	            0.000000	            0.000000	            0.000000	           -0.433332	            0.000000	           -0.275592	            0.000000	            0.000000	            0.000000	         -153.183757	          740.781620	           25.921053	           -1.241394	            0.000000	           -0.447098	            0.614461	           -2.974534	           -0.114279
            0.063000	            0.000000	            0.000000	            0.000000	           -0.433332	            0.000000	           -0.275592	            0.000000	            0.000000	            0.000000	         -156.351776	          751.917372	           25.396579	           -1.240698	            0.000000	           -0.446917	            0.589923	           -2.844234	           -0.109080
            0.064000	            0.000000	            0.000000	            0.000000	           -0.433332	            0.000000	           -0.275592	            0.000000	            0.000000	            0.000000	         -159.313670	          761.873778	           24.590153	           -1.240073	            0.000000	           -0.446729	            0.562830	           -2.702189	           -0.102448
            0.065000	            0.000000	            0.000000	            0.000000	           -0.433332	            0.000000	           -0.275592	            0.000000	            0.000000	            0.000000	         -162.061600	          770.664489	           23.553796	           -1.239492	            0.000000	           -0.446543	            0.533915	           -2.551991	           -0.094683
            0.066000	            0.000000	            0.000000	            0.000000	           -0.433332	            0.000000	           -0.275592	            0.000000	            0.000000	            0.000000	         -164.593133	          778.324249	           22.346099	           -1.238931	            0.000000	           -0.446363	            0.503953	           -2.397403	           -0.086109
            0.067000	            0.000000	            0.000000	            0.000000	           -0.433332	            0.000000	           -0.275592	            0.000000	            0.000000	            0.000000	         -166.911179	          784.907213	           21.030112	           -1.238367	            0.000000	           -0.446196	            0.473735	           -2.242229	           -0.077062
            0.068000	            0.000000	            0.000000	            0.000000	           -0.433332	            0.000000	           -0.275592	            0.000000	            0.000000	            0.000000	         -169.023673	          790.484784	           19.671114	           -1.237787	            0.000000	           -0.446046	            0.444041	           -2.090193	           -0.067878
            0.069000	            0.000000	            0.000000	            0.000000	           -0.433332	            0.000000	           -0.275592	            0.000000	            0.000000	            0.000000	         -170.943014	          795.143075	           18.334363	           -1.237184	            0.000000	           -0.445920	            0.415613	           -1.944812	           -0.058880
            0.070000	            0.000000	            0.000000	            0.000000	           -0.433332	            0.000000	           -0.275592	            0.000000	            0.000000	            0.000000	         -172.685314	          798.980093	           17.082913	           -1.236557	            0.000000	           -0.445825	            0.389134	           -1.809282	           -0.050368
            0.071000	            0.000000	            0.000000	            0.000000	           -0.433332	            0.000000	           -0.275592	            0.000000	            0.000000	            0.000000	         -174.269491	          802.102756	           15.975589	           -1.235911	            0.000000	           -0.445762	            0.365200	           -1.686384	           -0.042610
            0.072000	            0.000000	            0.000000	            0.000000	           -0.433332	            0.000000	           -0.275592	            0.000000	            0.000000	            0.000000	         -175.716274	          804.623833	           15.065185	           -1.235251	            0.000000	           -0.445735	            0.344307	           -1.578399	           -0.035832
            0.073000	            0.000000	            0.000000	            0.000000	           -0.433332	            0.000000	           -0.275592	            0.000000	            0.000000	            0.000000	         -177.047161	          806.658924	           14.396942	           -1.234584	            0.000000	           -0.445740	            0.326834	           -1.487047	           -0.030216
            0.074000	            0.000000	            0.000000	            0.000000	           -0.433332	            0.000000	           -0.275592	            0.000000	            0.000000	            0.000000	         -178.283395	          808.323541	           14.007357	           -1.233912	            0.000000	           -0.445774	            0.313031	           -1.413450	           -0.025896
            0.075000	            0.000000	            0.000000	            0.000000	           -0.433332	            0.000000	           -0.275592	            0.000000	            0.000000	            0.000000	         -179.445006	          809.730388	           13.923336	           -1.233240	            0.000000	           -0.445836	            0.303019	           -1.358114	           -0.022952
            0.076000	            0.000000	            0.000000	            0.000000	           -0.433332	            0.000000	           -0.275592	            0.000000	            0.000000	            0.000000	         -180.549960	          810.986875	           14.161719	           -1.232571	            0.000000	           -0.445921	            0.296784	           -1.320939	           -0.021418
            0.077000	            0.000000	            0.000000	            0.000000	           -0.433332	            0.000000	           -0.275592	            0.000000	            0.000000	            0.000000	         -181.613462	          812.192946	           14.729155	           -1.231909	            0.000000	           -0.446029	            0.294187	           -1.301245	           -0.021277
            0.078000	            0.000000	            0.000000	            0.000000	           -0.433332	            0.000000	           -0.275592	            0.000000	            0.000000	            0.000000	         -182.647422	          813.439219	           15.622338	           -1.231255	            0.000000	           -0.446158	            0.294972	           -1.297829	           -0.022468
            0.079000	            0.000000	            0.000000	            0.000000	           -0.433332	            0.000000	           -0.275592	            0.000000	            0.000000	            0.000000	         -183.660128	          814.805497	           16.828552	           -1.230613	            0.000000	           -0.446304	            0.298780	           -1.309027	           -0.024891
            0.080000	            0.000000	            0.000000	            0.000000	           -0.433332	            0.000000	           -0.275592	            0.000000	            0.000000	            0.000000	         -184.656102	          816.359629	           18.326510	           -1.229986	            0.000000	           -0.446464	            0.305166	           -1.332801	           -0.028411
            0.081000	            0.000000	            0.000000	            0.000000	           -0.433332	            0.000000	           -0.275592	            0.000000	            0.000000	            0.000000	         -185.636153	          818.156745	           20.087433	           -1.229375	            0.000000	           -0.446634	            0.313622	           -1.366834	           -0.032867
            0.082000	            0.000000	            0.000000	            0.000000	           -0.433332	            0.000000	           -0.275592	            0.000000	            0.000000	            0.000000	         -186.597609	          820.238851	           22.076326	           -1.228785	            0.000000	           -0.446811	            0.323596	           -1.408628	           -0.038078
            0.083000	            0.000000	            0.000000	            0.000000	           -0.433332	            0.000000	           -0.275592	            0.000000	            0.000000	            0.000000	         -187.534701	          822.634758	           24.253395	           -1.228219	            0.000000	           -0.446993	            0.334518	           -1.455614	           -0.043851
            0.084000	            0.000000	            0.000000	            0.000000	           -0.433332	            0.000000	           -0.275592	            0.000000	            0.000000	            0.000000	         -188.439074	          825.360346	           26.575551	           -1.227680	            0.000000	           -0.447179	            0.345823	           -1.505248	           -0.049988
            0.085000	            0.000000	            0.000000	            0.000000	           -0.433332	            0.000000	           -0.275592	            0.000000	            0.000000	            0.000000	         -189.300388	          828.419109	           28.997949	           -1.227170	            0.000000	           -0.447368	            0.356969	           -1.555112	           -0.056295
            0.086000	            0.000000	            0.000000	            0.000000	           -0.433332	            0.000000	           -0.275592	            0.000000	            0.000000	            0.000000	         -190.106975	          831.802973	           31.475499	           -1.226693	            0.000000	           -0.447558	            0.367463	           -1.602999	           -0.062585
            0.087000	            0.000000	            0.000000	            0.000000	           -0.433332	            0.000000	           -0.275592	            0.000000	            0.000000	            0.000000	         -190.846517	          835.493328	           33.964308	           -1.226249	            0.000000	           -0.447749	            0.376873	           -1.646987	           -0.068691
            0.088000	            0.000000	            0.000000	            0.000000	           -0.433332	            0.000000	           -0.275592	            0.000000	            0.000000	            0.000000	         -191.506700	          839.462258	           36.422994	           -1.225840	            0.000000	           -0.447938	            0.384845	           -1.685500	           -0.074464
            0.089000	            0.000000	            0.000000	            0.000000	           -0.433332	            0.000000	           -0.275592	            0.000000	            0.000000	            0.000000	         -192.075833	          843.673898	           38.813848	           -1.225464	            0.000000	           -0.448124	            0.391114	           -1.717344	           -0.079780
            0.090000	            0.000000	            0.000000	            0.000000	           -0.433332	            0.000000	           -0.275592	            0.000000	            0.000000	            0.000000	         -192.543383	          848.085908	           41.103793	           -1.225122	            0.000000	           -0.448306	            0.395503	           -1.741738	           -0.084545
            0.091000	            0.000000	            0.000000	            0.000000	           -0.433332	            0.000000	           -0.275592	            0.000000	            0.000000	            0.000000	         -192.900418	          852.650996	           43.265135	           -1.224809	            0.000000	           -0.448480	            0.397934	           -1.758308	           -0.088695
            0.092000	            0.000000	            0.000000	            0.000000	           -0.433332	            0.000000	           -0.275592	            0.000000	            0.000000	            0.000000	         -193.139943	          857.318458	           45.276068	           -1.224524	            0.000000	           -0.448646	            0.398417	           -1.767085	           -0.092195
            0.093000	            0.000000	            0.000000	            0.000000	           -0.433332	            0.000000	           -0.275592	            0.000000	            0.000000	            0.000000	         -193.257121	          862.035697	           47.120957	           -1.224264	            0.000000	           -0.448802	            0.397048	           -1.768464	           -0.095041
            0.094000	            0.000000	            0.000000	            0.000000	           -0.433332	            0.000000	           -0.275592	            0.000000	            0.000000	            0.000000	         -193.249373	          866.749682	           48.790373	           -1.224025	            0.000000	           -0.448947	            0.393997	           -1.763169	           -0.097256
            0.095000	            0.000000	            0.000000	            0.000000	           -0.433332	            0.000000	           -0.275592	            0.000000	            0.000000	            0.000000	         -193.116372	          871.408314	           50.280926	           -1.223805	            0.000000	           -0.449080	            0.389497	           -1.752194	           -0.098888
            0.096000	            0.000000	            0.000000	            0.000000	           -0.433332	            0.000000	           -0.275592	            0.000000	            0.000000	            0.000000	         -192.859929	          875.961670	           51.594884	           -1.223603	            0.000000	           -0.449198	            0.383829	           -1.736737	           -0.100006
            0.097000	            0.000000	            0.000000	            0.000000	           -0.433332	            0.000000	           -0.275592	            0.000000	            0.000000	            0.000000	         -192.483804	          880.363108	           52.739633	           -1.223414	            0.000000	           -0.449303	            0.377304	           -1.718137	           -0.100695
            0.098000	            0.000000	            0.000000	            0.000000	           -0.433332	            0.000000	           -0.275592	            0.000000	            0.000000	            0.000000	         -191.993433	          884.570204	           53.726997	           -1.223238	            0.000000	           -0.449399	            0.370252	           -1.697800	           -0.101054
            0.099000	            0.000000	            0.000000	            0.000000	           -0.433332	            0.000000	           -0.275592	            0.000000	            0.000000	            0.000000	         -191.395619	          888.545517	           54.572463	           -1.223071	            0.000000	           -0.449489	            0.363001	           -1.677129	           -0.101187
            0.100000	            0.000000	            0.000000	            0.000000	           -0.433332	            0.000000	           -0.275592	            0.000000	            0.000000	            0.000000	         -190.698180	          892.257168	           55.294336	           -1.222912	            0.000000	           -0.449578	            0.355864	           -1.657467	           -0.101199
            0.101000	            0.000000	            0.000000	            0.000000	           -0.433332	            0.000000	           -0.275592	            0.000000	            0.000000	            0.000000	         -189.909593	          895.679238	           55.912876	           -1.222760	            0.000000	           -0.449666	            0.349129	           -1.640037	           -0.101196
            0.102000	            0.000000	            0.000000	            0.000000	           -0.433332	            0.000000	           -0.275592	            0.000000	            0.000000	            0.000000	         -189.038641	          898.791979	           56.449444	           -1.222613	            0.000000	           -0.449755	            0.343045	           -1.625897	           -0.101273
            0.103000	            0.000000	            0.000000	            0.000000	           -0.433332	            0.000000	           -0.275592	            0.000000	            0.000000	            0.000000	         -188.094080	          901.581854	           56.925685	           -1.222466	            0.000000	           -0.449847	            0.337815	           -1.615904	           -0.101519
            0.104000	            0.000000	            0.000000	            0.000000	           -0.433332	            0.000000	           -0.275592	            0.000000	            0.000000	            0.000000	         -187.084337	          904.041407	           57.362784	           -1.222318	            0.000000	           -0.449943	            0.333592	           -1.610698	           -0.102009
            0.105000	            0.000000	            0.000000	            0.000000	           -0.433332	            0.000000	           -0.275592	            0.000000	            0.000000	            0.000000	         -186.017257	          906.168996	           57.780806	           -1.222169	            0.000000	           -0.450045	            0.330475	           -1.610682	           -0.102802
            0.106000	            0.000000	            0.000000	            0.000000	           -0.433332	            0.000000	           -0.275592	            0.000000	            0.000000	            0.000000	         -184.899894	          907.968383	           58.198142	           -1.222017	            0.000000	           -0.450153	            0.328510	           -1.616032	           -0.103943
            0.107000	            0.000000	            0.000000	            0.000000	           -0.433332	            0.000000	           -0.275592	            0.000000	            0.000000	            0.000000	         -183.738360	          909.448223	           58.631062	           -1.221864	            0.000000	           -0.450269	            0.327690	           -1.626706	           -0.105462
            0.108000	            0.000000	            0.000000	            0.000000	           -0.433332	            0.000000	           -0.275592	            0.000000	            0.000000	            0.000000	         -182.537730	          910.621462	           59.093392	           -1.221710	            0.000000	           -0.450394	            0.327967	           -1.642465	           -0.107372
            0.109000	            0.000000	            0.000000	            0.000000	           -0.433332	            0.000000	           -0.275592	            0.000000	            0.000000	            0.000000	         -181.301998	          911.504671	           59.596295	           -1.221556	            0.000000	           -0.450526	            0.329249	           -1.662902	           -0.109673
            0.110000	            0.000000	            0.000000	            0.000000	           -0.433332	            0.000000	           -0.275592	            0.000000	            0.000000	            0.000000	         -180.034092	          912.117338	           60.148159	           -1.221403	            0.000000	           -0.450669	            0.331414	           -1.687478	           -0.112352
            0.111000	            0.000000	            0.000000	            0.000000	           -0.433332	            0.000000	           -0.275592	            0.000000	            0.000000	            0.000000	         -178.735927	          912.481138	           60.754587	           -1.221252	            0.000000	           -0.450822	            0.334317	           -1.715558	           -0.115386
            0.112000	            0.000000	            0.000000	            0.000000	           -0.433332	            0.000000	           -0.275592	            0.000000	            0.000000	            0.000000	         -177.408506	          912.619207	           61.418468	           -1.221103	            0.000000	           -0.450984	            0.337798	           -1.746447	           -0.118742
            0.113000	            0.000000	            0.000000	            0.000000	           -0.433332	            0.000000	           -0.275592	            0.000000	            0.000000	            0.000000	         -176.052049	          912.555438	           62.140113	           -1.220955	            0.000000	           -0.451155	            0.341690	           -1.779429	           -0.122382
            0.114000	            0.000000	            0.000000	            0.000000	           -0.433332	            0.000000	           -0.275592	            0.000000	            0.000000	            0.000000	         -174.666151	          912.313811	           62.917455	           -1.220810	            0.000000	           -0.451332	            0.345826	           -1.813799	           -0.126266
            0.115000	            0.000000	            0.000000	            0.000000	           -0.433332	            0.000000	           -0.275592	            0.000000	            0.000000	            0.000000	         -173.249952	          911.917787	           63.746288	           -1.220668	            0.000000	           -0.451511	            0.350049	           -1.848892	           -0.130347
            0.116000	            0.000000	            0.000000	            0.000000	           -0.433332	            0.000000	           -0.275592	            0.000000	            0.000000	            0.000000	         -171.802318	          911.389763	           64.620532	           -1.220531	            0.000000	           -0.451691	            0.354215	           -1.884109	           -0.134581
            0.117000	            0.000000	            0.000000	            0.000000	           -0.433332	            0.000000	           -0.275592	            0.000000	            0.000000	            0.000000	         -170.322022	          910.750613	           65.532518	           -1.220398	            0.000000	           -0.451869	            0.358198	           -1.918928	           -0.138925
            0.118000	            0.000000	            0.000000	            0.000000	           -0.433332	            0.000000	           -0.275592	            0.000000	            0.000000	            0.000000	         -168.807915	          910.019311	           66.473287	           -1.220267	            0.000000	           -0.452045	            0.361890	           -1.952922	           -0.143338
            0.119000	            0.000000	            0.000000	            0.000000	           -0.433332	            0.000000	           -0.275592	            0.000000	            0.000000	            0.000000	         -167.259082	          909.212656	           67.432877	           -1.220136	            0.000000	           -0.452219	            0.365209	           -1.985759	           -0.147780
            0.120000	            0.000000	            0.000000	            0.000000	           -0.433332	            0.000000	           -0.275592	            0.000000	            0.000000	            0.000000	         -165.674989	          908.345077	           68.400615	           -1.220002	            0.000000	           -0.452392	            0.368094	           -2.017205	           -0.152217
            0.121000	            0.000000	            0.000000	            0.000000	           -0.433332	            0.000000	           -0.275592	            0.000000	            0.000000	            0.000000	         -164.055588	          907.428544	           69.365398	           -1.219864	            0.000000	           -0.452563	            0.370507	           -2.047115	           -0.156615
            0.122000	            0.000000	            0.000000	            0.000000	           -0.433332	            0.000000	           -0.275592	            0.000000	            0.000000	            0.000000	         -162.401415	          906.472561	           70.315955	           -1.219724	            0.000000	           -0.452732	            0.372428	           -2.075428	           -0.160948
            0.123000	            0.000000	            0.000000	            0.000000	           -0.433332	            0.000000	           -0.275592	            0.000000	            0.000000	            0.000000	         -160.713645	          905.484236	           71.241103	           -1.219584	            0.000000	           -0.452903	            0.373859	           -2.102153	           -0.165188
            0.124000	            0.000000	            0.000000	            0.000000	           -0.433332	            0.000000	           -0.275592	            0.000000	            0.000000	            0.000000	         -158.994129	          904.468425	           72.129983	           -1.219445	            0.000000	           -0.453075	            0.374814	           -2.127355	           -0.169314
            0.125000	            0.000000	            0.000000	            0.000000	           -0.433332	            0.000000	           -0.275592	            0.000000	            0.000000	            0.000000	         -157.245391	          903.427932	           72.972284	           -1.219308	            0.000000	           -0.453251	            0.375321	           -2.151144	           -0.173305
            0.126000	            0.000000	            0.000000	            0.000000	           -0.433332	            0.000000	           -0.275592	            0.000000	            0.000000	            0.000000	         -155.470607	          902.363748	           73.758440	           -1.219173	            0.000000	           -0.453429	            0.375419	           -2.173659	           -0.177144
            0.127000	            0.000000	            0.000000	            0.000000	           -0.433332	            0.000000	           -0.275592	            0.000000	            0.000000	            0.000000	         -153.673559	          901.275325	           74.479818	           -1.219040	            0.000000	           -0.453610	            0.375152	           -2.195055	           -0.180815
            0.128000	            0.000000	            0.000000	            0.000000	           -0.433332	            0.000000	           -0.275592	            0.000000	            0.000000	            0.000000	         -151.858558	          900.160867	           75.128883	           -1.218908	            0.000000	           -0.453791	            0.374567	           -2.215496	           -0.184304
            0.129000	            0.000000	            0.000000	            0.000000	           -0.433332	            0.000000	           -0.275592	            0.000000	            0.000000	            0.000000	         -150.030360	          899.017617	           75.699330	           -1.218778	            0.000000	           -0.453971	            0.373716	           -2.235140	           -0.187600
            0.130000	            0.000000	            0.000000	            0.000000	           -0.433332	            0.000000	           -0.275592	            0.000000	            0.000000	            0.000000	         -148.194057	          897.842142	           76.186199	           -1.218648	            0.000000	           -0.454149	            0.372647	           -2.254137	           -0.190692
            0.131000	            0.000000	            0.000000	            0.000000	           -0.433332	            0.000000	           -0.275592	            0.000000	            0.000000	            0.000000	         -146.354968	          896.630591	           76.585958	           -1.218518	            0.000000	           -0.454322	            0.371409	           -2.272621	           -0.193573
            0.132000	            0.000000	            0.000000	            0.000000	           -0.433332	            0.000000	           -0.275592	            0.000000	            0.000000	            0.000000	         -144.518508	          895.378935	           76.896550	           -1.218386	            0.000000	           -0.454491	            0.370045	           -2.290710	           -0.196238
            0.133000	            0.000000	            0.000000	            0.000000	           -0.433332	            0.000000	           -0.275592	            0.000000	            0.000000	            0.000000	         -142.690072	          894.083163	           77.117405	           -1.218252	            0.000000	           -0.454653	            0.368597	           -2.308500	           -0.198683
            0.134000	            0.000000	            0.000000	            0.000000	           -0.433332	            0.000000	           -0.275592	            0.000000	            0.000000	            0.000000	         -140.874903	          892.739441	           77.249418	           -1.218116	            0.000000	           -0.454810	            0.367100	           -2.326071	           -0.200909
            0.135000	            0.000000	            0.000000	            0.000000	           -0.433332	            0.000000	           -0.275592	            0.000000	            0.000000	            0.000000	         -139.077980	          891.344239	           77.294891	           -1.217976	            0.000000	           -0.454961	            0.365586	           -2.343481	           -0.202918
            0.136000	            0.000000	            0.000000	            0.000000	           -0.433332	            0.000000	           -0.275592	            0.000000	            0.000000	            0.000000	         -137.303899	          889.894400	           77.257432	           -1.217833	            0.000000	           -0.455105	            0.364080	           -2.360776	           -0.204715
            0.137000	            0.000000	            0.000000	            0.000000	           -0.433332	            0.000000	           -0.275592	            0.000000	            0.000000	            0.000000	         -135.556779	          888.387186	           77.141827	           -1.217685	            0.000000	           -0.455241	            0.362604	           -2.377986	           -0.206310
            0.138000	            0.000000	            0.000000	            0.000000	           -0.433332	            0.000000	           -0.275592	            0.000000	            0.000000	            0.000000	         -133.840169	          886.820283	           76.953880	           -1.217532	            0.000000	           -0.455369	            0.361174	           -2.395131	           -0.207714
            0.139000	            0.000000	            0.000000	            0.000000	           -0.433332	            0.000000	           -0.275592	            0.000000	            0.000000	            0.000000	         -132.156984	          885.191768	           76.700224	           -1.217374	            0.000000	           -0.455494	            0.359804	           -2.412222	           -0.208940
            0.140000	            0.000000	            0.000000	            0.000000	           -0.433332	            0.000000	           -0.275592	            0.000000	            0.000000	            0.000000	         -130.509450	          883.500068	           76.388121	           -1.217212	            0.000000	           -0.455617	            0.358501	           -2.429264	           -0.210004
            0.141000	            0.000000	            0.000000	            0.000000	           -0.433332	            0.000000	           -0.275592	            0.000000	            0.000000	            0.000000	         -128.899071	          881.743888	           76.025239	           -1.217046	            0.000000	           -0.455744	            0.357270	           -2.446257	           -0.210925
            0.142000	            0.000000	            0.000000	            0.000000	           -0.433332	            0.000000	           -0.275592	            0.000000	            0.000000	            0.000000	         -127.326618	          879.922140	           75.619438	           -1.216875	            0.000000	           -0.455875	            0.356114	           -2.463200	           -0.211720
            0.143000	            0.000000	            0.000000	            0.000000	           -0.433332	            0.000000	           -0.275592	            0.000000	            0.000000	            0.000000	         -125.792135	          878.033865	           75.178543	           -1.216697	            0.000000	           -0.456011	            0.355032	           -2.480089	           -0.212411
            0.144000	            0.000000	            0.000000	            0.000000	           -0.433332	            0.000000	           -0.275592	            0.000000	            0.000000	            0.000000	         -124.294971	          876.078168	           74.710143	           -1.216509	            0.000000	           -0.456151	            0.354020	           -2.496920	           -0.213015
            0.145000	            0.000000	            0.000000	            0.000000	           -0.433332	            0.000000	           -0.275592	            0.000000	            0.000000	            0.000000	         -122.833822	          874.054154	           74.221395	           -1.216309	            0.000000	           -0.456291	            0.353074	           -2.513690	           -0.213554
            0.146000	            0.000000	            0.000000	            0.000000	           -0.433332	            0.000000	           -0.275592	            0.000000	            0.000000	            0.000000	         -121.406797	          871.960896	           73.718861	           -1.216095	            0.000000	           -0.456430	            0.352186	           -2.530395	           -0.214044
            0.147000	            0.000000	            0.000000	            0.000000	           -0.433332	            0.000000	           -0.275592	            0.000000	            0.000000	            0.000000	         -120.011495	          869.797413	           73.208365	           -1.215865	            0.000000	           -0.456566	            0.351350	           -2.547033	           -0.214502
            0.148000	            0.000000	            0.000000	            0.000000	           -0.433332	            0.000000	           -0.275592	            0.000000	            0.000000	            0.000000	         -118.645092	          867.562680	           72.694890	           -1.215621	            0.000000	           -0.456699	            0.350556	           -2.563597	           -0.214943
            0.149000	            0.000000	            0.000000	            0.000000	           -0.433332	            0.000000	           -0.275592	            0.000000	            0.000000	            0.000000	         -117.304438	          865.255648	           72.182503	           -1.215363	            0.000000	           -0.456830	            0.349794	           -2.580083	           -0.215379
            0.150000	            0.000000	            0.000000	            0.000000	           -0.433332	            0.000000	           -0.275592	            0.000000	            0.000000	            0.000000	         -115.986162	          862.875302	           71.674322	           -1.215094	            0.000000	           -0.456962	            0.349054	           -2.596479	           -0.215819
            0.151000	            0.000000	            0.000000	            0.000000	           -0.433332	            0.000000	           -0.275592	            0.000000	            0.000000	            0.000000	         -114.686766	          860.420711	           71.172510	           -1.214817	            0.000000	           -0.457097	            0.348323	           -2.612772	           -0.216269
            0.152000	            0.000000	            0.000000	            0.000000	           -0.433332	            0.000000	           -0.275592	            0.000000	            0.000000	            0.000000	         -113.402730	          857.891110	           70.678313	           -1.214532	            0.000000	           -0.457238	            0.347592	           -2.628941	           -0.216733
            0.153000	            0.000000	            0.000000	            0.000000	           -0.433332	            0.000000	           -0.275592	            0.000000	            0.000000	            0.000000	         -112.130605	          855.285968	           70.192119	           -1.214240	            0.000000	           -0.457387	            0.346846	           -2.644959	           -0.217209
            0.154000	            0.000000	            0.000000	            0.000000	           -0.433332	            0.000000	           -0.275592	            0.000000	            0.000000	            0.000000	         -110.867095	          852.605063	           69.713553	           -1.213941	            0.000000	           -0.457542	            0.346074	           -2.660792	           -0.217696
            0.155000	            0.000000	            0.000000	            0.000000	           -0.433332	            0.000000	           -0.275592	            0.000000	            0.000000	            0.000000	         -109.609136	          849.848539	           69.241584	           -1.213632	            0.000000	           -0.457703	            0.345262	           -2.676397	           -0.218188
            0.156000	            0.000000	            0.000000	            0.000000	           -0.433332	            0.000000	           -0.275592	            0.000000	            0.000000	            0.000000	         -108.353953	          847.016957	           68.774658	           -1.213314	            0.000000	           -0.457868	            0.344398	           -2.691725	           -0.218676
            0.157000	            0.000000	            0.000000	            0.000000	           -0.433332	            0.000000	           -0.275592	            0.000000	            0.000000	            0.000000	         -107.099107	          844.111318	           68.310836	           -1.212984	            0.000000	           -0.458035	            0.343469	           -2.706720	           -0.219151
            0.158000	            0.000000	            0.000000	            0.000000	           -0.433332	            0.000000	           -0.275592	            0.000000	            0.000000	            0.000000	         -105.842533	          841.133076	           67.847938	           -1.212644	            0.000000	           -0.458204	            0.342462	           -2.721321	           -0.219600
            0.159000	            0.000000	            0.000000	            0.000000	           -0.433332	            0.000000	           -0.275592	            0.000000	            0.000000	            0.000000	         -104.582550	          838.084115	           67.383686	           -1.212296	            0.000000	           -0.458377	            0.341365	           -2.735466	           -0.220013
            0.160000	            0.000000	            0.000000	            0.000000	           -0.433332	            0.000000	           -0.275592	            0.000000	            0.000000	            0.000000	         -103.317872	          834.966721	           66.915840	           -1.211943	            0.000000	           -0.458555	            0.340168	           -2.749092	           -0.220377
            0.161000	            0.000000	            0.000000	            0.000000	           -0.433332	            0.000000	           -0.275592	            0.000000	            0.000000	            0.000000	         -102.047592	          831.783523	           66.442322	           -1.211591	            0.000000	           -0.458739	            0.338861	           -2.762138	           -0.220680
            0.162000	            0.000000	            0.000000	            0.000000	           -0.433332	            0.000000	           -0.275592	            0.000000	            0.000000	            0.000000	         -100.771167	          828.537428	           65.961323	           -1.211241	            0.000000	           -0.458926	            0.337436	           -2.774553	           -0.220912
            0.163000	            0.000000	            0.000000	            0.000000	           -0.433332	            0.000000	           -0.275592	            0.000000	            0.000000	            0.000000	          -99.488382	          825.231543	           65.471392	           -1.210894	            0.000000	           -0.459111	            0.335887	           -2.786291	           -0.221065
            0.164000	            0.000000	            0.000000	            0.000000	           -0.433332	            0.000000	           -0.275592	            0.000000	            0.000000	            0.000000	          -98.199318	          821.869092	           64.971502	           -1.210550	            0.000000	           -0.459291	            0.334210	           -2.797318	           -0.221131
            0.165000	            0.000000	            0.000000	            0.000000	           -0.433332	            0.000000	           -0.275592	            0.000000	            0.000000	            0.000000	          -96.904309	          818.453339	           64.461097	           -1.210206	            0.000000	           -0.459463	            0.332403	           -2.807615	           -0.221107
            0.166000	            0.000000	            0.000000	            0.000000	           -0.433332	            0.000000	           -0.275592	            0.000000	            0.000000	            0.000000	          -95.603894	          814.987515	           63.940111	           -1.209860	            0.000000	           -0.459623	            0.330466	           -2.817176	           -0.220991
            0.167000	            0.000000	            0.000000	            0.000000	           -0.433332	            0.000000	           -0.275592	            0.000000	            0.000000	            0.000000	          -94.298776	          811.474755	           63.408969	           -1.209512	            0.000000	           -0.459772	            0.328402	           -2.826011	           -0.220785
            0.168000	            0.000000	            0.000000	            0.000000	           -0.433332	            0.000000	           -0.275592	            0.000000	            0.000000	            0.000000	          -92.989779	          807.918051	           62.868569	           -1.209159	            0.000000	           -0.459911	            0.326215	           -2.834142	           -0.220493
            0.169000	            0.000000	            0.000000	            0.000000	           -0.433332	            0.000000	           -0.275592	            0.000000	            0.000000	            0.000000	          -91.677805	          804.320221	           62.320241	           -1.208801	            0.000000	           -0.460045	            0.323913	           -2.841609	           -0.220121
            0.170000	            0.000000	            0.000000	            0.000000	           -0.433332	            0.000000	           -0.275592	            0.000000	            0.000000	            0.000000	          -90.363807	          800.683895	           61.765702	           -1.208437	            0.000000	           -0.460179	            0.321502	           -2.848461	           -0.219679
            0.171000	            0.000000	            0.000000	            0.000000	           -0.433332	            0.000000	           -0.275592	            0.000000	            0.000000	            0.000000	          -89.048750	          797.011508	           61.206985	           -1.208067	            0.000000	           -0.460316	            0.318993	           -2.854755	           -0.219177
            0.172000	            0.000000	            0.000000	            0.000000	           -0.433332	            0.000000	           -0.275592	            0.000000	            0.000000	            0.000000	          -87.733598	          793.305315	           60.646377	           -1.207691	            0.000000	           -0.460461	            0.316395	           -2.860556	           -0.218629
            0.173000	            0.000000	            0.000000	            0.000000	           -0.433332	            0.000000	           -0.275592	            0.000000	            0.000000	            0.000000	          -86.419291	          789.567411	           60.086339	           -1.207309	            0.000000	           -0.460614	            0.313720	           -2.865931	           -0.218047
            0.174000	            0.000000	            0.000000	            0.000000	           -0.433332	            0.000000	           -0.275592	            0.000000	            0.000000	            0.000000	          -85.106738	          785.799750	           59.529433	           -1.206920	            0.000000	           -0.460775	            0.310976	           -2.870947	           -0.217445
            0.175000	            0.000000	            0.000000	            0.000000	           -0.433332	            0.000000	           -0.275592	            0.000000	            0.000000	            0.000000	          -83.796809	          782.004177	           58.978248	           -1.206525	            0.000000	           -0.460942	            0.308175	           -2.875667	           -0.216838
            0.176000	            0.000000	            0.000000	            0.000000	           -0.433332	            0.000000	           -0.275592	            0.000000	            0.000000	            0.000000	          -82.490337	          778.182448	           58.435335	           -1.206124	            0.000000	           -0.461114	            0.305325	           -2.880148	           -0.216238
            0.177000	            0.000000	            0.000000	            0.000000	           -0.433332	            0.000000	           -0.275592	            0.000000	            0.000000	            0.000000	          -81.188115	          774.336251	           57.903142	           -1.205719	            0.000000	           -0.461289	            0.302436	           -2.884436	           -0.215659
            0.178000	            0.000000	            0.000000	            0.000000	           -0.433332	            0.000000	           -0.275592	            0.000000	            0.000000	            0.000000	          -79.890906	          770.467222	           57.383970	           -1.205313	            0.000000	           -0.461465	            0.299514	           -2.888568	           -0.215112
            0.179000	            0.000000	            0.000000	            0.000000	           -0.433332	            0.000000	           -0.275592	            0.000000	            0.000000	            0.000000	          -78.599445	          766.576956	           56.879927	           -1.204910	            0.000000	           -0.461641	            0.296565	           -2.892569	           -0.214606
            0.180000	            0.000000	            0.000000	            0.000000	           -0.433332	            0.000000	           -0.275592	            0.000000	            0.000000	            0.000000	          -77.314442	          762.667003	           56.392898	           -1.204511	            0.000000	           -0.461818	            0.293593	           -2.896452	           -0.214151
            0.181000	            0.000000	            0.000000	            0.000000	           -0.433332	            0.000000	           -0.275592	            0.000000	            0.000000	            0.000000	          -76.036587	          758.738874	           55.924532	           -1.204115	            0.000000	           -0.462000	            0.290603	           -2.900219	           -0.213754
            0.182000	            0.000000	            0.000000	            0.000000	           -0.433332	            0.000000	           -0.275592	            0.000000	            0.000000	            0.000000	          -74.766556	          754.794022	           55.476225	           -1.203722	            0.000000	           -0.462187	            0.287596	           -2.903861	           -0.213420
            0.183000	            0.000000	            0.000000	            0.000000	           -0.433332	            0.000000	           -0.275592	            0.000000	            0.000000	            0.000000	          -73.505002	          750.833838	           55.049124	           -1.203332	            0.000000	           -0.462381	            0.284573	           -2.907360	           -0.213154
            0.184000	            0.000000	            0.000000	            0.000000	           -0.433332	            0.000000	           -0.275592	            0.000000	            0.000000	            0.000000	          -72.252560	          746.859636	           54.644134	           -1.202943	            0.000000	           -0.462582	            0.281535	           -2.910695	           -0.212958
            0.185000	            0.000000	            0.000000	            0.000000	           -0.433332	            0.000000	           -0.275592	            0.000000	            0.000000	            0.000000	          -71.009834	          742.872637	           54.261925	           -1.202555	            0.000000	           -0.462788	            0.278482	           -2.913839	           -0.212834
            0.186000	            0.000000	            0.000000	            0.000000	           -0.433332	            0.000000	           -0.275592	            0.000000	            0.000000	            0.000000	          -69.777396	          738.873959	           53.902954	           -1.202167	            0.000000	           -0.462998	            0.275413	           -2.916763	           -0.212784
            0.187000	            0.000000	            0.000000	            0.000000	           -0.433332	            0.000000	           -0.275592	            0.000000	            0.000000	            0.000000	          -68.555769	          734.864615	           53.567477	           -1.201778	            0.000000	           -0.463207	            0.272328	           -2.919444	           -0.212810
            0.188000	            0.000000	            0.000000	            0.000000	           -0.433332	            0.000000	           -0.275592	            0.000000	            0.000000	            0.000000	          -67.345420	          730.845508	           53.255569	           -1.201387	            0.000000	           -0.463413	            0.269227	           -2.921857	           -0.212910
            0.189000	            0.000000	            0.000000	            0.000000	           -0.433332	            0.000000	           -0.275592	            0.000000	            0.000000	            0.000000	          -66.146746	          726.817443	           52.967139	           -1.200996	            0.000000	           -0.463612	            0.266108	           -2.923987	           -0.213085
            0.190000	            0.000000	            0.000000	            0.000000	           -0.433332	            0.000000	           -0.275592	            0.000000	            0.000000	            0.000000	          -64.960060	          722.781147	           52.701947	           -1.200604	            0.000000	           -0.463806	            0.262973	           -2.925824	           -0.213336
            0.191000	            0.000000	            0.000000	            0.000000	           -0.433332	            0.000000	           -0.275592	            0.000000	            0.000000	            0.000000	          -63.785583	          718.737297	           52.459616	           -1.200209	            0.000000	           -0.463995	            0.259822	           -2.927362	           -0.213663
            0.192000	            0.000000	            0.000000	            0.000000	           -0.433332	            0.000000	           -0.275592	            0.000000	            0.000000	            0.000000	          -62.623430	          714.686554	           52.239641	           -1.199809	            0.000000	           -0.464183	            0.256656	           -2.928604	           -0.214064
            0.193000	            0.000000	            0.000000	            0.000000	           -0.433332	            0.000000	           -0.275592	            0.000000	            0.000000	            0.000000	          -61.473610	          710.629614	           52.041398	           -1.199400	            0.000000	           -0.464374	            0.253474	           -2.929558	           -0.214541
            0.194000	            0.000000	            0.000000	            0.000000	           -0.433332	            0.000000	           -0.275592	            0.000000	            0.000000	            0.000000	          -60.336015	          706.567251	           51.864154	           -1.198982	            0.000000	           -0.464576	            0.250278	           -2.930233	           -0.215092
            0.195000	            0.000000	            0.000000	            0.000000	           -0.433332	            0.000000	           -0.275592	            0.000000	            0.000000	            0.000000	          -59.210430	          702.500374	           51.707067	           -1.198554	            0.000000	           -0.464792	            0.247068	           -2.930643	           -0.215716
            0.196000	            0.000000	            0.000000	            0.000000	           -0.433332	            0.000000	           -0.275592	            0.000000	            0.000000	            0.000000	          -58.096529	          698.430070	           51.569197	           -1.198116	            0.000000	           -0.465023	            0.243845	           -2.930799	           -0.216411
            0.197000	            0.000000	            0.000000	            0.000000	           -0.433332	            0.000000	           -0.275592	            0.000000	            0.000000	            0.000000	          -56.993896	          694.357656	           51.449510	           -1.197672	            0.000000	           -0.465267	            0.240608	           -2.930709	           -0.217174
            0.198000	            0.000000	            0.000000	            0.000000	           -0.433332	            0.000000	           -0.275592	            0.000000	            0.000000	            0.000000	          -55.902038	          690.284711	           51.346884	           -1.197225	            0.000000	           -0.465519	            0.237355	           -2.930379	           -0.218001
            0.199000	            0.000000	            0.000000	            0.000000	           -0.433332	            0.000000	           -0.275592	            0.000000	            0.000000	            0.000000	          -54.820405	          686.213109	           51.260122	           -1.196779	            0.000000	           -0.465775	            0.234086	           -2.929806	           -0.218888
            0.200000	            0.000000	            0.000000	            0.000000	           -0.433332	            0.000000	           -0.275592	            0.000000	            0.000000	            0.000000	          -53.748423	          682.145031	           51.187962	           -1.196337	            0.000000	           -0.466032	            0.230799	           -2.928980	           -0.219828
            0.201000	            0.000000	            0.000000	            0.000000	           -0.433332	            0.000000	           -0.275592	            0.000000	            0.000000	            0.000000	          -52.685524	          678.082970	           51.129093	           -1.195902	            0.000000	           -0.466289	            0.227490	           -2.927882	           -0.220813
            0.202000	            0.000000	            0.000000	            0.000000	           -0.433332	            0.000000	           -0.275592	            0.000000	            0.000000	            0.000000	          -51.631182	          674.029721	           51.082172	           -1.195474	            0.000000	           -0.466548	            0.224156	           -2.926488	           -0.221836
            0.203000	            0.000000	            0.000000	            0.000000	           -0.433332	            0.000000	           -0.275592	            0.000000	            0.000000	            0.000000	          -50.584954	          669.988355	           51.045847	           -1.195053	            0.000000	           -0.466810	            0.220794	           -2.924764	           -0.222887
            0.204000	            0.000000	            0.000000	            0.000000	           -0.433332	            0.000000	           -0.275592	            0.000000	            0.000000	            0.000000	          -49.546514	          665.962180	           51.018779	           -1.194637	            0.000000	           -0.467079	            0.217400	           -2.922673	           -0.223957
            0.205000	            0.000000	            0.000000	            0.000000	           -0.433332	            0.000000	           -0.275592	            0.000000	            0.000000	            0.000000	          -48.515698	          661.954694	           50.999665	           -1.194221	            0.000000	           -0.467358	            0.213973	           -2.920174	           -0.225035
            0.206000	            0.000000	            0.000000	            0.000000	           -0.433332	            0.000000	           -0.275592	            0.000000	            0.000000	            0.000000	          -47.492535	          657.969515	           50.987272	           -1.193803	            0.000000	           -0.467648	            0.210509	           -2.917225	           -0.226111
            0.207000	            0.000000	            0.000000	            0.000000	           -0.433332	            0.000000	           -0.275592	            0.000000	            0.000000	            0.000000	          -46.477279	          654.010313	           50.980451	           -1.193380	            0.000000	           -0.467947	            0.207008	           -2.913788	           -0.227177
            0.208000	            0.000000	            0.000000	            0.000000	           -0.433332	            0.000000	           -0.275592	            0.000000	            0.000000	            0.000000	          -45.470432	          650.080734	           50.978173	           -1.192948	            0.000000	           -0.468251	            0.203471	           -2.909829	           -0.228222
            0.209000	            0.000000	            0.000000	            0.000000	           -0.433332	            0.000000	           -0.275592	            0.000000	            0.000000	            0.000000	          -44.472762	          646.184313	           50.979544	           -1.192507	            0.000000	           -0.468552	            0.199899	           -2.905323	           -0.229240
            0.210000	            0.000000	            0.000000	            0.000000	           -0.433332	            0.000000	           -0.275592	            0.000000	            0.000000	            0.000000	          -43.485305	          642.324403	           50.983825	           -1.192055	            0.000000	           -0.468845	            0.196299	           -2.900255	           -0.230225
            0.211000	            0.000000	            0.000000	            0.000000	           -0.433332	            0.000000	           -0.275592	            0.000000	            0.000000	            0.000000	          -42.509364	          638.504096	           50.990446	           -1.191593	            0.000000	           -0.469127	            0.192675	           -2.894623	           -0.231172
            0.212000	            0.000000	            0.000000	            0.000000	           -0.433332	            0.000000	           -0.275592	            0.000000	            0.000000	            0.000000	          -41.546489	          634.726165	           50.999010	           -1.191121	            0.000000	           -0.469398	            0.189038	           -2.888436	           -0.232078
            0.213000	            0.000000	            0.000000	            0.000000	           -0.433332	            0.000000	           -0.275592	            0.000000	            0.000000	            0.000000	          -40.598448	          630.993012	           51.009296	           -1.190640	            0.000000	           -0.469661	            0.185396	           -2.881718	           -0.232945
            0.214000	            0.000000	            0.000000	            0.000000	           -0.433332	            0.000000	           -0.275592	            0.000000	            0.000000	            0.000000	          -39.667190	          627.306636	           51.021252	           -1.190151	            0.000000	           -0.469918	            0.181764	           -2.874507	           -0.233772
            0.215000	            0.000000	            0.000000	            0.000000	           -0.433332	            0.000000	           -0.275592	            0.000000	            0.000000	            0.000000	          -38.754794	          623.668618	           51.034978	           -1.189653	            0.000000	           -0.470174	            0.178154	           -2.866851	           -0.234564
            0.216000	            0.000000	            0.000000	            0.000000	           -0.433332	            0.000000	           -0.275592	            0.000000	            0.000000	            0.000000	          -37.863409	          620.080120	           51.050707	           -1.189146	            0.000000	           -0.470432	            0.174583	           -2.858809	           -0.235325
            0.217000	            0.000000	            0.000000	            0.000000	           -0.433332	            0.000000	           -0.275592	            0.000000	            0.000000	            0.000000	          -36.995194	          616.541906	           51.068778	           -1.188632	            0.000000	           -0.470693	            0.171065	           -2.850446	           -0.236061
            0.218000	            0.000000	            0.000000	            0.000000	           -0.433332	            0.000000	           -0.275592	            0.000000	            0.000000	            0.000000	          -36.152246	          613.054373	           51.089603	           -1.188112	            0.000000	           -0.470959	            0.167617	           -2.841834	           -0.236779
            0.219000	            0.000000	            0.000000	            0.000000	           -0.433332	            0.000000	           -0.275592	            0.000000	            0.000000	            0.000000	          -35.336537	          609.617604	           51.113630	           -1.187590	            0.000000	           -0.471230	            0.164253	           -2.833046	           -0.237488
            0.220000	            0.000000	            0.000000	            0.000000	           -0.433332	            0.000000	           -0.275592	            0.000000	            0.000000	            0.000000	          -34.549844	          606.231417	           51.141303	           -1.187066	            0.000000	           -0.471506	            0.160989	           -2.824159	           -0.238194
            0.221000	            0.000000	            0.000000	            0.000000	           -0.433332	            0.000000	           -0.275592	            0.000000	            0.000000	            0.000000	          -33.793695	          602.895435	           51.173027	           -1.186541	            0.000000	           -0.471786	            0.157838	           -2.815247	           -0.238905
            0.222000	            0.000000	            0.000000	            0.000000	           -0.433332	            0.000000	           -0.275592	            0.000000	            0.000000	            0.000000	          -33.069312	          599.609151	           51.209127	           -1.186014	            0.000000	           -0.472069	            0.154811	           -2.806381	           -0.239630
            0.223000	            0.000000	            0.000000	            0.000000	           -0.433332	            0.000000	           -0.275592	            0.000000	            0.000000	            0.000000	          -32.377575	          596.372000	           51.249814	           -1.185482	            0.000000	           -0.472353	            0.151919	           -2.797632	           -0.240374
            0.224000	            0.000000	            0.000000	            0.000000	           -0.433332	            0.000000	           -0.275592	            0.000000	            0.000000	            0.000000	          -31.718988	          593.183424	           51.295155	           -1.184946	            0.000000	           -0.472636	            0.149169	           -2.789066	           -0.241144
            0.225000	            0.000000	            0.000000	            0.000000	           -0.433332	            0.000000	           -0.275592	            0.000000	            0.000000	            0.000000	          -31.093668	          590.042935	           51.345050	           -1.184405	            0.000000	           -0.472918	            0.146566	           -2.780750	           -0.241946
            0.226000	            0.000000	            0.000000	            0.000000	           -0.433332	            0.000000	           -0.275592	            0.000000	            0.000000	            0.000000	          -30.501335	          586.950171	           51.399220	           -1.183859	            0.000000	           -0.473201	            0.144113	           -2.772745	           -0.242782
            0.227000	            0.000000	            0.000000	            0.000000	           -0.433332	            0.000000	           -0.275592	            0.000000	            0.000000	            0.000000	          -29.941324	          583.904940	           51.457191	           -1.183307	            0.000000	           -0.473485	            0.141812	           -2.765115	           -0.243658
            0.228000	            0.000000	            0.000000	            0.000000	           -0.433332	            0.000000	           -0.275592	            0.000000	            0.000000	            0.000000	          -29.412606	          580.907251	           51.518304	           -1.182750	            0.000000	           -0.473772	            0.139661	           -2.757921	           -0.244575
            0.229000	            0.000000	            0.000000	            0.000000	           -0.433332	            0.000000	           -0.275592	            0.000000	            0.000000	            0.000000	          -28.913814	          577.957334	           51.581719	           -1.182186	            0.000000	           -0.474063	            0.137658	           -2.751225	           -0.245535
            0.230000	            0.000000	            0.000000	            0.000000	           -0.433332	            0.000000	           -0.275592	            0.000000	            0.000000	            0.000000	          -28.443288	          575.055641	           51.646433	           -1.181613	            0.000000	           -0.474356	            0.135798	           -2.745089	           -0.246539
            0.231000	            0.000000	            0.000000	            0.000000	           -0.433332	            0.000000	           -0.275592	            0.000000	            0.000000	            0.000000	          -27.999118	          572.202830	           51.711306	           -1.181030	            0.000000	           -0.474651	            0.134075	           -2.739578	           -0.247588
            0.232000	            0.000000	            0.000000	            0.000000	           -0.433332	            0.000000	           -0.275592	            0.000000	            0.000000	            0.000000	          -27.579194	          569.399743	           51.775087	           -1.180436	            0.000000	           -0.474947	            0.132482	           -2.734752	           -0.248682
            0.233000	            0.000000	            0.000000	            0.000000	           -0.433332	            0.000000	           -0.275592	            0.000000	            0.000000	            0.000000	          -27.181260	          566.647353	           51.836450	           -1.179831	            0.000000	           -0.475246	            0.131009	           -2.730672	           -0.249819
            0.234000	            0.000000	            0.000000	            0.000000	           -0.433332	            0.000000	           -0.275592	            0.000000	            0.000000	            0.000000	          -26.802968	          563.946717	           51.894029	           -1.179217	            0.000000	           -0.475550	            0.129649	           -2.727396	           -0.250998
            0.235000	            0.000000	            0.000000	            0.000000	           -0.433332	            0.000000	           -0.275592	            0.000000	            0.000000	            0.000000	          -26.441927	          561.298912	           51.946457	           -1.178599	            0.000000	           -0.475860	            0.128391	           -2.724975	           -0.252218
            0.236000	            0.000000	            0.000000	            0.000000	           -0.433332	            0.000000	           -0.275592	            0.000000	            0.000000	            0.000000	          -26.095753	          558.704967	           51.992398	           -1.177983	            0.000000	           -0.476171	            0.127226	           -2.723454	           -0.253476
            0.237000	            0.000000	            0.000000	            0.000000	           -0.433332	            0.000000	           -0.275592	            0.000000	            0.000000	            0.000000	          -25.762108	          556.165802	           52.030588	           -1.177376	            0.000000	           -0.476478	            0.126142	           -2.722865	           -0.254768
            0.238000	            0.000000	            0.000000	            0.000000	           -0.433332	            0.000000	           -0.275592	            0.000000	            0.000000	            0.000000	          -25.438741	          553.682167	           52.059860	           -1.176778	            0.000000	           -0.476772	            0.125130	           -2.723230	           -0.256091
            0.239000	            0.000000	            0.000000	            0.000000	           -0.433332	            0.000000	           -0.275592	            0.000000	            0.000000	            0.000000	          -25.123510	          551.254596	           52.079174	           -1.176191	            0.000000	           -0.477047	            0.124178	           -2.724554	           -0.257440
            0.240000	            0.000000	            0.000000	            0.000000	           -0.433332	            0.000000	           -0.275592	            0.000000	            0.000000	            0.000000	          -24.814411	          548.883376	           52.087641	           -1.175611	            0.000000	           -0.477302	            0.123276	           -2.726827	           -0.258808
            0.241000	            0.000000	            0.000000	            0.000000	           -0.433332	            0.000000	           -0.275592	            0.000000	            0.000000	            0.000000	          -24.509587	          546.568528	           52.084536	           -1.175036	            0.000000	           -0.477539	            0.122413	           -2.730019	           -0.260190
            0.242000	            0.000000	            0.000000	            0.000000	           -0.433332	            0.000000	           -0.275592	            0.000000	            0.000000	            0.000000	          -24.207338	          544.309813	           52.069311	           -1.174465	            0.000000	           -0.477765	            0.121577	           -2.734085	           -0.261578
            0.243000	            0.000000	            0.000000	            0.000000	           -0.433332	            0.000000	           -0.275592	            0.000000	            0.000000	            0.000000	          -23.906124	          542.106752	           52.041599	           -1.173899	            0.000000	           -0.477982	            0.120757	           -2.738960	           -0.262963
            0.244000	            0.000000	            0.000000	            0.000000	           -0.433332	            0.000000	           -0.275592	            0.000000	            0.000000	            0.000000	          -23.604562	          539.958663	           52.001215	           -1.173336	            0.000000	           -0.478193	            0.119944	           -2.744564	           -0.264336
            0.245000	            0.000000	            0.000000	            0.000000	           -0.433332	            0.000000	           -0.275592	            0.000000	            0.000000	            0.000000	          -23.301417	          537.864714	           51.948152	           -1.172779	            0.000000	           -0.478399	            0.119126	           -2.750802	           -0.265689
            0.246000	            0.000000	            0.000000	            0.000000	           -0.433332	            0.000000	           -0.275592	            0.000000	            0.000000	            0.000000	          -22.995598	          535.823984	           51.882567	           -1.172227	            0.000000	           -0.478599	            0.118293	           -2.757568	           -0.267011
            0.247000	            0.000000	            0.000000	            0.000000	           -0.433332	            0.000000	           -0.275592	            0.000000	            0.000000	            0.000000	          -22.686140	          533.835536	           51.804776	           -1.171682	            0.000000	           -0.478791	            0.117434	           -2.764750	           -0.268291
            0.248000	            0.000000	            0.000000	            0.000000	           -0.433332	            0.000000	           -0.275592	            0.000000	            0.000000	            0.000000	          -22.372196	          531.898481	           51.715230	           -1.171143	            0.000000	           -0.478976	            0.116541	           -2.772228	           -0.269522
            0.249000	            0.000000	            0.000000	            0.000000	           -0.433332	            0.000000	           -0.275592	            0.000000	            0.000000	            0.000000	          -22.053028	          530.012057	           51.614502	           -1.170611	            0.000000	           -0.479153	            0.115603	           -2.779888	           -0.270693
            0.250000	            0.000000	            0.000000	            0.000000	           -0.433332	            0.000000	           -0.275592	            0.000000	            0.000000	            0.000000	          -21.727988	          528.175685	           51.503269	           -1.170085	            0.000000	           -0.479326	            0.114613	           -2.787615	           -0.271795
            0.251000	            0.000000	            0.000000	            0.000000	           -0.433332	            0.000000	           -0.275592	            0.000000	            0.000000	            0.000000	          -21.396514	          526.389030	           51.382292	           -1.169565	            0.000000	           -0.479496	            0.113562	           -2.795304	           -0.272823
            0.252000	            0.000000	            0.000000	            0.000000	           -0.433332	            0.000000	           -0.275592	            0.000000	            0.000000	            0.000000	          -21.058121	          524.652037	           51.252393	           -1.169049	            0.000000	           -0.479664	            0.112444	           -2.802861	           -0.273769
            0.253000	            0.000000	            0.000000	            0.000000	           -0.433332	            0.000000	           -0.275592	            0.000000	            0.000000	            0.000000	          -20.712391	          522.964963	           51.114446	           -1.168533	            0.000000	           -0.479833	            0.111253	           -2.810203	           -0.274629
            0.254000	            0.000000	            0.000000	            0.000000	           -0.433332	            0.000000	           -0.275592	            0.000000	            0.000000	            0.000000	          -20.358974	          521.328384	           50.969348	           -1.168013	            0.000000	           -0.480003	            0.109983	           -2.817266	           -0.275400
            0.255000	            0.000000	            0.000000	            0.000000	           -0.433332	            0.000000	           -0.275592	            0.000000	            0.000000	            0.000000	          -19.997582	          519.743185	           50.818014	           -1.167490	            0.000000	           -0.480174	            0.108630	           -2.824000	           -0.276081
            0.256000	            0.000000	            0.000000	            0.000000	           -0.433332	            0.000000	           -0.275592	            0.000000	            0.000000	            0.000000	          -19.627991	          518.210535	           50.661355	           -1.166963	            0.000000	           -0.480348	            0.107192	           -2.830373	           -0.276670
            0.257000	            0.000000	            0.000000	            0.000000	           -0.433332	            0.000000	           -0.275592	            0.000000	            0.000000	            0.000000	          -19.250039	          516.731844	           50.500269	           -1.166438	            0.000000	           -0.480528	            0.105666	           -2.836371	           -0.277171
            0.258000	            0.000000	            0.000000	            0.000000	           -0.433332	            0.000000	           -0.275592	            0.000000	            0.000000	            0.000000	          -18.863632	          515.308697	           50.335627	           -1.165919	            0.000000	           -0.480719	            0.104051	           -2.841999	           -0.277586
            0.259000	            0.000000	            0.000000	            0.000000	           -0.433332	            0.000000	           -0.275592	            0.000000	            0.000000	            0.000000	          -18.468740	          513.942787	           50.168264	           -1.165410	            0.000000	           -0.480919	            0.102347	           -2.847275	           -0.277921
            0.260000	            0.000000	            0.000000	            0.000000	           -0.433332	            0.000000	           -0.275592	            0.000000	            0.000000	            0.000000	          -18.065407	          512.635827	           49.998967	           -1.164915	            0.000000	           -0.481124	            0.100556	           -2.852236	           -0.278180
            0.261000	            0.000000	            0.000000	            0.000000	           -0.433332	            0.000000	           -0.275592	            0.000000	            0.000000	            0.000000	          -17.653743	          511.389462	           49.828471	           -1.164437	            0.000000	           -0.481325	            0.098678	           -2.856930	           -0.278372
            0.262000	            0.000000	            0.000000	            0.000000	           -0.433332	            0.000000	           -0.275592	            0.000000	            0.000000	            0.000000	          -17.233928	          510.205186	           49.657444	           -1.163976	            0.000000	           -0.481517	            0.096718	           -2.861418	           -0.278504
            0.263000	            0.000000	            0.000000	            0.000000	           -0.433332	            0.000000	           -0.275592	            0.000000	            0.000000	            0.000000	          -16.806210	          509.084250	           49.486487	           -1.163534	            0.000000	           -0.481692	            0.094677	           -2.865771	           -0.278586
            0.264000	            0.000000	            0.000000	            0.000000	           -0.433332	            0.000000	           -0.275592	            0.000000	            0.000000	            0.000000	          -16.370894	          508.027593	           49.316121	           -1.163111	            0.000000	           -0.481845	            0.092560	           -2.870064	           -0.278626
            0.265000	            0.000000	            0.000000	            0.000000	           -0.433332	            0.000000	           -0.275592	            0.000000	            0.000000	            0.000000	          -15.928340	          507.035781	           49.146787	           -1.162704	            0.000000	           -0.481975	            0.090373	           -2.874380	           -0.278635
            0.266000	            0.000000	            0.000000	            0.000000	           -0.433332	            0.000000	           -0.275592	            0.000000	            0.000000	            0.000000	          -15.478950	          506.108958	           48.978835	           -1.162311	            0.000000	           -0.482087	            0.088119	           -2.878800	           -0.278622
            0.267000	            0.000000	            0.000000	            0.000000	           -0.433332	            0.000000	           -0.275592	            0.000000	            0.000000	            0.000000	          -15.023154	          505.246825	           48.812529	           -1.161928	            0.000000	           -0.482188	            0.085804	           -2.883404	           -0.278597
            0.268000	            0.000000	            0.000000	            0.000000	           -0.433332	            0.000000	           -0.275592	            0.000000	            0.000000	            0.000000	          -14.561398	          504.448631	           48.648039	           -1.161550	            0.000000	           -0.482283	            0.083433	           -2.888269	           -0.278567
            0.269000	            0.000000	            0.000000	            0.000000	           -0.433332	            0.000000	           -0.275592	            0.000000	            0.000000	            0.000000	          -14.094125	          503.713186	           48.485451	           -1.161175	            0.000000	           -0.482376	            0.081010	           -2.893461	           -0.278540
            0.270000	            0.000000	            0.000000	            0.000000	           -0.433332	            0.000000	           -0.275592	            0.000000	            0.000000	            0.000000	          -13.621765	          503.038894	           48.324764	           -1.160805	            0.000000	           -0.482468	            0.078540	           -2.899040	           -0.278523
            0.271000	            0.000000	            0.000000	            0.000000	           -0.433332	            0.000000	           -0.275592	            0.000000	            0.000000	            0.000000	          -13.144713	          502.423797	           48.165903	           -1.160443	            0.000000	           -0.482556	            0.076028	           -2.905049	           -0.278520
            0.272000	            0.000000	            0.000000	            0.000000	           -0.433332	            0.000000	           -0.275592	            0.000000	            0.000000	            0.000000	          -12.663324	          501.865636	           48.008730	           -1.160091	            0.000000	           -0.482636	            0.073475	           -2.911523	           -0.278536
            0.273000	            0.000000	            0.000000	            0.000000	           -0.433332	            0.000000	           -0.275592	            0.000000	            0.000000	            0.000000	          -12.177899	          501.361923	           47.853050	           -1.159750	            0.000000	           -0.482709	            0.070885	           -2.918480	           -0.278571
            0.274000	            0.000000	            0.000000	            0.000000	           -0.433332	            0.000000	           -0.275592	            0.000000	            0.000000	            0.000000	          -11.688683	          500.910017	           47.698634	           -1.159418	            0.000000	           -0.482773	            0.068260	           -2.925924	           -0.278627
            0.275000	            0.000000	            0.000000	            0.000000	           -0.433332	            0.000000	           -0.275592	            0.000000	            0.000000	            0.000000	          -11.195860	          500.507206	           47.545232	           -1.159095	            0.000000	           -0.482830	            0.065599	           -2.933848	           -0.278702
            0.276000	            0.000000	            0.000000	            0.000000	           -0.433332	            0.000000	           -0.275592	            0.000000	            0.000000	            0.000000	          -10.699564	          500.150787	           47.392587	           -1.158776	            0.000000	           -0.482882	            0.062905	           -2.942232	           -0.278796
            0.277000	            0.000000	            0.000000	            0.000000	           -0.433332	            0.000000	           -0.275592	            0.000000	            0.000000	            0.000000	          -10.199886	          499.838150	           47.240457	           -1.158460	            0.000000	           -0.482929	            0.060176	           -2.951046	           -0.278903
            0.278000	            0.000000	            0.000000	            0.000000	           -0.433332	            0.000000	           -0.275592	            0.000000	            0.000000	            0.000000	           -9.696888	          499.566841	           47.088627	           -1.158148	            0.000000	           -0.482973	            0.057412	           -2.960255	           -0.279023
            0.279000	            0.000000	            0.000000	            0.000000	           -0.433332	            0.000000	           -0.275592	            0.000000	            0.000000	            0.000000	           -9.190622	          499.334632	           46.936929	           -1.157840	            0.000000	           -0.483017	            0.054612	           -2.969818	           -0.279149
            0.280000	            0.000000	            0.000000	            0.000000	           -0.433332	            0.000000	           -0.275592	            0.000000	            0.000000	            0.000000	           -8.681155	          499.139570	           46.785251	           -1.157534	            0.000000	           -0.483064	            0.051775	           -2.979693	           -0.279280
            0.281000	            0.000000	            0.000000	            0.000000	           -0.433332	            0.000000	           -0.275592	            0.000000	            0.000000	            0.000000	           -8.168586	          498.980017	           46.633551	           -1.157230	            0.000000	           -0.483116	            0.048900	           -2.989836	           -0.279410
            0.282000	            0.000000	            0.000000	            0.000000	           -0.433332	            0.000000	           -0.275592	            0.000000	            0.000000	            0.000000	           -7.653074	          498.854674	           46.481864	           -1.156929	            0.000000	           -0.483171	            0.045987	           -3.000209	           -0.279537
            0.283000	            0.000000	            0.000000	            0.000000	           -0.433332	            0.000000	           -0.275592	            0.000000	            0.000000	            0.000000	           -7.134857	          498.762594	           46.330306	           -1.156630	            0.000000	           -0.483229	            0.043037	           -3.010777	           -0.279660
            0.284000	            0.000000	            0.000000	            0.000000	           -0.433332	            0.000000	           -0.275592	            0.000000	            0.000000	            0.000000	           -6.614270	          498.703180	           46.179074	           -1.156335	            0.000000	           -0.483288	            0.040049	           -3.021510	           -0.279775
            0.285000	            0.000000	            0.000000	            0.000000	           -0.433332	            0.000000	           -0.275592	            0.000000	            0.000000	            0.000000	           -6.091762	          498.676165	           46.028447	           -1.156047	            0.000000	           -0.483345	            0.037027	           -3.032383	           -0.279883
            0.286000	            0.000000	            0.000000	            0.000000	           -0.433332	            0.000000	           -0.275592	            0.000000	            0.000000	            0.000000	           -5.567898	          498.681588	           45.878772	           -1.155768	            0.000000	           -0.483400	            0.033972	           -3.043381	           -0.279984
            0.287000	            0.000000	            0.000000	            0.000000	           -0.433332	            0.000000	           -0.275592	            0.000000	            0.000000	            0.000000	           -5.043367	          498.719756	           45.730459	           -1.155499	            0.000000	           -0.483450	            0.030889	           -3.054492	           -0.280079
            0.288000	            0.000000	            0.000000	            0.000000	           -0.433332	            0.000000	           -0.275592	            0.000000	            0.000000	            0.000000	           -4.518973	          498.791196	           45.583964	           -1.155238	            0.000000	           -0.483496	            0.027782	           -3.065708	           -0.280169
            0.289000	            0.000000	            0.000000	            0.000000	           -0.433332	            0.000000	           -0.275592	            0.000000	            0.000000	            0.000000	           -3.995627	          498.896604	           45.439776	           -1.154983	            0.000000	           -0.483539	            0.024656	           -3.077028	           -0.280257
            0.290000	            0.000000	            0.000000	            0.000000	           -0.433332	            0.000000	           -0.275592	            0.000000	            0.000000	            0.000000	           -3.474326	          499.036793	           45.298398	           -1.154731	            0.000000	           -0.483578	            0.021519	           -3.088452	           -0.280346
            0.291000	            0.000000	            0.000000	            0.000000	           -0.433332	            0.000000	           -0.275592	            0.000000	            0.000000	            0.000000	           -2.956128	          499.212633	           45.160329	           -1.154478	            0.000000	           -0.483611	            0.018376	           -3.099980	           -0.280437
            0.292000	            0.000000	            0.000000	            0.000000	           -0.433332	            0.000000	           -0.275592	            0.000000	            0.000000	            0.000000	           -2.442128	          499.424998	           45.026055	           -1.154224	            0.000000	           -0.483640	            0.015236	           -3.111615	           -0.280535
            0.293000	            0.000000	            0.000000	            0.000000	           -0.433332	            0.000000	           -0.275592	            0.000000	            0.000000	            0.000000	           -1.933422	          499.674717	           44.896030	           -1.153968	            0.000000	           -0.483662	            0.012106	           -3.123354	           -0.280641
            0.294000	            0.000000	            0.000000	            0.000000	           -0.433332	            0.000000	           -0.275592	            0.000000	            0.000000	            0.000000	           -1.431073	          499.962524	           44.770671	           -1.153712	            0.000000	           -0.483677	            0.008994	           -3.135196	           -0.280757
            0.295000	            0.000000	            0.000000	            0.000000	           -0.433332	            0.000000	           -0.275592	            0.000000	            0.000000	            0.000000	           -0.936077	          500.289025	           44.650349	           -1.153455	            0.000000	           -0.483683	            0.005905	           -3.147131	           -0.280884
            0.296000	            0.000000	            0.000000	            0.000000	           -0.433332	            0.000000	           -0.275592	            0.000000	            0.000000	            0.000000	           -0.449330	          500.654663	           44.535392	           -1.153202	            0.000000	           -0.483679	            0.002849	           -3.159150	           -0.281025
            0.297000	            0.000000	            0.000000	            0.000000	           -0.433332	            0.000000	           -0.275592	            0.000000	            0.000000	            0.000000	            0.028404	          501.059698	           44.426081	           -1.152953	            0.000000	           -0.483665	           -0.000170	           -3.171235	           -0.281179
            0.298000	            0.000000	            0.000000	            0.000000	           -0.433332	            0.000000	           -0.275592	            0.000000	            0.000000	            0.000000	            0.496524	          501.504191	           44.322660	           -1.152707	            0.000000	           -0.483640	           -0.003147	           -3.183364	           -0.281346
            0.299000	            0.000000	            0.000000	            0.000000	           -0.433332	            0.000000	           -0.275592	            0.000000	            0.000000	            0.000000	            0.954608	          501.988001	           44.225343	           -1.152463	            0.000000	           -0.483607	           -0.006077	           -3.195512	           -0.281527
            0.300000	            0.000000	            0.000000	            0.000000	           -0.433332	            0.000000	           -0.275592	            0.000000	            0.000000	            0.000000	            1.402435	          502.510783	           44.134323	           -1.152220	            0.000000	           -0.483572	           -0.008957	           -3.207647	           -0.281719
            0.301000	            0.000000	            0.000000	            0.000000	           -0.433332	            0.000000	           -0.275592	            0.000000	            0.000000	            0.000000	            1.839993	          503.071999	           44.049784	           -1.151975	            0.000000	           -0.483537	           -0.011786	           -3.219732	           -0.281922
            0.302000	            0.000000	            0.000000	            0.000000	           -0.433332	            0.000000	           -0.275592	            0.000000	            0.000000	            0.000000	            2.267482	          503.670927	           43.971908	           -1.151729	            0.000000	           -0.483505	           -0.014562	           -3.231728	           -0.282135
            0.303000	            0.000000	            0.000000	            0.000000	           -0.433332	            0.000000	           -0.275592	            0.000000	            0.000000	            0.000000	            2.685309	          504.306680	           43.900886	           -1.151486	            0.000000	           -0.483478	           -0.017288	           -3.243592	           -0.282356
            0.304000	            0.000000	            0.000000	            0.000000	           -0.433332	            0.000000	           -0.275592	            0.000000	            0.000000	            0.000000	            3.094080	          504.978227	           43.836924	           -1.151247	            0.000000	           -0.483456	           -0.019965	           -3.255278	           -0.282583
            0.305000	            0.000000	            0.000000	            0.000000	           -0.433332	            0.000000	           -0.275592	            0.000000	            0.000000	            0.000000	            3.494581	          505.684416	           43.780248	           -1.151016	            0.000000	           -0.483436	           -0.022597	           -3.266739	           -0.282816
            0.306000	            0.000000	            0.000000	            0.000000	           -0.433332	            0.000000	           -0.275592	            0.000000	            0.000000	            0.000000	            3.887756	          506.424000	           43.731101	           -1.150794	            0.000000	           -0.483413	           -0.025187	           -3.277928	           -0.283052
            0.307000	            0.000000	            0.000000	            0.000000	           -0.433332	            0.000000	           -0.275592	            0.000000	            0.000000	            0.000000	            4.274682	          507.195671	           43.689744	           -1.150579	            0.000000	           -0.483378	           -0.027741	           -3.288799	           -0.283292
            0.308000	            0.000000	            0.000000	            0.000000	           -0.433332	            0.000000	           -0.275592	            0.000000	            0.000000	            0.000000	            4.656538	          507.998090	           43.656447	           -1.150366	            0.000000	           -0.483327	           -0.030264	           -3.299310	           -0.283533
            0.309000	            0.000000	            0.000000	            0.000000	           -0.433332	            0.000000	           -0.275592	            0.000000	            0.000000	            0.000000	            5.034579	          508.829921	           43.631484	           -1.150153	            0.000000	           -0.483257	           -0.032764	           -3.309421	           -0.283776
            0.310000	            0.000000	            0.000000	            0.000000	           -0.433332	            0.000000	           -0.275592	            0.000000	            0.000000	            0.000000	            5.410101	          509.689872	           43.615122	           -1.149934	            0.000000	           -0.483173	           -0.035246	           -3.319101	           -0.284021
            0.311000	            0.000000	            0.000000	            0.000000	           -0.433332	            0.000000	           -0.275592	            0.000000	            0.000000	            0.000000	            5.784416	          510.576731	           43.607604	           -1.149709	            0.000000	           -0.483083	           -0.037718	           -3.328324	           -0.284268
            0.312000	            0.000000	            0.000000	            0.000000	           -0.433332	            0.000000	           -0.275592	            0.000000	            0.000000	            0.000000	            6.158827	          511.489396	           43.609143	           -1.149476	            0.000000	           -0.482994	           -0.040187	           -3.337075	           -0.284519
            0.313000	            0.000000	            0.000000	            0.000000	           -0.433332	            0.000000	           -0.275592	            0.000000	            0.000000	            0.000000	            6.534603	          512.426909	           43.619906	           -1.149237	            0.000000	           -0.482913	           -0.042660	           -3.345346	           -0.284774
            0.314000	            0.000000	            0.000000	            0.000000	           -0.433332	            0.000000	           -0.275592	            0.000000	            0.000000	            0.000000	            6.912963	          513.388478	           43.639996	           -1.148996	            0.000000	           -0.482845	           -0.045144	           -3.353143	           -0.285036
            0.315000	            0.000000	            0.000000	            0.000000	           -0.433332	            0.000000	           -0.275592	            0.000000	            0.000000	            0.000000	            7.295067	          514.373484	           43.669449	           -1.148753	            0.000000	           -0.482793	           -0.047646	           -3.360480	           -0.285306
            0.316000	            0.000000	            0.000000	            0.000000	           -0.433332	            0.000000	           -0.275592	            0.000000	            0.000000	            0.000000	            7.682003	          515.381491	           43.708215	           -1.148506	            0.000000	           -0.482758	           -0.050172	           -3.367384	           -0.285587
            0.317000	            0.000000	            0.000000	            0.000000	           -0.433332	            0.000000	           -0.275592	            0.000000	            0.000000	            0.000000	            8.074787	          516.412227	           43.756155	           -1.148257	            0.000000	           -0.482736	           -0.052728	           -3.373891	           -0.285881
            0.318000	            0.000000	            0.000000	            0.000000	           -0.433332	            0.000000	           -0.275592	            0.000000	            0.000000	            0.000000	            8.474368	          517.465560	           43.813028	           -1.148006	            0.000000	           -0.482724	           -0.055322	           -3.380047	           -0.286191
            0.319000	            0.000000	            0.000000	            0.000000	           -0.433332	            0.000000	           -0.275592	            0.000000	            0.000000	            0.000000	            8.881626	          518.541469	           43.878488	           -1.147755	            0.000000	           -0.482717	           -0.057957	           -3.385904	           -0.286519
            0.320000	            0.000000	            0.000000	            0.000000	           -0.433332	            0.000000	           -0.275592	            0.000000	            0.000000	            0.000000	            9.297382	          519.639997	           43.952081	           -1.147505	            0.000000	           -0.482709	           -0.060641	           -3.391524	           -0.286867
            0.321000	            0.000000	            0.000000	            0.000000	           -0.433332	            0.000000	           -0.275592	            0.000000	            0.000000	            0.000000	            9.722409	          520.761202	           44.033242	           -1.147258	            0.000000	           -0.482694	           -0.063378	           -3.396968	           -0.287238
            0.322000	            0.000000	            0.000000	            0.000000	           -0.433332	            0.000000	           -0.275592	            0.000000	            0.000000	            0.000000	           10.157435	          521.905110	           44.121298	           -1.147015	            0.000000	           -0.482668	           -0.066175	           -3.402305	           -0.287631
            0.323000	            0.000000	            0.000000	            0.000000	           -0.433332	            0.000000	           -0.275592	            0.000000	            0.000000	            0.000000	           10.603150	          523.071667	           44.215470	           -1.146779	            0.000000	           -0.482632	           -0.069035	           -3.407599	           -0.288048
            0.324000	            0.000000	            0.000000	            0.000000	           -0.433332	            0.000000	           -0.275592	            0.000000	            0.000000	            0.000000	           11.060216	          524.260701	           44.314882	           -1.146549	            0.000000	           -0.482587	           -0.071965	           -3.412915	           -0.288489
            0.325000	            0.000000	            0.000000	            0.000000	           -0.433332	            0.000000	           -0.275592	            0.000000	            0.000000	            0.000000	           11.529262	          525.471887	           44.418572	           -1.146322	            0.000000	           -0.482535	           -0.074969	           -3.418314	           -0.288953
            0.326000	            0.000000	            0.000000	            0.000000	           -0.433332	            0.000000	           -0.275592	            0.000000	            0.000000	            0.000000	           12.010885	          526.704732	           44.525502	           -1.146095	            0.000000	           -0.482482	           -0.078052	           -3.423853	           -0.289437
            0.327000	            0.000000	            0.000000	            0.000000	           -0.433332	            0.000000	           -0.275592	            0.000000	            0.000000	            0.000000	           12.505649	          527.958566	           44.634580	           -1.145864	            0.000000	           -0.482427	           -0.081219	           -3.429582	           -0.289940
            0.328000	            0.000000	            0.000000	            0.000000	           -0.433332	            0.000000	           -0.275592	            0.000000	            0.000000	            0.000000	           13.014075	          529.232550	           44.744679	           -1.145630	            0.000000	           -0.482370	           -0.084474	           -3.435545	           -0.290458
            0.329000	            0.000000	            0.000000	            0.000000	           -0.433332	            0.000000	           -0.275592	            0.000000	            0.000000	            0.000000	           13.536635	          530.525692	           44.854655	           -1.145394	            0.000000	           -0.482311	           -0.087821	           -3.441782	           -0.290988
            0.330000	            0.000000	            0.000000	            0.000000	           -0.433332	            0.000000	           -0.275592	            0.000000	            0.000000	            0.000000	           14.073743	          531.836882	           44.963380	           -1.145153	            0.000000	           -0.482250	           -0.091264	           -3.448324	           -0.291526
            0.331000	            0.000000	            0.000000	            0.000000	           -0.433332	            0.000000	           -0.275592	            0.000000	            0.000000	            0.000000	           14.625749	          533.164923	           45.069761	           -1.144908	            0.000000	           -0.482186	           -0.094806	           -3.455199	           -0.292068
            0.332000	            0.000000	            0.000000	            0.000000	           -0.433332	            0.000000	           -0.275592	            0.000000	            0.000000	            0.000000	           15.192931	          534.508584	           45.172769	           -1.144657	            0.000000	           -0.482119	           -0.098450	           -3.462426	           -0.292609
            0.333000	            0.000000	            0.000000	            0.000000	           -0.433332	            0.000000	           -0.275592	            0.000000	            0.000000	            0.000000	           15.775494	          535.866642	           45.271463	           -1.144400	            0.000000	           -0.482048	           -0.102197	           -3.470025	           -0.293145
            0.334000	            0.000000	            0.000000	            0.000000	           -0.433332	            0.000000	           -0.275592	            0.000000	            0.000000	            0.000000	           16.373567	          537.237935	           45.365015	           -1.144137	            0.000000	           -0.481971	           -0.106051	           -3.478007	           -0.293673
            0.335000	            0.000000	            0.000000	            0.000000	           -0.433332	            0.000000	           -0.275592	            0.000000	            0.000000	            0.000000	           16.987208	          538.621409	           45.452726	           -1.143871	            0.000000	           -0.481892	           -0.110012	           -3.486385	           -0.294191
            0.336000	            0.000000	            0.000000	            0.000000	           -0.433332	            0.000000	           -0.275592	            0.000000	            0.000000	            0.000000	           17.616410	          540.016163	           45.534049	           -1.143603	            0.000000	           -0.481813	           -0.114082	           -3.495166	           -0.294695
            0.337000	            0.000000	            0.000000	            0.000000	           -0.433332	            0.000000	           -0.275592	            0.000000	            0.000000	            0.000000	           18.261109	          541.421490	           45.608590	           -1.143337	            0.000000	           -0.481735	           -0.118260	           -3.504357	           -0.295184
            0.338000	            0.000000	            0.000000	            0.000000	           -0.433332	            0.000000	           -0.275592	            0.000000	            0.000000	            0.000000	           18.921194	          542.836907	           45.676125	           -1.143074	            0.000000	           -0.481657	           -0.122548	           -3.513962	           -0.295658
            0.339000	            0.000000	            0.000000	            0.000000	           -0.433332	            0.000000	           -0.275592	            0.000000	            0.000000	            0.000000	           19.596519	          544.262190	           45.736589	           -1.142816	            0.000000	           -0.481579	           -0.126945	           -3.523987	           -0.296116
            0.340000	            0.000000	            0.000000	            0.000000	           -0.433332	            0.000000	           -0.275592	            0.000000	            0.000000	            0.000000	           20.286907	          545.697384	           45.790077	           -1.142562	            0.000000	           -0.481504	           -0.131452	           -3.534435	           -0.296560
            0.341000	            0.000000	            0.000000	            0.000000	           -0.433332	            0.000000	           -0.275592	            0.000000	            0.000000	            0.000000	           20.992163	          547.142830	           45.836825	           -1.142315	            0.000000	           -0.481431	           -0.136069	           -3.545310	           -0.296991
            0.342000	            0.000000	            0.000000	            0.000000	           -0.433332	            0.000000	           -0.275592	            0.000000	            0.000000	            0.000000	           21.712071	          548.599164	           45.877193	           -1.142073	            0.000000	           -0.481362	           -0.140796	           -3.556617	           -0.297412
            0.343000	            0.000000	            0.000000	            0.000000	           -0.433332	            0.000000	           -0.275592	            0.000000	            0.000000	            0.000000	           22.446395	          550.067327	           45.911643	           -1.141833	            0.000000	           -0.481295	           -0.145632	           -3.568362	           -0.297824
            0.344000	            0.000000	            0.000000	            0.000000	           -0.433332	            0.000000	           -0.275592	            0.000000	            0.000000	            0.000000	           23.194870	          551.548563	           45.940706	           -1.141595	            0.000000	           -0.481229	           -0.150579	           -3.580555	           -0.298233
            0.345000	            0.000000	            0.000000	            0.000000	           -0.433332	            0.000000	           -0.275592	            0.000000	            0.000000	            0.000000	           23.957193	          553.044417	           45.964956	           -1.141357	            0.000000	           -0.481158	           -0.155637	           -3.593208	           -0.298640
            0.346000	            0.000000	            0.000000	            0.000000	           -0.433332	            0.000000	           -0.275592	            0.000000	            0.000000	            0.000000	           24.733006	          554.556732	           45.984976	           -1.141119	            0.000000	           -0.481079	           -0.160805	           -3.606340	           -0.299051
            0.347000	            0.000000	            0.000000	            0.000000	           -0.433332	            0.000000	           -0.275592	            0.000000	            0.000000	            0.000000	           25.521880	          556.087639	           46.001325	           -1.140886	            0.000000	           -0.480984	           -0.166084	           -3.619975	           -0.299469
            0.348000	            0.000000	            0.000000	            0.000000	           -0.433332	            0.000000	           -0.275592	            0.000000	            0.000000	            0.000000	           26.323295	          557.639551	           46.014516	           -1.140659	            0.000000	           -0.480870	           -0.171474	           -3.634143	           -0.299898
            0.349000	            0.000000	            0.000000	            0.000000	           -0.433332	            0.000000	           -0.275592	            0.000000	            0.000000	            0.000000	           27.136622	          559.215156	           46.024987	           -1.140437	            0.000000	           -0.480739	           -0.176975	           -3.648882	           -0.300342
            0.350000	            0.000000	            0.000000	            0.000000	           -0.433332	            0.000000	           -0.275592	            0.000000	            0.000000	            0.000000	           27.961110	          560.817398	           46.033084	           -1.140221	            0.000000	           -0.480596	           -0.182585	           -3.664238	           -0.300804
            0.351000	            0.000000	            0.000000	            0.000000	           -0.433332	            0.000000	           -0.275592	            0.000000	            0.000000	            0.000000	           28.795874	          562.449471	           46.039051	           -1.140008	            0.000000	           -0.480449	           -0.188305	           -3.680263	           -0.301289
            0.352000	            0.000000	            0.000000	            0.000000	           -0.433332	            0.000000	           -0.275592	            0.000000	            0.000000	            0.000000	           29.639887	          564.114791	           46.043029	           -1.139800	            0.000000	           -0.480303	           -0.194130	           -3.697017	           -0.301798
            0.353000	            0.000000	            0.000000	            0.000000	           -0.433332	            0.000000	           -0.275592	            0.000000	            0.000000	            0.000000	           30.491988	          565.816978	           46.045053	           -1.139593	            0.000000	           -0.480161	           -0.200060	           -3.714562	           -0.302335
            0.354000	            0.000000	            0.000000	            0.000000	           -0.433332	            0.000000	           -0.275592	            0.000000	            0.000000	            0.000000	           31.350889	          567.559821	           46.045074	           -1.139387	            0.000000	           -0.480025	           -0.206089	           -3.732966	           -0.302901
            0.355000	            0.000000	            0.000000	            0.000000	           -0.433332	            0.000000	           -0.275592	            0.000000	            0.000000	            0.000000	           32.215197	          569.347238	           46.042970	           -1.139180	            0.000000	           -0.479897	           -0.212215	           -3.752293	           -0.303498
            0.356000	            0.000000	            0.000000	            0.000000	           -0.433332	            0.000000	           -0.275592	            0.000000	            0.000000	            0.000000	           33.083443	          571.183234	           46.038574	           -1.138969	            0.000000	           -0.479777	           -0.218430	           -3.772607	           -0.304127
            0.357000	            0.000000	            0.000000	            0.000000	           -0.433332	            0.000000	           -0.275592	            0.000000	            0.000000	            0.000000	           33.954115	          573.071847	           46.031702	           -1.138755	            0.000000	           -0.479667	           -0.224729	           -3.793964	           -0.304789
            0.358000	            0.000000	            0.000000	            0.000000	           -0.433332	            0.000000	           -0.275592	            0.000000	            0.000000	            0.000000	           34.825708	          575.017092	           46.022185	           -1.138534	            0.000000	           -0.479564	           -0.231105	           -3.816409	           -0.305482
            0.359000	            0.000000	            0.000000	            0.000000	           -0.433332	            0.000000	           -0.275592	            0.000000	            0.000000	            0.000000	           35.696764	          577.022908	           46.009897	           -1.138306	            0.000000	           -0.479465	           -0.237549	           -3.839973	           -0.306207
            0.360000	            0.000000	            0.000000	            0.000000	           -0.433332	            0.000000	           -0.275592	            0.000000	            0.000000	            0.000000	           36.565930	          579.093095	           45.994789	           -1.138069	            0.000000	           -0.479368	           -0.244053	           -3.864673	           -0.306960
            0.361000	            0.000000	            0.000000	            0.000000	           -0.433332	            0.000000	           -0.275592	            0.000000	            0.000000	            0.000000	           37.432008	          581.231272	           45.976910	           -1.137822	            0.000000	           -0.479267	           -0.250606	           -3.890502	           -0.307741
            0.362000	            0.000000	            0.000000	            0.000000	           -0.433332	            0.000000	           -0.275592	            0.000000	            0.000000	            0.000000	           38.294001	          583.440829	           45.956428	           -1.137567	            0.000000	           -0.479158	           -0.257200	           -3.917436	           -0.308545
            0.363000	            0.000000	            0.000000	            0.000000	           -0.433332	            0.000000	           -0.275592	            0.000000	            0.000000	            0.000000	           39.151162	          585.724899	           45.933648	           -1.137307	            0.000000	           -0.479037	           -0.263825	           -3.945427	           -0.309369
            0.364000	            0.000000	            0.000000	            0.000000	           -0.433332	            0.000000	           -0.275592	            0.000000	            0.000000	            0.000000	           40.003025	          588.086344	           45.909010	           -1.137046	            0.000000	           -0.478903	           -0.270472	           -3.974404	           -0.310210
            0.365000	            0.000000	            0.000000	            0.000000	           -0.433332	            0.000000	           -0.275592	            0.000000	            0.000000	            0.000000	           40.849438	          590.527755	           45.883097	           -1.136788	            0.000000	           -0.478756	           -0.277132	           -4.004279	           -0.311062
            0.366000	            0.000000	            0.000000	            0.000000	           -0.433332	            0.000000	           -0.275592	            0.000000	            0.000000	            0.000000	           41.690571	          593.051466	           45.856617	           -1.136534	            0.000000	           -0.478598	           -0.283796	           -4.034945	           -0.311921
            0.367000	            0.000000	            0.000000	            0.000000	           -0.433332	            0.000000	           -0.275592	            0.000000	            0.000000	            0.000000	           42.526921	          595.659584	           45.830393	           -1.136285	            0.000000	           -0.478433	           -0.290459	           -4.066279	           -0.312781
            0.368000	            0.000000	            0.000000	            0.000000	           -0.433332	            0.000000	           -0.275592	            0.000000	            0.000000	            0.000000	           43.359296	          598.354035	           45.805338	           -1.136043	            0.000000	           -0.478263	           -0.297113	           -4.098151	           -0.313639
            0.369000	            0.000000	            0.000000	            0.000000	           -0.433332	            0.000000	           -0.275592	            0.000000	            0.000000	            0.000000	           44.188785	          601.136606	           45.782433	           -1.135808	            0.000000	           -0.478090	           -0.303755	           -4.130425	           -0.314489
            0.370000	            0.000000	            0.000000	            0.000000	           -0.433332	            0.000000	           -0.275592	            0.000000	            0.000000	            0.000000	           45.016720	          604.009005	           45.762699	           -1.135579	            0.000000	           -0.477918	           -0.310381	           -4.162965	           -0.315328
            0.371000	            0.000000	            0.000000	            0.000000	           -0.433332	            0.000000	           -0.275592	            0.000000	            0.000000	            0.000000	           45.844620	          606.972908	           45.747168	           -1.135357	            0.000000	           -0.477752	           -0.316991	           -4.195642	           -0.316152
            0.372000	            0.000000	            0.000000	            0.000000	           -0.433332	            0.000000	           -0.275592	            0.000000	            0.000000	            0.000000	           46.674127	          610.030000	           45.736860	           -1.135140	            0.000000	           -0.477594	           -0.323585	           -4.228335	           -0.316959
            0.373000	            0.000000	            0.000000	            0.000000	           -0.433332	            0.000000	           -0.275592	            0.000000	            0.000000	            0.000000	           47.506935	          613.182013	           45.732756	           -1.134926	            0.000000	           -0.477444	           -0.330163	           -4.260940	           -0.317746
            0.374000	            0.000000	            0.000000	            0.000000	           -0.433332	            0.000000	           -0.275592	            0.000000	            0.000000	            0.000000	           48.344723	          616.430737	           45.735784	           -1.134713	            0.000000	           -0.477300	           -0.336728	           -4.293370	           -0.318513
            0.375000	            0.000000	            0.000000	            0.000000	           -0.433332	            0.000000	           -0.275592	            0.000000	            0.000000	            0.000000	           49.189077	          619.778019	           45.746798	           -1.134499	            0.000000	           -0.477158	           -0.343283	           -4.325558	           -0.319260
            0.376000	            0.000000	            0.000000	            0.000000	           -0.433332	            0.000000	           -0.275592	            0.000000	            0.000000	            0.000000	           50.041425	          623.225738	           45.766575	           -1.134285	            0.000000	           -0.477012	           -0.349832	           -4.357459	           -0.319989
            0.377000	            0.000000	            0.000000	            0.000000	           -0.433332	            0.000000	           -0.275592	            0.000000	            0.000000	            0.000000	           50.902983	          626.775765	           45.795803	           -1.134068	            0.000000	           -0.476859	           -0.356379	           -4.389050	           -0.320703
            0.378000	            0.000000	            0.000000	            0.000000	           -0.433332	            0.000000	           -0.275592	            0.000000	            0.000000	            0.000000	           51.774704	          630.429898	           45.835086	           -1.133849	            0.000000	           -0.476697	           -0.362925	           -4.420329	           -0.321405
            0.379000	            0.000000	            0.000000	            0.000000	           -0.433332	            0.000000	           -0.275592	            0.000000	            0.000000	            0.000000	           52.657254	          634.189782	           45.884945	           -1.133626	            0.000000	           -0.476526	           -0.369476	           -4.451311	           -0.322101
            0.380000	            0.000000	            0.000000	            0.000000	           -0.433332	            0.000000	           -0.275592	            0.000000	            0.000000	            0.000000	           53.550991	          638.056820	           45.945821	           -1.133400	            0.000000	           -0.476348	           -0.376033	           -4.482030	           -0.322794
            0.381000	            0.000000	            0.000000	            0.000000	           -0.433332	            0.000000	           -0.275592	            0.000000	            0.000000	            0.000000	           54.455974	          642.032069	           46.018088	           -1.133168	            0.000000	           -0.476165	           -0.382596	           -4.512530	           -0.323493
            0.382000	            0.000000	            0.000000	            0.000000	           -0.433332	            0.000000	           -0.275592	            0.000000	            0.000000	            0.000000	           55.371982	          646.116136	           46.102053	           -1.132931	            0.000000	           -0.475982	           -0.389168	           -4.542863	           -0.324203
            0.383000	            0.000000	            0.000000	            0.000000	           -0.433332	            0.000000	           -0.275592	            0.000000	            0.000000	            0.000000	           56.298554	          650.309076	           46.197967	           -1.132690	            0.000000	           -0.475799	           -0.395746	           -4.573088	           -0.324931
            0.384000	            0.000000	            0.000000	            0.000000	           -0.433332	            0.000000	           -0.275592	            0.000000	            0.000000	            0.000000	           57.235041	          654.610289	           46.306032	           -1.132447	            0.000000	           -0.475619	           -0.402330	           -4.603261	           -0.325683
            0.385000	            0.000000	            0.000000	            0.000000	           -0.433332	            0.000000	           -0.275592	            0.000000	            0.000000	            0.000000	           58.180667	          659.018434	           46.426399	           -1.132205	            0.000000	           -0.475442	           -0.408917	           -4.633435	           -0.326467
            0.386000	            0.000000	            0.000000	            0.000000	           -0.433332	            0.000000	           -0.275592	            0.000000	            0.000000	            0.000000	           59.134611	          663.531356	           46.559169	           -1.131966	            0.000000	           -0.475270	           -0.415505	           -4.663655	           -0.327289
            0.387000	            0.000000	            0.000000	            0.000000	           -0.433332	            0.000000	           -0.275592	            0.000000	            0.000000	            0.000000	           60.096076	          668.146025	           46.704396	           -1.131731	            0.000000	           -0.475102	           -0.422089	           -4.693953	           -0.328152
            0.388000	            0.000000	            0.000000	            0.000000	           -0.433332	            0.000000	           -0.275592	            0.000000	            0.000000	            0.000000	           61.064375	          672.858506	           46.862077	           -1.131498	            0.000000	           -0.474938	           -0.428669	           -4.724348	           -0.329063
            0.389000	            0.000000	            0.000000	            0.000000	           -0.433332	            0.000000	           -0.275592	            0.000000	            0.000000	            0.000000	           62.039007	          677.663946	           47.032145	           -1.131269	            0.000000	           -0.474777	           -0.435241	           -4.754842	           -0.330022
            0.390000	            0.000000	            0.000000	            0.000000	           -0.433332	            0.000000	           -0.275592	            0.000000	            0.000000	            0.000000	           63.019724	          682.556588	           47.214467	           -1.131043	            0.000000	           -0.474619	           -0.441803	           -4.785418	           -0.331033
            0.391000	            0.000000	            0.000000	            0.000000	           -0.433332	            0.000000	           -0.275592	            0.000000	            0.000000	            0.000000	           64.006597	          687.529814	           47.408831	           -1.130818	            0.000000	           -0.474461	           -0.448355	           -4.816042	           -0.332094
            0.392000	            0.000000	            0.000000	            0.000000	           -0.433332	            0.000000	           -0.275592	            0.000000	            0.000000	            0.000000	           65.000058	          692.576207	           47.614942	           -1.130594	            0.000000	           -0.474303	           -0.454898	           -4.846660	           -0.333205
            0.393000	            0.000000	            0.000000	            0.000000	           -0.433332	            0.000000	           -0.275592	            0.000000	            0.000000	            0.000000	           66.000933	          697.687647	           47.832415	           -1.130370	            0.000000	           -0.474141	           -0.461435	           -4.877203	           -0.334362
            0.394000	            0.000000	            0.000000	            0.000000	           -0.433332	            0.000000	           -0.275592	            0.000000	            0.000000	            0.000000	           67.010456	          702.855423	           48.060777	           -1.130144	            0.000000	           -0.473974	           -0.467969	           -4.907586	           -0.335560
            0.395000	            0.000000	            0.000000	            0.000000	           -0.433332	            0.000000	           -0.275592	            0.000000	            0.000000	            0.000000	           68.030265	          708.070369	           48.299466	           -1.129917	            0.000000	           -0.473802	           -0.474507	           -4.937711	           -0.336793
            0.396000	            0.000000	            0.000000	            0.000000	           -0.433332	            0.000000	           -0.275592	            0.000000	            0.000000	            0.000000	           69.062377	          713.323013	           48.547839	           -1.129689	            0.000000	           -0.473627	           -0.481057	           -4.967471	           -0.338055
            0.397000	            0.000000	            0.000000	            0.000000	           -0.433332	            0.000000	           -0.275592	            0.000000	            0.000000	            0.000000	           70.109142	          718.603740	           48.805179	           -1.129465	            0.000000	           -0.473448	           -0.487629	           -4.996751	           -0.339338
            0.398000	            0.000000	            0.000000	            0.000000	           -0.433332	            0.000000	           -0.275592	            0.000000	            0.000000	            0.000000	           71.173194	          723.902962	           49.070710	           -1.129249	            0.000000	           -0.473265	           -0.494234	           -5.025437	           -0.340631
            0.399000	            0.000000	            0.000000	            0.000000	           -0.433332	            0.000000	           -0.275592	            0.000000	            0.000000	            0.000000	           72.257365	          729.211288	           49.343617	           -1.129046	            0.000000	           -0.473076	           -0.500885	           -5.053412	           -0.341927
            0.400000	            0.000000	            0.000000	            0.000000	           -0.433332	            0.000000	           -0.275592	            0.000000	            0.000000	            0.000000	           73.364610	          734.519690	           49.623061	           -1.128855	            0.000000	           -0.472884	           -0.507594	           -5.080565	           -0.343215
            0.401000	            0.000000	            0.000000	            0.000000	           -0.433332	            0.000000	           -0.275592	            0.000000	            0.000000	            0.000000	           74.497908	          739.819659	           49.908201	           -1.128674	            0.000000	           -0.472689	           -0.514376	           -5.106793	           -0.344487
            0.402000	            0.000000	            0.000000	            0.000000	           -0.433332	            0.000000	           -0.275592	            0.000000	            0.000000	            0.000000	           75.660169	          745.103345	           50.198215	           -1.128499	            0.000000	           -0.472498	           -0.521243	           -5.132001	           -0.345735
            0.403000	            0.000000	            0.000000	            0.000000	           -0.433332	            0.000000	           -0.275592	            0.000000	            0.000000	            0.000000	           76.854133	          750.363677	           50.492319	           -1.128327	            0.000000	           -0.472315	           -0.528208	           -5.156109	           -0.346949
            0.404000	            0.000000	            0.000000	            0.000000	           -0.433332	            0.000000	           -0.275592	            0.000000	            0.000000	            0.000000	           78.082279	          755.594453	           50.789784	           -1.128152	            0.000000	           -0.472143	           -0.535284	           -5.179049	           -0.348123
            0.405000	            0.000000	            0.000000	            0.000000	           -0.433332	            0.000000	           -0.275592	            0.000000	            0.000000	            0.000000	           79.346743	          760.790407	           51.089946	           -1.127973	            0.000000	           -0.471981	           -0.542479	           -5.200770	           -0.349252
            0.406000	            0.000000	            0.000000	            0.000000	           -0.433332	            0.000000	           -0.275592	            0.000000	            0.000000	            0.000000	           80.649239	          765.947243	           51.392219	           -1.127791	            0.000000	           -0.471824	           -0.549800	           -5.221233	           -0.350330
            0.407000	            0.000000	            0.000000	            0.000000	           -0.433332	            0.000000	           -0.275592	            0.000000	            0.000000	            0.000000	           81.991006	          771.061634	           51.696095	           -1.127607	            0.000000	           -0.471672	           -0.557254	           -5.240419	           -0.351353
            0.408000	            0.000000	            0.000000	            0.000000	           -0.433332	            0.000000	           -0.275592	            0.000000	            0.000000	            0.000000	           83.372761	          776.131192	           52.001147	           -1.127424	            0.000000	           -0.471523	           -0.564840	           -5.258318	           -0.352319
            0.409000	            0.000000	            0.000000	            0.000000	           -0.433332	            0.000000	           -0.275592	            0.000000	            0.000000	            0.000000	           84.794680	          781.154412	           52.307013	           -1.127241	            0.000000	           -0.471379	           -0.572559	           -5.274937	           -0.353227
            0.410000	            0.000000	            0.000000	            0.000000	           -0.433332	            0.000000	           -0.275592	            0.000000	            0.000000	            0.000000	           86.256389	          786.130585	           52.613398	           -1.127059	            0.000000	           -0.471240	           -0.580404	           -5.290292	           -0.354075
            0.411000	            0.000000	            0.000000	            0.000000	           -0.433332	            0.000000	           -0.275592	            0.000000	            0.000000	            0.000000	           87.756981	          791.059692	           52.920047	           -1.126879	            0.000000	           -0.471106	           -0.588369	           -5.304408	           -0.354863
            0.412000	            0.000000	            0.000000	            0.000000	           -0.433332	            0.000000	           -0.275592	            0.000000	            0.000000	            0.000000	           89.295046	          795.942283	           53.226735	           -1.126701	            0.000000	           -0.470976	           -0.596442	           -5.317317	           -0.355592
            0.413000	            0.000000	            0.000000	            0.000000	           -0.433332	            0.000000	           -0.275592	            0.000000	            0.000000	            0.000000	           90.868719	          800.779344	           53.533249	           -1.126527	            0.000000	           -0.470847	           -0.604609	           -5.329055	           -0.356261
            0.414000	            0.000000	            0.000000	            0.000000	           -0.433332	            0.000000	           -0.275592	            0.000000	            0.000000	            0.000000	           92.475744	          805.572164	           53.839368	           -1.126356	            0.000000	           -0.470720	           -0.612852	           -5.339660	           -0.356873
            0.415000	            0.000000	            0.000000	            0.000000	           -0.433332	            0.000000	           -0.275592	            0.000000	            0.000000	            0.000000	           94.113541	          810.322199	           54.144849	           -1.126189	            0.000000	           -0.470593	           -0.621153	           -5.349170	           -0.357426
            0.416000	            0.000000	            0.000000	            0.000000	           -0.433332	            0.000000	           -0.275592	            0.000000	            0.000000	            0.000000	           95.779294	          815.030946	           54.449411	           -1.126025	            0.000000	           -0.470464	           -0.629491	           -5.357621	           -0.357920
            0.417000	            0.000000	            0.000000	            0.000000	           -0.433332	            0.000000	           -0.275592	            0.000000	            0.000000	            0.000000	           97.470028	          819.699831	           54.752729	           -1.125863	            0.000000	           -0.470332	           -0.637844	           -5.365043	           -0.358356
            0.418000	            0.000000	            0.000000	            0.000000	           -0.433332	            0.000000	           -0.275592	            0.000000	            0.000000	            0.000000	           99.182696	          824.330115	           55.054431	           -1.125702	            0.000000	           -0.470195	           -0.646189	           -5.371467	           -0.358732
            0.419000	            0.000000	            0.000000	            0.000000	           -0.433332	            0.000000	           -0.275592	            0.000000	            0.000000	            0.000000	          100.914263	          828.922812	           55.354090	           -1.125542	            0.000000	           -0.470053	           -0.654503	           -5.376915	           -0.359047
            0.420000	            0.000000	            0.000000	            0.000000	           -0.433332	            0.000000	           -0.275592	            0.000000	            0.000000	            0.000000	          102.661784	          833.478639	           55.651239	           -1.125381	            0.000000	           -0.469907	           -0.662765	           -5.381406	           -0.359299
            0.421000	            0.000000	            0.000000	            0.000000	           -0.433332	            0.000000	           -0.275592	            0.000000	            0.000000	            0.000000	          104.422468	          837.997977	           55.945371	           -1.125216	            0.000000	           -0.469760	           -0.670954	           -5.384956	           -0.359485
            0.422000	            0.000000	            0.000000	            0.000000	           -0.523245	            0.000000	           -0.264766	            0.000000	            0.000000	            0.000000	          106.193741	          842.480860	           56.235960	           -1.125047	            0.000000	           -0.469616	           -0.679050	           -5.387575	           -0.359604
            0.423000	           12.866742	           15.109253	            1.757784	           -0.523245	            0.000000	           -0.264766	           -0.473723	           -0.610903	           -0.138270	          107.973289	          846.926978	           56.522474	           -1.124874	            0.000000	           -0.469477	           -0.687036	           -5.389273	           -0.359653
            0.424000	           17.143136	           23.205182	            2.559833	           -0.523245	            0.000000	           -0.264766	           -0.534455	           -0.731070	           -0.153183	          109.759095	          851.335697	           56.804393	           -1.124699	            0.000000	           -0.469343	           -0.694898	           -5.390057	           -0.359629
            0.425000	           21.838520	           32.610664	            3.484371	           -0.523245	            0.000000	           -0.264766	           -0.592124	           -0.855372	           -0.166574	          111.549460	          855.706097	           57.081232	           -1.124525	            0.000000	           -0.469214	           -0.702623	           -5.389932	           -0.359530
            0.426000	           26.895817	           43.317606	            4.529891	           -0.520051	            0.000000	           -0.266647	           -0.645408	           -0.981721	           -0.178233	          113.343008	          860.037008	           57.352559	           -1.124354	            0.000000	           -0.469088	           -0.710201	           -5.388902	           -0.359355
            0.427000	           32.242992	           55.288419	            5.692013	           -0.517154	            0.000000	           -0.268486	           -0.693090	           -1.107909	           -0.188020	          115.138684	          864.327068	           57.618011	           -1.124189	            0.000000	           -0.468963	           -0.717624	           -5.386974	           -0.359102
            0.428000	           37.794065	           68.455547	            6.963392	           -0.514458	            0.000000	           -0.270300	           -0.734101	           -1.231683	           -0.195867	          116.935739	          868.574777	           57.877312	           -1.124029	            0.000000	           -0.468838	           -0.724888	           -5.384149	           -0.358770
            0.429000	           43.450608	           82.722041	            8.333707	           -0.511949	            0.000000	           -0.272062	           -0.767555	           -1.350813	           -0.201767	          118.733703	          872.778549	           58.130281	           -1.123874	            0.000000	           -0.468714	           -0.731990	           -5.380434	           -0.358361
            0.430000	           49.103689	           97.963203	            9.789751	           -0.509622	            0.000000	           -0.273736	           -0.792768	           -1.463155	           -0.205766	          120.532358	          876.936771	           58.376840	           -1.123722	            0.000000	           -0.468591	           -0.738928	           -5.375832	           -0.357873
            0.431000	           54.636221	          114.029290	           11.315597	           -0.507468	            0.000000	           -0.275288	           -0.809278	           -1.566720	           -0.207956	          122.331698	          881.047855	           58.617008	           -1.123570	            0.000000	           -0.468468	           -0.745702	           -5.370347	           -0.357308
            0.432000	           59.925632	          130.749240	           12.892876	           -0.505474	            0.000000	           -0.276695	           -0.816853	           -1.659718	           -0.208463	          124.131892	          885.110272	           58.850904	           -1.123416	            0.000000	           -0.468347	           -0.752313	           -5.363981	           -0.356669
            0.433000	           64.846801	          147.935317	           14.501134	           -0.503625	            0.000000	           -0.277949	           -0.815483	           -1.740604	           -0.207433	          125.933239	          889.122598	           59.078724	           -1.123259	            0.000000	           -0.468227	           -0.758762	           -5.356737	           -0.355956
            0.434000	           69.275156	          165.388528	           16.118295	           -0.501908	            0.000000	           -0.279047	           -0.805376	           -1.808108	           -0.205028	          127.736136	          893.083524	           59.300736	           -1.123098	            0.000000	           -0.468108	           -0.765052	           -5.348614	           -0.355172
            0.435000	           73.089857	          182.904649	           17.721192	           -0.500321	            0.000000	           -0.279995	           -0.786937	           -1.861260	           -0.201413	          129.541035	          896.991877	           59.517249	           -1.122933	            0.000000	           -0.467988	           -0.771183	           -5.339611	           -0.354320
            0.436000	           76.176969	          200.280623	           19.286181	           -0.498867	            0.000000	           -0.280804	           -0.760750	           -1.899401	           -0.196752	          131.348416	          900.846608	           59.728596	           -1.122764	            0.000000	           -0.467867	           -0.777157	           -5.329720	           -0.353402
            0.437000	           78.432509	          217.321097	           20.789806	           -0.497554	            0.000000	           -0.281493	           -0.727546	           -1.922189	           -0.191199	          133.158757	          904.646782	           59.935107	           -1.122595	            0.000000	           -0.467742	           -0.782972	           -5.318933	           -0.352419
            0.438000	           79.765296	          233.844835	           22.209494	           -0.496388	            0.000000	           -0.282076	           -0.688177	           -1.929594	           -0.184898	          134.972514	          908.391545	           60.137082	           -1.122426	            0.000000	           -0.467613	           -0.788629	           -5.307235	           -0.351374
            0.439000	           80.099494	          249.690746	           23.524264	           -0.495367	            0.000000	           -0.282570	           -0.643585	           -1.921894	           -0.177979	          136.790106	          912.080092	           60.334772	           -1.122260	            0.000000	           -0.467480	           -0.794124	           -5.294608	           -0.350266
            0.440000	           79.376764	          264.723273	           24.715408	           -0.494484	            0.000000	           -0.282985	           -0.594768	           -1.899657	           -0.170560	          138.611906	          915.711612	           60.528354	           -1.122100	            0.000000	           -0.467343	           -0.799454	           -5.281026	           -0.349096
            0.441000	           77.557964	          278.836908	           25.767123	           -0.493723	            0.000000	           -0.283336	           -0.542755	           -1.863723	           -0.162743	          140.438233	          919.285242	           60.717914	           -1.121946	            0.000000	           -0.467204	           -0.804613	           -5.266462	           -0.347862
            0.442000	           74.624330	          291.959651	           26.667061	           -0.493065	            0.000000	           -0.283632	           -0.488568	           -1.815185	           -0.154622	          142.269358	          922.800000	           60.903437	           -1.121799	            0.000000	           -0.467066	           -0.809595	           -5.250881	           -0.346564
            0.443000	           70.578097	          304.055252	           27.406766	           -0.492486	            0.000000	           -0.283883	           -0.433204	           -1.755359	           -0.146281	          144.105501	          926.254733	           61.084794	           -1.121656	            0.000000	           -0.466932	           -0.814394	           -5.234247	           -0.345199
            0.444000	           65.442551	          315.124155	           27.981973	           -0.491959	            0.000000	           -0.284093	           -0.377602	           -1.685763	           -0.137797	          145.946841	          929.648051	           61.261741	           -1.121514	            0.000000	           -0.466805	           -0.819001	           -5.216520	           -0.343763
            0.445000	           59.261512	          325.203098	           28.392757	           -0.491461	            0.000000	           -0.284263	           -0.322626	           -1.608081	           -0.129244	          147.793518	          932.978269	           61.433916	           -1.121373	            0.000000	           -0.466687	           -0.823409	           -5.197659	           -0.342253
            0.446000	           52.098255	          334.363400	           28.643519	           -0.490969	            0.000000	           -0.284396	           -0.269046	           -1.524132	           -0.120694	          149.645644	          936.243353	           61.600841	           -1.121232	            0.000000	           -0.466577	           -0.827608	           -5.177625	           -0.340665
            0.447000	           44.033939	          342.708001	           28.742803	           -0.490466	            0.000000	           -0.284497	           -0.217523	           -1.435842	           -0.112221	          151.503304	          939.440877	           61.761931	           -1.121090	            0.000000	           -0.466475	           -0.831592	           -5.156379	           -0.338993
            0.448000	           35.165565	          350.367397	           28.702954	           -0.489942	            0.000000	           -0.284570	           -0.168599	           -1.345200	           -0.103897	          153.366559	          942.567981	           61.916501	           -1.120948	            0.000000	           -0.466376	           -0.835353	           -5.133886	           -0.337233
            0.449000	           25.603562	          357.494629	           28.539639	           -0.489391	            0.000000	           -0.284625	           -0.122690	           -1.254230	           -0.095800	          155.235447	          945.621350	           62.063773	           -1.120808	            0.000000	           -0.466279	           -0.838885	           -5.110115	           -0.335381
            0.450000	           15.469066	          364.259541	           28.271241	           -0.488813	            0.000000	           -0.284675	           -0.080086	           -1.164947	           -0.088007	          157.109977	          948.597206	           62.202893	           -1.120666	            0.000000	           -0.466182	           -0.842183	           -5.085042	           -0.333432
            0.451000	            4.890967	          370.842525	           27.918158	           -0.488206	            0.000000	           -0.284731	           -0.040954	           -1.079323	           -0.080595	          158.990127	          951.491312	           62.332938	           -1.120524	            0.000000	           -0.466083	           -0.845242	           -5.058648	           -0.331382
            0.452000	           -5.997159	          377.428004	           27.502047	           -0.487568	            0.000000	           -0.284806	           -0.005338	           -0.999245	           -0.073642	          160.875827	          954.299004	           62.452933	           -1.120379	            0.000000	           -0.465981	           -0.848060	           -5.030919	           -0.329227
            0.453000	          -17.060183	          384.197897	           27.045032	           -0.486895	            0.000000	           -0.284906	            0.026823	           -0.926477	           -0.067221	          162.766954	          957.015236	           62.561861	           -1.120232	            0.000000	           -0.465877	           -0.850635	           -5.001850	           -0.326964
            0.454000	          -28.164492	          391.325303	           26.568919	           -0.486178	            0.000000	           -0.285036	            0.055687	           -0.862625	           -0.061400	          164.663314	          959.634641	           62.658685	           -1.120084	            0.000000	           -0.465769	           -0.852965	           -4.971442	           -0.324589
            0.455000	          -39.180951	          398.968621	           26.094444	           -0.485406	            0.000000	           -0.285192	            0.081496	           -0.809099	           -0.056242	          166.564631	          962.151615	           62.742356	           -1.119935	            0.000000	           -0.465658	           -0.855052	           -4.939701	           -0.322102
            0.456000	          -49.987651	          407.266318	           25.640595	           -0.484567	            0.000000	           -0.285367	            0.104552	           -0.767078	           -0.051795	          168.470532	          964.560410	           62.811835	           -1.119787	            0.000000	           -0.465546	           -0.856894	           -4.906639	           -0.319499
            0.457000	          -60.472383	          416.332502	           25.224008	           -0.483658	            0.000000	           -0.285547	            0.125203	           -0.737484	           -0.048098	          170.380538	          966.855235	           62.866109	           -1.119639	            0.000000	           -0.465432	           -0.858493	           -4.872271	           -0.316780
            0.458000	          -70.534783	          426.253434	           24.858489	           -0.482683	            0.000000	           -0.285720	            0.143824	           -0.720956	           -0.045173	          172.294052	          969.030360	           62.904208	           -1.119492	            0.000000	           -0.465319	           -0.859849	           -4.836617	           -0.313945
            0.459000	          -80.088090	          437.085070	           24.554644	           -0.481657	            0.000000	           -0.285877	            0.160795	           -0.717830	           -0.043028	          174.210355	          971.080221	           62.925226	           -1.119345	            0.000000	           -0.465207	           -0.860960	           -4.799697	           -0.310994
            0.460000	          -89.060476	          448.851693	           24.319651	           -0.480597	            0.000000	           -0.286008	            0.176487	           -0.728131	           -0.041651	          176.128600	          972.999511	           62.928340	           -1.119198	            0.000000	           -0.465099	           -0.861828	           -4.761534	           -0.307927
            0.461000	          -97.395938	          461.545624	           24.157163	           -0.479521	            0.000000	           -0.286108	            0.191243	           -0.751566	           -0.041015	          178.047817	          974.783262	           62.912827	           -1.119049	            0.000000	           -0.464996	           -0.862448	           -4.722149	           -0.304745
            0.462000	         -105.054719	          475.128003	           24.067339	           -0.478446	            0.000000	           -0.286172	            0.205367	           -0.787528	           -0.041072	          179.966910	          976.426907	           62.878085	           -1.118899	            0.000000	           -0.464898	           -0.862817	           -4.681561	           -0.301449
            0.463000	         -112.013294	          489.530552	           24.047002	           -0.477382	            0.000000	           -0.286199	            0.219110	           -0.835112	           -0.041762	          181.884670	          977.926319	           62.823650	           -1.118748	            0.000000	           -0.464805	           -0.862931	           -4.639786	           -0.298042
            0.464000	         -118.263903	          504.658236	           24.089902	           -0.476334	            0.000000	           -0.286192	            0.232664	           -0.893131	           -0.043004	          183.799780	          979.277832	           62.749212	           -1.118597	            0.000000	           -0.464715	           -0.862780	           -4.596836	           -0.294525
            0.465000	         -123.813695	          520.392688	           24.187072	           -0.475302	            0.000000	           -0.286154	            0.246159	           -0.960150	           -0.044708	          185.710830	          980.478235	           62.654628	           -1.118446	            0.000000	           -0.464629	           -0.862357	           -4.552716	           -0.290902
            0.466000	         -128.683516	          536.596245	           24.327254	           -0.474282	            0.000000	           -0.286091	            0.259659	           -1.034520	           -0.046770	          187.616326	          981.524750	           62.539933	           -1.118297	            0.000000	           -0.464546	           -0.861648	           -4.507424	           -0.287174
            0.467000	         -132.906392	          553.116458	           24.497369	           -0.473273	            0.000000	           -0.286006	            0.273163	           -1.114420	           -0.049082	          189.514708	          982.414989	           62.405346	           -1.118150	            0.000000	           -0.464467	           -0.860641	           -4.460951	           -0.283346
            0.468000	         -136.525778	          569.790883	           24.683013	           -0.472270	            0.000000	           -0.285904	            0.286614	           -1.197907	           -0.051526	          191.404361	          983.146901	           62.251276	           -1.118004	            0.000000	           -0.464392	           -0.859319	           -4.413280	           -0.279419
            0.469000	         -139.593633	          586.452010	           24.868957	           -0.471274	            0.000000	           -0.285787	            0.299900	           -1.282962	           -0.053987	          193.283624	          983.718706	           62.078311	           -1.117859	            0.000000	           -0.464320	           -0.857663	           -4.364385	           -0.275398
            0.470000	         -142.168405	          602.932156	           25.039617	           -0.470287	            0.000000	           -0.285658	            0.312868	           -1.367549	           -0.056350	          195.150810	          984.128832	           61.887221	           -1.117714	            0.000000	           -0.464249	           -0.855655	           -4.314233	           -0.271285
            0.471000	         -144.312970	          619.068178	           25.179494	           -0.469314	            0.000000	           -0.285521	            0.325331	           -1.449660	           -0.058505	          197.004207	          984.375845	           61.678938	           -1.117568	            0.000000	           -0.464176	           -0.853273	           -4.262786	           -0.267085
            0.472000	         -146.092619	          634.705878	           25.273550	           -0.468362	            0.000000	           -0.285380	            0.337079	           -1.527371	           -0.060350	          198.842090	          984.458390	           61.454540	           -1.117421	            0.000000	           -0.464099	           -0.850495	           -4.210002	           -0.262802
            0.473000	         -147.573137	          649.703962	           25.307527	           -0.467438	            0.000000	           -0.285240	            0.347891	           -1.598887	           -0.061795	          200.662725	          984.375138	           61.215234	           -1.117274	            0.000000	           -0.464017	           -0.847301	           -4.155837	           -0.258438
            0.474000	         -148.819028	          663.937487	           25.268189	           -0.466544	            0.000000	           -0.285104	            0.357543	           -1.662584	           -0.062764	          202.464374	          984.124738	           60.962324	           -1.117127	            0.000000	           -0.463931	           -0.843667	           -4.100248	           -0.254000
            0.475000	         -149.891937	          677.300694	           25.143487	           -0.465680	            0.000000	           -0.284973	            0.365822	           -1.717044	           -0.063194	          204.245295	          983.705784	           60.697191	           -1.116980	            0.000000	           -0.463842	           -0.839575	           -4.043197	           -0.249491
            0.476000	         -150.849302	          689.709193	           24.922661	           -0.464840	            0.000000	           -0.284849	            0.372533	           -1.761086	           -0.063041	          206.003745	          983.116787	           60.421259	           -1.116831	            0.000000	           -0.463755	           -0.835006	           -3.984653	           -0.244916
            0.477000	         -151.743257	          701.101461	           24.596263	           -0.464018	            0.000000	           -0.284731	            0.377503	           -1.793788	           -0.062277	          207.737984	          982.356153	           60.135971	           -1.116683	            0.000000	           -0.463673	           -0.829945	           -3.924595	           -0.240281
            0.478000	         -152.619809	          711.439659	           24.156129	           -0.463205	            0.000000	           -0.284618	            0.380593	           -1.814496	           -0.060895	          209.446272	          981.422168	           59.842758	           -1.116533	            0.000000	           -0.463597	           -0.824380	           -3.863012	           -0.235591
            0.479000	         -153.518278	          720.709768	           23.595306	           -0.462396	            0.000000	           -0.284510	            0.381699	           -1.822831	           -0.058902	          211.126877	          980.312980	           59.543014	           -1.116381	            0.000000	           -0.463529	           -0.818300	           -3.799912	           -0.230852
            0.480000	         -154.471014	          728.921094	           22.907939	           -0.461588	            0.000000	           -0.284407	            0.380755	           -1.818686	           -0.056325	          212.778078	          979.026583	           59.238071	           -1.116227	            0.000000	           -0.463471	           -0.811702	           -3.735316	           -0.226072
            0.481000	         -155.503363	          736.105177	           22.089139	           -0.460781	            0.000000	           -0.284306	            0.377734	           -1.802213	           -0.053205	          214.398172	          977.560794	           58.929177	           -1.116071	            0.000000	           -0.463424	           -0.804584	           -3.669262	           -0.221256
            0.482000	         -156.633864	          742.314185	           21.134845	           -0.459978	            0.000000	           -0.284204	            0.372649	           -1.773803	           -0.049601	          215.985485	          975.913230	           58.617476	           -1.115915	            0.000000	           -0.463386	           -0.796949	           -3.601804	           -0.216412
            0.483000	         -157.874653	          747.618859	           20.041695	           -0.459183	            0.000000	           -0.284097	            0.365547	           -1.734064	           -0.045581	          217.538382	          974.081276	           58.303989	           -1.115762	            0.000000	           -0.463355	           -0.788806	           -3.533012	           -0.211548
            0.484000	         -159.232044	          752.106085	           18.806909	           -0.458397	            0.000000	           -0.283981	            0.356512	           -1.683790	           -0.041225	          219.055281	          972.062057	           57.989605	           -1.115614	            0.000000	           -0.463326	           -0.780163	           -3.462971	           -0.206669
            0.485000	         -160.707239	          755.876201	           17.428206	           -0.457622	            0.000000	           -0.283854	            0.345655	           -1.623928	           -0.036622	          220.534666	          969.852402	           57.675061	           -1.115471	            0.000000	           -0.463297	           -0.771035	           -3.391775	           -0.201785
            0.486000	         -162.297148	          759.040101	           15.903754	           -0.456859	            0.000000	           -0.283713	            0.333113	           -1.555539	           -0.031866	          221.975098	          967.448818	           57.360935	           -1.115334	            0.000000	           -0.463265	           -0.761438	           -3.319529	           -0.196900
            0.487000	         -163.995270	          761.716241	           14.232170	           -0.456110	            0.000000	           -0.283558	            0.319042	           -1.479766	           -0.027051	          223.375232	          964.847464	           57.047642	           -1.115203	            0.000000	           -0.463228	           -0.751391	           -3.246342	           -0.192023
            0.488000	         -165.792595	          764.027616	           12.412562	           -0.455376	            0.000000	           -0.283386	            0.303613	           -1.397795	           -0.022277	          224.733819	          962.044142	           56.735422	           -1.115074	            0.000000	           -0.463188	           -0.740913	           -3.172327	           -0.187159
            0.489000	         -167.678499	          766.098779	           10.444619	           -0.454660	            0.000000	           -0.283196	            0.287005	           -1.310822	           -0.017635	          226.049709	          959.034287	           56.424341	           -1.114947	            0.000000	           -0.463146	           -0.730025	           -3.097598	           -0.182312
            0.490000	         -169.641588	          768.052982	            8.328749	           -0.453962	            0.000000	           -0.282990	            0.269403	           -1.220026	           -0.013217	          227.321855	          955.812983	           56.114292	           -1.114821	            0.000000	           -0.463104	           -0.718746	           -3.022263	           -0.177488
            0.491000	         -171.670476	          770.009473	            6.066263	           -0.453282	            0.000000	           -0.282772	            0.250991	           -1.126538	           -0.009103	          228.549295	          952.374985	           55.804995	           -1.114694	            0.000000	           -0.463064	           -0.707095	           -2.946427	           -0.172690
            0.492000	         -173.754439	          772.081007	            3.659590	           -0.452612	            0.000000	           -0.282549	            0.231951	           -1.031428	           -0.005365	          229.731138	          948.714755	           55.496004	           -1.114565	            0.000000	           -0.463028	           -0.695092	           -2.870186	           -0.167921
            0.493000	         -175.883960	          774.371611	            1.112514	           -0.451946	            0.000000	           -0.282324	            0.212462	           -0.935687	           -0.002066	          230.866543	          944.826517	           55.186716	           -1.114434	            0.000000	           -0.462996	           -0.682752	           -2.793627	           -0.163182
            0.494000	         -178.051119	          776.974616	           -1.569558	           -0.451272	            0.000000	           -0.282101	            0.192694	           -0.840222	            0.000746	          231.954678	          940.704315	           54.876382	           -1.114301	            0.000000	           -0.462970	           -0.670090	           -2.716825	           -0.158475
            0.495000	         -180.249833	          779.970990	           -4.379350	           -0.450584	            0.000000	           -0.281877	            0.172813	           -0.745854	            0.003039	          232.994687	          936.342079	           54.564118	           -1.114165	            0.000000	           -0.462949	           -0.657118	           -2.639845	           -0.153799
            0.496000	         -182.475936	          783.427978	           -7.307464	           -0.449877	            0.000000	           -0.281650	            0.152980	           -0.653326	            0.004791	          233.985642	          931.733705	           54.248925	           -1.114025	            0.000000	           -0.462934	           -0.643844	           -2.562740	           -0.149153
            0.497000	         -184.727099	          787.398063	          -10.342171	           -0.449148	            0.000000	           -0.281416	            0.133350	           -0.563308	            0.006001	          234.926496	          926.873129	           53.929703	           -1.113883	            0.000000	           -0.462924	           -0.630275	           -2.485552	           -0.144536
            0.498000	         -187.002617	          791.918247	          -13.469243	           -0.448397	            0.000000	           -0.281172	            0.114079	           -0.476417	            0.006679	          235.816029	          921.754400	           53.605270	           -1.113736	            0.000000	           -0.462919	           -0.616414	           -2.408312	           -0.139947
            0.499000	         -189.303062	          797.009669	          -16.671857	           -0.447626	            0.000000	           -0.280915	            0.095323	           -0.393228	            0.006854	          236.652800	          916.371757	           53.274383	           -1.113587	            0.000000	           -0.462917	           -0.602263	           -2.331039	           -0.135383
            0.500000	         -191.629830	          802.677543	          -19.930573	           -0.446835	            0.000000	           -0.280644	            0.077242	           -0.314291	            0.006568	          237.435099	          910.719691	           52.935754	           -1.113433	            0.000000	           -0.462915	           -0.587820	           -2.253745	           -0.130841
            0.501000	         -193.984623	          808.911425	          -23.223416	           -0.446017	            0.000000	           -0.280358	            0.059998	           -0.240147	            0.005877	          238.160906	          904.793003	           52.588079	           -1.113277	            0.000000	           -0.462913	           -0.573082	           -2.176437	           -0.126319
            0.502000	         -196.368886	          815.685804	          -26.526064	           -0.445167	            0.000000	           -0.280056	            0.043763	           -0.171341	            0.004849	          238.827852	          898.586857	           52.230053	           -1.113119	            0.000000	           -0.462913	           -0.558042	           -2.099114	           -0.121813
            0.503000	         -198.783239	          822.961009	          -29.812156	           -0.444275	            0.000000	           -0.279741	            0.028712	           -0.108427	            0.003564	          239.433198	          892.096816	           51.860398	           -1.112958	            0.000000	           -0.462916	           -0.542696	           -2.021773	           -0.117322
            0.504000	         -201.226941	          830.684407	          -33.053722	           -0.443341	            0.000000	           -0.279415	            0.015027	           -0.051970	            0.002109	          239.973815	          885.318876	           51.477891	           -1.112795	            0.000000	           -0.462924	           -0.527034	           -1.944411	           -0.112844
            0.505000	         -203.697420	          838.791895	          -36.221729	           -0.442370	            0.000000	           -0.279080	            0.002890	           -0.002546	            0.000576	          240.446186	          878.249488	           51.081384	           -1.112631	            0.000000	           -0.462939	           -0.511051	           -1.867025	           -0.108375
            0.506000	         -206.189903	          847.209639	          -39.286738	           -0.441371	            0.000000	           -0.278742	           -0.007516	            0.039275	           -0.000939	          240.846413	          870.885573	           50.669840	           -1.112466	            0.000000	           -0.462959	           -0.494740	           -1.789618	           -0.103916
            0.507000	         -208.697161	          855.856031	          -42.219658	           -0.440359	            0.000000	           -0.278407	           -0.016019	            0.072940	           -0.002340	          241.170239	          863.224532	           50.242357	           -1.112301	            0.000000	           -0.462984	           -0.478094	           -1.712199	           -0.099465
            0.508000	         -211.209402	          864.643826	          -44.992558	           -0.439343	            0.000000	           -0.278083	           -0.022456	            0.097940	           -0.003535	          241.413087	          855.264247	           49.798206	           -1.112135	            0.000000	           -0.463014	           -0.461112	           -1.634781	           -0.095022
            0.509000	         -213.714319	          873.482404	          -47.579526	           -0.438337	            0.000000	           -0.277774	           -0.026689	            0.113832	           -0.004436	          241.570107	          847.003086	           49.336858	           -1.111967	            0.000000	           -0.463049	           -0.443790	           -1.557392	           -0.090587
            0.510000	         -216.197284	          882.280092	          -49.957521	           -0.437348	            0.000000	           -0.277485	           -0.028606	            0.120271	           -0.004968	          241.636235	          838.439902	           48.858016	           -1.111797	            0.000000	           -0.463087	           -0.426131	           -1.480066	           -0.086163
            0.511000	         -218.641691	          890.946499	          -52.107194	           -0.436386	            0.000000	           -0.277216	           -0.028130	            0.117039	           -0.005066	          241.606262	          829.574025	           48.361644	           -1.111623	            0.000000	           -0.463128	           -0.408137	           -1.402849	           -0.081751
            0.512000	         -221.029435	          899.394782	          -54.013619	           -0.435459	            0.000000	           -0.276970	           -0.025230	            0.104070	           -0.004679	          241.474912	          820.405266	           47.847999	           -1.111446	            0.000000	           -0.463170	           -0.389816	           -1.325799	           -0.077353
            0.513000	         -223.341490	          907.543775	          -55.666913	           -0.434573	            0.000000	           -0.276747	           -0.019920	            0.081476	           -0.003774	          241.236926	          810.933908	           47.317646	           -1.111263	            0.000000	           -0.463212	           -0.371177	           -1.248982	           -0.072972
            0.514000	         -225.558558	          915.319936	          -57.062700	           -0.433731	            0.000000	           -0.276546	           -0.012268	            0.049565	           -0.002333	          240.887146	          801.160714	           46.771482	           -1.111074	            0.000000	           -0.463252	           -0.352232	           -1.172475	           -0.068611
            0.515000	         -227.661763	          922.659027	          -58.202387	           -0.432933	            0.000000	           -0.276368	           -0.002396	            0.008852	           -0.000361	          240.420603	          791.086918	           46.210740	           -1.110874	            0.000000	           -0.463291	           -0.332994	           -1.096362	           -0.064273
            0.516000	         -229.633342	          929.507488	          -59.093237	           -0.432173	            0.000000	           -0.276211	            0.009516	           -0.039938	            0.002123	          239.832597	          780.714236	           45.636993	           -1.110663	            0.000000	           -0.463329	           -0.313479	           -1.020730	           -0.059961
            0.517000	         -231.457291	          935.823464	          -59.748232	           -0.431449	            0.000000	           -0.276074	            0.023238	           -0.095878	            0.005081	          239.118780	          770.044871	           45.052143	           -1.110437	            0.000000	           -0.463367	           -0.293705	           -0.945671	           -0.055679
            0.518000	         -233.119943	          941.577456	          -60.185710	           -0.430759	            0.000000	           -0.275957	            0.038491	           -0.157852	            0.008459	          238.275221	          759.081521	           44.458401	           -1.110196	            0.000000	           -0.463409	           -0.273686	           -0.871277	           -0.051428
            0.519000	         -234.610435	          946.752569	          -60.428807	           -0.430100	            0.000000	           -0.275856	            0.054953	           -0.224585	            0.012188	          237.298463	          747.827403	           43.858252	           -1.109939	            0.000000	           -0.463458	           -0.253442	           -0.797638	           -0.047212
            0.520000	         -235.921041	          951.344382	          -60.504708	           -0.429473	            0.000000	           -0.275769	            0.072269	           -0.294668	            0.016189	          236.185567	          736.286280	           43.254411	           -1.109664	            0.000000	           -0.463515	           -0.232987	           -0.724836	           -0.043030
            0.521000	         -237.047358	          955.360429	          -60.443750	           -0.428875	            0.000000	           -0.275692	            0.090062	           -0.366606	            0.020374	          234.934136	          724.462496	           42.649761	           -1.109373	            0.000000	           -0.463579	           -0.212336	           -0.652950	           -0.038885
            0.522000	         -237.988336	          958.819340	          -60.278405	           -0.428302	            0.000000	           -0.275624	            0.107943	           -0.438859	            0.024652	          233.542321	          712.361032	           42.047286	           -1.109067	            0.000000	           -0.463649	           -0.191505	           -0.582049	           -0.034775
            0.523000	         -238.746151	          961.749673	          -60.042192	           -0.427752	            0.000000	           -0.275561	            0.125525	           -0.509890	            0.028928	          232.008814	          699.987574	           41.449983	           -1.108745	            0.000000	           -0.463725	           -0.170504	           -0.512191	           -0.030699
            0.524000	         -239.325938	          964.188501	          -59.768564	           -0.427224	            0.000000	           -0.275501	            0.142434	           -0.578213	            0.033110	          230.332807	          687.348597	           40.860772	           -1.108408	            0.000000	           -0.463805	           -0.149347	           -0.443428	           -0.026657
            0.525000	         -239.735394	          966.179800	          -59.489809	           -0.426713	            0.000000	           -0.275441	            0.158320	           -0.642447	            0.037111	          228.513952	          674.451467	           40.282398	           -1.108058	            0.000000	           -0.463889	           -0.128044	           -0.375798	           -0.022646
            0.526000	         -239.984289	          967.772719	          -59.236023	           -0.426216	            0.000000	           -0.275380	            0.172873	           -0.701353	            0.040854	          226.552285	          661.304560	           39.717328	           -1.107694	            0.000000	           -0.463977	           -0.106607	           -0.309336	           -0.018665
            0.527000	         -240.083907	          969.019791	          -59.034185	           -0.425729	            0.000000	           -0.275317	            0.185825	           -0.753879	            0.044271	          224.448155	          647.917388	           39.167645	           -1.107316	            0.000000	           -0.464070	           -0.085050	           -0.244070	           -0.014710
            0.528000	         -240.046448	          969.975156	          -58.907374	           -0.425248	            0.000000	           -0.275252	            0.196967	           -0.799194	            0.047308	          222.202126	          634.300737	           38.634950	           -1.106923	            0.000000	           -0.464169	           -0.063391	           -0.180030	           -0.010780
            0.529000	         -239.884439	          970.692850	          -58.874153	           -0.424768	            0.000000	           -0.275184	            0.206148	           -0.836707	            0.049924	          219.814893	          620.466807	           38.120271	           -1.106515	            0.000000	           -0.464274	           -0.041654	           -0.117246	           -0.006874
            0.530000	         -239.610165	          971.225235	          -58.948143	           -0.424288	            0.000000	           -0.275114	            0.213282	           -0.866092	            0.052095	          217.287184	          606.429336	           37.623983	           -1.106091	            0.000000	           -0.464387	           -0.019868	           -0.055763	           -0.002992
            0.531000	         -239.235177	          971.621601	          -59.137798	           -0.423807	            0.000000	           -0.275041	            0.218348	           -0.887284	            0.053812	          214.619682	          592.203719	           37.145746	           -1.105653	            0.000000	           -0.464509	            0.001926	            0.004364	            0.000864
            0.532000	         -238.769870	          971.926976	          -59.446372	           -0.423322	            0.000000	           -0.274965	            0.221391	           -0.900481	            0.055083	          211.812954	          577.807095	           36.684458	           -1.105196	            0.000000	           -0.464641	            0.023675	            0.063055	            0.004689
            0.533000	         -238.223172	          972.181197	          -59.872089	           -0.422834	            0.000000	           -0.274888	            0.222515	           -0.906129	            0.055928	          208.867409	          563.258406	           36.238243	           -1.104718	            0.000000	           -0.464787	            0.045314	            0.120207	            0.008479
            0.534000	         -237.602349	          972.418223	          -60.408482	           -0.422346	            0.000000	           -0.274810	            0.221879	           -0.904899	            0.056382	          205.783271	          548.578408	           35.804455	           -1.104213	            0.000000	           -0.464950	            0.066760	            0.175681	            0.012224
            0.535000	         -236.912922	          972.665718	          -61.044893	           -0.421858	            0.000000	           -0.274735	            0.219691	           -0.897651	            0.056492	          202.560595	          533.789642	           35.379713	           -1.103680	            0.000000	           -0.465134	            0.087915	            0.229310	            0.015912
            0.536000	         -236.158702	          972.944896	          -61.767097	           -0.421374	            0.000000	           -0.274661	            0.216194	           -0.885402	            0.056313	          199.199307	          518.916347	           34.959972	           -1.103118	            0.000000	           -0.465339	            0.108667	            0.280887	            0.019530
            0.537000	         -235.341927	          973.270598	          -62.558028	           -0.420897	            0.000000	           -0.274589	            0.211658	           -0.869280	            0.055907	          195.699283	          503.984322	           34.540609	           -1.102528	            0.000000	           -0.465563	            0.128884	            0.330170	            0.023060
            0.538000	         -234.463492	          973.651592	          -63.398562	           -0.420433	            0.000000	           -0.274519	            0.206371	           -0.850476	            0.055339	          192.060457	          489.020735	           34.116551	           -1.101912	            0.000000	           -0.465802	            0.148422	            0.376886	            0.026484
            0.539000	         -233.523241	          974.091052	          -64.268332	           -0.419987	            0.000000	           -0.274451	            0.200624	           -0.830196	            0.054678	          188.282964	          474.053883	           33.682413	           -1.101266	            0.000000	           -0.466052	            0.167125	            0.420733	            0.029782
            0.540000	         -232.520310	          974.587191	          -65.146537	           -0.419564	            0.000000	           -0.274386	            0.194700	           -0.809618	            0.053987	          184.367302	          459.112906	           33.232667	           -1.100587	            0.000000	           -0.466313	            0.184826	            0.461388	            0.032930
            0.541000	         -231.453490	          975.133992	          -66.012711	           -0.419167	            0.000000	           -0.274326	            0.188867	           -0.789843	            0.053328	          180.314517	          444.227475	           32.761813	           -1.099874	            0.000000	           -0.466584	            0.201355	            0.498514	            0.035907
            0.542000	         -230.321583	          975.722020	          -66.847432	           -0.418797	            0.000000	           -0.274273	            0.183362	           -0.771858	            0.052756	          176.126397	          429.427451	           32.264567	           -1.099127	            0.000000	           -0.466862	            0.216538	            0.531772	            0.038689
            0.543000	         -229.123738	          976.339246	          -67.632936	           -0.418454	            0.000000	           -0.274226	            0.178392	           -0.756502	            0.052316	          171.805666	          414.742536	           31.736043	           -1.098352	            0.000000	           -0.467144	            0.230205	            0.560830	            0.041256
            0.544000	         -227.859735	          976.971874	          -68.353632	           -0.418136	            0.000000	           -0.274185	            0.174121	           -0.744442	            0.052044	          167.356177	          400.201930	           31.171927	           -1.097551	            0.000000	           -0.467429	            0.242194	            0.585373	            0.043586
            0.545000	         -226.530211	          977.605118	          -68.996487	           -0.417840	            0.000000	           -0.274149	            0.170668	           -0.736155	            0.051965	          162.783083	          385.833996	           30.568643	           -1.096725	            0.000000	           -0.467720	            0.252354	            0.605119	            0.045660
            0.546000	         -225.136807	          978.223914	          -69.551295	           -0.417562	            0.000000	           -0.274116	            0.168108	           -0.731918	            0.052091	          158.092985	          371.665959	           29.923490	           -1.095871	            0.000000	           -0.468021	            0.260551	            0.619823	            0.047461
            0.547000	         -223.682240	          978.813537	          -70.010813	           -0.417296	            0.000000	           -0.274085	            0.166468	           -0.731810	            0.052426	          153.294054	          357.723635	           29.234762	           -1.094984	            0.000000	           -0.468338	            0.266668	            0.629294	            0.048974
            0.548000	         -222.170294	          979.360121	          -70.370775	           -0.417041	            0.000000	           -0.274056	            0.165731	           -0.735722	            0.052959	          148.396097	          344.031200	           28.501826	           -1.094060	            0.000000	           -0.468674	            0.270613	            0.633396	            0.050187
            0.549000	         -220.605730	          979.851050	          -70.629795	           -0.416796	            0.000000	           -0.274030	            0.165842	           -0.743373	            0.053673	          143.410596	          330.611006	           27.725177	           -1.093099	            0.000000	           -0.469030	            0.272318	            0.632063	            0.051087
            0.550000	         -218.994139	          980.275250	          -70.789166	           -0.416559	            0.000000	           -0.274008	            0.166709	           -0.754330	            0.054538	          138.350678	          317.483437	           26.906452	           -1.092100	            0.000000	           -0.469406	            0.271738	            0.625296	            0.051663
            0.551000	         -217.341728	          980.623358	          -70.852581	           -0.416330	            0.000000	           -0.273989	            0.168214	           -0.768040	            0.055521	          133.231039	          304.666805	           26.048402	           -1.091061	            0.000000	           -0.469810	            0.268857	            0.613171	            0.051907
            0.552000	         -215.655083	          980.887793	          -70.825782	           -0.416107	            0.000000	           -0.273975	            0.170215	           -0.783860	            0.056582	          128.067813	          292.177280	           25.154839	           -1.089977	            0.000000	           -0.470255	            0.263685	            0.595838	            0.051807
            0.553000	         -213.940896	          981.062731	          -70.716170	           -0.415887	            0.000000	           -0.273963	            0.172560	           -0.801089	            0.057680	          122.878381	          280.028850	           24.230538	           -1.088837	            0.000000	           -0.470754	            0.256255	            0.573516	            0.051350
            0.554000	         -212.205701	          981.144011	          -70.532387	           -0.415667	            0.000000	           -0.273955	            0.175089	           -0.819006	            0.058771	          117.681137	          268.233294	           23.281115	           -1.087625	            0.000000	           -0.471322	            0.246622	            0.546491	            0.050524
            0.555000	         -210.455618	          981.128980	          -70.283890	           -0.415447	            0.000000	           -0.273949	            0.177644	           -0.836897	            0.059814	          112.495202	          256.800172	           22.312875	           -1.086326	            0.000000	           -0.471968	            0.234863	            0.515108	            0.049311
            0.556000	         -208.696128	          981.016295	          -69.980542	           -0.415224	            0.000000	           -0.273945	            0.180076	           -0.854089	            0.060770	          107.340100	          245.736819	           21.332641	           -1.084933	            0.000000	           -0.472697	            0.221071	            0.479759	            0.047690
            0.557000	         -206.931887	          980.805711	          -69.632221	           -0.414998	            0.000000	           -0.273943	            0.182249	           -0.869974	            0.061605	          102.235418	          235.048338	           20.347569	           -1.083446	            0.000000	           -0.473508	            0.205353	            0.440872	            0.045636
            0.558000	         -205.166598	          980.497851	          -69.248481	           -0.414771	            0.000000	           -0.273941	            0.184048	           -0.884034	            0.062290	           97.200436	          224.737595	           19.364953	           -1.081878	            0.000000	           -0.474395	            0.187829	            0.398901	            0.043121
            0.559000	         -203.402928	          980.093989	          -68.838251	           -0.414549	            0.000000	           -0.273940	            0.185377	           -0.895852	            0.062802	           92.253760	          214.805216	           18.392033	           -1.080249	            0.000000	           -0.475349	            0.168624	            0.354307	            0.040115
            0.560000	         -201.642497	          979.595848	          -68.409596	           -0.414335	            0.000000	           -0.273936	            0.186168	           -0.905126	            0.063128	           87.412968	          205.249585	           17.435811	           -1.078581	            0.000000	           -0.476360	            0.147875	            0.307547	            0.036584
            0.561000	         -199.885908	          979.005420	          -67.969545	           -0.414133	            0.000000	           -0.273930	            0.186377	           -0.911675	            0.063259	           82.694268	          196.066852	           16.502882	           -1.076897	            0.000000	           -0.477416	            0.125722	            0.259060	            0.032495
            0.562000	         -198.132838	          978.324819	          -67.523966	           -0.413941	            0.000000	           -0.273921	            0.185986	           -0.915431	            0.063196	           78.112198	          187.250965	           15.599284	           -1.075213	            0.000000	           -0.478506	            0.102313	            0.209254	            0.027818
            0.563000	         -196.382166	          977.556156	          -67.077516	           -0.413757	            0.000000	           -0.273911	            0.185002	           -0.916442	            0.062945	           73.679367	          178.793713	           14.730378	           -1.073542	            0.000000	           -0.479625	            0.077806	            0.158497	            0.022529
            0.564000	         -194.632130	          976.701449	          -66.633641	           -0.413575	            0.000000	           -0.273900	            0.183452	           -0.914850	            0.062520	           69.406248	          170.684813	           13.900755	           -1.071884	            0.000000	           -0.480779	            0.052369	            0.107110	            0.016613
            0.565000	         -192.880507	          975.762554	          -66.194624	           -0.413389	            0.000000	           -0.273892	            0.181383	           -0.910883	            0.061936	           65.301036	          162.912016	           13.114174	           -1.070238	            0.000000	           -0.481978	            0.026188	            0.055361	            0.010072
            0.566000	         -191.124798	          974.741123	          -65.761678	           -0.413195	            0.000000	           -0.273884	            0.178856	           -0.904834	            0.061215	           61.369562	          155.461264	           12.373530	           -1.068608	            0.000000	           -0.483232	           -0.000529	            0.003470	            0.002923
            0.567000	         -189.362406	          973.638567	          -65.335076	           -0.412993	            0.000000	           -0.273877	            0.175942	           -0.897038	            0.060382	           57.615290	          148.316877	           11.680850	           -1.067004	            0.000000	           -0.484541	           -0.027547	           -0.048393	           -0.004790
            0.568000	         -187.590807	          972.456043	          -64.914300	           -0.412783	            0.000000	           -0.273869	            0.172719	           -0.887856	            0.059460	           54.039368	          141.461777	           11.037312	           -1.065436	            0.000000	           -0.485904	           -0.054595	           -0.100094	           -0.012999
            0.569000	         -185.807687	          971.194434	          -64.498206	           -0.412569	            0.000000	           -0.273858	            0.169265	           -0.877652	            0.058474	           50.640755	          134.877748	           10.443280	           -1.063911	            0.000000	           -0.487320	           -0.081364	           -0.151529	           -0.021599
            0.570000	         -184.011062	          969.854346	          -64.085200	           -0.412352	            0.000000	           -0.273845	            0.165658	           -0.866770	            0.057447	           47.416405	          128.545719	            9.898354	           -1.062430	            0.000000	           -0.488794	           -0.107498	           -0.202607	           -0.030455
            0.571000	         -182.199352	          968.436092	          -63.673402	           -0.412135	            0.000000	           -0.273828	            0.161967	           -0.855525	            0.056399	           44.361506	          122.446077	            9.401423	           -1.060987	            0.000000	           -0.490345	           -0.132593	           -0.253237	           -0.039390
            0.572000	         -180.371435	          966.939684	          -63.260807	           -0.411921	            0.000000	           -0.273810	            0.158255	           -0.844184	            0.055350	           41.469763	          116.558981	            8.950722	           -1.059559	            0.000000	           -0.492007	           -0.156198	           -0.303310	           -0.048195
            0.573000	         -178.526657	          965.364821	          -62.845425	           -0.411712	            0.000000	           -0.273791	            0.154573	           -0.832953	            0.054311	           38.733708	          110.864696	            8.543881	           -1.058111	            0.000000	           -0.493829	           -0.177816	           -0.352684	           -0.056621
            0.574000	         -176.664820	          963.710877	          -62.425395	           -0.411507	            0.000000	           -0.273773	            0.150960	           -0.821979	            0.053293	           36.145035	          105.343921	            8.177979	           -1.056599	            0.000000	           -0.495863	           -0.196913	           -0.401171	           -0.064391
            0.575000	         -174.786144	          961.976896	          -61.999083	           -0.411306	            0.000000	           -0.273756	            0.147441	           -0.811338	            0.052301	           33.694924	           99.978119	            7.849584	           -1.054976	            0.000000	           -0.498161	           -0.212929	           -0.448524	           -0.071200
            0.576000	         -172.891205	          960.161583	          -61.565141	           -0.411109	            0.000000	           -0.273739	            0.144029	           -0.801040	            0.051336	           31.374362	           94.749830	            7.554803	           -1.053193	            0.000000	           -0.500763	           -0.225295	           -0.494432	           -0.076729
            0.577000	         -170.980873	          958.263314	          -61.122549	           -0.410912	            0.000000	           -0.273722	            0.140722	           -0.791034	            0.050396	           29.174433	           89.642986	            7.289325	           -1.051210	            0.000000	           -0.503705	           -0.233451	           -0.538517	           -0.080652
            0.578000	         -169.056234	          956.280147	          -60.670621	           -0.410714	            0.000000	           -0.273704	            0.137511	           -0.781211	            0.049474	           27.086570	           84.643195	            7.048478	           -1.048999	            0.000000	           -0.507017	           -0.236872	           -0.580334	           -0.082651
            0.579000	         -167.118513	          954.209844	          -60.208999	           -0.410515	            0.000000	           -0.273686	            0.134373	           -0.771417	            0.048561	           25.102755	           79.738029	            6.827297	           -1.046553	            0.000000	           -0.510738	           -0.235096	           -0.619383	           -0.082434
            0.580000	         -165.169010	          952.049915	          -59.737617	           -0.410313	            0.000000	           -0.273668	            0.131281	           -0.761463	            0.047647	           23.215680	           74.917279	            6.620609	           -1.043877	            0.000000	           -0.514902	           -0.227754	           -0.655119	           -0.079747
            0.581000	         -163.209040	          949.797657	          -59.256656	           -0.410105	            0.000000	           -0.273653	            0.128202	           -0.751136	            0.046719	           21.418846	           70.173192	            6.423137	           -1.040992	            0.000000	           -0.519546	           -0.214599	           -0.686970	           -0.074394
            0.582000	         -161.239887	          947.450224	          -58.766488	           -0.409890	            0.000000	           -0.273640	            0.125098	           -0.740209	            0.045764	           19.706615	           65.500690	            6.229628	           -1.037917	            0.000000	           -0.524700	           -0.195534	           -0.714357	           -0.066257
            0.583000	         -159.262772	          945.004688	          -58.267616	           -0.409666	            0.000000	           -0.273627	            0.121933	           -0.728461	            0.044768	           18.074228	           60.897537	            6.034994	           -1.034667	            0.000000	           -0.530393	           -0.170641	           -0.736720	           -0.055305
            0.584000	         -157.278839	          942.458124	          -57.760614	           -0.409436	            0.000000	           -0.273613	            0.118672	           -0.715678	            0.043721	           16.517775	           56.364479	            5.834470	           -1.031256	            0.000000	           -0.536638	           -0.140202	           -0.753539	           -0.041615
            0.585000	         -155.289152	          939.807690	          -57.246071	           -0.409203	            0.000000	           -0.273597	            0.115282	           -0.701668	            0.042610	           15.034156	           51.905308	            5.623783	           -1.027709	            0.000000	           -0.543429	           -0.104712	           -0.764361	           -0.025378
            0.586000	         -153.294707	          937.050712	          -56.724547	           -0.408973	            0.000000	           -0.273575	            0.111735	           -0.686269	            0.041428	           13.621015	           47.526867	            5.399315	           -1.024071	            0.000000	           -0.550741	           -0.064885	           -0.768821	           -0.006907
            0.587000	         -151.296449	          934.184776	          -56.196536	           -0.408747	            0.000000	           -0.273548	            0.108011	           -0.669351	            0.040168	           12.276671	           43.238956	            5.158252	           -1.020389	            0.000000	           -0.558541	           -0.021647	           -0.766659	            0.013367
            0.588000	         -149.295308	          931.207811	          -55.662447	           -0.408528	            0.000000	           -0.273514	            0.104095	           -0.650823	            0.038824	           11.000043	           39.054141	            4.898720	           -1.016695	            0.000000	           -0.566812	            0.023876	           -0.757740	            0.034897
            0.589000	         -147.292222	          928.118168	          -55.122601	           -0.408316	            0.000000	           -0.273476	            0.099979	           -0.630631	            0.037396	            9.790581	           34.987450	            4.619879	           -1.013010	            0.000000	           -0.575552	            0.070393	           -0.742062	            0.057036
            0.590000	         -145.288173	          924.914698	          -54.577230	           -0.408110	            0.000000	           -0.273435	            0.095660	           -0.608757	            0.035883	            8.648185	           31.055943	            4.321974	           -1.009358	            0.000000	           -0.584733	            0.116488	           -0.719762	            0.079063
            0.591000	         -143.284212	          921.596813	          -54.026507	           -0.407910	            0.000000	           -0.273393	            0.091145	           -0.585219	            0.034288	            7.573130	           27.278171	            4.006350	           -1.005759	            0.000000	           -0.594267	            0.160676	           -0.691118	            0.100204
            0.592000	         -141.281486	          918.164543	          -53.470573	           -0.407713	            0.000000	           -0.273351	            0.086443	           -0.560062	            0.032615	            6.565981	           23.673523	            3.675395	           -1.002216	            0.000000	           -0.604010	            0.201468	           -0.656544	            0.119678
            0.593000	         -139.281243	          914.618576	          -52.909571	           -0.407517	            0.000000	           -0.273310	            0.081570	           -0.533359	            0.030869	            5.627490	           20.261485	            3.332447	           -0.998721	            0.000000	           -0.613821	            0.237444	           -0.616588	            0.136728
            0.594000	         -137.284844	          910.960286	          -52.343699	           -0.407324	            0.000000	           -0.273268	            0.076543	           -0.505198	            0.029058	            4.758489	           17.060841	            2.981643	           -0.998721	            0.000000	           -0.613821	            0.267331	           -0.571919	            0.150672
            0.595000	         -135.293746	          907.191749	          -51.773245	           -0.407134	            0.000000	           -0.273226	            0.071384	           -0.475681	            0.027188	            3.959762	           14.088847	            2.627729	           -0.998721	            0.000000	           -0.613821	            0.290081	           -0.523319	            0.160943
            0.596000	         -133.309492	          903.315738	          -51.198633	           -0.406944	            0.000000	           -0.273181	            0.066116	           -0.444918	            0.025269	            3.231913	           11.360438	            2.275843	           -1.190000	            0.000000	           -0.300000	            0.304934	           -0.471666	            0.167128
            0.597000	         -131.333679	          899.335708	          -50.620457	           -0.406752	            0.000000	           -0.273133	            0.060762	           -0.413019	            0.023308	            0.000000	            0.000000	            0.000000	           -1.190000	            0.000000	           -0.448393	            0.000000	            0.000000	            0.000000
            0.598000	         -129.367922	          895.255763	          -50.039512	           -0.406556	            0.000000	           -0.273080	            0.055343	           -0.380095	            0.021312	            0.000000	            0.000000	            0.000000	           -1.190000	            0.000000	           -0.448393	            0.000000	            0.000000	            0.000000
            0.599000	         -127.413814	          891.080615	          -49.456810	           -0.406353	            0.000000	           -0.273024	            0.049883	           -0.346249	            0.019290	            0.000000	            0.000000	            0.000000	           -1.190000	            0.000000	           -0.448393	            0.000000	            0.000000	            0.000000
            0.600000	         -125.472880	          886.815518	          -48.873588	           -0.406140	            0.000000	           -0.272965	            0.044401	           -0.311578	            0.017248	            0.000000	            0.000000	            0.000000	           -1.190000	            0.000000	           -0.448393	            0.000000	            0.000000	            0.000000
            0.601000	         -123.546533	          882.466204	          -48.291301	           -0.405917	            0.000000	           -0.272903	            0.038915	           -0.276172	            0.015192	            0.000000	            0.000000	            0.000000	           -1.190000	            0.000000	           -0.448393	            0.000000	            0.000000	            0.000000
            0.602000	         -121.636034	          878.038802	          -47.711603	           -0.405686	            0.000000	           -0.272838	            0.033444	           -0.240112	            0.013127	            0.000000	            0.000000	            0.000000	           -1.190000	            0.000000	           -0.448393	            0.000000	            0.000000	            0.000000
            0.603000	         -119.742450	          873.539748	          -47.136320	           -0.405451	            0.000000	           -0.272771	            0.028001	           -0.203475	            0.011058	            0.000000	            0.000000	            0.000000	           -1.190000	            0.000000	           -0.448393	            0.000000	            0.000000	            0.000000
            0.604000	         -117.866631	          868.975692	          -46.567411	           -0.405215	            0.000000	           -0.272704	            0.022600	           -0.166328	            0.008990	            0.000000	            0.000000	            0.000000	           -1.190000	            0.000000	           -0.448393	            0.000000	            0.000000	            0.000000
            0.605000	         -116.009181	          864.353400	          -46.006916	           -0.404986	            0.000000	           -0.272638	            0.017254	           -0.128740	            0.006925	            0.000000	            0.000000	            0.000000	           -1.190000	            0.000000	           -0.448393	            0.000000	            0.000000	            0.000000
            0.606000	         -114.170454	          859.679656	          -45.456907	           -0.404767	            0.000000	           -0.272576	            0.011973	           -0.090776	            0.004866	            0.000000	            0.000000	            0.000000	           -1.190000	            0.000000	           -0.448393	            0.000000	            0.000000	            0.000000
            0.607000	         -112.350549	          854.961161	          -44.919426	           -0.404558	            0.000000	           -0.272518	            0.006767	           -0.052501	            0.002817	            0.000000	            0.000000	            0.000000	           -1.190000	            0.000000	           -0.448393	            0.000000	            0.000000	            0.000000
            0.608000	         -110.549324	          850.204439	          -44.396431	           -0.404355	            0.000000	           -0.272463	            0.001646	           -0.013984	            0.000779	            0.000000	            0.000000	            0.000000	           -1.190000	            0.000000	           -0.448393	            0.000000	            0.000000	            0.000000
            0.609000	         -108.766411	          845.415746	          -43.889737	           -0.404149	            0.000000	           -0.272413	           -0.003380	            0.024702	           -0.001244	            0.000000	            0.000000	            0.000000	           -1.190000	            0.000000	           -0.448393	            0.000000	            0.000000	            0.000000
            0.610000	         -107.001246	          840.600985	          -43.400968	           -0.403933	            0.000000	           -0.272364	           -0.008302	            0.063477	           -0.003251	            0.000000	            0.000000	            0.000000	           -1.190000	            0.000000	           -0.448393	            0.000000	            0.000000	            0.000000
            0.611000	         -105.253103	          835.765636	          -42.931508	           -0.403703	            0.000000	           -0.272313	           -0.013110	            0.102257	           -0.005239	            0.000000	            0.000000	            0.000000	           -1.190000	            0.000000	           -0.448393	            0.000000	            0.000000	            0.000000
            0.612000	         -103.521133	          830.914694	          -42.482470	           -0.403456	            0.000000	           -0.272258	           -0.017794	            0.140950	           -0.007206	            0.000000	            0.000000	            0.000000	           -1.190000	            0.000000	           -0.448393	            0.000000	            0.000000	            0.000000
            0.613000	         -101.804409	          826.052622	          -42.054663	           -0.403191	            0.000000	           -0.272196	           -0.022344	            0.179455	           -0.009149	            0.000000	            0.000000	            0.000000	           -1.190000	            0.000000	           -0.448393	            0.000000	            0.000000	            0.000000
            0.614000	         -100.101963	          821.183314	          -41.648585	           -0.402911	            0.000000	           -0.272126	           -0.026748	            0.217670	           -0.011065	            0.000000	            0.000000	            0.000000	           -1.190000	            0.000000	           -0.448393	            0.000000	            0.000000	            0.000000
            0.615000	          -98.412834	          816.310085	          -41.264414	           -0.402620	            0.000000	           -0.272048	           -0.030997	            0.255485	           -0.012951	            0.000000	            0.000000	            0.000000	           -1.190000	            0.000000	           -0.448393	            0.000000	            0.000000	            0.000000
            0.616000	          -96.736105	          811.435662	          -40.902017	           -0.402325	            0.000000	           -0.271962	           -0.035078	            0.292787	           -0.014803	            0.000000	            0.000000	            0.000000	           -1.190000	            0.000000	           -0.448393	            0.000000	            0.000000	            0.000000
            0.617000	          -95.070938	          806.562205	          -40.560976	           -0.402032	            0.000000	           -0.271870	           -0.038980	            0.329463	           -0.016620	            0.000000	            0.000000	            0.000000	           -1.190000	            0.000000	           -0.448393	            0.000000	            0.000000	            0.000000
            0.618000	          -93.416605	          801.691329	          -40.240611	           -0.401744	            0.000000	           -0.271776	           -0.042695	            0.365399	           -0.018397	            0.000000	            0.000000	            0.000000	           -1.190000	            0.000000	           -0.448393	            0.000000	            0.000000	            0.000000
            0.619000	          -91.772515	          796.824146	          -39.940026	           -0.401461	            0.000000	           -0.271680	           -0.046211	            0.400486	           -0.020132	            0.000000	            0.000000	            0.000000	           -1.190000	            0.000000	           -0.448393	            0.000000	            0.000000	            0.000000
            0.620000	          -90.138231	          791.961319	          -39.658155	           -0.401178	            0.000000	           -0.271586	           -0.049520	            0.434617	           -0.021821	            0.000000	            0.000000	            0.000000	           -1.190000	            0.000000	           -0.448393	            0.000000	            0.000000	            0.000000
            0.621000	          -88.513486	          787.103111	          -39.393823	           -0.400894	            0.000000	           -0.271494	           -0.052614	            0.467688	           -0.023461	            0.000000	            0.000000	            0.000000	           -1.190000	            0.000000	           -0.448393	            0.000000	            0.000000	            0.000000
            0.622000	          -86.898191	          782.249460	          -39.145797	           -0.400607	            0.000000	           -0.271405	           -0.055486	            0.499603	           -0.025050	            0.000000	            0.000000	            0.000000	           -1.190000	            0.000000	           -0.448393	            0.000000	            0.000000	            0.000000
            0.623000	          -85.292435	          777.400031	          -38.912856	           -0.400316	            0.000000	           -0.271316	           -0.058131	            0.530269	           -0.026585	            0.000000	            0.000000	            0.000000	           -1.190000	            0.000000	           -0.448393	            0.000000	            0.000000	            0.000000
            0.624000	          -83.696488	          772.554289	          -38.693847	           -0.400020	            0.000000	           -0.271228	           -0.060545	            0.559598	           -0.028063	            0.000000	            0.000000	            0.000000	           -1.190000	            0.000000	           -0.448393	            0.000000	            0.000000	            0.000000
            0.625000	          -82.110792	          767.711558	          -38.487745	           -0.399720	            0.000000	           -0.271138	           -0.062725	            0.587504	           -0.029482	            0.000000	            0.000000	            0.000000	           -1.190000	            0.000000	           -0.448393	            0.000000	            0.000000	            0.000000
            0.626000	          -80.535953	          762.871079	          -38.293705	           -0.399416	            0.000000	           -0.271047	           -0.064668	            0.613905	           -0.030839	            0.000000	            0.000000	            0.000000	           -1.190000	            0.000000	           -0.448393	            0.000000	            0.000000	            0.000000
            0.627000	          -78.972729	          758.032062	          -38.111105	           -0.399109	            0.000000	           -0.270953	           -0.066375	            0.638718	           -0.032130	            0.000000	            0.000000	            0.000000	           -1.190000	            0.000000	           -0.448393	            0.000000	            0.000000	            0.000000
            0.628000	          -77.422015	          753.193732	          -37.939578	           -0.398801	            0.000000	           -0.270856	           -0.067843	            0.661860	           -0.033354	            0.000000	            0.000000	            0.000000	           -1.190000	            0.000000	           -0.448393	            0.000000	            0.000000	            0.000000
            0.629000	          -75.884829	          748.355374	          -37.779036	           -0.398495	            0.000000	           -0.270755	           -0.069074	            0.683244	           -0.034507	            0.000000	            0.000000	            0.000000	           -1.190000	            0.000000	           -0.448393	            0.000000	            0.000000	            0.000000
            0.630000	          -74.362292	          743.516361	          -37.629677	           -0.398192	            0.000000	           -0.270649	           -0.070068	            0.702785	           -0.035586	            0.000000	            0.000000	            0.000000	           -1.190000	            0.000000	           -0.448393	            0.000000	            0.000000	            0.000000
            0.631000	          -72.855611	          738.676190	          -37.491977	           -0.397896	            0.000000	           -0.270536	           -0.070827	            0.720391	           -0.036587	            0.000000	            0.000000	            0.000000	           -1.190000	            0.000000	           -0.448393	            0.000000	            0.000000	            0.000000
            0.632000	          -71.366063	          733.834502	          -37.366675	           -0.397604	            0.000000	           -0.270416	           -0.071351	            0.735972	           -0.037505	            0.000000	            0.000000	            0.000000	           -1.190000	            0.000000	           -0.448393	            0.000000	            0.000000	            0.000000
            0.633000	          -69.894974	          728.991099	          -37.254740	           -0.397314	            0.000000	           -0.270289	           -0.071643	            0.749436	           -0.038337	            0.000000	            0.000000	            0.000000	           -1.190000	            0.000000	           -0.448393	            0.000000	            0.000000	            0.000000
            0.634000	          -68.443700	          724.145961	          -37.157327	           -0.397018	            0.000000	           -0.270155	           -0.071706	            0.760696	           -0.039078	            0.000000	            0.000000	            0.000000	           -1.190000	            0.000000	           -0.448393	            0.000000	            0.000000	            0.000000
            0.635000	          -67.013614	          719.299251	          -37.075729	           -0.396710	            0.000000	           -0.270017	           -0.071541	            0.769670	           -0.039725	            0.000000	            0.000000	            0.000000	           -1.190000	            0.000000	           -0.448393	            0.000000	            0.000000	            0.000000
            0.636000	          -65.606084	          714.451325	          -37.011316	           -0.396388	            0.000000	           -0.269878	           -0.071154	            0.776288	           -0.040273	            0.000000	            0.000000	            0.000000	           -1.190000	            0.000000	           -0.448393	            0.000000	            0.000000	            0.000000
            0.637000	          -64.222459	          709.602722	          -36.965473	           -0.396049	            0.000000	           -0.269738	           -0.070550	            0.780495	           -0.040719	            0.000000	            0.000000	            0.000000	           -1.190000	            0.000000	           -0.448393	            0.000000	            0.000000	            0.000000
            0.638000	          -62.864050	          704.754173	          -36.939534	           -0.395692	            0.000000	           -0.269597	           -0.069734	            0.782255	           -0.041061	            0.000000	            0.000000	            0.000000	           -1.190000	            0.000000	           -0.448393	            0.000000	            0.000000	            0.000000
            0.639000	          -61.532113	          699.906587	          -36.934723	           -0.395318	            0.000000	           -0.269455	           -0.068716	            0.781561	           -0.041297	            0.000000	            0.000000	            0.000000	           -1.190000	            0.000000	           -0.448393	            0.000000	            0.000000	            0.000000
            0.640000	          -60.227829	          695.061046	          -36.952087	           -0.394927	            0.000000	           -0.269310	           -0.067507	            0.778429	           -0.041426	            0.000000	            0.000000	            0.000000	           -1.190000	            0.000000	           -0.448393	            0.000000	            0.000000	            0.000000
            0.641000	          -58.952289	          690.218794	          -36.992449	           -0.394521	            0.000000	           -0.269161	           -0.066118	            0.772912	           -0.041451	            0.000000	            0.000000	            0.000000	           -1.190000	            0.000000	           -0.448393	            0.000000	            0.000000	            0.000000
            0.642000	          -57.706473	          685.381230	          -37.056353	           -0.394098	            0.000000	           -0.269007	           -0.064564	            0.765093	           -0.041372	            0.000000	            0.000000	            0.000000	           -1.190000	            0.000000	           -0.448393	            0.000000	            0.000000	            0.000000
            0.643000	          -56.491232	          680.549896	          -37.144033	           -0.393660	            0.000000	           -0.268848	           -0.062862	            0.755091	           -0.041194	            0.000000	            0.000000	            0.000000	           -1.190000	            0.000000	           -0.448393	            0.000000	            0.000000	            0.000000
            0.644000	          -55.307267	          675.726466	          -37.255386	           -0.393213	            0.000000	           -0.268683	           -0.061030	            0.743057	           -0.040922	            0.000000	            0.000000	            0.000000	           -1.190000	            0.000000	           -0.448393	            0.000000	            0.000000	            0.000000
            0.645000	          -54.155118	          670.912735	          -37.389949	           -0.392760	            0.000000	           -0.268516	           -0.059090	            0.729174	           -0.040564	            0.000000	            0.000000	            0.000000	           -1.190000	            0.000000	           -0.448393	            0.000000	            0.000000	            0.000000
            0.646000	          -53.035144	          666.110613	          -37.546904	           -0.392306	            0.000000	           -0.268347	           -0.057062	            0.713649	           -0.040127	            0.000000	            0.000000	            0.000000	           -1.190000	            0.000000	           -0.448393	            0.000000	            0.000000	            0.000000
            0.647000	          -51.947512	          661.322111	          -37.725077	           -0.391849	            0.000000	           -0.268179	           -0.054968	            0.696712	           -0.039620	            0.000000	            0.000000	            0.000000	           -1.190000	            0.000000	           -0.448393	            0.000000	            0.000000	            0.000000
            0.648000	          -50.892193	          656.549334	          -37.922963	           -0.391387	            0.000000	           -0.268012	           -0.052832	            0.678608	           -0.039052	            0.000000	            0.000000	            0.000000	           -1.190000	            0.000000	           -0.448393	            0.000000	            0.000000	            0.000000
            0.649000	          -49.868956	          651.794474	          -38.138744	           -0.390919	            0.000000	           -0.267843	           -0.050675	            0.659589	           -0.038435	            0.000000	            0.000000	            0.000000	           -1.190000	            0.000000	           -0.448393	            0.000000	            0.000000	            0.000000
            0.650000	          -48.877370	          647.059797	          -38.370331	           -0.390444	            0.000000	           -0.267673	           -0.048519	            0.639910	           -0.037778	            0.000000	            0.000000	            0.000000	           -1.190000	            0.000000	           -0.448393	            0.000000	            0.000000	            0.000000
            0.651000	          -47.916812	          642.347638	          -38.615404	           -0.389963	            0.000000	           -0.267499	           -0.046384	            0.619822	           -0.037092	            0.000000	            0.000000	            0.000000	           -1.190000	            0.000000	           -0.448393	            0.000000	            0.000000	            0.000000
            0.652000	          -46.986481	          637.660392	          -38.871453	           -0.389478	            0.000000	           -0.267323	           -0.044288	            0.599562	           -0.036385	            0.000000	            0.000000	            0.000000	           -1.190000	            0.000000	           -0.448393	            0.000000	            0.000000	            0.000000
            0.653000	          -46.085417	          633.000504	          -39.135829	           -0.388992	            0.000000	           -0.267143	           -0.042248	            0.579352	           -0.035669	            0.000000	            0.000000	            0.000000	           -1.190000	            0.000000	           -0.448393	            0.000000	            0.000000	            0.000000
            0.654000	          -45.212522	          628.370460	          -39.405790	           -0.388506	            0.000000	           -0.266959	           -0.040278	            0.559394	           -0.034950	            0.000000	            0.000000	            0.000000	           -1.190000	            0.000000	           -0.448393	            0.000000	            0.000000	            0.000000
            0.655000	          -44.366586	          623.772775	          -39.678548	           -0.388018	            0.000000	           -0.266771	           -0.038388	            0.539865	           -0.034236	            0.000000	            0.000000	            0.000000	           -1.190000	            0.000000	           -0.448393	            0.000000	            0.000000	            0.000000
            0.656000	          -43.546325	          619.209981	          -39.951312	           -0.387524	            0.000000	           -0.266579	           -0.036589	            0.520915	           -0.033533	            0.000000	            0.000000	            0.000000	           -1.190000	            0.000000	           -0.448393	            0.000000	            0.000000	            0.000000
            0.657000	          -42.750401	          614.684615	          -40.221325	           -0.387022	            0.000000	           -0.266382	           -0.034886	            0.502668	           -0.032846	            0.000000	            0.000000	            0.000000	           -1.190000	            0.000000	           -0.448393	            0.000000	            0.000000	            0.000000
            0.658000	          -41.977465	          610.199197	          -40.485899	           -0.386510	            0.000000	           -0.266180	           -0.033283	            0.485222	           -0.032181	            0.000000	            0.000000	            0.000000	           -1.190000	            0.000000	           -0.448393	            0.000000	            0.000000	            0.000000
            0.659000	          -41.226177	          605.756213	          -40.742446	           -0.385984	            0.000000	           -0.265975	           -0.031781	            0.468649	           -0.031539	            0.000000	            0.000000	            0.000000	           -1.190000	            0.000000	           -0.448393	            0.000000	            0.000000	            0.000000
            0.660000	          -40.495245	          601.358093	          -40.988497	           -0.385442	            0.000000	           -0.265768	           -0.030381	            0.452999	           -0.030923	            0.000000	            0.000000	            0.000000	           -1.190000	            0.000000	           -0.448393	            0.000000	            0.000000	            0.000000
            0.661000	          -39.783438	          597.007183	          -41.221722	           -0.384882	            0.000000	           -0.265561	           -0.029080	            0.438302	           -0.030336	            0.000000	            0.000000	            0.000000	           -1.190000	            0.000000	           -0.448393	            0.000000	            0.000000	            0.000000
            0.662000	          -39.089614	          592.705726	          -41.439940	           -0.384305	            0.000000	           -0.265357	           -0.027876	            0.424570	           -0.029778	            0.000000	            0.000000	            0.000000	           -1.190000	            0.000000	           -0.448393	            0.000000	            0.000000	            0.000000
            0.663000	          -38.412734	          588.455834	          -41.641132	           -0.383715	            0.000000	           -0.265157	           -0.026764	            0.411803	           -0.029250	            0.000000	            0.000000	            0.000000	           -1.190000	            0.000000	           -0.448393	            0.000000	            0.000000	            0.000000
            0.664000	          -37.751867	          584.259463	          -41.823442	           -0.383116	            0.000000	           -0.264960	           -0.025739	            0.399991	           -0.028752	            0.000000	            0.000000	            0.000000	           -1.190000	            0.000000	           -0.448393	            0.000000	            0.000000	            0.000000
            0.665000	          -37.106201	          580.118398	          -41.985182	           -0.382511	            0.000000	           -0.264766	           -0.024797	            0.389115	           -0.028286	            0.000000	            0.000000	            0.000000	           -1.190000	            0.000000	           -0.448393	            0.000000	            0.000000	            0.000000
            0.666000	          -36.475042	          576.034239	          -42.124827	           -0.381900	            0.000000	           -0.264573	           -0.023932	            0.379152	           -0.027851	            0.000000	            0.000000	            0.000000	           -1.190000	            0.000000	           -0.448393	            0.000000	            0.000000	            0.000000
            0.667000	          -35.857808	          572.008386	          -42.241020	           -0.381284	            0.000000	           -0.264382	           -0.023139	            0.370076	           -0.027448	            0.000000	            0.000000	            0.000000	           -1.190000	            0.000000	           -0.448393	            0.000000	            0.000000	            0.000000
            0.668000	          -35.254030	          568.042045	          -42.332562	           -0.380661	            0.000000	           -0.264195	           -0.022413	            0.361857	           -0.027076	            0.000000	            0.000000	            0.000000	           -1.190000	            0.000000	           -0.448393	            0.000000	            0.000000	            0.000000
            0.669000	          -34.663332	          564.136222	          -42.398417	           -0.380031	            0.000000	           -0.264016	           -0.021749	            0.354465	           -0.026737	            0.000000	            0.000000	            0.000000	           -1.190000	            0.000000	           -0.448393	            0.000000	            0.000000	            0.000000
            0.670000	          -34.085430	          560.291741	          -42.437704	           -0.379399	            0.000000	           -0.263845	           -0.021143	            0.347867	           -0.026429	            0.000000	            0.000000	            0.000000	           -1.190000	            0.000000	           -0.448393	            0.000000	            0.000000	            0.000000
            0.671000	          -33.520110	          556.509251	          -42.449696	           -0.378771	            0.000000	           -0.263680	           -0.020591	            0.342028	           -0.026153	            0.000000	            0.000000	            0.000000	           -1.190000	            0.000000	           -0.448393	            0.000000	            0.000000	            0.000000
            0.672000	          -32.967219	          552.789249	          -42.433821	           -0.378156	            0.000000	           -0.263514	           -0.020088	            0.336911	           -0.025907	            0.000000	            0.000000	            0.000000	           -1.190000	            0.000000	           -0.448393	            0.000000	            0.000000	            0.000000
            0.673000	          -32.426647	          549.132102	          -42.389664	           -0.377558	            0.000000	           -0.263345	           -0.019632	            0.332474	           -0.025690	            0.000000	            0.000000	            0.000000	           -1.190000	            0.000000	           -0.448393	            0.000000	            0.000000	            0.000000
            0.674000	          -31.898310	          545.538069	          -42.316963	           -0.376982	            0.000000	           -0.263171	           -0.019218	            0.328676	           -0.025502	            0.000000	            0.000000	            0.000000	           -1.190000	            0.000000	           -0.448393	            0.000000	            0.000000	            0.000000
            0.675000	          -31.382136	          542.007330	          -42.215616	           -0.376425	            0.000000	           -0.262993	           -0.018843	            0.325472	           -0.025339	            0.000000	            0.000000	            0.000000	           -1.190000	            0.000000	           -0.448393	            0.000000	            0.000000	            0.000000
            0.676000	          -30.878044	          538.540013	          -42.085683	           -0.375877	            0.000000	           -0.262811	           -0.018504	            0.322818	           -0.025201	            0.000000	            0.000000	            0.000000	           -1.190000	            0.000000	           -0.448393	            0.000000	            0.000000	            0.000000
            0.677000	          -30.385937	          535.136219	          -41.927389	           -0.375325	            0.000000	           -0.262626	           -0.018198	            0.320673	           -0.025084	            0.000000	            0.000000	            0.000000	           -1.190000	            0.000000	           -0.448393	            0.000000	            0.000000	            0.000000
            0.678000	          -29.905680	          531.796052	          -41.741131	           -0.374758	            0.000000	           -0.262441	           -0.017924	            0.318999	           -0.024987	            0.000000	            0.000000	            0.000000	           -1.190000	            0.000000	           -0.448393	            0.000000	            0.000000	            0.000000
            0.679000	          -29.437089	          528.519647	          -41.527481	           -0.374171	            0.000000	           -0.262257	           -0.017679	            0.317762	           -0.024908	            0.000000	            0.000000	            0.000000	           -1.190000	            0.000000	           -0.448393	            0.000000	            0.000000	            0.000000
            0.680000	          -28.979924	          525.307192	          -41.287189	           -0.373565	            0.000000	           -0.262078	           -0.017461	            0.316941	           -0.024846	            0.000000	            0.000000	            0.000000	           -1.190000	            0.000000	           -0.448393	            0.000000	            0.000000	            0.000000
            0.681000	          -28.533873	          522.158959	          -41.021189	           -0.372944	            0.000000	           -0.261905	           -0.017270	            0.316519	           -0.024800	            0.000000	            0.000000	            0.000000	           -1.190000	            0.000000	           -0.448393	            0.000000	            0.000000	            0.000000
            0.682000	          -28.098544	          519.075320	          -40.730600	           -0.372316	            0.000000	           -0.261739	           -0.017105	            0.316494	           -0.024771	            0.000000	            0.000000	            0.000000	           -1.190000	            0.000000	           -0.448393	            0.000000	            0.000000	            0.000000
            0.683000	          -27.673465	          516.056774	          -40.416726	           -0.371684	            0.000000	           -0.261579	           -0.016967	            0.316874	           -0.024758	            0.000000	            0.000000	            0.000000	           -1.190000	            0.000000	           -0.448393	            0.000000	            0.000000	            0.000000
            0.684000	          -27.258072	          513.103960	          -40.081055	           -0.371053	            0.000000	           -0.261421	           -0.016855	            0.317678	           -0.024764	            0.000000	            0.000000	            0.000000	           -1.190000	            0.000000	           -0.448393	            0.000000	            0.000000	            0.000000
            0.685000	          -26.851710	          510.217674	          -39.725251	           -0.370421	            0.000000	           -0.261265	           -0.016771	            0.318938	           -0.024791	            0.000000	            0.000000	            0.000000	           -1.190000	            0.000000	           -0.448393	            0.000000	            0.000000	            0.000000
            0.686000	          -26.453632	          507.398868	          -39.351150	           -0.369787	            0.000000	           -0.261110	           -0.016716	            0.320697	           -0.024842	            0.000000	            0.000000	            0.000000	           -1.190000	            0.000000	           -0.448393	            0.000000	            0.000000	            0.000000
            0.687000	          -26.063001	          504.648657	          -38.960741	           -0.369148	            0.000000	           -0.260959	           -0.016691	            0.323008	           -0.024920	            0.000000	            0.000000	            0.000000	           -1.190000	            0.000000	           -0.448393	            0.000000	            0.000000	            0.000000
            0.688000	          -25.678895	          501.968306	          -38.556151	           -0.368501	            0.000000	           -0.260811	           -0.016698	            0.325936	           -0.025032	            0.000000	            0.000000	            0.000000	           -1.190000	            0.000000	           -0.448393	            0.000000	            0.000000	            0.000000
            0.689000	          -25.300313	          499.359214	          -38.139620	           -0.367845	            0.000000	           -0.260665	           -0.016738	            0.329554	           -0.025180	            0.000000	            0.000000	            0.000000	           -1.190000	            0.000000	           -0.448393	            0.000000	            0.000000	            0.000000
            0.690000	          -24.926186	          496.822885	          -37.713469	           -0.367182	            0.000000	           -0.260520	           -0.016814	            0.333945	           -0.025372	            0.000000	            0.000000	            0.000000	           -1.190000	            0.000000	           -0.448393	            0.000000	            0.000000	            0.000000
            0.691000	          -24.555391	          494.360897	          -37.280071	           -0.366515	            0.000000	           -0.260370	           -0.016927	            0.339201	           -0.025614	            0.000000	            0.000000	            0.000000	           -1.190000	            0.000000	           -0.448393	            0.000000	            0.000000	            0.000000
            0.692000	          -24.186763	          491.974851	          -36.841808	           -0.365849	            0.000000	           -0.260213	           -0.017078	            0.345418	           -0.025912	            0.000000	            0.000000	            0.000000	           -1.190000	            0.000000	           -0.448393	            0.000000	            0.000000	            0.000000
            0.693000	          -23.819118	          489.666331	          -36.401030	           -0.365188	            0.000000	           -0.260049	           -0.017269	            0.352698	           -0.026272	            0.000000	            0.000000	            0.000000	           -1.190000	            0.000000	           -0.448393	            0.000000	            0.000000	            0.000000
            0.694000	          -23.451270	          487.436841	          -35.960013	           -0.364531	            0.000000	           -0.259881	           -0.017501	            0.361148	           -0.026702	            0.000000	            0.000000	            0.000000	           -1.190000	            0.000000	           -0.448393	            0.000000	            0.000000	            0.000000
            0.695000	          -23.082053	          485.287757	          -35.520910	           -0.363879	            0.000000	           -0.259714	           -0.017775	            0.370870	           -0.027209	            0.000000	            0.000000	            0.000000	           -1.190000	            0.000000	           -0.448393	            0.000000	            0.000000	            0.000000
            0.696000	          -22.710345	          483.220271	          -35.085716	           -0.363229	            0.000000	           -0.259550	           -0.018092	            0.381969	           -0.027798	            0.000000	            0.000000	            0.000000	           -1.190000	            0.000000	           -0.448393	            0.000000	            0.000000	            0.000000
            0.697000	          -22.335094	          481.235336	          -34.656226	           -0.362576	            0.000000	           -0.259393	           -0.018451	            0.394537	           -0.028476	            0.000000	            0.000000	            0.000000	           -1.190000	            0.000000	           -0.448393	            0.000000	            0.000000	            0.000000
            0.698000	          -21.955333	          479.333629	          -34.234002	           -0.361914	            0.000000	           -0.259247	           -0.018851	            0.408661	           -0.029247	            0.000000	            0.000000	            0.000000	           -1.190000	            0.000000	           -0.448393	            0.000000	            0.000000	            0.000000
            0.699000	          -21.570211	          477.515509	          -33.820356	           -0.361238	            0.000000	           -0.259116	           -0.019291	            0.424409	           -0.030114	            0.000000	            0.000000	            0.000000	           -1.190000	            0.000000	           -0.448393	            0.000000	            0.000000	            0.000000
            0.700000	          -21.179003	          475.780989	          -33.416324	           -0.360551	            0.000000	           -0.259001	           -0.019769	            0.441835	           -0.031080	            0.000000	            0.000000	            0.000000	           -1.190000	            0.000000	           -0.448393	            0.000000	            0.000000	            0.000000
            0.701000	          -20.781135	          474.129727	          -33.022671	           -0.359856	            0.000000	           -0.258904	           -0.020281	            0.460968	           -0.032146	            0.000000	            0.000000	            0.000000	           -1.190000	            0.000000	           -0.448393	            0.000000	            0.000000	            0.000000
            0.702000	          -20.376187	          472.561020	          -32.639888	           -0.359158	            0.000000	           -0.258820	           -0.020822	            0.481817	           -0.033310	            0.000000	            0.000000	            0.000000	           -1.190000	            0.000000	           -0.448393	            0.000000	            0.000000	            0.000000
            0.703000	          -19.963907	          471.073813	          -32.268207	           -0.358460	            0.000000	           -0.258742	           -0.021388	            0.504363	           -0.034569	            0.000000	            0.000000	            0.000000	           -1.190000	            0.000000	           -0.448393	            0.000000	            0.000000	            0.000000
            0.704000	          -19.544211	          469.666728	          -31.907627	           -0.357765	            0.000000	           -0.258662	           -0.021973	            0.528560	           -0.035919	            0.000000	            0.000000	            0.000000	           -1.190000	            0.000000	           -0.448393	            0.000000	            0.000000	            0.000000
            0.705000	          -19.117184	          468.338097	          -31.557936	           -0.357076	            0.000000	           -0.258573	           -0.022570	            0.554338	           -0.037352	            0.000000	            0.000000	            0.000000	           -1.190000	            0.000000	           -0.448393	            0.000000	            0.000000	            0.000000
            0.706000	          -18.683067	          467.086013	          -31.218755	           -0.356394	            0.000000	           -0.258474	           -0.023171	            0.581601	           -0.038861	            0.000000	            0.000000	            0.000000	           -1.190000	            0.000000	           -0.448393	            0.000000	            0.000000	            0.000000
            0.707000	          -18.242250	          465.908388	          -30.889571	           -0.355724	            0.000000	           -0.258364	           -0.023767	            0.610227	           -0.040436	            0.000000	            0.000000	            0.000000	           -1.190000	            0.000000	           -0.448393	            0.000000	            0.000000	            0.000000
            0.708000	          -17.795253	          464.803017	          -30.569777	           -0.355071	            0.000000	           -0.258246	           -0.024352	            0.640078	           -0.042067	            0.000000	            0.000000	            0.000000	           -1.190000	            0.000000	           -0.448393	            0.000000	            0.000000	            0.000000
            0.709000	          -17.342711	          463.767656	          -30.258717	           -0.354439	            0.000000	           -0.258123	           -0.024916	            0.670996	           -0.043740	            0.000000	            0.000000	            0.000000	           -1.190000	            0.000000	           -0.448393	            0.000000	            0.000000	            0.000000
            0.710000	          -16.885346	          462.800089	          -29.955724	           -0.353833	            0.000000	           -0.258003	           -0.025450	            0.702812	           -0.045444	            0.000000	            0.000000	            0.000000	           -1.190000	            0.000000	           -0.448393	            0.000000	            0.000000	            0.000000
            0.711000	          -16.423949	          461.898206	          -29.660147	           -0.353255	            0.000000	           -0.257891	           -0.025946	            0.735346	           -0.047166	            0.000000	            0.000000	            0.000000	           -1.190000	            0.000000	           -0.448393	            0.000000	            0.000000	            0.000000
            0.712000	          -15.959354	          461.060073	          -29.371390	           -0.352702	            0.000000	           -0.257788	           -0.026397	            0.768416	           -0.048893	            0.000000	            0.000000	            0.000000	           -1.190000	            0.000000	           -0.448393	            0.000000	            0.000000	            0.000000
            0.713000	          -15.492415	          460.283988	          -29.088928	           -0.352163	            0.000000	           -0.257693	           -0.026794	            0.801838	           -0.050614	            0.000000	            0.000000	            0.000000	           -1.190000	            0.000000	           -0.448393	            0.000000	            0.000000	            0.000000
            0.714000	          -15.023990	          459.568537	          -28.812324	           -0.351630	            0.000000	           -0.257601	           -0.027131	            0.835435	           -0.052316	            0.000000	            0.000000	            0.000000	           -1.190000	            0.000000	           -0.448393	            0.000000	            0.000000	            0.000000
            0.715000	          -14.554915	          458.912630	          -28.541240	           -0.351091	            0.000000	           -0.257509	           -0.027403	            0.869034	           -0.053989	            0.000000	            0.000000	            0.000000	           -1.190000	            0.000000	           -0.448393	            0.000000	            0.000000	            0.000000
            0.716000	          -14.085994	          458.315517	          -28.275440	           -0.350535	            0.000000	           -0.257414	           -0.027603	            0.902477	           -0.055622	            0.000000	            0.000000	            0.000000	           -1.190000	            0.000000	           -0.448393	            0.000000	            0.000000	            0.000000
            0.717000	          -13.617985	          457.776793	          -28.014783	           -0.349959	            0.000000	           -0.257318	           -0.027730	            0.935617	           -0.057208	            0.000000	            0.000000	            0.000000	           -1.190000	            0.000000	           -0.448393	            0.000000	            0.000000	            0.000000
            0.718000	          -13.151593	          457.296376	          -27.759219	           -0.349361	            0.000000	           -0.257220	           -0.027778	            0.968328	           -0.058739	            0.000000	            0.000000	            0.000000	           -1.190000	            0.000000	           -0.448393	            0.000000	            0.000000	            0.000000
            0.719000	          -12.687463	          456.874475	          -27.508772	           -0.348746	            0.000000	           -0.257122	           -0.027747	            1.000498	           -0.060209	            0.000000	            0.000000	            0.000000	           -1.190000	            0.000000	           -0.448393	            0.000000	            0.000000	            0.000000
            0.720000	          -12.226179	          456.511531	          -27.263526	           -0.348116	            0.000000	           -0.257024	           -0.027637	            1.032039	           -0.061613	            0.000000	            0.000000	            0.000000	           -1.190000	            0.000000	           -0.448393	            0.000000	            0.000000	            0.000000
            0.721000	          -11.768266	          456.208155	          -27.023611	           -0.347478	            0.000000	           -0.256926	           -0.027447	            1.062880	           -0.062950	            0.000000	            0.000000	            0.000000	           -1.190000	            0.000000	           -0.448393	            0.000000	            0.000000	            0.000000
            0.722000	          -11.314190	          455.965044	          -26.789179	           -0.346844	            0.000000	           -0.256830	           -0.027179	            1.092971	           -0.064217	            0.000000	            0.000000	            0.000000	           -1.190000	            0.000000	           -0.448393	            0.000000	            0.000000	            0.000000
            0.723000	          -10.864362	          455.782907	          -26.560392	           -0.346228	            0.000000	           -0.256736	           -0.026834	            1.122285	           -0.065413	            0.000000	            0.000000	            0.000000	           -1.190000	            0.000000	           -0.448393	            0.000000	            0.000000	            0.000000
            0.724000	          -10.419139	          455.662375	          -26.337403	           -0.345640	            0.000000	           -0.256647	           -0.026417	            1.150809	           -0.066541	            0.000000	            0.000000	            0.000000	           -1.190000	            0.000000	           -0.448393	            0.000000	            0.000000	            0.000000
            0.725000	           -9.978829	          455.603927	          -26.120344	           -0.345084	            0.000000	           -0.256565	           -0.025931	            1.178551	           -0.067601	            0.000000	            0.000000	            0.000000	           -1.190000	            0.000000	           -0.448393	            0.000000	            0.000000	            0.000000
            0.726000	           -9.543691	          455.607823	          -25.909316	           -0.344556	            0.000000	           -0.256488	           -0.025379	            1.205531	           -0.068597	            0.000000	            0.000000	            0.000000	           -1.190000	            0.000000	           -0.448393	            0.000000	            0.000000	            0.000000
            0.727000	           -9.113929	          455.674048	          -25.704382	           -0.344046	            0.000000	           -0.256417	           -0.024767	            1.231785	           -0.069531	            0.000000	            0.000000	            0.000000	           -1.190000	            0.000000	           -0.448393	            0.000000	            0.000000	            0.000000
            0.728000	           -8.689691	          455.802277	          -25.505562	           -0.343547	            0.000000	           -0.256351	           -0.024100	            1.257356	           -0.070409	            0.000000	            0.000000	            0.000000	           -1.190000	            0.000000	           -0.448393	            0.000000	            0.000000	            0.000000
            0.729000	           -8.271064	          455.991860	          -25.312830	           -0.343051	            0.000000	           -0.256287	           -0.023382	            1.282296	           -0.071234	            0.000000	            0.000000	            0.000000	           -1.190000	            0.000000	           -0.448393	            0.000000	            0.000000	            0.000000
            0.730000	           -7.858059	          456.241824	          -25.126121	           -0.342553	            0.000000	           -0.256223	           -0.022618	            1.306661	           -0.072012	            0.000000	            0.000000	            0.000000	           -1.190000	            0.000000	           -0.448393	            0.000000	            0.000000	            0.000000
            0.731000	           -7.450610	          456.550895	          -24.945334	           -0.342050	            0.000000	           -0.256157	           -0.021812	            1.330511	           -0.072746	            0.000000	            0.000000	            0.000000	           -1.190000	            0.000000	           -0.448393	            0.000000	            0.000000	            0.000000
            0.732000	           -7.048558	          456.917545	          -24.770337	           -0.341541	            0.000000	           -0.256088	           -0.020969	            1.353901	           -0.073441	            0.000000	            0.000000	            0.000000	           -1.190000	            0.000000	           -0.448393	            0.000000	            0.000000	            0.000000
            0.733000	           -6.651640	          457.340049	          -24.600976	           -0.341029	            0.000000	           -0.256018	           -0.020092	            1.376887	           -0.074102	            0.000000	            0.000000	            0.000000	           -1.190000	            0.000000	           -0.448393	            0.000000	            0.000000	            0.000000
            0.734000	           -6.259487	          457.816556	          -24.437086	           -0.340516	            0.000000	           -0.255951	           -0.019183	            1.399519	           -0.074732	            0.000000	            0.000000	            0.000000	           -1.190000	            0.000000	           -0.448393	            0.000000	            0.000000	            0.000000
            0.735000	           -5.871614	          458.345168	          -24.278499	           -0.340004	            0.000000	           -0.255889	           -0.018245	            1.421842	           -0.075336	            0.000000	            0.000000	            0.000000	           -1.190000	            0.000000	           -0.448393	            0.000000	            0.000000	            0.000000
            0.736000	           -5.487419	          458.924021	          -24.125055	           -0.339492	            0.000000	           -0.255836	           -0.017279	            1.443894	           -0.075916	            0.000000	            0.000000	            0.000000	           -1.190000	            0.000000	           -0.448393	            0.000000	            0.000000	            0.000000
            0.737000	           -5.106184	          459.551367	          -23.976611	           -0.338978	            0.000000	           -0.255788	           -0.016286	            1.465707	           -0.076476	            0.000000	            0.000000	            0.000000	           -1.190000	            0.000000	           -0.448393	            0.000000	            0.000000	            0.000000
            0.738000	           -4.727081	          460.225640	          -23.833050	           -0.338461	            0.000000	           -0.255744	           -0.015264	            1.487309	           -0.077017	            0.000000	            0.000000	            0.000000	           -1.190000	            0.000000	           -0.448393	            0.000000	            0.000000	            0.000000
            0.739000	           -4.349183	          460.945527	          -23.694285	           -0.337941	            0.000000	           -0.255701	           -0.014213	            1.508719	           -0.077542	            0.000000	            0.000000	            0.000000	           -1.190000	            0.000000	           -0.448393	            0.000000	            0.000000	            0.000000
            0.740000	           -3.971482	          461.710003	          -23.560270	           -0.337417	            0.000000	           -0.255656	           -0.013131	            1.529956	           -0.078053	            0.000000	            0.000000	            0.000000	           -1.190000	            0.000000	           -0.448393	            0.000000	            0.000000	            0.000000
            0.741000	           -3.592901	          462.518372	          -23.430998	           -0.336891	            0.000000	           -0.255607	           -0.012015	            1.551032	           -0.078552	            0.000000	            0.000000	            0.000000	           -1.190000	            0.000000	           -0.448393	            0.000000	            0.000000	            0.000000
            0.742000	           -3.212325	          463.370268	          -23.306510	           -0.336367	            0.000000	           -0.255557	           -0.010863	            1.571961	           -0.079040	            0.000000	            0.000000	            0.000000	           -1.190000	            0.000000	           -0.448393	            0.000000	            0.000000	            0.000000
            0.743000	           -2.828620	          464.265658	          -23.186887	           -0.335845	            0.000000	           -0.255506	           -0.009670	            1.592753	           -0.079518	            0.000000	            0.000000	            0.000000	           -1.190000	            0.000000	           -0.448393	            0.000000	            0.000000	            0.000000
            0.744000	           -2.440662	          465.204812	          -23.072255	           -0.335326	            0.000000	           -0.255457	           -0.008434	            1.613419	           -0.079990	            0.000000	            0.000000	            0.000000	           -1.190000	            0.000000	           -0.448393	            0.000000	            0.000000	            0.000000
            0.745000	           -2.047364	          466.188272	          -22.962779	           -0.334809	            0.000000	           -0.255411	           -0.007150	            1.633970	           -0.080455	            0.000000	            0.000000	            0.000000	           -1.190000	            0.000000	           -0.448393	            0.000000	            0.000000	            0.000000
            0.746000	           -1.647702	          467.216798	          -22.858654	           -0.334296	            0.000000	           -0.255366	           -0.005815	            1.654418	           -0.080917	            0.000000	            0.000000	            0.000000	           -1.190000	            0.000000	           -0.448393	            0.000000	            0.000000	            0.000000
            0.747000	           -1.240739	          468.291316	          -22.760099	           -0.333787	            0.000000	           -0.255321	           -0.004425	            1.674775	           -0.081375	            0.000000	            0.000000	            0.000000	           -1.190000	            0.000000	           -0.448393	            0.000000	            0.000000	            0.000000
            0.748000	           -0.825644	          469.412856	          -22.667347	           -0.333281	            0.000000	           -0.255277	           -0.002977	            1.695056	           -0.081834	            0.000000	            0.000000	            0.000000	           -1.190000	            0.000000	           -0.448393	            0.000000	            0.000000	            0.000000
            0.749000	           -0.401712	          470.582492	          -22.580631	           -0.332779	            0.000000	           -0.255237	           -0.001467	            1.715276	           -0.082293	            0.000000	            0.000000	            0.000000	           -1.190000	            0.000000	           -0.448393	            0.000000	            0.000000	            0.000000
            0.750000	            0.031624	          471.801284	          -22.500173	           -0.332283	            0.000000	           -0.255199	            0.000107	            1.735451	           -0.082755	            0.000000	            0.000000	            0.000000	           -1.190000	            0.000000	           -0.448393	            0.000000	            0.000000	            0.000000
            0.751000	            0.474784	          473.070227	          -22.426166	           -0.331801	            0.000000	           -0.255164	            0.001746	            1.755602	           -0.083222	            0.000000	            0.000000	            0.000000	           -1.190000	            0.000000	           -0.448393	            0.000000	            0.000000	            0.000000
            0.752000	            0.928038	          474.390206	          -22.358766	           -0.331340	            0.000000	           -0.255130	            0.003454	            1.775748	           -0.083696	            0.000000	            0.000000	            0.000000	           -1.190000	            0.000000	           -0.448393	            0.000000	            0.000000	            0.000000
            0.753000	            1.391508	          475.761966	          -22.298075	           -0.330905	            0.000000	           -0.255097	            0.005230	            1.795912	           -0.084178	            0.000000	            0.000000	            0.000000	           -1.190000	            0.000000	           -0.448393	            0.000000	            0.000000	            0.000000
            0.754000	            1.865173	          477.186080	          -22.244134	           -0.330493	            0.000000	           -0.255063	            0.007076	            1.816119	           -0.084669	            0.000000	            0.000000	            0.000000	           -1.190000	            0.000000	           -0.448393	            0.000000	            0.000000	            0.000000
            0.755000	            2.348875	          478.662938	          -22.196915	           -0.330094	            0.000000	           -0.255025	            0.008992	            1.836395	           -0.085171	            0.000000	            0.000000	            0.000000	           -1.190000	            0.000000	           -0.448393	            0.000000	            0.000000	            0.000000
            0.756000	            2.842341	          480.192741	          -22.156312	           -0.329699	            0.000000	           -0.254983	            0.010976	            1.856771	           -0.085686	            0.000000	            0.000000	            0.000000	           -1.190000	            0.000000	           -0.448393	            0.000000	            0.000000	            0.000000
            0.757000	            3.345191	          481.775500	          -22.122150	           -0.329301	            0.000000	           -0.254938	            0.013028	            1.877275	           -0.086214	            0.000000	            0.000000	            0.000000	           -1.190000	            0.000000	           -0.448393	            0.000000	            0.000000	            0.000000
            0.758000	            3.856963	          483.411041	          -22.094181	           -0.328896	            0.000000	           -0.254893	            0.015147	            1.897941	           -0.086756	            0.000000	            0.000000	            0.000000	           -1.190000	            0.000000	           -0.448393	            0.000000	            0.000000	            0.000000
            0.759000	            4.377132	          485.099025	          -22.072092	           -0.328481	            0.000000	           -0.254852	            0.017330	            1.918799	           -0.087314	            0.000000	            0.000000	            0.000000	           -1.190000	            0.000000	           -0.448393	            0.000000	            0.000000	            0.000000
            0.760000	            4.905133	          486.838955	          -22.055519	           -0.328052	            0.000000	           -0.254818	            0.019575	            1.939880	           -0.087887	            0.000000	            0.000000	            0.000000	           -1.190000	            0.000000	           -0.448393	            0.000000	            0.000000	            0.000000
            0.761000	            5.440387	          488.630205	          -22.044060	           -0.327609	            0.000000	           -0.254793	            0.021881	            1.961214	           -0.088476	            0.000000	            0.000000	            0.000000	           -1.190000	            0.000000	           -0.448393	            0.000000	            0.000000	            0.000000
            0.762000	            5.982317	          490.472041	          -22.037286	           -0.327155	            0.000000	           -0.254777	            0.024245	            1.982825	           -0.089082	            0.000000	            0.000000	            0.000000	           -1.190000	            0.000000	           -0.448393	            0.000000	            0.000000	            0.000000
            0.763000	            6.530375	          492.363647	          -22.034760	           -0.326694	            0.000000	           -0.254767	            0.026664	            2.004734	           -0.089703	            0.000000	            0.000000	            0.000000	           -1.190000	            0.000000	           -0.448393	            0.000000	            0.000000	            0.000000
            0.764000	            7.084062	          494.304161	          -22.036050	           -0.326233	            0.000000	           -0.254761	            0.029136	            2.026957	           -0.090340	            0.000000	            0.000000	            0.000000	           -1.190000	            0.000000	           -0.448393	            0.000000	            0.000000	            0.000000
            0.765000	            7.642937	          496.292703	          -22.040745	           -0.325777	            0.000000	           -0.254757	            0.031659	            2.049505	           -0.090993	            0.000000	            0.000000	            0.000000	           -1.190000	            0.000000	           -0.448393	            0.000000	            0.000000	            0.000000
            0.766000	            8.206640	          498.328414	          -22.048462	           -0.325330	            0.000000	           -0.254754	            0.034231	            2.072383	           -0.091660	            0.000000	            0.000000	            0.000000	           -1.190000	            0.000000	           -0.448393	            0.000000	            0.000000	            0.000000
            0.767000	            8.774893	          500.410494	          -22.058855	           -0.324892	            0.000000	           -0.254753	            0.036850	            2.095591	           -0.092341	            0.000000	            0.000000	            0.000000	           -1.190000	            0.000000	           -0.448393	            0.000000	            0.000000	            0.000000
            0.768000	            9.347509	          502.538235	          -22.071622	           -0.324461	            0.000000	           -0.254759	            0.039516	            2.119128	           -0.093036	            0.000000	            0.000000	            0.000000	           -1.190000	            0.000000	           -0.448393	            0.000000	            0.000000	            0.000000
            0.769000	            9.924391	          504.711062	          -22.086500	           -0.324033	            0.000000	           -0.254772	            0.042227	            2.142991	           -0.093743	            0.000000	            0.000000	            0.000000	           -1.190000	            0.000000	           -0.448393	            0.000000	            0.000000	            0.000000
            0.770000	           10.505530	          506.928566	          -22.103267	           -0.323610	            0.000000	           -0.254794	            0.044985	            2.167181	           -0.094461	            0.000000	            0.000000	            0.000000	           -1.190000	            0.000000	           -0.448393	            0.000000	            0.000000	            0.000000
            0.771000	           11.090993	          509.190535	          -22.121733	           -0.323197	            0.000000	           -0.254824	            0.047789	            2.191701	           -0.095191	            0.000000	            0.000000	            0.000000	           -1.190000	            0.000000	           -0.448393	            0.000000	            0.000000	            0.000000
            0.772000	           11.680921	          511.496983	          -22.141730	           -0.322797	            0.000000	           -0.254861	            0.050643	            2.216565	           -0.095932	            0.000000	            0.000000	            0.000000	           -1.190000	            0.000000	           -0.448393	            0.000000	            0.000000	            0.000000
            0.773000	           12.275508	          513.848172	          -22.163106	           -0.322414	            0.000000	           -0.254903	            0.053549	            2.241797	           -0.096684	            0.000000	            0.000000	            0.000000	           -1.190000	            0.000000	           -0.448393	            0.000000	            0.000000	            0.000000
            0.774000	           12.874993	          516.244627	          -22.185710	           -0.322042	            0.000000	           -0.254947	            0.056510	            2.267437	           -0.097447	            0.000000	            0.000000	            0.000000	           -1.190000	            0.000000	           -0.448393	            0.000000	            0.000000	            0.000000
            0.775000	           13.479640	          518.687147	          -22.209383	           -0.321675	            0.000000	           -0.254990	            0.059531	            2.293538	           -0.098223	            0.000000	            0.000000	            0.000000	           -1.190000	            0.000000	           -0.448393	            0.000000	            0.000000	            0.000000
            0.776000	           14.089729	          521.176806	          -22.233947	           -0.321305	            0.000000	           -0.255029	            0.062617	            2.320175	           -0.099013	            0.000000	            0.000000	            0.000000	           -1.190000	            0.000000	           -0.448393	            0.000000	            0.000000	            0.000000
            0.777000	           14.705542	          523.714946	          -22.259202	           -0.320926	            0.000000	           -0.255063	            0.065776	            2.347437	           -0.099818	            0.000000	            0.000000	            0.000000	           -1.190000	            0.000000	           -0.448393	            0.000000	            0.000000	            0.000000
            0.778000	           15.327352	          526.303161	          -22.284915	           -0.320538	            0.000000	           -0.255091	            0.069013	            2.375432	           -0.100641	            0.000000	            0.000000	            0.000000	           -1.190000	            0.000000	           -0.448393	            0.000000	            0.000000	            0.000000
            0.779000	           15.955417	          528.943275	          -22.310826	           -0.320143	            0.000000	           -0.255117	            0.072337	            2.404281	           -0.101484	            0.000000	            0.000000	            0.000000	           -1.190000	            0.000000	           -0.448393	            0.000000	            0.000000	            0.000000
            0.780000	           16.589977	          531.637305	          -22.336646	           -0.319746	            0.000000	           -0.255142	            0.075756	            2.434117	           -0.102350	            0.000000	            0.000000	            0.000000	           -1.190000	            0.000000	           -0.448393	            0.000000	            0.000000	            0.000000
            0.781000	           17.231256	          534.387428	          -22.362071	           -0.319353	            0.000000	           -0.255171	            0.079279	            2.465080	           -0.103242	            0.000000	            0.000000	            0.000000	           -1.190000	            0.000000	           -0.448393	            0.000000	            0.000000	            0.000000
            0.782000	           17.879468	          537.195925	          -22.386789	           -0.318968	            0.000000	           -0.255205	            0.082914	            2.497314	           -0.104163	            0.000000	            0.000000	            0.000000	           -1.190000	            0.000000	           -0.448393	            0.000000	            0.000000	            0.000000
            0.783000	           18.534826	          540.065137	          -22.410501	           -0.318595	            0.000000	           -0.255245	            0.086670	            2.530957	           -0.105114	            0.000000	            0.000000	            0.000000	           -1.190000	            0.000000	           -0.448393	            0.000000	            0.000000	            0.000000
            0.784000	           19.197558	          542.997406	          -22.432935	           -0.318233	            0.000000	           -0.255291	            0.090556	            2.566141	           -0.106100	            0.000000	            0.000000	            0.000000	           -1.190000	            0.000000	           -0.448393	            0.000000	            0.000000	            0.000000
            0.785000	           19.867920	          545.995019	          -22.453873	           -0.317881	            0.000000	           -0.255337	            0.094579	            2.602982	           -0.107121	            0.000000	            0.000000	            0.000000	           -1.190000	            0.000000	           -0.448393	            0.000000	            0.000000	            0.000000
            0.786000	           20.546224	          549.060152	          -22.473170	           -0.317529	            0.000000	           -0.255379	            0.098749	            2.641577	           -0.108180	            0.000000	            0.000000	            0.000000	           -1.190000	            0.000000	           -0.448393	            0.000000	            0.000000	            0.000000
            0.787000	           21.232848	          552.194814	          -22.490774	           -0.317173	            0.000000	           -0.255415	            0.103072	            2.681997	           -0.109278	            0.000000	            0.000000	            0.000000	           -1.190000	            0.000000	           -0.448393	            0.000000	            0.000000	            0.000000
            0.788000	           21.928260	          555.400792	          -22.506748	           -0.316812	            0.000000	           -0.255448	            0.107554	            2.724286	           -0.110417	            0.000000	            0.000000	            0.000000	           -1.190000	            0.000000	           -0.448393	            0.000000	            0.000000	            0.000000
            0.789000	           22.633037	          558.679604	          -22.521287	           -0.316448	            0.000000	           -0.255478	            0.112201	            2.768454	           -0.111597	            0.000000	            0.000000	            0.000000	           -1.190000	            0.000000	           -0.448393	            0.000000	            0.000000	            0.000000
            0.790000	           23.347871	          562.032456	          -22.534727	           -0.316088	            0.000000	           -0.255508	            0.117018	            2.814477	           -0.112818	            0.000000	            0.000000	            0.000000	           -1.190000	            0.000000	           -0.448393	            0.000000	            0.000000	            0.000000
            0.791000	           24.073581	          565.460197	          -22.547554	           -0.315736	            0.000000	           -0.255538	            0.122008	            2.862295	           -0.114079	            0.000000	            0.000000	            0.000000	           -1.190000	            0.000000	           -0.448393	            0.000000	            0.000000	            0.000000
            0.792000	           24.811113	          568.963296	          -22.560406	           -0.315392	            0.000000	           -0.255565	            0.127174	            2.911813	           -0.115381	            0.000000	            0.000000	            0.000000	           -1.190000	            0.000000	           -0.448393	            0.000000	            0.000000	            0.000000
            0.793000	           25.561535	          572.541808	          -22.574062	           -0.315056	            0.000000	           -0.255589	            0.132518	            2.962899	           -0.116722	            0.000000	            0.000000	            0.000000	           -1.190000	            0.000000	           -0.448393	            0.000000	            0.000000	            0.000000
            0.794000	           26.326021	          576.195366	          -22.589435	           -0.314731	            0.000000	           -0.255612	            0.138041	            3.015393	           -0.118101	            0.000000	            0.000000	            0.000000	           -1.190000	            0.000000	           -0.448393	            0.000000	            0.000000	            0.000000
            0.795000	           27.105833	          579.923171	          -22.607550	           -0.314421	            0.000000	           -0.255636	            0.143742	            3.069108	           -0.119517	            0.000000	            0.000000	            0.000000	           -1.190000	            0.000000	           -0.448393	            0.000000	            0.000000	            0.000000
            0.796000	           27.902299	          583.723999	          -22.629518	           -0.314128	            0.000000	           -0.255664	            0.149621	            3.123833	           -0.120968	            0.000000	            0.000000	            0.000000	           -1.190000	            0.000000	           -0.448393	            0.000000	            0.000000	            0.000000
            0.797000	           28.716774	          587.596221	          -22.656507	           -0.313854	            0.000000	           -0.255698	            0.155676	            3.179346	           -0.122452	            0.000000	            0.000000	            0.000000	           -1.190000	            0.000000	           -0.448393	            0.000000	            0.000000	            0.000000
            0.798000	           29.550614	          591.537825	          -22.689705	           -0.313598	            0.000000	           -0.255737	            0.161907	            3.235418	           -0.123969	            0.000000	            0.000000	            0.000000	           -1.190000	            0.000000	           -0.448393	            0.000000	            0.000000	            0.000000
            0.799000	           30.405135	          595.546464	          -22.730285	           -0.313356	            0.000000	           -0.255781	            0.168311	            3.291823	           -0.125516	            0.000000	            0.000000	            0.000000	           -1.190000	            0.000000	           -0.448393	            0.000000	            0.000000	            0.000000
            0.800000	           31.281579	          599.619500	          -22.779360	           -0.313127	            0.000000	           -0.255828	            0.174886	            3.348346	           -0.127094	            0.000000	            0.000000	            0.000000	           -1.190000	            0.000000	           -0.448393	            0.000000	            0.000000	            0.000000
            0.801000	           32.181074	          603.754068	          -22.837947	           -0.312910	            0.000000	           -0.255877	            0.181633	            3.404792	           -0.128701	            0.000000	            0.000000	            0.000000	           -1.190000	            0.000000	           -0.448393	            0.000000	            0.000000	            0.000000
            0.802000	           33.104605	          607.947138	          -22.906927	           -0.312700	            0.000000	           -0.255925	            0.188551	            3.460995	           -0.130338	            0.000000	            0.000000	            0.000000	           -1.190000	            0.000000	           -0.448393	            0.000000	            0.000000	            0.000000
            0.803000	           34.052979	          612.195583	          -22.987015	           -0.312493	            0.000000	           -0.255972	            0.195641	            3.516824	           -0.132006	            0.000000	            0.000000	            0.000000	           -1.190000	            0.000000	           -0.448393	            0.000000	            0.000000	            0.000000
            0.804000	           35.026796	          616.496251	          -23.078724	           -0.312284	            0.000000	           -0.256018	            0.202904	            3.572187	           -0.133704	            0.000000	            0.000000	            0.000000	           -1.190000	            0.000000	           -0.448393	            0.000000	            0.000000	            0.000000
            0.805000	           36.026433	          620.846027	          -23.182352	           -0.312068	            0.000000	           -0.256064	            0.210344	            3.627037	           -0.135435	            0.000000	            0.000000	            0.000000	           -1.190000	            0.000000	           -0.448393	            0.000000	            0.000000	            0.000000
            0.806000	           37.052019	          625.241893	          -23.297957	           -0.311845	            0.000000	           -0.256109	            0.217964	            3.681373	           -0.137200	            0.000000	            0.000000	            0.000000	           -1.190000	            0.000000	           -0.448393	            0.000000	            0.000000	            0.000000
            0.807000	           38.103428	          629.680985	          -23.425364	           -0.311615	            0.000000	           -0.256153	            0.225770	            3.735237	           -0.139001	            0.000000	            0.000000	            0.000000	           -1.190000	            0.000000	           -0.448393	            0.000000	            0.000000	            0.000000
            0.808000	           39.180267	          634.160625	          -23.564155	           -0.311377	            0.000000	           -0.256193	            0.233768	            3.788712	           -0.140841	            0.000000	            0.000000	            0.000000	           -1.190000	            0.000000	           -0.448393	            0.000000	            0.000000	            0.000000
            0.809000	           40.281882	          638.678359	          -23.713693	           -0.311131	            0.000000	           -0.256231	            0.241964	            3.841921	           -0.142721	            0.000000	            0.000000	            0.000000	           -1.190000	            0.000000	           -0.448393	            0.000000	            0.000000	            0.000000
            0.810000	           41.407354	          643.231970	          -23.873136	           -0.310880	            0.000000	           -0.256268	            0.250364	            3.895011	           -0.144644	            0.000000	            0.000000	            0.000000	           -1.190000	            0.000000	           -0.448393	            0.000000	            0.000000	            0.000000
            0.811000	           42.555516	          647.819485	          -24.041469	           -0.310626	            0.000000	           -0.256308	            0.258976	            3.948156	           -0.146611	            0.000000	            0.000000	            0.000000	           -1.190000	            0.000000	           -0.448393	            0.000000	            0.000000	            0.000000
            0.812000	           43.724969	          652.439168	          -24.217537	           -0.310371	            0.000000	           -0.256355	            0.267803	            4.001539	           -0.148623	            0.000000	            0.000000	            0.000000	           -1.190000	            0.000000	           -0.448393	            0.000000	            0.000000	            0.000000
            0.813000	           44.914105	          657.089510	          -24.400085	           -0.310117	            0.000000	           -0.256408	            0.276850	            4.055349	           -0.150680	            0.000000	            0.000000	            0.000000	           -1.190000	            0.000000	           -0.448393	            0.000000	            0.000000	            0.000000
            0.814000	           46.121136	          661.769202	          -24.587807	           -0.309862	            0.000000	           -0.256468	            0.286119	            4.109767	           -0.152783	            0.000000	            0.000000	            0.000000	           -1.190000	            0.000000	           -0.448393	            0.000000	            0.000000	            0.000000
            0.815000	           47.344129	          666.477114	          -24.779380	           -0.309607	            0.000000	           -0.256532	            0.295611	            4.164960	           -0.154930	            0.000000	            0.000000	            0.000000	           -1.190000	            0.000000	           -0.448393	            0.000000	            0.000000	            0.000000
            0.816000	           48.581051	          671.212264	          -24.973519	           -0.309352	            0.000000	           -0.256599	            0.305323	            4.221073	           -0.157121	            0.000000	            0.000000	            0.000000	           -1.190000	            0.000000	           -0.448393	            0.000000	            0.000000	            0.000000
            0.817000	           49.829806	          675.973793	          -25.169011	           -0.309098	            0.000000	           -0.256666	            0.315251	            4.278220	           -0.159351	            0.000000	            0.000000	            0.000000	           -1.190000	            0.000000	           -0.448393	            0.000000	            0.000000	            0.000000
            0.818000	           51.088292	          680.760938	          -25.364755	           -0.308847	            0.000000	           -0.256730	            0.325387	            4.336482	           -0.161618	            0.000000	            0.000000	            0.000000	           -1.190000	            0.000000	           -0.448393	            0.000000	            0.000000	            0.000000
            0.819000	           52.354444	          685.573008	          -25.559794	           -0.308603	            0.000000	           -0.256789	            0.335722	            4.395901	           -0.163919	            0.000000	            0.000000	            0.000000	           -1.190000	            0.000000	           -0.448393	            0.000000	            0.000000	            0.000000
            0.820000	           53.626289	          690.409374	          -25.753342	           -0.308368	            0.000000	           -0.256845	            0.346242	            4.456481	           -0.166247	            0.000000	            0.000000	            0.000000	           -1.190000	            0.000000	           -0.448393	            0.000000	            0.000000	            0.000000
            0.821000	           54.901992	          695.269447	          -25.944798	           -0.308142	            0.000000	           -0.256899	            0.356934	            4.518184	           -0.168600	            0.000000	            0.000000	            0.000000	           -1.190000	            0.000000	           -0.448393	            0.000000	            0.000000	            0.000000
            0.822000	           56.179899	          700.152677	          -26.133756	           -0.307925	            0.000000	           -0.256953	            0.367780	            4.580937	           -0.170972	            0.000000	            0.000000	            0.000000	           -1.190000	            0.000000	           -0.448393	            0.000000	            0.000000	            0.000000
            0.823000	           57.458578	          705.058540	          -26.320012	           -0.307715	            0.000000	           -0.257010	            0.378763	            4.644632	           -0.173357	            0.000000	            0.000000	            0.000000	           -1.190000	            0.000000	           -0.448393	            0.000000	            0.000000	            0.000000
            0.824000	           58.736851	          709.986541	          -26.503553	           -0.307507	            0.000000	           -0.257070	            0.389864	            4.709131	           -0.175750	            0.000000	            0.000000	            0.000000	           -1.190000	            0.000000	           -0.448393	            0.000000	            0.000000	            0.000000
            0.825000	           60.013814	          714.936199	          -26.684551	           -0.307297	            0.000000	           -0.257133	            0.401064	            4.774272	           -0.178147	            0.000000	            0.000000	            0.000000	           -1.190000	            0.000000	           -0.448393	            0.000000	            0.000000	            0.000000
            0.826000	           61.288853	          719.907046	          -26.863344	           -0.307081	            0.000000	           -0.257197	            0.412344	            4.839878	           -0.180544	            0.000000	            0.000000	            0.000000	           -1.190000	            0.000000	           -0.448393	            0.000000	            0.000000	            0.000000
            0.827000	           62.561650	          724.898610	          -27.040411	           -0.306854	            0.000000	           -0.257260	            0.423685	            4.905756	           -0.182935	            0.000000	            0.000000	            0.000000	           -1.190000	            0.000000	           -0.448393	            0.000000	            0.000000	            0.000000
            0.828000	           63.832169	          729.910404	          -27.216357	           -0.306616	            0.000000	           -0.257320	            0.435070	            4.971712	           -0.185319	            0.000000	            0.000000	            0.000000	           -1.190000	            0.000000	           -0.448393	            0.000000	            0.000000	            0.000000
            0.829000	           65.100651	          734.941895	          -27.391880	           -0.306367	            0.000000	           -0.257376	            0.446483	            5.037547	           -0.187692	            0.000000	            0.000000	            0.000000	           -1.190000	            0.000000	           -0.448393	            0.000000	            0.000000	            0.000000
            0.830000	           66.367583	          739.992483	          -27.567749	           -0.306110	            0.000000	           -0.257428	            0.457910	            5.103071	           -0.190052	            0.000000	            0.000000	            0.000000	           -1.190000	            0.000000	           -0.448393	            0.000000	            0.000000	            0.000000
            0.831000	           67.633672	          745.061467	          -27.744777	           -0.305848	            0.000000	           -0.257477	            0.469336	            5.168097	           -0.192398	            0.000000	            0.000000	            0.000000	           -1.190000	            0.000000	           -0.448393	            0.000000	            0.000000	            0.000000
            0.832000	           68.899809	          750.148011	          -27.923797	           -0.305586	            0.000000	           -0.257525	            0.480752	            5.232452	           -0.194729	            0.000000	            0.000000	            0.000000	           -1.190000	            0.000000	           -0.448393	            0.000000	            0.000000	            0.000000
            0.833000	           70.167032	          755.251104	          -28.105639	           -0.305326	            0.000000	           -0.257572	            0.492147	            5.295973	           -0.197044	            0.000000	            0.000000	            0.000000	           -1.190000	            0.000000	           -0.448393	            0.000000	            0.000000	            0.000000
            0.834000	           71.436486	          760.369531	          -28.291107	           -0.305072	            0.000000	           -0.257617	            0.503514	            5.358512	           -0.199345	            0.000000	            0.000000	            0.000000	           -1.190000	            0.000000	           -0.448393	            0.000000	            0.000000	            0.000000
            0.835000	           72.709386	          765.501838	          -28.480963	           -0.304829	            0.000000	           -0.257661	            0.514845	            5.419938	           -0.201632	            0.000000	            0.000000	            0.000000	           -1.190000	            0.000000	           -0.448393	            0.000000	            0.000000	            0.000000
            0.836000	           73.986977	          770.646307	          -28.675903	           -0.304599	            0.000000	           -0.257704	            0.526135	            5.480132	           -0.203906	            0.000000	            0.000000	            0.000000	           -1.190000	            0.000000	           -0.448393	            0.000000	            0.000000	            0.000000
            0.837000	           75.270504	          775.800941	          -28.876542	           -0.304385	            0.000000	           -0.257746	            0.537382	            5.538996	           -0.206168	            0.000000	            0.000000	            0.000000	           -1.190000	            0.000000	           -0.448393	            0.000000	            0.000000	            0.000000
            0.838000	           76.561177	          780.963456	          -29.083399	           -0.304189	            0.000000	           -0.257789	            0.548582	            5.596448	           -0.208419	            0.000000	            0.000000	            0.000000	           -1.190000	            0.000000	           -0.448393	            0.000000	            0.000000	            0.000000
            0.839000	           77.860144	          786.131283	          -29.296877	           -0.304009	            0.000000	           -0.257835	            0.559737	            5.652429	           -0.210661	            0.000000	            0.000000	            0.000000	           -1.190000	            0.000000	           -0.448393	            0.000000	            0.000000	            0.000000
            0.840000	           79.168471	          791.301583	          -29.517257	           -0.303844	            0.000000	           -0.257886	            0.570846	            5.706900	           -0.212896	            0.000000	            0.000000	            0.000000	           -1.190000	            0.000000	           -0.448393	            0.000000	            0.000000	            0.000000
            0.841000	           80.487117	          796.471274	          -29.744680	           -0.303689	            0.000000	           -0.257942	            0.581914	            5.759844	           -0.215124	            0.000000	            0.000000	            0.000000	           -1.190000	            0.000000	           -0.448393	            0.000000	            0.000000	            0.000000
            0.842000	           81.816920	          801.637061	          -29.979140	           -0.303539	            0.000000	           -0.258005	            0.592945	            5.811270	           -0.217347	            0.000000	            0.000000	            0.000000	           -1.190000	            0.000000	           -0.448393	            0.000000	            0.000000	            0.000000
            0.843000	           83.158579	          806.795481	          -30.220477	           -0.303387	            0.000000	           -0.258073	            0.603946	            5.861210	           -0.219567	            0.000000	            0.000000	            0.000000	           -1.190000	            0.000000	           -0.448393	            0.000000	            0.000000	            0.000000
            0.844000	           84.512648	          811.942948	          -30.468378	           -0.303227	            0.000000	           -0.258144	            0.614926	            5.909720	           -0.221784	            0.000000	            0.000000	            0.000000	           -1.190000	            0.000000	           -0.448393	            0.000000	            0.000000	            0.000000
            0.845000	           85.879518	          817.075804	          -30.722369	           -0.303053	            0.000000	           -0.258217	            0.625896	            5.956878	           -0.223999	            0.000000	            0.000000	            0.000000	           -1.190000	            0.000000	           -0.448393	            0.000000	            0.000000	            0.000000
            0.846000	           87.259417	          822.190365	          -30.981827	           -0.302859	            0.000000	           -0.258291	            0.636866	            6.002781	           -0.226213	            0.000000	            0.000000	            0.000000	           -1.190000	            0.000000	           -0.448393	            0.000000	            0.000000	            0.000000
            0.847000	           88.652400	          827.282978	          -31.245984	           -0.302641	            0.000000	           -0.258362	            0.647850	            6.047542	           -0.228425	            0.000000	            0.000000	            0.000000	           -1.190000	            0.000000	           -0.448393	            0.000000	            0.000000	            0.000000
            0.848000	           90.058347	          832.350055	          -31.513936	           -0.302401	            0.000000	           -0.258429	            0.658860	            6.091285	           -0.230635	            0.000000	            0.000000	            0.000000	           -1.190000	            0.000000	           -0.448393	            0.000000	            0.000000	            0.000000
            0.849000	           91.476964	          837.388116	          -31.784660	           -0.302139	            0.000000	           -0.258491	            0.669908	            6.134140	           -0.232840	            0.000000	            0.000000	            0.000000	           -1.190000	            0.000000	           -0.448393	            0.000000	            0.000000	            0.000000
            0.850000	           92.907786	          842.393817	          -32.057033	           -0.301862	            0.000000	           -0.258547	            0.681006	            6.176240	           -0.235040	            0.000000	            0.000000	            0.000000	           -1.190000	            0.000000	           -0.448393	            0.000000	            0.000000	            0.000000
            0.851000	           94.350182	          847.363974	          -32.329846	           -0.301574	            0.000000	           -0.258598	            0.692165	            6.217709	           -0.237230	            0.000000	            0.000000	            0.000000	           -1.190000	            0.000000	           -0.448393	            0.000000	            0.000000	            0.000000
            0.852000	           95.803364	          852.295569	          -32.601831	           -0.301283	            0.000000	           -0.258644	            0.703391	            6.258666	           -0.239406	            0.000000	            0.000000	            0.000000	           -1.190000	            0.000000	           -0.448393	            0.000000	            0.000000	            0.000000
            0.853000	           97.266401	          857.185762	          -32.871687	           -0.300995	            0.000000	           -0.258687	            0.714691	            6.299210	           -0.241564	            0.000000	            0.000000	            0.000000	           -1.190000	            0.000000	           -0.448393	            0.000000	            0.000000	            0.000000
            0.854000	           98.738230	          862.031881	          -33.138100	           -0.300719	            0.000000	           -0.258727	            0.726067	            6.339426	           -0.243698	            0.000000	            0.000000	            0.000000	           -1.190000	            0.000000	           -0.448393	            0.000000	            0.000000	            0.000000
            0.855000	          100.217680	          866.831420	          -33.399780	           -0.300460	            0.000000	           -0.258766	            0.737519	            6.379372	           -0.245801	            0.000000	            0.000000	            0.000000	           -1.190000	            0.000000	           -0.448393	            0.000000	            0.000000	            0.000000
            0.856000	          101.703482	          871.582022	          -33.655478	           -0.300219	            0.000000	           -0.258806	            0.749042	            6.419085	           -0.247866	            0.000000	            0.000000	            0.000000	           -1.190000	            0.000000	           -0.448393	            0.000000	            0.000000	            0.000000
            0.857000	          103.194298	          876.281470	          -33.904027	           -0.299994	            0.000000	           -0.258847	            0.760629	            6.458573	           -0.249885	            0.000000	            0.000000	            0.000000	           -1.190000	            0.000000	           -0.448393	            0.000000	            0.000000	            0.000000
            0.858000	          104.688738	          880.927674	          -34.144359	           -0.299782	            0.000000	           -0.258889	            0.772270	            6.497821	           -0.251850	            0.000000	            0.000000	            0.000000	           -1.190000	            0.000000	           -0.448393	            0.000000	            0.000000	            0.000000
            0.859000	          106.185385	          885.518659	          -34.375537	           -0.299577	            0.000000	           -0.258932	            0.783949	            6.536786	           -0.253752	            0.000000	            0.000000	            0.000000	           -1.190000	            0.000000	           -0.448393	            0.000000	            0.000000	            0.000000
            0.860000	          107.682814	          890.052560	          -34.596777	           -0.299373	            0.000000	           -0.258975	            0.795649	            6.575403	           -0.255585	            0.000000	            0.000000	            0.000000	           -1.190000	            0.000000	           -0.448393	            0.000000	            0.000000	            0.000000
            0.861000	          109.179615	          894.527610	          -34.807471	           -0.299168	            0.000000	           -0.259020	            0.807352	            6.613585	           -0.257340	            0.000000	            0.000000	            0.000000	           -1.190000	            0.000000	           -0.448393	            0.000000	            0.000000	            0.000000
            0.862000	          110.674413	          898.942139	          -35.007197	           -0.298958	            0.000000	           -0.259066	            0.819034	            6.651227	           -0.259010	            0.000000	            0.000000	            0.000000	           -1.190000	            0.000000	           -0.448393	            0.000000	            0.000000	            0.000000
            0.863000	          112.165889	          903.294565	          -35.195734	           -0.298745	            0.000000	           -0.259114	            0.830672	            6.688208	           -0.260591	            0.000000	            0.000000	            0.000000	           -1.190000	            0.000000	           -0.448393	            0.000000	            0.000000	            0.000000
            0.864000	          113.652794	          907.583387	          -35.373064	           -0.298530	            0.000000	           -0.259164	            0.842241	            6.724398	           -0.262076	            0.000000	            0.000000	            0.000000	           -1.190000	            0.000000	           -0.448393	            0.000000	            0.000000	            0.000000
            0.865000	          115.133970	          911.807175	          -35.539373	           -0.298315	            0.000000	           -0.259214	            0.853714	            6.759654	           -0.263462	            0.000000	            0.000000	            0.000000	           -1.190000	            0.000000	           -0.448393	            0.000000	            0.000000	            0.000000
            0.866000	          116.608355	          915.964553	          -35.695036	           -0.298097	            0.000000	           -0.259264	            0.865067	            6.793832	           -0.264747	            0.000000	            0.000000	            0.000000	           -1.190000	            0.000000	           -0.448393	            0.000000	            0.000000	            0.000000
            0.867000	          118.075004	          920.054182	          -35.840607	           -0.297875	            0.000000	           -0.259312	            0.876272	            6.826782	           -0.265929	            0.000000	            0.000000	            0.000000	           -1.190000	            0.000000	           -0.448393	            0.000000	            0.000000	            0.000000
            0.868000	          119.533085	          924.074736	          -35.976793	           -0.297645	            0.000000	           -0.259356	            0.887305	            6.858357	           -0.267008	            0.000000	            0.000000	            0.000000	           -1.190000	            0.000000	           -0.448393	            0.000000	            0.000000	            0.000000
            0.869000	          120.981895	          928.024875	          -36.104429	           -0.297408	            0.000000	           -0.259395	            0.898139	            6.888412	           -0.267985	            0.000000	            0.000000	            0.000000	           -1.190000	            0.000000	           -0.448393	            0.000000	            0.000000	            0.000000
            0.870000	          122.420856	          931.903215	          -36.224444	           -0.297164	            0.000000	           -0.259428	            0.908751	            6.916810	           -0.268863	            0.000000	            0.000000	            0.000000	           -1.190000	            0.000000	           -0.448393	            0.000000	            0.000000	            0.000000
            0.871000	          123.849512	          935.708295	          -36.337829	           -0.296918	            0.000000	           -0.259457	            0.919121	            6.943421	           -0.269644	            0.000000	            0.000000	            0.000000	           -1.190000	            0.000000	           -0.448393	            0.000000	            0.000000	            0.000000
            0.872000	          125.267534	          939.438543	          -36.445598	           -0.296670	            0.000000	           -0.259483	            0.929227	            6.968124	           -0.270331	            0.000000	            0.000000	            0.000000	           -1.190000	            0.000000	           -0.448393	            0.000000	            0.000000	            0.000000
            0.873000	          126.674706	          943.092242	          -36.548756	           -0.296422	            0.000000	           -0.259510	            0.939051	            6.990813	           -0.270928	            0.000000	            0.000000	            0.000000	           -1.190000	            0.000000	           -0.448393	            0.000000	            0.000000	            0.000000
            0.874000	          128.070924	          946.667499	          -36.648262	           -0.296176	            0.000000	           -0.259541	            0.948580	            7.011395	           -0.271439	            0.000000	            0.000000	            0.000000	           -1.190000	            0.000000	           -0.448393	            0.000000	            0.000000	            0.000000
            0.875000	          129.456188	          950.162215	          -36.744999	           -0.295937	            0.000000	           -0.259581	            0.957799	            7.029790	           -0.271868	            0.000000	            0.000000	            0.000000	           -1.190000	            0.000000	           -0.448393	            0.000000	            0.000000	            0.000000
            0.876000	          130.830590	          953.574058	          -36.839748	           -0.295707	            0.000000	           -0.259630	            0.966700	            7.045938	           -0.272220	            0.000000	            0.000000	            0.000000	           -1.190000	            0.000000	           -0.448393	            0.000000	            0.000000	            0.000000
            0.877000	          132.194313	          956.900443	          -36.933164	           -0.295485	            0.000000	           -0.259689	            0.975275	            7.059790	           -0.272498	            0.000000	            0.000000	            0.000000	           -1.190000	            0.000000	           -0.448393	            0.000000	            0.000000	            0.000000
            0.878000	          133.547619	          960.138521	          -37.025759	           -0.295268	            0.000000	           -0.259753	            0.983520	            7.071317	           -0.272705	            0.000000	            0.000000	            0.000000	           -1.190000	            0.000000	           -0.448393	            0.000000	            0.000000	            0.000000
            0.879000	          134.890843	          963.285169	          -37.117891	           -0.295052	            0.000000	           -0.259821	            0.991436	            7.080504	           -0.272845	            0.000000	            0.000000	            0.000000	           -1.190000	            0.000000	           -0.448393	            0.000000	            0.000000	            0.000000
            0.880000	          136.224391	          966.336997	          -37.209757	           -0.294835	            0.000000	           -0.259888	            0.999023	            7.087352	           -0.272920	            0.000000	            0.000000	            0.000000	           -1.190000	            0.000000	           -0.448393	            0.000000	            0.000000	            0.000000
            0.881000	          137.548728	          969.290359	          -37.301391	           -0.294612	            0.000000	           -0.259953	            1.006288	            7.091876	           -0.272932	            0.000000	            0.000000	            0.000000	           -1.190000	            0.000000	           -0.448393	            0.000000	            0.000000	            0.000000
            0.882000	          138.864380	          972.141374	          -37.392667	           -0.294384	            0.000000	           -0.260015	            1.013237	            7.094107	           -0.272881	            0.000000	            0.000000	            0.000000	           -1.190000	            0.000000	           -0.448393	            0.000000	            0.000000	            0.000000
            0.883000	          140.171922	          974.885960	          -37.483306	           -0.294149	            0.000000	           -0.260073	            1.019882	            7.094089	           -0.272770	            0.000000	            0.000000	            0.000000	           -1.190000	            0.000000	           -0.448393	            0.000000	            0.000000	            0.000000
            0.884000	          141.471972	          977.519874	          -37.572885	           -0.293907	            0.000000	           -0.260127	            1.026235	            7.091880	           -0.272598	            0.000000	            0.000000	            0.000000	           -1.190000	            0.000000	           -0.448393	            0.000000	            0.000000	            0.000000
            0.885000	          142.765185	          980.038758	          -37.660852	           -0.293661	            0.000000	           -0.260177	            1.032314	            7.087547	           -0.272364	            0.000000	            0.000000	            0.000000	           -1.190000	            0.000000	           -0.448393	            0.000000	            0.000000	            0.000000
            0.886000	          144.052242	          982.438199	          -37.746542	           -0.293414	            0.000000	           -0.260225	            1.038135	            7.081173	           -0.272070	            0.000000	            0.000000	            0.000000	           -1.190000	            0.000000	           -0.448393	            0.000000	            0.000000	            0.000000
            0.887000	          145.333838	          984.713786	          -37.829193	           -0.293168	            0.000000	           -0.260271	            1.043718	            7.072847	           -0.271712	            0.000000	            0.000000	            0.000000	           -1.190000	            0.000000	           -0.448393	            0.000000	            0.000000	            0.000000
            0.888000	          146.610668	          986.861170	          -37.907966	           -0.292925	            0.000000	           -0.260318	            1.049085	            7.062667	           -0.271292	            0.000000	            0.000000	            0.000000	           -1.190000	            0.000000	           -0.448393	            0.000000	            0.000000	            0.000000
            0.889000	          147.883410	          988.876132	          -37.981967	           -0.292683	            0.000000	           -0.260366	            1.054258	            7.050737	           -0.270806	            0.000000	            0.000000	            0.000000	           -1.190000	            0.000000	           -0.448393	            0.000000	            0.000000	            0.000000
            0.890000	          149.152713	          990.754638	          -38.050266	           -0.292441	            0.000000	           -0.260415	            1.059258	            7.037161	           -0.270255	            0.000000	            0.000000	            0.000000	           -1.190000	            0.000000	           -0.448393	            0.000000	            0.000000	            0.000000
            0.891000	          150.419177	          992.492896	          -38.111916	           -0.292198	            0.000000	           -0.260464	            1.064106	            7.022044	           -0.269636	            0.000000	            0.000000	            0.000000	           -1.190000	            0.000000	           -0.448393	            0.000000	            0.000000	            0.000000
            0.892000	          151.683333	          994.087406	          -38.165976	           -0.291953	            0.000000	           -0.260514	            1.068823	            7.005484	           -0.268947	            0.000000	            0.000000	            0.000000	           -1.190000	            0.000000	           -0.448393	            0.000000	            0.000000	            0.000000
            0.893000	          152.945634	          995.535001	          -38.211527	           -0.291704	            0.000000	           -0.260565	            1.073425	            6.987570	           -0.268187	            0.000000	            0.000000	            0.000000	           -1.190000	            0.000000	           -0.448393	            0.000000	            0.000000	            0.000000
            0.894000	          154.206436	          996.832875	          -38.247690	           -0.291453	            0.000000	           -0.260619	            1.077927	            6.968378	           -0.267352	            0.000000	            0.000000	            0.000000	           -1.190000	            0.000000	           -0.448393	            0.000000	            0.000000	            0.000000
            0.895000	          155.465987	          997.978604	          -38.273641	           -0.291200	            0.000000	           -0.260674	            1.082339	            6.947963	           -0.266442	            0.000000	            0.000000	            0.000000	           -1.190000	            0.000000	           -0.448393	            0.000000	            0.000000	            0.000000
            0.896000	          156.724423	          998.970155	          -38.288623	           -0.290947	            0.000000	           -0.260731	            1.086666	            6.926363	           -0.265452	            0.000000	            0.000000	            0.000000	           -1.190000	            0.000000	           -0.448393	            0.000000	            0.000000	            0.000000
            0.897000	          157.981758	          999.805888	          -38.291958	           -0.290696	            0.000000	           -0.260791	            1.090909	            6.903591	           -0.264380	            0.000000	            0.000000	            0.000000	           -1.190000	            0.000000	           -0.448393	            0.000000	            0.000000	            0.000000
            0.898000	          159.237887	         1000.484539	          -38.283056	           -0.290449	            0.000000	           -0.260853	            1.095063	            6.879634	           -0.263221	            0.000000	            0.000000	            0.000000	           -1.190000	            0.000000	           -0.448393	            0.000000	            0.000000	            0.000000
            0.899000	          160.492591	         1001.005207	          -38.261419	           -0.290207	            0.000000	           -0.260918	            1.099117	            6.854455	           -0.261972	            0.000000	            0.000000	            0.000000	           -1.190000	            0.000000	           -0.448393	            0.000000	            0.000000	            0.000000
            0.900000	          161.745543	         1001.367327	          -38.226651	           -0.289969	            0.000000	           -0.260987	            1.103055	            6.827993	           -0.260629	            0.000000	            0.000000	            0.000000	           -1.190000	            0.000000	           -0.448393	            0.000000	            0.000000	            0.000000
            0.901000	          162.996322	         1001.570639	          -38.178461	           -0.289731	            0.000000	           -0.261058	            1.106858	            6.800166	           -0.259187	            0.000000	            0.000000	            0.000000	           -1.190000	            0.000000	           -0.448393	            0.000000	            0.000000	            0.000000
            0.902000	          164.244427	         1001.615160	          -38.116665	           -0.289492	            0.000000	           -0.261131	            1.110500	            6.770873	           -0.257643	            0.000000	            0.000000	            0.000000	           -1.190000	            0.000000	           -0.448393	            0.000000	            0.000000	            0.000000
            0.903000	          165.489296	         1001.501142	          -38.041190	           -0.289251	            0.000000	           -0.261205	            1.113954	            6.739998	           -0.255991	            0.000000	            0.000000	            0.000000	           -1.190000	            0.000000	           -0.448393	            0.000000	            0.000000	            0.000000
            0.904000	          166.730323	         1001.229047	          -37.952079	           -0.289007	            0.000000	           -0.261279	            1.117190	            6.707417	           -0.254229	            0.000000	            0.000000	            0.000000	           -1.190000	            0.000000	           -0.448393	            0.000000	            0.000000	            0.000000
            0.905000	          167.966884	         1000.799500	          -37.849490	           -0.288760	            0.000000	           -0.261352	            1.120176	            6.673003	           -0.252353	            0.000000	            0.000000	            0.000000	           -1.190000	            0.000000	           -0.448393	            0.000000	            0.000000	            0.000000
            0.906000	          169.198352	         1000.213264	          -37.733698	           -0.288511	            0.000000	           -0.261421	            1.122880	            6.636630	           -0.250362	            0.000000	            0.000000	            0.000000	           -1.190000	            0.000000	           -0.448393	            0.000000	            0.000000	            0.000000
            0.907000	          170.424120	          999.471205	          -37.605091	           -0.288264	            0.000000	           -0.261485	            1.125274	            6.598179	           -0.248253	            0.000000	            0.000000	            0.000000	           -1.190000	            0.000000	           -0.448393	            0.000000	            0.000000	            0.000000
            0.908000	          171.643616	          998.574255	          -37.464174	           -0.288020	            0.000000	           -0.261544	            1.127327	            6.557545	           -0.246028	            0.000000	            0.000000	            0.000000	           -1.190000	            0.000000	           -0.448393	            0.000000	            0.000000	            0.000000
            0.909000	          172.856321	          997.523385	          -37.311557	           -0.287782	            0.000000	           -0.261598	            1.129014	            6.514638	           -0.243686	            0.000000	            0.000000	            0.000000	           -1.190000	            0.000000	           -0.448393	            0.000000	            0.000000	            0.000000
            0.910000	          174.061777	          996.319573	          -37.147950	           -0.287547	            0.000000	           -0.261649	            1.130313	            6.469391	           -0.241232	            0.000000	            0.000000	            0.000000	           -1.190000	            0.000000	           -0.448393	            0.000000	            0.000000	            0.000000
            0.911000	          175.259596	          994.963775	          -36.974153	           -0.287315	            0.000000	           -0.261699	            1.131206	            6.421758	           -0.238667	            0.000000	            0.000000	            0.000000	           -1.190000	            0.000000	           -0.448393	            0.000000	            0.000000	            0.000000
            0.912000	          176.449465	          993.456895	          -36.791039	           -0.287084	            0.000000	           -0.261749	            1.131679	            6.371720	           -0.236000	            0.000000	            0.000000	            0.000000	           -1.190000	            0.000000	           -0.448393	            0.000000	            0.000000	            0.000000
            0.913000	          177.631137	          991.799758	          -36.599534	           -0.286854	            0.000000	           -0.261801	            1.131725	            6.319282	           -0.233234	            0.000000	            0.000000	            0.000000	           -1.190000	            0.000000	           -0.448393	            0.000000	            0.000000	            0.000000
            0.914000	          178.804435	          989.993078	          -36.400601	           -0.286625	            0.000000	           -0.261854	            1.131339	            6.264472	           -0.230379	            0.000000	            0.000000	            0.000000	           -1.190000	            0.000000	           -0.448393	            0.000000	            0.000000	            0.000000
            0.915000	          179.969234	          988.037437	          -36.195213	           -0.286396	            0.000000	           -0.261906	            1.130520	            6.207344	           -0.227443	            0.000000	            0.000000	            0.000000	           -1.190000	            0.000000	           -0.448393	            0.000000	            0.000000	            0.000000
            0.916000	          181.125449	          985.933251	          -35.984330	           -0.286168	            0.000000	           -0.261956	            1.129274	            6.147969	           -0.224435	            0.000000	            0.000000	            0.000000	           -1.190000	            0.000000	           -0.448393	            0.000000	            0.000000	            0.000000
            0.917000	          182.273018	          983.680752	          -35.768872	           -0.285941	            0.000000	           -0.262003	            1.127608	            6.086436	           -0.221363	            0.000000	            0.000000	            0.000000	           -1.190000	            0.000000	           -0.448393	            0.000000	            0.000000	            0.000000
            0.918000	          183.411882	          981.279963	          -35.549697	           -0.285719	            0.000000	           -0.262045	            1.125530	            6.022847	           -0.218239	            0.000000	            0.000000	            0.000000	           -1.190000	            0.000000	           -0.448393	            0.000000	            0.000000	            0.000000
            0.919000	          184.541962	          978.730678	          -35.327577	           -0.285506	            0.000000	           -0.262084	            1.123054	            5.957313	           -0.215070	            0.000000	            0.000000	            0.000000	           -1.190000	            0.000000	           -0.448393	            0.000000	            0.000000	            0.000000
            0.920000	          185.663137	          976.032452	          -35.103180	           -0.285304	            0.000000	           -0.262121	            1.120191	            5.889952	           -0.211866	            0.000000	            0.000000	            0.000000	           -1.190000	            0.000000	           -0.448393	            0.000000	            0.000000	            0.000000
            0.921000	          186.775221	          973.184594	          -34.877053	           -0.285114	            0.000000	           -0.262159	            1.116954	            5.820881	           -0.208634	            0.000000	            0.000000	            0.000000	           -1.190000	            0.000000	           -0.448393	            0.000000	            0.000000	            0.000000
            0.922000	          187.877944	          970.186166	          -34.649609	           -0.284929	            0.000000	           -0.262200	            1.113357	            5.750217	           -0.205382	            0.000000	            0.000000	            0.000000	           -1.190000	            0.000000	           -0.448393	            0.000000	            0.000000	            0.000000
            0.923000	          188.970928	          967.035992	          -34.421123	           -0.284746	            0.000000	           -0.262246	            1.109410	            5.678071	           -0.202116	            0.000000	            0.000000	            0.000000	           -1.190000	            0.000000	           -0.448393	            0.000000	            0.000000	            0.000000
            0.924000	          190.053674	          963.732668	          -34.191728	           -0.284560	            0.000000	           -0.262296	            1.105123	            5.604549	           -0.198840	            0.000000	            0.000000	            0.000000	           -1.190000	            0.000000	           -0.448393	            0.000000	            0.000000	            0.000000
            0.925000	          191.125547	          960.274592	          -33.961417	           -0.284370	            0.000000	           -0.262351	            1.100504	            5.529745	           -0.195558	            0.000000	            0.000000	            0.000000	           -1.190000	            0.000000	           -0.448393	            0.000000	            0.000000	            0.000000
            0.926000	          192.185762	          956.659981	          -33.730050	           -0.284177	            0.000000	           -0.262406	            1.095559	            5.453743	           -0.192272	            0.000000	            0.000000	            0.000000	           -1.190000	            0.000000	           -0.448393	            0.000000	            0.000000	            0.000000
            0.927000	          193.233384	          952.886905	          -33.497363	           -0.283981	            0.000000	           -0.262459	            1.090290	            5.376617	           -0.188985	            0.000000	            0.000000	            0.000000	           -1.190000	            0.000000	           -0.448393	            0.000000	            0.000000	            0.000000
            0.928000	          194.267318	          948.953321	          -33.262985	           -0.283782	            0.000000	           -0.262508	            1.084696	            5.298427	           -0.185695	            0.000000	            0.000000	            0.000000	           -1.190000	            0.000000	           -0.448393	            0.000000	            0.000000	            0.000000
            0.929000	          195.286314	          944.857095	          -33.026450	           -0.283581	            0.000000	           -0.262550	            1.078775	            5.219219	           -0.182403	            0.000000	            0.000000	            0.000000	           -1.190000	            0.000000	           -0.448393	            0.000000	            0.000000	            0.000000
            0.930000	          196.288968	          940.596042	          -32.787219	           -0.283378	            0.000000	           -0.262587	            1.072521	            5.139029	           -0.179106	            0.000000	            0.000000	            0.000000	           -1.190000	            0.000000	           -0.448393	            0.000000	            0.000000	            0.000000
            0.931000	          197.273731	          936.167939	          -32.544695	           -0.283172	            0.000000	           -0.262620	            1.065924	            5.057880	           -0.175802	            0.000000	            0.000000	            0.000000	           -1.190000	            0.000000	           -0.448393	            0.000000	            0.000000	            0.000000
            0.932000	          198.238917	          931.570554	          -32.298242	           -0.282961	            0.000000	           -0.262652	            1.058973	            4.975786	           -0.172488	            0.000000	            0.000000	            0.000000	           -1.190000	            0.000000	           -0.448393	            0.000000	            0.000000	            0.000000
            0.933000	          199.182714	          926.801655	          -32.047206	           -0.282743	            0.000000	           -0.262684	            1.051656	            4.892751	           -0.169161	            0.000000	            0.000000	            0.000000	           -1.190000	            0.000000	           -0.448393	            0.000000	            0.000000	            0.000000
            0.934000	          200.103197	          921.859021	          -31.790928	           -0.282518	            0.000000	           -0.262716	            1.043956	            4.808770	           -0.165817	            0.000000	            0.000000	            0.000000	           -1.190000	            0.000000	           -0.448393	            0.000000	            0.000000	            0.000000
            0.935000	          200.998342	          916.740449	          -31.528761	           -0.282288	            0.000000	           -0.262746	            1.035858	            4.723837	           -0.162452	            0.000000	            0.000000	            0.000000	           -1.190000	            0.000000	           -0.448393	            0.000000	            0.000000	            0.000000
            0.936000	          201.866037	          911.443753	          -31.260083	           -0.282053	            0.000000	           -0.262773	            1.027344	            4.637942	           -0.159063	            0.000000	            0.000000	            0.000000	           -1.190000	            0.000000	           -0.448393	            0.000000	            0.000000	            0.000000
            0.937000	          202.704094	          905.966770	          -30.984303	           -0.281818	            0.000000	           -0.262798	            1.018397	            4.551074	           -0.155647	            0.000000	            0.000000	            0.000000	           -1.190000	            0.000000	           -0.448393	            0.000000	            0.000000	            0.000000
            0.938000	          203.510265	          900.307360	          -30.700872	           -0.281585	            0.000000	           -0.262819	            1.009002	            4.463228	           -0.152201	            0.000000	            0.000000	            0.000000	           -1.190000	            0.000000	           -0.448393	            0.000000	            0.000000	            0.000000
            0.939000	          204.282247	          894.463407	          -30.409281	           -0.281356	            0.000000	           -0.262837	            0.999143	            4.374404	           -0.148724	            0.000000	            0.000000	            0.000000	           -1.190000	            0.000000	           -0.448393	            0.000000	            0.000000	            0.000000
            0.940000	          205.017698	          888.432833	          -30.109068	           -0.281136	            0.000000	           -0.262851	            0.988807	            4.284611	           -0.145214	            0.000000	            0.000000	            0.000000	           -1.190000	            0.000000	           -0.448393	            0.000000	            0.000000	            0.000000
            0.941000	          205.714239	          882.213604	          -29.799811	           -0.280924	            0.000000	           -0.262861	            0.977984	            4.193865	           -0.141670	            0.000000	            0.000000	            0.000000	           -1.190000	            0.000000	           -0.448393	            0.000000	            0.000000	            0.000000
            0.942000	          206.369465	          875.803742	          -29.481121	           -0.280719	            0.000000	           -0.262869	            0.966665	            4.102198	           -0.138094	            0.000000	            0.000000	            0.000000	           -1.190000	            0.000000	           -0.448393	            0.000000	            0.000000	            0.000000
            0.943000	          206.980953	          869.201345	          -29.152641	           -0.280518	            0.000000	           -0.262876	            0.954844	            4.009650	           -0.134485	            0.000000	            0.000000	            0.000000	           -1.190000	            0.000000	           -0.448393	            0.000000	            0.000000	            0.000000
            0.944000	          207.546269	          862.404597	          -28.814029	           -0.280317	            0.000000	           -0.262885	            0.942519	            3.916274	           -0.130846	            0.000000	            0.000000	            0.000000	           -1.190000	            0.000000	           -0.448393	            0.000000	            0.000000	            0.000000
            0.945000	          208.062977	          855.411780	          -28.464952	           -0.280113	            0.000000	           -0.262896	            0.929690	            3.822134	           -0.127179	            0.000000	            0.000000	            0.000000	           -1.190000	            0.000000	           -0.448393	            0.000000	            0.000000	            0.000000
            0.946000	          208.528646	          848.221281	          -28.105075	           -0.279908	            0.000000	           -0.262910	            0.916356	            3.727300	           -0.123487	            0.000000	            0.000000	            0.000000	           -1.190000	            0.000000	           -0.448393	            0.000000	            0.000000	            0.000000
            0.947000	          208.940862	          840.831585	          -27.734049	           -0.279702	            0.000000	           -0.262923	            0.902521	            3.631848	           -0.119773	            0.000000	            0.000000	            0.000000	           -1.190000	            0.000000	           -0.448393	            0.000000	            0.000000	            0.000000
            0.948000	          209.297240	          833.241260	          -27.351502	           -0.279498	            0.000000	           -0.262935	            0.888189	            3.535859	           -0.116040	            0.000000	            0.000000	            0.000000	           -1.190000	            0.000000	           -0.448393	            0.000000	            0.000000	            0.000000
            0.949000	          209.595439	          825.448934	          -26.957037	           -0.279298	            0.000000	           -0.262942	            0.873363	            3.439413	           -0.112293	            0.000000	            0.000000	            0.000000	           -1.190000	            0.000000	           -0.448393	            0.000000	            0.000000	            0.000000
            0.950000	          209.833167	          817.453246	          -26.550224	           -0.279102	            0.000000	           -0.262943	            0.858049	            3.342586	           -0.108534	            0.000000	            0.000000	            0.000000	           -1.190000	            0.000000	           -0.448393	            0.000000	            0.000000	            0.000000
            0.951000	          210.008204	          809.252796	          -26.130606	           -0.278910	            0.000000	           -0.262936	            0.842251	            3.245453	           -0.104767	            0.000000	            0.000000	            0.000000	           -1.190000	            0.000000	           -0.448393	            0.000000	            0.000000	            0.000000
            0.952000	          210.118404	          800.846080	          -25.697703	           -0.278718	            0.000000	           -0.262921	            0.825974	            3.148081	           -0.100993	            0.000000	            0.000000	            0.000000	           -1.190000	            0.000000	           -0.448393	            0.000000	            0.000000	            0.000000
            0.953000	          210.161714	          792.231415	          -25.251020	           -0.278525	            0.000000	           -0.262899	            0.809221	            3.050535	           -0.097217	            0.000000	            0.000000	            0.000000	           -1.190000	            0.000000	           -0.448393	            0.000000	            0.000000	            0.000000
            0.954000	          210.136173	          783.406861	          -24.790070	           -0.278330	            0.000000	           -0.262872	            0.792000	            2.952873	           -0.093439	            0.000000	            0.000000	            0.000000	           -1.190000	            0.000000	           -0.448393	            0.000000	            0.000000	            0.000000
            0.955000	          210.039922	          774.370150	          -24.314388	           -0.278131	            0.000000	           -0.262840	            0.774318	            2.855152	           -0.089663	            0.000000	            0.000000	            0.000000	           -1.190000	            0.000000	           -0.448393	            0.000000	            0.000000	            0.000000
            0.956000	          209.871200	          765.118618	          -23.823557	           -0.277932	            0.000000	           -0.262803	            0.756184	            2.757431	           -0.085891	            0.000000	            0.000000	            0.000000	           -1.190000	            0.000000	           -0.448393	            0.000000	            0.000000	            0.000000
            0.957000	          209.628337	          755.649159	          -23.317242	           -0.277735	            0.000000	           -0.262762	            0.737613	            2.659770	           -0.082125	            0.000000	            0.000000	            0.000000	           -1.190000	            0.000000	           -0.448393	            0.000000	            0.000000	            0.000000
            0.958000	          209.309742	          745.958196	          -22.795216	           -0.277543	            0.000000	           -0.262719	            0.718622	            2.562240	           -0.078368	            0.000000	            0.000000	            0.000000	           -1.190000	            0.000000	           -0.448393	            0.000000	            0.000000	            0.000000
            0.959000	          208.913879	          736.041686	          -22.257401	           -0.277356	            0.000000	           -0.262675	            0.699234	            2.464919	           -0.074624	            0.000000	            0.000000	            0.000000	           -1.190000	            0.000000	           -0.448393	            0.000000	            0.000000	            0.000000
            0.960000	          208.439237	          725.895160	          -21.703899	           -0.277174	            0.000000	           -0.262631	            0.679479	            2.367901	           -0.070897	            0.000000	            0.000000	            0.000000	           -1.190000	            0.000000	           -0.448393	            0.000000	            0.000000	            0.000000
            0.961000	          207.884294	          715.513807	          -21.135033	           -0.276996	            0.000000	           -0.262585	            0.659392	            2.271296	           -0.067193	            0.000000	            0.000000	            0.000000	           -1.190000	            0.000000	           -0.448393	            0.000000	            0.000000	            0.000000
            0.962000	          207.247462	          704.892590	          -20.551377	           -0.276819	            0.000000	           -0.262535	            0.639014	            2.175231	           -0.063519	            0.000000	            0.000000	            0.000000	           -1.190000	            0.000000	           -0.448393	            0.000000	            0.000000	            0.000000
            0.963000	          206.527040	          694.026422	          -19.953790	           -0.276644	            0.000000	           -0.262478	            0.618390	            2.079845	           -0.059882	            0.000000	            0.000000	            0.000000	           -1.190000	            0.000000	           -0.448393	            0.000000	            0.000000	            0.000000
            0.964000	          205.721145	          682.910373	          -19.343439	           -0.276470	            0.000000	           -0.262412	            0.597569	            1.985295	           -0.056293	            0.000000	            0.000000	            0.000000	           -1.190000	            0.000000	           -0.448393	            0.000000	            0.000000	            0.000000
            0.965000	          204.827657	          671.539915	          -18.721820	           -0.276296	            0.000000	           -0.262335	            0.576602	            1.891743	           -0.052761	            0.000000	            0.000000	            0.000000	           -1.190000	            0.000000	           -0.448393	            0.000000	            0.000000	            0.000000
            0.966000	          203.844148	          659.911206	          -18.090757	           -0.276124	            0.000000	           -0.262246	            0.555538	            1.799358	           -0.049298	            0.000000	            0.000000	            0.000000	           -1.190000	            0.000000	           -0.448393	            0.000000	            0.000000	            0.000000
            0.967000	          202.767837	          648.021391	          -17.452407	           -0.275952	            0.000000	           -0.262145	            0.534422	            1.708302	           -0.045916	            0.000000	            0.000000	            0.000000	           -1.190000	            0.000000	           -0.448393	            0.000000	            0.000000	            0.000000
            0.968000	          201.595534	          635.868922	          -16.809235	           -0.275782	            0.000000	           -0.262030	            0.513293	            1.618727	           -0.042629	            0.000000	            0.000000	            0.000000	           -1.190000	            0.000000	           -0.448393	            0.000000	            0.000000	            0.000000
            0.969000	          200.323615	          623.453871	          -16.163987	           -0.275612	            0.000000	           -0.261902	            0.492181	            1.530766	           -0.039450	            0.000000	            0.000000	            0.000000	           -1.190000	            0.000000	           -0.448393	            0.000000	            0.000000	            0.000000
            0.970000	          198.948008	          610.778242	          -15.519645	           -0.275442	            0.000000	           -0.261763	            0.471102	            1.444523	           -0.036391	            0.000000	            0.000000	            0.000000	           -1.190000	            0.000000	           -0.448393	            0.000000	            0.000000	            0.000000
            0.971000	          197.464202	          597.846253	          -14.879370	           -0.275269	            0.000000	           -0.261615	            0.450057	            1.360069	           -0.033465	            0.000000	            0.000000	            0.000000	           -1.190000	            0.000000	           -0.448393	            0.000000	            0.000000	            0.000000
            0.972000	          195.867278	          584.664590	          -14.246431	           -0.275087	            0.000000	           -0.261463	            0.429034	            1.277436	           -0.030682	            0.000000	            0.000000	            0.000000	           -1.190000	            0.000000	           -0.448393	            0.000000	            0.000000	            0.000000
            0.973000	          194.151969	          571.242603	          -13.624136	           -0.274891	            0.000000	           -0.261305	            0.408003	            1.196615	           -0.028051	            0.000000	            0.000000	            0.000000	           -1.190000	            0.000000	           -0.448393	            0.000000	            0.000000	            0.000000
            0.974000	          192.312739	          557.592457	          -13.015746	           -0.274678	            0.000000	           -0.261140	            0.386916	            1.117555	           -0.025580	            0.000000	            0.000000	            0.000000	           -1.190000	            0.000000	           -0.448393	            0.000000	            0.000000	            0.000000
            0.975000	          190.343885	          543.729210	          -12.424396	           -0.274446	            0.000000	           -0.260966	            0.365715	            1.040165	           -0.023273	            0.000000	            0.000000	            0.000000	           -1.190000	            0.000000	           -0.448393	            0.000000	            0.000000	            0.000000
            0.976000	          188.239659	          529.670826	          -11.853015	           -0.274193	            0.000000	           -0.260781	            0.344328	            0.964321	           -0.021131	            0.000000	            0.000000	            0.000000	           -1.190000	            0.000000	           -0.448393	            0.000000	            0.000000	            0.000000
            0.977000	          185.994398	          515.438113	          -11.304253	           -0.273921	            0.000000	           -0.260583	            0.322676	            0.889873	           -0.019153	            0.000000	            0.000000	            0.000000	           -1.190000	            0.000000	           -0.448393	            0.000000	            0.000000	            0.000000
            0.978000	          183.602673	          501.054588	          -10.780419	           -0.273632	            0.000000	           -0.260373	            0.300677	            0.816654	           -0.017334	            0.000000	            0.000000	            0.000000	           -1.190000	            0.000000	           -0.448393	            0.000000	            0.000000	            0.000000
            0.979000	          181.059432	          486.546281	          -10.283429	           -0.273328	            0.000000	           -0.260148	            0.278251	            0.744491	           -0.015666	            0.000000	            0.000000	            0.000000	           -1.190000	            0.000000	           -0.448393	            0.000000	            0.000000	            0.000000
            0.980000	          178.360149	          471.941464	           -9.814774	           -0.273011	            0.000000	           -0.259910	            0.255324	            0.673215	           -0.014138	            0.000000	            0.000000	            0.000000	           -1.190000	            0.000000	           -0.448393	            0.000000	            0.000000	            0.000000
            0.981000	          175.500968	          457.270343	           -9.375501	           -0.272682	            0.000000	           -0.259659	            0.231836	            0.602675	           -0.012734	            0.000000	            0.000000	            0.000000	           -1.190000	            0.000000	           -0.448393	            0.000000	            0.000000	            0.000000
            0.982000	          172.478839	          442.564695	           -8.966211	           -0.272339	            0.000000	           -0.259397	            0.207743	            0.532746	           -0.011437	            0.000000	            0.000000	            0.000000	           -1.190000	            0.000000	           -0.448393	            0.000000	            0.000000	            0.000000
            0.983000	          169.291641	          427.857481	           -8.587079	           -0.271985	            0.000000	           -0.259123	            0.183022	            0.463340	           -0.010226	            0.000000	            0.000000	            0.000000	           -1.190000	            0.000000	           -0.448393	            0.000000	            0.000000	            0.000000
            0.984000	          165.938302	          413.182436	           -8.237881	           -0.271622	            0.000000	           -0.258841	            0.157674	            0.394410	           -0.009077	            0.000000	            0.000000	            0.000000	           -1.190000	            0.000000	           -0.448393	            0.000000	            0.000000	            0.000000
            0.985000	          162.418902	          398.573649	           -7.918045	           -0.271244	            0.000000	           -0.258554	            0.131730	            0.325959	           -0.007966	            0.000000	            0.000000	            0.000000	           -1.190000	            0.000000	           -0.448393	            0.000000	            0.000000	            0.000000
            0.986000	          158.734768	          384.065151	           -7.626698	           -0.270839	            0.000000	           -0.258264	            0.105248	            0.258041	           -0.006864	            0.000000	            0.000000	            0.000000	           -1.190000	            0.000000	           -0.448393	            0.000000	            0.000000	            0.000000
            0.987000	          154.888568	          369.690499	           -7.362732	           -0.270394	            0.000000	           -0.257971	            0.078313	            0.190761	           -0.005745	            0.000000	            0.000000	            0.000000	           -1.190000	            0.000000	           -0.448393	            0.000000	            0.000000	            0.000000
            0.988000	          150.884389	          355.482393	           -7.124863	           -0.269900	            0.000000	           -0.257674	            0.051044	            0.124273	           -0.004579	            0.000000	            0.000000	            0.000000	           -1.190000	            0.000000	           -0.448393	            0.000000	            0.000000	            0.000000
            0.989000	          146.727820	          341.472299	           -6.911696	           -0.269358	            0.000000	           -0.257371	            0.023581	            0.058780	           -0.003341	            0.000000	            0.000000	            0.000000	           -1.190000	            0.000000	           -0.448393	            0.000000	            0.000000	            0.000000
            0.990000	          142.426016	          327.690113	           -6.721776	           -0.268776	            0.000000	           -0.257059	           -0.003906	           -0.005478	           -0.002004	            0.000000	            0.000000	            0.000000	           -1.190000	            0.000000	           -0.448393	            0.000000	            0.000000	            0.000000
            0.991000	          137.987770	          314.163847	           -6.553641	           -0.268156	            0.000000	           -0.256735	           -0.031230	           -0.068224	           -0.000545	            0.000000	            0.000000	            0.000000	           -1.190000	            0.000000	           -0.448393	            0.000000	            0.000000	            0.000000
            0.992000	          133.423555	          300.919354	           -6.405862	           -0.267494	            0.000000	           -0.256394	           -0.058185	           -0.129161	            0.001055	            0.000000	            0.000000	            0.000000	           -1.190000	            0.000000	           -0.448393	            0.000000	            0.000000	            0.000000
            0.993000	          128.745566	          287.980086	           -6.277072	           -0.266785	            0.000000	           -0.256031	           -0.084555	           -0.187974	            0.002810	            0.000000	            0.000000	            0.000000	           -1.190000	            0.000000	           -0.448393	            0.000000	            0.000000	            0.000000
            0.994000	          123.967723	          275.366902	           -6.165987	           -0.266032	            0.000000	           -0.255642	           -0.110117	           -0.244350	            0.004729	            0.000000	            0.000000	            0.000000	           -1.190000	            0.000000	           -0.448393	            0.000000	            0.000000	            0.000000
            0.995000	          119.105654	          263.097907	           -6.071416	           -0.265247	            0.000000	           -0.255230	           -0.134648	           -0.297982	            0.006816	            0.000000	            0.000000	            0.000000	           -1.190000	            0.000000	           -0.448393	            0.000000	            0.000000	            0.000000
            0.996000	          114.176631	          251.188346	           -5.992269	           -0.264439	            0.000000	           -0.254797	           -0.157933	           -0.348591	            0.009064	            0.000000	            0.000000	            0.000000	           -1.190000	            0.000000	           -0.448393	            0.000000	            0.000000	            0.000000
            0.997000	          109.199465	          239.650547	           -5.927549	           -0.263612	            0.000000	           -0.254346	           -0.179770	           -0.395930	            0.011461	            0.000000	            0.000000	            0.000000	           -1.190000	            0.000000	           -0.448393	            0.000000	            0.000000	            0.000000
            0.998000	          104.194350	          228.493911	           -5.876347	           -0.262769	            0.000000	           -0.253874	           -0.199977	           -0.439802	            0.013987	            0.000000	            0.000000	            0.000000	           -1.190000	            0.000000	           -0.448393	            0.000000	            0.000000	            0.000000
            0.999000	           99.182648	          217.724953	           -5.837837	           -0.261914	            0.000000	           -0.253373	           -0.218396	           -0.480071	            0.016612	            0.000000	            0.000000	            0.000000	           -1.190000	            0.000000	           -0.448393	            0.000000	            0.000000	            0.000000
            1.000000	           94.186625	          207.347398	           -5.811264	           -0.261050	            0.000000	           -0.252834	           -0.234904	           -0.516669	            0.019299	            0.000000	            0.000000	            0.000000	           -1.190000	            0.000000	           -0.448393	            0.000000	            0.000000	            0.000000
            1.001000	           89.229134	          197.362320	           -5.795937	           -0.260175	            0.000000	           -0.252252	           -0.249410	           -0.549603	            0.022006	            0.000000	            0.000000	            0.000000	           -1.190000	            0.000000	           -0.448393	            0.000000	            0.000000	            0.000000
            1.002000	           84.333244	          187.768322	           -5.791223	           -0.259282	            0.000000	           -0.251630	           -0.261864	           -0.578961	            0.024681	            0.000000	            0.000000	            0.000000	           -1.190000	            0.000000	           -0.448393	            0.000000	            0.000000	            0.000000
            1.003000	           79.521838	          178.561759	           -5.796538	           -0.258363	            0.000000	           -0.250975	           -0.272254	           -0.604909	            0.027273	            0.000000	            0.000000	            0.000000	           -1.190000	            0.000000	           -0.448393	            0.000000	            0.000000	            0.000000
            1.004000	           74.817186	          169.736976	           -5.811345	           -0.257412	            0.000000	           -0.250295	           -0.280611	           -0.627692	            0.029725	            0.000000	            0.000000	            0.000000	           -1.190000	            0.000000	           -0.448393	            0.000000	            0.000000	            0.000000
            1.005000	           70.240500	          161.286572	           -5.835145	           -0.256424	            0.000000	           -0.249594	           -0.287003	           -0.647620	            0.031982	            0.000000	            0.000000	            0.000000	           -1.190000	            0.000000	           -0.448393	            0.000000	            0.000000	            0.000000
            1.006000	           65.811499	          153.201660	           -5.867466	           -0.255407	            0.000000	           -0.248867	           -0.291534	           -0.665064	            0.033994	            0.000000	            0.000000	            0.000000	           -1.190000	            0.000000	           -0.448393	            0.000000	            0.000000	            0.000000
            1.007000	           61.547995	          145.472129	           -5.907851	           -0.254384	            0.000000	           -0.248107	           -0.294341	           -0.680435	            0.035714	            0.000000	            0.000000	            0.000000	           -1.190000	            0.000000	           -0.448393	            0.000000	            0.000000	            0.000000
            1.008000	           57.465514	          138.086881	           -5.955834	           -0.253380	            0.000000	           -0.247309	           -0.295587	           -0.694172	            0.037110	            0.000000	            0.000000	            0.000000	           -1.190000	            0.000000	           -0.448393	            0.000000	            0.000000	            0.000000
            1.009000	           53.576978	          131.034046	           -6.010916	           -0.252406	            0.000000	           -0.246469	           -0.295459	           -0.706718	            0.038161	            0.000000	            0.000000	            0.000000	           -1.190000	            0.000000	           -0.448393	            0.000000	            0.000000	            0.000000
            1.010000	           49.892453	          124.301169	           -6.072526	           -0.251450	            0.000000	           -0.245586	           -0.294157	           -0.718502	            0.038864	            0.000000	            0.000000	            0.000000	           -1.190000	            0.000000	           -0.448393	            0.000000	            0.000000	            0.000000
            1.011000	           46.418971	          117.875354	           -6.139984	           -0.250481	            0.000000	           -0.244657	           -0.291894	           -0.729915	            0.039238	            0.000000	            0.000000	            0.000000	           -1.190000	            0.000000	           -0.448393	            0.000000	            0.000000	            0.000000
            1.012000	           43.160450	          111.743374	           -6.212456	           -0.249471	            0.000000	           -0.243676	           -0.288882	           -0.741291	            0.039328	            0.000000	            0.000000	            0.000000	           -1.190000	            0.000000	           -0.448393	            0.000000	            0.000000	            0.000000
            1.013000	           40.117691	          105.891751	           -6.288905	           -0.248408	            0.000000	           -0.242639	           -0.285337	           -0.752885	            0.039204	            0.000000	            0.000000	            0.000000	           -1.190000	            0.000000	           -0.448393	            0.000000	            0.000000	            0.000000
            1.014000	           37.288470	          100.306802	           -6.368046	           -0.247294	            0.000000	           -0.241545	           -0.281467	           -0.764856	            0.038966	            0.000000	            0.000000	            0.000000	           -1.190000	            0.000000	           -0.448393	            0.000000	            0.000000	            0.000000
            1.015000	           34.667717	           94.974662	           -6.448308	           -0.246128	            0.000000	           -0.240394	           -0.277469	           -0.777257	            0.038747	            0.000000	            0.000000	            0.000000	           -1.190000	            0.000000	           -0.448393	            0.000000	            0.000000	            0.000000
            1.016000	           32.247763	           89.881299	           -6.527804	           -0.244904	            0.000000	           -0.239180	           -0.273530	           -0.790018	            0.038709	            0.000000	            0.000000	            0.000000	           -1.190000	            0.000000	           -0.448393	            0.000000	            0.000000	            0.000000
            1.017000	           30.018658	           85.012527	           -6.604315	           -0.243613	            0.000000	           -0.237884	           -0.269820	           -0.802950	            0.039044	            0.000000	            0.000000	            0.000000	           -1.190000	            0.000000	           -0.448393	            0.000000	            0.000000	            0.000000
            1.018000	           27.968535	           80.354024	           -6.675288	           -0.242256	            0.000000	           -0.236483	           -0.266496	           -0.815741	            0.039971	            0.000000	            0.000000	            0.000000	           -1.190000	            0.000000	           -0.448393	            0.000000	            0.000000	            0.000000
            1.019000	           26.084017	           75.891384	           -6.737866	           -0.240851	            0.000000	           -0.234950	           -0.263696	           -0.827962	            0.041732	            0.000000	            0.000000	            0.000000	           -1.190000	            0.000000	           -0.448393	            0.000000	            0.000000	            0.000000
            1.020000	           24.350634	           71.610192	           -6.788928	           -0.239444	            0.000000	           -0.233254	           -0.261545	           -0.839083	            0.044589	            0.000000	            0.000000	            0.000000	           -1.190000	            0.000000	           -0.448393	            0.000000	            0.000000	            0.000000
            1.021000	           22.753262	           67.496150	           -6.825160	           -0.238092	            0.000000	           -0.231369	           -0.260148	           -0.848492	            0.048809	            0.000000	            0.000000	            0.000000	           -1.190000	            0.000000	           -0.448393	            0.000000	            0.000000	            0.000000
            1.022000	           21.276543	           63.535248	           -6.843149	           -0.236844	            0.000000	           -0.229279	           -0.259595	           -0.855513	            0.054664	            0.000000	            0.000000	            0.000000	           -1.190000	            0.000000	           -0.448393	            0.000000	            0.000000	            0.000000
            1.023000	           19.905295	           59.713995	           -6.839497	           -0.235751	            0.000000	           -0.226985	           -0.259961	           -0.859440	            0.062413	            0.000000	            0.000000	            0.000000	           -1.190000	            0.000000	           -0.448393	            0.000000	            0.000000	            0.000000
            1.024000	           18.624891	           56.019690	           -6.810953	           -0.234866	            0.000000	           -0.224508	           -0.261302	           -0.859565	            0.072297	            0.000000	            0.000000	            0.000000	           -1.190000	            0.000000	           -0.448393	            0.000000	            0.000000	            0.000000
            1.025000	           17.421608	           52.440742	           -6.754557	           -0.234223	            0.000000	           -0.221873	           -0.263656	           -0.855211	            0.084521	            0.000000	            0.000000	            0.000000	           -1.190000	            0.000000	           -0.448393	            0.000000	            0.000000	            0.000000
            1.026000	           16.282926	           48.967015	           -6.667793	           -0.233817	            0.000000	           -0.219099	           -0.267039	           -0.845769	            0.099244	            0.000000	            0.000000	            0.000000	           -1.190000	            0.000000	           -0.448393	            0.000000	            0.000000	            0.000000
            1.027000	           15.197795	           45.590181	           -6.548736	           -0.233615	            0.000000	           -0.216201	           -0.271449	           -0.830728	            0.116564	            0.000000	            0.000000	            0.000000	           -1.190000	            0.000000	           -0.448393	            0.000000	            0.000000	            0.000000
            1.028000	           14.156836	           42.304062	           -6.396194	           -0.233576	            0.000000	           -0.213207	           -0.276856	           -0.809712	            0.136511	            0.000000	            0.000000	            0.000000	           -1.190000	            0.000000	           -0.448393	            0.000000	            0.000000	            0.000000
            1.029000	           13.152496	           39.104922	           -6.209831	           -0.233668	            0.000000	           -0.210160	           -0.283205	           -0.782505	            0.159032	            0.000000	            0.000000	            0.000000	           -1.190000	            0.000000	           -0.448393	            0.000000	            0.000000	            0.000000
            1.030000	           12.179143	           35.991689	           -5.990261	           -0.233870	            0.000000	           -0.207104	           -0.290415	           -0.749073	            0.183986	            0.000000	            0.000000	            0.000000	           -1.190000	            0.000000	           -0.448393	            0.000000	            0.000000	            0.000000
            1.031000	           11.233092	           32.966086	           -5.739108	           -0.234138	            0.000000	           -0.204072	           -0.298373	           -0.709585	            0.211138	            0.000000	            0.000000	            0.000000	           -1.190000	            0.000000	           -0.448393	            0.000000	            0.000000	            0.000000
            1.032000	           10.312573	           30.032624	           -5.459026	           -0.234379	            0.000000	           -0.201091	           -0.306942	           -0.664417	            0.240164	            0.000000	            0.000000	            0.000000	           -1.190000	            0.000000	           -0.448393	            0.000000	            0.000000	            0.000000
            1.033000	            9.417618	           27.198457	           -5.153671	           -0.234490	            0.000000	           -0.198191	           -0.315958	           -0.614152	            0.270648	            0.000000	            0.000000	            0.000000	           -1.190000	            0.000000	           -0.448393	            0.000000	            0.000000	            0.000000
            1.034000	            8.549890	           24.473085	           -4.827619	           -0.234440	            0.000000	           -0.195401	           -0.325236	           -0.559572	            0.302099	            0.000000	            0.000000	            0.000000	           -1.190000	            0.000000	           -0.448393	            0.000000	            0.000000	            0.000000
            1.035000	            7.712440	           21.867890	           -4.486243	           -0.234298	            0.000000	           -0.192738	           -0.334572	           -0.501630	            0.333965	            0.000000	            0.000000	            0.000000	           -1.190000	            0.000000	           -0.448393	            0.000000	            0.000000	            0.000000
            1.036000	            6.909404	           19.395541	           -4.135527	           -0.234178	            0.000000	           -0.190189	           -0.343758	           -0.441422	            0.365654	            0.000000	            0.000000	            0.000000	           -1.190000	            0.000000	           -0.448393	            0.000000	            0.000000	            0.000000
            1.037000	            6.145657	           17.069268	           -3.781855	           -0.234163	            0.000000	           -0.187719	           -0.352586	           -0.380143	            0.396560	            0.000000	            0.000000	            0.000000	           -1.190000	            0.000000	           -0.448393	            0.000000	            0.000000	            0.000000
            1.038000	            5.426428	           14.902055	           -3.431756	           -0.234163	            0.000000	           -0.187719	           -0.360858	           -0.319036	            0.426095	            0.000000	            0.000000	            0.000000	           -1.190000	            0.000000	           -0.448393	            0.000000	            0.000000	            0.000000
            1.039000	            4.756901	           12.905797	           -3.091639	           -0.234163	            0.000000	           -0.187719	           -0.368404	           -0.259337	            0.453719	            0.000000	            0.000000	            0.000000	           -1.190000	            0.000000	           -0.448393	            0.000000	            0.000000	            0.000000
            1.040000	            4.141826	           11.090466	           -2.767518	           -0.234163	            0.000000	           -0.187719	           -0.375088	           -0.202215	            0.478975	            0.000000	            0.000000	            0.000000	           -1.190000	            0.000000	           -0.448393	            0.000000	            0.000000	            0.000000
            1.041000	            0.000000	            0.000000	            0.000000	           -0.433332	            0.000000	           -0.275592	            0.000000	            0.000000	            0.000000	            0.000000	            0.000000	            0.000000	           -1.190000	            0.000000	           -0.448393	            0.000000	            0.000000	            0.000000
            1.042000	            0.000000	            0.000000	            0.000000	           -0.433332	            0.000000	           -0.275592	            0.000000	            0.000000	            0.000000	            0.000000	            0.000000	            0.000000	           -1.190000	            0.000000	           -0.448393	            0.000000	            0.000000	            0.000000
            1.043000	            0.000000	            0.000000	            0.000000	           -0.433332	            0.000000	           -0.275592	            0.000000	            0.000000	            0.000000	            0.000000	            0.000000	            0.000000	           -1.190000	            0.000000	           -0.448393	            0.000000	            0.000000	            0.000000
            1.044000	            0.000000	            0.000000	            0.000000	           -0.433332	            0.000000	           -0.275592	            0.000000	            0.000000	            0.000000	            0.000000	            0.000000	            0.000000	           -1.190000	            0.000000	           -0.448393	            0.000000	            0.000000	            0.000000
            1.045000	            0.000000	            0.000000	            0.000000	           -0.433332	            0.000000	           -0.275592	            0.000000	            0.000000	            0.000000	            0.000000	            0.000000	            0.000000	           -1.190000	            0.000000	           -0.448393	            0.000000	            0.000000	            0.000000
