PathFileType	4	(X/Y/Z)	 P12 65r2 05.trc
DataRate	CameraRate	NumFrames	NumMarkers	Units	OrigDataRate	OrigDataStartFrame	OrigNumFrames
200	200	89	38	m	200	1	89
Frame#	Time	RASIS			LASIS			RPSIS			LPSIS			RThighRear1			RThighFront1			RThighRear2			RThighFront2			RKneeLat			RKneeMed			RShankRear1			RShankFront1			RShankRear2			RShankFront2			RAnkleLat			RAnkleMed			RM5			RM1			RMid			RHeel			LThighRear1			LThighFront1			LThighRear2			LThighFront2			LKneeLat			LKneeMed			LShankRear1			LShankFront1			LShankRear2			LShankFront2			LAnkleLat			LAnkleMed			LM5			LM1			LMid			LHeel			RShoulder			LShoulder			
		X1	Y1	Z1	X2	Y2	Z2	X3	Y3	Z3	X4	Y4	Z4	X5	Y5	Z5	X6	Y6	Z6	X7	Y7	Z7	X8	Y8	Z8	X9	Y9	Z9	X10	Y10	Z10	X11	Y11	Z11	X12	Y12	Z12	X13	Y13	Z13	X14	Y14	Z14	X15	Y15	Z15	X16	Y16	Z16	X17	Y17	Z17	X18	Y18	Z18	X19	Y19	Z19	X20	Y20	Z20	X21	Y21	Z21	X22	Y22	Z22	X23	Y23	Z23	X24	Y24	Z24	X25	Y25	Z25	X26	Y26	Z26	X27	Y27	Z27	X28	Y28	Z28	X29	Y29	Z29	X30	Y30	Z30	X31	Y31	Z31	X32	Y32	Z32	X33	Y33	Z33	X34	Y34	Z34	X35	Y35	Z35	X36	Y36	Z36	X37	Y37	Z37	X38	Y38	Z38	
1	0.0000	-1.590973	0.930429	-0.186856	-1.605377	0.933192	-0.464858	-1.772047	0.976326	-0.281593	-1.772063	0.968101	-0.377855	-1.726653	0.711135	-0.135477	-1.674467	0.704338	-0.145992	-1.733246	0.664488	-0.143483	-1.682383	0.657833	-0.152288	-1.791715	0.414364	-0.207691	-1.789041	0.414349	-0.325239	-1.938878	0.433657	-0.184200	-1.920068	0.381671	-0.199240	-1.985675	0.424376	-0.187857	-1.969606	0.373106	-0.199842	-2.207572	0.349305	-0.227669	-2.189699	0.340246	-0.323811	-2.258103	0.197794	-0.211207	-2.238757	0.206356	-0.324918	-2.215165	0.148687	-0.263682	-2.254073	0.410128	-0.282938	-1.587056	0.719899	-0.521362	-1.531661	0.748714	-0.514738	-1.563063	0.685117	-0.515001	-1.511602	0.712900	-0.510987	-1.383878	0.536167	-0.467732	-1.385219	0.529025	-0.358270	-1.441785	0.407295	-0.499721	-1.391870	0.408313	-0.487096	-1.447230	0.354411	-0.501770	-1.395966	0.358631	-0.488276	-1.428610	0.110451	-0.471286	-1.397035	0.123557	-0.381141	-1.302485	0.054677	-0.508605	-1.267566	0.077375	-0.401765	-1.230432	0.108165	-0.468078	-1.487775	0.069755	-0.421434	-1.462330	1.372242	-0.193892	-1.519850	1.401659	-0.506113	
2	0.0050	-1.576039	0.928484	-0.186356	-1.590305	0.932175	-0.464782	-1.757737	0.972888	-0.281342	-1.757513	0.965588	-0.377824	-1.707620	0.707938	-0.135561	-1.655384	0.702278	-0.145910	-1.713214	0.661309	-0.143463	-1.662219	0.655765	-0.151936	-1.765702	0.410890	-0.207353	-1.761960	0.410762	-0.324891	-1.912079	0.431644	-0.184135	-1.893717	0.379346	-0.199004	-1.958948	0.422759	-0.188038	-1.943260	0.371329	-0.199759	-2.180989	0.350262	-0.228035	-2.163266	0.340674	-0.324064	-2.229859	0.199064	-0.210298	-2.211265	0.206633	-0.323970	-2.186449	0.150026	-0.262492	-2.228707	0.410658	-0.283740	-1.571634	0.718130	-0.521103	-1.516323	0.746667	-0.514173	-1.548113	0.683151	-0.514659	-1.496647	0.710593	-0.510360	-1.370591	0.532912	-0.466891	-1.372027	0.526297	-0.357516	-1.430755	0.405848	-0.498375	-1.380836	0.405550	-0.486113	-1.437385	0.353300	-0.500542	-1.386190	0.356158	-0.487182	-1.425830	0.110403	-0.470081	-1.394312	0.122042	-0.379775	-1.301521	0.052813	-0.508591	-1.266341	0.073455	-0.401128	-1.228777	0.103418	-0.467148	-1.486214	0.070524	-0.420640	-1.447061	1.369585	-0.194079	-1.503816	1.398500	-0.507722	
3	0.0100	-1.560915	0.926484	-0.185840	-1.575039	0.931155	-0.464713	-1.743230	0.969434	-0.281095	-1.742763	0.963078	-0.377790	-1.688306	0.704717	-0.135644	-1.636015	0.700208	-0.145822	-1.692879	0.658109	-0.143434	-1.641746	0.653689	-0.151573	-1.739235	0.407407	-0.207025	-1.734429	0.407198	-0.324557	-1.884825	0.429622	-0.184072	-1.866916	0.377007	-0.198776	-1.931776	0.421138	-0.188211	-1.916469	0.369535	-0.199679	-2.153991	0.351183	-0.228388	-2.136422	0.341060	-0.324307	-2.201131	0.200275	-0.209367	-2.183312	0.206843	-0.323001	-2.157234	0.151314	-0.261290	-2.202972	0.411128	-0.284525	-1.556067	0.716332	-0.520843	-1.500834	0.744576	-0.513623	-1.533021	0.681148	-0.514313	-1.481543	0.708235	-0.509746	-1.357165	0.529573	-0.466053	-1.358676	0.523493	-0.356765	-1.419615	0.404338	-0.497027	-1.369700	0.402710	-0.485126	-1.427449	0.352136	-0.499307	-1.376329	0.353618	-0.486080	-1.423041	0.110356	-0.468862	-1.391580	0.120522	-0.378392	-1.300557	0.050981	-0.508582	-1.265121	0.069573	-0.400499	-1.227124	0.098692	-0.466226	-1.484650	0.071284	-0.419831	-1.431584	1.366880	-0.194244	-1.487538	1.395292	-0.509342	
4	0.0150	-1.545619	0.924434	-0.185310	-1.559597	0.930140	-0.464655	-1.728535	0.965988	-0.280856	-1.727825	0.960597	-0.377752	-1.668726	0.701502	-0.135723	-1.616373	0.698155	-0.145725	-1.672248	0.654920	-0.143395	-1.620975	0.651638	-0.151196	-1.712304	0.403971	-0.206714	-1.706452	0.403722	-0.324243	-1.857114	0.427616	-0.184011	-1.839652	0.374682	-0.198558	-1.904160	0.419533	-0.188375	-1.889223	0.367743	-0.199601	-2.126573	0.352023	-0.228721	-2.109159	0.341370	-0.324533	-2.171890	0.201386	-0.208414	-2.154866	0.206946	-0.322011	-2.127487	0.152519	-0.260079	-2.176871	0.411481	-0.285280	-1.540402	0.714509	-0.520583	-1.485238	0.742442	-0.513097	-1.517839	0.679110	-0.513964	-1.466339	0.705826	-0.509151	-1.343662	0.526141	-0.465225	-1.345218	0.520603	-0.356026	-1.408416	0.402751	-0.495690	-1.358520	0.399787	-0.484141	-1.417473	0.350909	-0.498073	-1.366437	0.351006	-0.484976	-1.420268	0.110315	-0.467633	-1.388863	0.119010	-0.376999	-1.299603	0.049203	-0.508581	-1.263916	0.065773	-0.399884	-1.225490	0.094035	-0.465320	-1.483100	0.072028	-0.419007	-1.415924	1.364146	-0.194373	-1.471019	1.392052	-0.510956	
5	0.0200	-1.530158	0.922339	-0.184766	-1.543987	0.929136	-0.464612	-1.713655	0.962577	-0.280627	-1.712700	0.958169	-0.377710	-1.648883	0.698323	-0.135796	-1.596462	0.696149	-0.145614	-1.651324	0.651775	-0.143341	-1.599909	0.649644	-0.150802	-1.684889	0.400640	-0.206425	-1.678021	0.400404	-0.323955	-1.828935	0.425655	-0.183953	-1.811905	0.372403	-0.198353	-1.876087	0.417959	-0.188524	-1.861501	0.365970	-0.199528	-2.098718	0.352739	-0.229027	-2.081456	0.341566	-0.324737	-2.142088	0.202350	-0.207439	-2.125879	0.206904	-0.321000	-2.097156	0.153608	-0.258864	-2.150391	0.411654	-0.285995	-1.524684	0.712669	-0.520325	-1.469575	0.740263	-0.512605	-1.502611	0.677042	-0.513615	-1.451076	0.703363	-0.508584	-1.330135	0.522607	-0.464415	-1.331701	0.517611	-0.355308	-1.397209	0.401075	-0.494373	-1.347348	0.396770	-0.483164	-1.407505	0.349607	-0.496848	-1.356562	0.348315	-0.483875	-1.417532	0.110282	-0.466397	-1.386184	0.117518	-0.375600	-1.298668	0.047502	-0.508588	-1.262742	0.062099	-0.399291	-1.223889	0.089494	-0.464440	-1.481579	0.072749	-0.418167	-1.400101	1.361404	-0.194449	-1.454259	1.388798	-0.512546	
6	0.0250	-1.514537	0.920208	-0.184210	-1.528211	0.928149	-0.464589	-1.698585	0.959226	-0.280413	-1.697386	0.955819	-0.377664	-1.628773	0.695211	-0.135859	-1.576281	0.694221	-0.145487	-1.630100	0.648710	-0.143270	-1.578543	0.647742	-0.150388	-1.656962	0.397479	-0.206164	-1.649122	0.397313	-0.323699	-1.800267	0.423766	-0.183900	-1.783643	0.370204	-0.198165	-1.847537	0.416438	-0.188657	-1.833271	0.364238	-0.199460	-2.070397	0.353285	-0.229300	-2.053284	0.341608	-0.324912	-2.111668	0.203126	-0.206443	-2.096289	0.206681	-0.319969	-2.066178	0.154552	-0.257650	-2.123511	0.411583	-0.286657	-1.508947	0.710814	-0.520070	-1.453878	0.738034	-0.512154	-1.487374	0.674948	-0.513266	-1.435790	0.700843	-0.508053	-1.316641	0.518959	-0.463631	-1.318173	0.514502	-0.354618	-1.386042	0.399294	-0.493086	-1.336238	0.393652	-0.482203	-1.397590	0.348219	-0.495639	-1.346755	0.345539	-0.482783	-1.414859	0.110260	-0.465159	-1.383564	0.116057	-0.374200	-1.297762	0.045899	-0.508606	-1.261608	0.058588	-0.398727	-1.222337	0.085114	-0.463595	-1.480104	0.073442	-0.417311	-1.384132	1.358678	-0.194458	-1.437248	1.385548	-0.514095	
7	0.0300	-1.498751	0.918051	-0.183643	-1.512266	0.927186	-0.464590	-1.683317	0.955961	-0.280217	-1.681875	0.953570	-0.377614	-1.608391	0.692198	-0.135913	-1.555824	0.692403	-0.145340	-1.608565	0.645759	-0.143180	-1.556870	0.645971	-0.149952	-1.628489	0.394552	-0.205936	-1.619736	0.394523	-0.323480	-1.771086	0.421979	-0.183853	-1.754832	0.368118	-0.197997	-1.818485	0.414985	-0.188770	-1.804497	0.362569	-0.199396	-2.041575	0.353613	-0.229534	-2.024603	0.341457	-0.325054	-2.080564	0.203669	-0.205426	-2.066027	0.206238	-0.318920	-2.034483	0.155323	-0.256441	-2.096199	0.411201	-0.287257	-1.493223	0.708951	-0.519820	-1.438176	0.735755	-0.511752	-1.472164	0.672830	-0.512920	-1.420514	0.698263	-0.507564	-1.303232	0.515187	-0.462879	-1.304681	0.511260	-0.353965	-1.374963	0.397395	-0.491840	-1.325240	0.390422	-0.481263	-1.387776	0.346732	-0.494453	-1.337061	0.342670	-0.481705	-1.412270	0.110251	-0.463922	-1.381025	0.114637	-0.372804	-1.296894	0.044409	-0.508635	-1.260526	0.055275	-0.398199	-1.220846	0.080936	-0.462793	-1.478692	0.074100	-0.416438	-1.368027	1.355993	-0.194383	-1.419976	1.382324	-0.515584	
8	0.0350	-1.482794	0.915880	-0.183068	-1.496146	0.926253	-0.464620	-1.667839	0.952810	-0.280042	-1.666154	0.951445	-0.377561	-1.587727	0.689317	-0.135953	-1.535084	0.690729	-0.145170	-1.586707	0.642961	-0.143067	-1.534882	0.644369	-0.149491	-1.599441	0.391926	-0.205745	-1.589846	0.392105	-0.323302	-1.741371	0.420324	-0.183813	-1.725437	0.366184	-0.197849	-1.788908	0.413621	-0.188861	-1.775143	0.360984	-0.199339	-2.012214	0.353678	-0.229723	-1.995373	0.341075	-0.325158	-2.048709	0.203942	-0.204389	-2.035022	0.205542	-0.317854	-2.002000	0.155895	-0.255243	-2.068419	0.410441	-0.287785	-1.477539	0.707084	-0.519575	-1.422494	0.733422	-0.511403	-1.457010	0.670693	-0.512577	-1.405275	0.695621	-0.507123	-1.289960	0.511280	-0.462165	-1.291274	0.507871	-0.353355	-1.364019	0.395366	-0.490644	-1.314405	0.387074	-0.480349	-1.378105	0.345137	-0.493295	-1.327528	0.339703	-0.480646	-1.409786	0.110257	-0.462689	-1.378585	0.113267	-0.371416	-1.296071	0.043048	-0.508677	-1.259507	0.052190	-0.397711	-1.219427	0.076995	-0.462040	-1.477356	0.074721	-0.415548	-1.351798	1.353380	-0.194211	-1.402428	1.379148	-0.516994	
9	0.0400	-1.466658	0.913713	-0.182487	-1.479841	0.925355	-0.464681	-1.652137	0.949796	-0.279890	-1.650212	0.949466	-0.377506	-1.566773	0.686600	-0.135978	-1.514055	0.689233	-0.144972	-1.564516	0.640351	-0.142929	-1.512569	0.642973	-0.149002	-1.569792	0.389668	-0.205594	-1.559438	0.390130	-0.323167	-1.711104	0.418831	-0.183782	-1.695427	0.364435	-0.197725	-1.758786	0.412362	-0.188928	-1.745177	0.359507	-0.199288	-1.982278	0.353433	-0.229864	-1.965551	0.340423	-0.325223	-2.016039	0.203907	-0.203336	-2.003204	0.204563	-0.316774	-1.968661	0.156247	-0.254060	-2.040134	0.409241	-0.288234	-1.461917	0.705218	-0.519336	-1.406851	0.731034	-0.511113	-1.441937	0.668542	-0.512239	-1.390100	0.692917	-0.506735	-1.276874	0.507229	-0.461496	-1.277999	0.504321	-0.352796	-1.353256	0.393195	-0.489507	-1.303780	0.383603	-0.479467	-1.368621	0.343425	-0.492172	-1.318199	0.336636	-0.479611	-1.407426	0.110279	-0.461466	-1.376262	0.111956	-0.370041	-1.295302	0.041824	-0.508732	-1.258559	0.049357	-0.397269	-1.218090	0.073324	-0.461344	-1.476111	0.075302	-0.414641	-1.335456	1.350869	-0.193926	-1.384593	1.376045	-0.518306	
10	0.0450	-1.450332	0.911569	-0.181904	-1.463342	0.924498	-0.464776	-1.636199	0.946944	-0.279763	-1.634036	0.947651	-0.377448	-1.545523	0.684081	-0.135986	-1.492734	0.687949	-0.144745	-1.541983	0.637968	-0.142765	-1.489930	0.641823	-0.148484	-1.539527	0.387843	-0.205485	-1.528510	0.388663	-0.323076	-1.680274	0.417529	-0.183761	-1.664782	0.362909	-0.197625	-1.728105	0.411226	-0.188970	-1.714575	0.358161	-0.199242	-1.951732	0.352837	-0.229954	-1.935102	0.339468	-0.325245	-1.982496	0.203533	-0.202270	-1.970508	0.203277	-0.315684	-1.934404	0.156365	-0.252897	-2.011309	0.407538	-0.288600	-1.446376	0.703361	-0.519104	-1.391267	0.728591	-0.510884	-1.426967	0.666384	-0.511906	-1.375008	0.690151	-0.506402	-1.264026	0.503032	-0.460877	-1.264906	0.500601	-0.352291	-1.342718	0.390878	-0.488435	-1.293413	0.380007	-0.478623	-1.359363	0.341591	-0.491089	-1.309117	0.333467	-0.478605	-1.405207	0.110320	-0.460255	-1.374073	0.110711	-0.368684	-1.294593	0.040743	-0.508799	-1.257688	0.046792	-0.396875	-1.216843	0.069946	-0.460707	-1.474968	0.075842	-0.413718	-1.319011	1.348494	-0.193519	-1.366461	1.373041	-0.519499	
11	0.0500	-1.433809	0.909470	-0.181323	-1.446639	0.923686	-0.464908	-1.620013	0.944279	-0.279663	-1.617614	0.946019	-0.377390	-1.523975	0.681793	-0.135974	-1.471122	0.686911	-0.144486	-1.519107	0.635846	-0.142574	-1.466964	0.640957	-0.147935	-1.508640	0.386516	-0.205420	-1.497065	0.387767	-0.323030	-1.648884	0.416446	-0.183752	-1.633489	0.361640	-0.197548	-1.696862	0.410226	-0.188987	-1.683321	0.356968	-0.199201	-1.920551	0.351851	-0.229993	-1.903995	0.338178	-0.325224	-1.948033	0.202796	-0.201195	-1.936879	0.201665	-0.314588	-1.899180	0.156239	-0.251759	-1.981910	0.405276	-0.288879	-1.430932	0.701521	-0.518878	-1.375754	0.726095	-0.510716	-1.412120	0.664227	-0.511581	-1.360020	0.687326	-0.506125	-1.251460	0.498686	-0.460312	-1.252042	0.496704	-0.351847	-1.332450	0.388412	-0.487436	-1.283348	0.376288	-0.477821	-1.350371	0.339633	-0.490051	-1.300319	0.330201	-0.477632	-1.403144	0.110381	-0.459062	-1.372029	0.109539	-0.367350	-1.293951	0.039806	-0.508878	-1.256902	0.044506	-0.396532	-1.215692	0.066880	-0.460133	-1.473937	0.076346	-0.412780	-1.302478	1.346289	-0.192978	-1.348024	1.370164	-0.520556	
12	0.0550	-1.417079	0.907441	-0.180750	-1.429724	0.922925	-0.465076	-1.603569	0.941821	-0.279590	-1.600937	0.944584	-0.377332	-1.502131	0.679768	-0.135942	-1.449224	0.686152	-0.144192	-1.495889	0.634021	-0.142354	-1.443681	0.640410	-0.147356	-1.477142	0.385746	-0.205397	-1.465122	0.387498	-0.323026	-1.616946	0.415607	-0.183754	-1.601551	0.360662	-0.197495	-1.665065	0.409377	-0.188979	-1.651413	0.355952	-0.199165	-1.888714	0.350440	-0.229979	-1.872205	0.336526	-0.325160	-1.912615	0.201677	-0.200118	-1.902273	0.199715	-0.313493	-1.862952	0.155865	-0.250652	-1.951909	0.402405	-0.289071	-1.415595	0.699706	-0.518659	-1.360324	0.723551	-0.510609	-1.397411	0.662081	-0.511264	-1.345151	0.684449	-0.505904	-1.239224	0.494197	-0.459804	-1.239456	0.492631	-0.351466	-1.322490	0.385800	-0.486517	-1.273624	0.372455	-0.477066	-1.341680	0.337553	-0.489063	-1.291842	0.326846	-0.476697	-1.401246	0.110465	-0.457892	-1.370141	0.108446	-0.366046	-1.293380	0.039012	-0.508967	-1.256204	0.042502	-0.396241	-1.214644	0.064138	-0.459625	-1.473025	0.076817	-0.411831	-1.285872	1.344292	-0.192296	-1.329282	1.367441	-0.521458	
13	0.0600	-1.400136	0.905511	-0.180187	-1.412590	0.922218	-0.465281	-1.586861	0.939591	-0.279545	-1.583998	0.943358	-0.377275	-1.479999	0.678034	-0.135886	-1.427054	0.685702	-0.143863	-1.472342	0.632526	-0.142106	-1.420094	0.640218	-0.146746	-1.445057	0.385587	-0.205413	-1.432712	0.387903	-0.323061	-1.584486	0.415034	-0.183769	-1.568981	0.360005	-0.197463	-1.632734	0.408688	-0.188946	-1.618860	0.355131	-0.199131	-1.856211	0.348575	-0.229916	-1.839718	0.334491	-0.325054	-1.876219	0.200166	-0.199045	-1.866659	0.197422	-0.312406	-1.825700	0.155245	-0.249581	-1.921284	0.398882	-0.289178	-1.400376	0.697928	-0.518445	-1.344988	0.720965	-0.510559	-1.382851	0.659960	-0.510955	-1.330415	0.681528	-0.505738	-1.227358	0.489576	-0.459355	-1.227195	0.488387	-0.351149	-1.312878	0.383052	-0.485681	-1.264280	0.368520	-0.476361	-1.333322	0.335361	-0.488129	-1.283719	0.323414	-0.475804	-1.399524	0.110576	-0.456751	-1.368415	0.107439	-0.364779	-1.292886	0.038351	-0.509066	-1.255598	0.040777	-0.396004	-1.213701	0.061725	-0.459183	-1.472237	0.077265	-0.410874	-1.269211	1.342538	-0.191469	-1.310239	1.364902	-0.522188	
14	0.0650	-1.382976	0.903708	-0.179640	-1.395233	0.921571	-0.465521	-1.569884	0.937605	-0.279526	-1.566793	0.942351	-0.377220	-1.457592	0.676622	-0.135806	-1.404629	0.685591	-0.143497	-1.448481	0.631392	-0.141830	-1.396225	0.640411	-0.146107	-1.412425	0.386087	-0.205467	-1.399879	0.389021	-0.323129	-1.551545	0.414747	-0.183795	-1.535811	0.359697	-0.197450	-1.599900	0.408167	-0.188889	-1.585686	0.354525	-0.199099	-1.823041	0.346233	-0.229807	-1.806530	0.332056	-0.324910	-1.838840	0.198259	-0.197983	-1.830021	0.194789	-0.311333	-1.787419	0.154388	-0.248551	-1.890019	0.394672	-0.289203	-1.385278	0.696198	-0.518237	-1.329751	0.718348	-0.510560	-1.368449	0.657877	-0.510655	-1.315823	0.678577	-0.505622	-1.215901	0.484841	-0.458967	-1.215303	0.483985	-0.350899	-1.303648	0.380184	-0.484932	-1.255347	0.364504	-0.475712	-1.325325	0.333069	-0.487254	-1.275975	0.319924	-0.474959	-1.397979	0.110717	-0.455647	-1.366854	0.106523	-0.363556	-1.292471	0.037815	-0.509173	-1.255085	0.039322	-0.395817	-1.212865	0.059639	-0.458807	-1.471572	0.077700	-0.409915	-1.252515	1.341063	-0.190492	-1.290903	1.362576	-0.522731	
15	0.0700	-1.365598	0.902065	-0.179114	-1.377648	0.920987	-0.465793	-1.552638	0.935879	-0.279533	-1.549322	0.941569	-0.377167	-1.434931	0.675556	-0.135700	-1.381973	0.685844	-0.143095	-1.424331	0.630646	-0.141527	-1.372104	0.641018	-0.145441	-1.379303	0.387286	-0.205551	-1.366681	0.390883	-0.323224	-1.518175	0.414759	-0.183833	-1.502084	0.359760	-0.197453	-1.566609	0.407820	-0.188811	-1.551928	0.354150	-0.199066	-1.789210	0.343397	-0.229656	-1.772644	0.329211	-0.324732	-1.800483	0.195960	-0.196943	-1.792357	0.191829	-0.310285	-1.748119	0.153310	-0.247568	-1.858103	0.389751	-0.289153	-1.370302	0.694531	-0.518033	-1.314615	0.715713	-0.510606	-1.354209	0.655852	-0.510365	-1.301380	0.675611	-0.505551	-1.204886	0.480015	-0.458639	-1.203822	0.479445	-0.350714	-1.294827	0.377219	-0.484274	-1.246852	0.360433	-0.475121	-1.317712	0.330699	-0.486441	-1.268632	0.316399	-0.474166	-1.396614	0.110895	-0.454587	-1.365457	0.105705	-0.362387	-1.292141	0.037389	-0.509285	-1.254665	0.038120	-0.395681	-1.212139	0.057872	-0.458494	-1.471029	0.078137	-0.408960	-1.235806	1.339902	-0.189367	-1.271290	1.360490	-0.523072	
16	0.0750	-1.348001	0.900612	-0.178612	-1.359835	0.920472	-0.466093	-1.535125	0.934423	-0.279561	-1.531585	0.941015	-0.377116	-1.412038	0.674859	-0.135566	-1.359115	0.686483	-0.142657	-1.399923	0.630312	-0.141198	-1.347764	0.642062	-0.144750	-1.345762	0.389216	-0.205658	-1.333187	0.393507	-0.323336	-1.484439	0.415080	-0.183881	-1.467856	0.360212	-0.197467	-1.532913	0.407646	-0.188713	-1.517634	0.354019	-0.199031	-1.754734	0.340057	-0.229471	-1.738074	0.325952	-0.324525	-1.761172	0.193283	-0.195931	-1.753678	0.188559	-0.309271	-1.707829	0.152034	-0.246637	-1.825532	0.384104	-0.289038	-1.355445	0.692942	-0.517833	-1.299582	0.713076	-0.510689	-1.340132	0.653904	-0.510085	-1.287091	0.672649	-0.505520	-1.194341	0.475131	-0.458371	-1.192788	0.474793	-0.350592	-1.286440	0.374185	-0.483707	-1.238815	0.356338	-0.474593	-1.310500	0.328276	-0.485694	-1.261707	0.312871	-0.473431	-1.395422	0.111117	-0.453579	-1.364219	0.104994	-0.361280	-1.291897	0.037057	-0.509400	-1.254338	0.037150	-0.395592	-1.211521	0.056409	-0.458241	-1.470599	0.078596	-0.408017	-1.219107	1.339088	-0.188097	-1.251421	1.358672	-0.523202	
17	0.0800	-1.330187	0.899383	-0.178138	-1.341793	0.920030	-0.466413	-1.517352	0.933247	-0.279608	-1.513588	0.940691	-0.377068	-1.388942	0.674550	-0.135403	-1.336086	0.687528	-0.142184	-1.375292	0.630410	-0.140844	-1.323247	0.643562	-0.144037	-1.311884	0.391895	-0.205782	-1.299477	0.396901	-0.323456	-1.450412	0.415713	-0.183937	-1.433195	0.361066	-0.197488	-1.498878	0.407643	-0.188596	-1.482866	0.354141	-0.198990	-1.719635	0.336211	-0.229258	-1.702841	0.322282	-0.324296	-1.720941	0.190247	-0.194960	-1.714012	0.185006	-0.308299	-1.666589	0.150585	-0.245763	-1.792308	0.377725	-0.288868	-1.340700	0.691450	-0.517634	-1.284646	0.710457	-0.510798	-1.326211	0.652055	-0.509816	-1.272956	0.669716	-0.505520	-1.184285	0.470226	-0.458160	-1.182231	0.470065	-0.350530	-1.278502	0.371121	-0.483233	-1.231250	0.352258	-0.474129	-1.303700	0.325833	-0.485017	-1.255206	0.309372	-0.472758	-1.394395	0.111392	-0.452634	-1.363129	0.104396	-0.360247	-1.291741	0.036799	-0.509517	-1.254100	0.036388	-0.395546	-1.211013	0.055231	-0.458046	-1.470270	0.079099	-0.407097	-1.202444	1.338650	-0.186687	-1.231318	1.357147	-0.523110	
18	0.0850	-1.312161	0.898407	-0.177694	-1.323525	0.919666	-0.466748	-1.499324	0.932355	-0.279668	-1.495336	0.940593	-0.377020	-1.365676	0.674645	-0.135210	-1.312925	0.688992	-0.141679	-1.350480	0.630955	-0.140467	-1.298595	0.645533	-0.143307	-1.277764	0.395334	-0.205911	-1.265639	0.401060	-0.323573	-1.416175	0.416656	-0.183999	-1.398180	0.362329	-0.197510	-1.464574	0.407804	-0.188464	-1.447692	0.354522	-0.198941	-1.683942	0.331864	-0.229028	-1.666972	0.318207	-0.324052	-1.679834	0.186879	-0.194037	-1.673397	0.181203	-0.307382	-1.624455	0.148997	-0.244952	-1.758435	0.370619	-0.288657	-1.326054	0.690073	-0.517435	-1.269800	0.707878	-0.510922	-1.312440	0.650329	-0.509556	-1.258969	0.666836	-0.505542	-1.174730	0.465345	-0.458004	-1.172174	0.465301	-0.350524	-1.271022	0.368069	-0.482850	-1.224160	0.348238	-0.473733	-1.297316	0.323409	-0.484412	-1.249132	0.305944	-0.472155	-1.393519	0.111731	-0.451762	-1.362174	0.103921	-0.359300	-1.291676	0.036597	-0.509632	-1.253949	0.035804	-0.395540	-1.210611	0.054311	-0.457903	-1.470027	0.079670	-0.406208	-1.185839	1.338612	-0.185146	-1.211011	1.355936	-0.522792	
19	0.0900	-1.293929	0.897713	-0.177281	-1.305032	0.919384	-0.467087	-1.481053	0.931749	-0.279738	-1.476837	0.940717	-0.376972	-1.342271	0.675155	-0.134985	-1.289667	0.690886	-0.141143	-1.325530	0.631957	-0.140070	-1.273857	0.647982	-0.142565	-1.243506	0.399531	-0.206035	-1.231765	0.405970	-0.323674	-1.381814	0.417899	-0.184062	-1.362897	0.364000	-0.197528	-1.430078	0.408118	-0.188317	-1.412189	0.355163	-0.198881	-1.647687	0.327026	-0.228788	-1.630501	0.313745	-0.323801	-1.637908	0.183215	-0.193175	-1.631881	0.177190	-0.306528	-1.581493	0.147306	-0.244208	-1.723921	0.362804	-0.288417	-1.311493	0.688832	-0.517234	-1.255034	0.705364	-0.511050	-1.298803	0.648754	-0.509305	-1.245121	0.664038	-0.505578	-1.165682	0.460537	-0.457899	-1.162631	0.460551	-0.350568	-1.264000	0.365076	-0.482559	-1.217542	0.344326	-0.473407	-1.291342	0.321047	-0.483883	-1.243476	0.302630	-0.471625	-1.392774	0.112148	-0.450973	-1.361333	0.103579	-0.358451	-1.291702	0.036429	-0.509745	-1.253880	0.035368	-0.395568	-1.210316	0.053621	-0.457808	-1.469847	0.080340	-0.405365	-1.169315	1.338996	-0.183485	-1.190530	1.355059	-0.522243	
20	0.0950	-1.275498	0.897329	-0.176899	-1.286316	0.919191	-0.467422	-1.462548	0.931428	-0.279811	-1.458100	0.941057	-0.376922	-1.318764	0.676085	-0.134727	-1.266352	0.693212	-0.140581	-1.300489	0.633421	-0.139654	-1.249079	0.650911	-0.141814	-1.209218	0.404471	-0.206143	-1.197954	0.411602	-0.323748	-1.347420	0.419426	-0.184124	-1.327437	0.366072	-0.197535	-1.395468	0.408571	-0.188159	-1.376438	0.356060	-0.198806	-1.610907	0.321718	-0.228550	-1.593464	0.308915	-0.323552	-1.595225	0.179292	-0.192383	-1.589524	0.173010	-0.305748	-1.537778	0.145552	-0.243535	-1.688780	0.354304	-0.288165	-1.296996	0.687748	-0.517029	-1.240332	0.702942	-0.511169	-1.285283	0.647355	-0.509062	-1.231399	0.661353	-0.505617	-1.157134	0.455856	-0.457841	-1.153608	0.455866	-0.350656	-1.257429	0.362198	-0.482356	-1.211383	0.340573	-0.473154	-1.285767	0.318795	-0.483432	-1.238224	0.299478	-0.471176	-1.392138	0.112659	-0.450281	-1.360585	0.103383	-0.357713	-1.291819	0.036277	-0.509853	-1.253887	0.035046	-0.395628	-1.210123	0.053127	-0.457756	-1.469705	0.081141	-0.404579	-1.152893	1.339815	-0.181716	-1.169908	1.354530	-0.521463	
21	0.1000	-1.256874	0.897278	-0.176547	-1.267382	0.919092	-0.467739	-1.443820	0.931387	-0.279880	-1.439135	0.941602	-0.376867	-1.295190	0.677437	-0.134435	-1.243018	0.695970	-0.139994	-1.275403	0.635345	-0.139222	-1.224310	0.654315	-0.141061	-1.175012	0.410127	-0.206223	-1.164303	0.417917	-0.323781	-1.313082	0.421217	-0.184180	-1.291892	0.368530	-0.197524	-1.360823	0.409144	-0.187990	-1.340525	0.357205	-0.198715	-1.573638	0.315963	-0.228325	-1.555902	0.303742	-0.323314	-1.551854	0.175156	-0.191671	-1.546393	0.168712	-0.305052	-1.493393	0.143776	-0.242939	-1.653026	0.345156	-0.287915	-1.282539	0.686841	-0.516818	-1.225675	0.700640	-0.511266	-1.271858	0.646160	-0.508827	-1.217786	0.658813	-0.505649	-1.149069	0.451360	-0.457824	-1.145100	0.451305	-0.350780	-1.251290	0.359489	-0.482240	-1.205662	0.337036	-0.472975	-1.280570	0.316704	-0.483064	-1.233352	0.296538	-0.470813	-1.391580	0.113280	-0.449696	-1.359899	0.103344	-0.357099	-1.292025	0.036123	-0.509955	-1.253962	0.034808	-0.395712	-1.210031	0.052795	-0.457740	-1.469570	0.082108	-0.403866	-1.136591	1.341080	-0.179854	-1.149177	1.354362	-0.520456	
22	0.1050	-1.238066	0.897578	-0.176221	-1.248233	0.919093	-0.468028	-1.424882	0.931620	-0.279940	-1.419950	0.942344	-0.376804	-1.271583	0.679208	-0.134108	-1.219702	0.699154	-0.139387	-1.250317	0.637722	-0.138773	-1.199597	0.658184	-0.140311	-1.140999	0.416461	-0.206263	-1.130909	0.424865	-0.323761	-1.278887	0.423242	-0.184225	-1.256358	0.371354	-0.197491	-1.326221	0.409815	-0.187812	-1.304534	0.358584	-0.198604	-1.535919	0.309793	-0.228123	-1.517856	0.298260	-0.323096	-1.507868	0.170852	-0.191048	-1.502559	0.164347	-0.304451	-1.448423	0.142020	-0.242423	-1.616673	0.335404	-0.287685	-1.268095	0.686134	-0.516598	-1.211042	0.698488	-0.511329	-1.258499	0.645198	-0.508597	-1.204258	0.656450	-0.505665	-1.141464	0.447106	-0.457845	-1.137091	0.446926	-0.350932	-1.245556	0.357009	-0.482207	-1.200345	0.333770	-0.472872	-1.275722	0.314827	-0.482779	-1.228827	0.293860	-0.470542	-1.391068	0.114030	-0.449231	-1.359244	0.103478	-0.356623	-1.292318	0.035951	-0.510049	-1.254099	0.034623	-0.395817	-1.210035	0.052587	-0.457756	-1.469404	0.083277	-0.403238	-1.120423	1.342791	-0.177916	-1.128370	1.354560	-0.519225	
23	0.1100	-1.219082	0.898245	-0.175918	-1.228870	0.919202	-0.468275	-1.405745	0.932116	-0.279984	-1.400556	0.943270	-0.376729	-1.247977	0.681389	-0.133744	-1.196438	0.702749	-0.138764	-1.225277	0.640540	-0.138312	-1.174983	0.662499	-0.139568	-1.107291	0.423421	-0.206251	-1.097864	0.432386	-0.323675	-1.244919	0.425467	-0.184254	-1.220926	0.374515	-0.197429	-1.291738	0.410558	-0.187627	-1.268549	0.360181	-0.198470	-1.497789	0.303243	-0.227954	-1.479369	0.292501	-0.322907	-1.463342	0.166431	-0.190525	-1.458101	0.159969	-0.303953	-1.402961	0.140329	-0.241991	-1.579739	0.325102	-0.287490	-1.253635	0.685648	-0.516365	-1.196408	0.696514	-0.511346	-1.245178	0.644494	-0.508371	-1.190790	0.654296	-0.505654	-1.134281	0.443153	-0.457897	-1.129553	0.442792	-0.351106	-1.240190	0.354816	-0.482255	-1.195394	0.330831	-0.472847	-1.271185	0.313219	-0.482581	-1.224609	0.291495	-0.470368	-1.390562	0.114931	-0.448898	-1.358583	0.103800	-0.356298	-1.292693	0.035750	-0.510135	-1.254288	0.034463	-0.395939	-1.210130	0.052468	-0.457798	-1.469169	0.084689	-0.402711	-1.104401	1.344946	-0.175919	-1.107518	1.355126	-0.517780	
24	0.1150	-1.199931	0.899288	-0.175631	-1.209297	0.919424	-0.468465	-1.386419	0.932865	-0.280005	-1.380960	0.944369	-0.376638	-1.224403	0.683964	-0.133344	-1.173257	0.706738	-0.138129	-1.200325	0.643778	-0.137837	-1.150508	0.667237	-0.138839	-1.073992	0.430945	-0.206177	-1.065256	0.440410	-0.323514	-1.211255	0.427854	-0.184262	-1.185686	0.377979	-0.197333	-1.257441	0.411344	-0.187434	-1.232651	0.361971	-0.198311	-1.459284	0.296356	-0.227829	-1.440485	0.286506	-0.322754	-1.418353	0.161942	-0.190108	-1.413098	0.155631	-0.303566	-1.357097	0.138742	-0.241648	-1.542244	0.314310	-0.287344	-1.239126	0.685402	-0.516119	-1.181746	0.694746	-0.511307	-1.231861	0.644074	-0.508147	-1.177352	0.652382	-0.505608	-1.127474	0.439556	-0.457975	-1.122450	0.438961	-0.351291	-1.235148	0.352967	-0.482379	-1.190757	0.328273	-0.472900	-1.266913	0.311931	-0.482472	-1.220650	0.289493	-0.470296	-1.390021	0.116005	-0.448709	-1.357877	0.104326	-0.356137	-1.293143	0.035511	-0.510212	-1.254518	0.034305	-0.396072	-1.210312	0.052399	-0.457861	-1.468820	0.086382	-0.402300	-1.088529	1.347532	-0.173882	-1.086650	1.356058	-0.516129	
25	0.1200	-1.180621	0.900711	-0.175353	-1.189516	0.919767	-0.468587	-1.366915	0.933852	-0.279997	-1.361170	0.945628	-0.376527	-1.200890	0.686915	-0.132905	-1.150185	0.711095	-0.137485	-1.175500	0.647412	-0.137350	-1.126210	0.672364	-0.138126	-1.041200	0.438960	-0.206029	-1.033165	0.448859	-0.323266	-1.177966	0.430357	-0.184244	-1.150721	0.381705	-0.197199	-1.223395	0.412144	-0.187235	-1.196918	0.363929	-0.198125	-1.420442	0.289175	-0.227756	-1.401247	0.280315	-0.322646	-1.372977	0.157436	-0.189807	-1.367636	0.151385	-0.303300	-1.310924	0.137299	-0.241396	-1.504209	0.303095	-0.287261	-1.224536	0.685413	-0.515856	-1.167027	0.693213	-0.511203	-1.218512	0.643960	-0.507922	-1.163912	0.650738	-0.505519	-1.120987	0.436370	-0.458074	-1.115733	0.435493	-0.351481	-1.230373	0.351519	-0.482576	-1.186379	0.326146	-0.473032	-1.262854	0.311015	-0.482453	-1.216895	0.287898	-0.470330	-1.389399	0.117275	-0.448673	-1.357082	0.105074	-0.356151	-1.293660	0.035232	-0.510278	-1.254778	0.034129	-0.396213	-1.210571	0.052348	-0.457943	-1.468308	0.088397	-0.402019	-1.072811	1.350533	-0.171823	-1.065795	1.357347	-0.514286	
26	0.1250	-1.161160	0.902512	-0.175075	-1.169530	0.920238	-0.468624	-1.347242	0.935065	-0.279954	-1.341195	0.947035	-0.376391	-1.177463	0.690217	-0.132428	-1.127247	0.715790	-0.136837	-1.150837	0.651411	-0.136851	-1.102119	0.677845	-0.137433	-1.009003	0.447386	-0.205800	-1.001662	0.457649	-0.322925	-1.145111	0.432930	-0.184195	-1.116108	0.385647	-0.197024	-1.189655	0.412924	-0.187029	-1.161419	0.366023	-0.197910	-1.381299	0.281749	-0.227744	-1.361697	0.273973	-0.322590	-1.327292	0.152960	-0.189628	-1.321799	0.147280	-0.303160	-1.264533	0.136033	-0.241240	-1.465658	0.291529	-0.287255	-1.209831	0.685699	-0.515573	-1.152222	0.691938	-0.511025	-1.205094	0.644173	-0.507694	-1.150435	0.649391	-0.505380	-1.114757	0.433641	-0.458189	-1.109343	0.432440	-0.351667	-1.225805	0.350520	-0.482843	-1.182194	0.324496	-0.473242	-1.258946	0.310518	-0.482525	-1.213281	0.286754	-0.470474	-1.388646	0.118764	-0.448802	-1.356153	0.106061	-0.356350	-1.294232	0.034915	-0.510336	-1.255053	0.033923	-0.396360	-1.210899	0.052282	-0.458037	-1.467583	0.090773	-0.401880	-1.057243	1.353924	-0.169760	-1.044975	1.358981	-0.512263	
27	0.1300	-1.141557	0.904683	-0.174790	-1.149342	0.920844	-0.468565	-1.327408	0.936485	-0.279871	-1.321039	0.948578	-0.376225	-1.154144	0.693839	-0.131912	-1.104462	0.720786	-0.136187	-1.126368	0.655738	-0.136340	-1.078261	0.683633	-0.136764	-0.977480	0.456132	-0.205482	-0.970808	0.466690	-0.322483	-1.112743	0.435522	-0.184112	-1.081915	0.389756	-0.196805	-1.156269	0.413653	-0.186817	-1.126219	0.368221	-0.197666	-1.341889	0.274126	-0.227799	-1.321881	0.267522	-0.322591	-1.281374	0.148561	-0.189577	-1.275674	0.143362	-0.303152	-1.218014	0.134976	-0.241183	-1.426617	0.279687	-0.287334	-1.194978	0.686270	-0.515268	-1.137301	0.690943	-0.510767	-1.191569	0.644727	-0.507459	-1.136886	0.648362	-0.505185	-1.108709	0.431409	-0.458316	-1.103213	0.429849	-0.351842	-1.221373	0.350015	-0.483175	-1.178131	0.323363	-0.473531	-1.255124	0.310481	-0.482690	-1.209741	0.286097	-0.470729	-1.387711	0.120497	-0.449101	-1.355043	0.107306	-0.356741	-1.294844	0.034570	-0.510384	-1.255328	0.033680	-0.396508	-1.211285	0.052175	-0.458143	-1.466591	0.093549	-0.401895	-1.041819	1.357678	-0.167713	-1.024212	1.360943	-0.510077	
28	0.1350	-1.121819	0.907210	-0.174485	-1.128954	0.921589	-0.468397	-1.307422	0.938099	-0.279743	-1.300711	0.950246	-0.376025	-1.130954	0.697747	-0.131357	-1.081843	0.726042	-0.135538	-1.102118	0.660351	-0.135817	-1.054656	0.689681	-0.136121	-0.946695	0.465103	-0.205070	-0.940652	0.475887	-0.321937	-1.080902	0.438080	-0.183991	-1.048202	0.393976	-0.196542	-1.123277	0.414295	-0.186599	-1.091376	0.370486	-0.197393	-1.302250	0.266356	-0.227928	-1.281843	0.261009	-0.322654	-1.235297	0.144278	-0.189659	-1.229349	0.139673	-0.303281	-1.171453	0.134151	-0.241228	-1.387119	0.267647	-0.287507	-1.179947	0.687137	-0.514939	-1.122235	0.690245	-0.510426	-1.177901	0.645634	-0.507216	-1.123227	0.647670	-0.504930	-1.102766	0.429707	-0.458450	-1.097267	0.427760	-0.352000	-1.217001	0.350041	-0.483568	-1.174114	0.322778	-0.473896	-1.251315	0.310940	-0.482945	-1.206203	0.285957	-0.471098	-1.386540	0.122498	-0.449577	-1.353703	0.108829	-0.357331	-1.295477	0.034212	-0.510423	-1.255587	0.033401	-0.396657	-1.211715	0.052002	-0.458256	-1.465277	0.096760	-0.402074	-1.026528	1.361758	-0.165697	-1.003524	1.363213	-0.507742	
29	0.1400	-1.101956	0.910074	-0.174153	-1.108370	0.922482	-0.468108	-1.287289	0.939887	-0.279566	-1.280216	0.952029	-0.375785	-1.107910	0.701902	-0.130763	-1.059402	0.731511	-0.134892	-1.078110	0.665203	-0.135280	-1.031321	0.695931	-0.135503	-0.916704	0.474199	-0.204563	-0.911235	0.485143	-0.321285	-1.049620	0.440552	-0.183828	-1.015022	0.398252	-0.196234	-1.090711	0.414817	-0.186374	-1.056940	0.372779	-0.197091	-1.262419	0.258492	-0.228133	-1.241628	0.254475	-0.322784	-1.189138	0.140149	-0.189878	-1.182911	0.136247	-0.303551	-1.124937	0.133575	-0.241377	-1.347199	0.255489	-0.287781	-1.164707	0.688306	-0.514584	-1.106996	0.689859	-0.509998	-1.164051	0.646901	-0.506961	-1.109423	0.647329	-0.504613	-1.096842	0.428558	-0.458589	-1.091423	0.426203	-0.352136	-1.212610	0.350625	-0.484019	-1.170062	0.322764	-0.474337	-1.247444	0.311923	-0.483291	-1.202592	0.286355	-0.471579	-1.385080	0.124790	-0.450232	-1.352085	0.110646	-0.358120	-1.296109	0.033863	-0.510453	-1.255810	0.033095	-0.396805	-1.212172	0.051748	-0.458376	-1.463587	0.100440	-0.402425	-1.011355	1.366126	-0.163729	-0.982926	1.365765	-0.505277	
30	0.1450	-1.081975	0.913249	-0.173781	-1.087596	0.923524	-0.467687	-1.267018	0.941833	-0.279338	-1.259560	0.953917	-0.375502	-1.085025	0.706259	-0.130132	-1.037144	0.737142	-0.134251	-1.054362	0.670244	-0.134728	-1.008264	0.702326	-0.134912	-0.887544	0.483317	-0.203958	-0.882584	0.494361	-0.320528	-1.018919	0.442886	-0.183622	-0.982415	0.402526	-0.195883	-1.058596	0.415187	-0.186143	-1.022955	0.375061	-0.196762	-1.222434	0.250583	-0.228419	-1.201286	0.247964	-0.322981	-1.142971	0.136203	-0.190237	-1.136451	0.133113	-0.303964	-1.078549	0.133260	-0.241635	-1.306902	0.243292	-0.288158	-1.149233	0.689776	-0.514201	-1.091559	0.689792	-0.509485	-1.149986	0.648526	-0.506691	-1.095438	0.647346	-0.504232	-1.090848	0.427974	-0.458731	-1.085591	0.425198	-0.352245	-1.208115	0.351786	-0.484524	-1.165892	0.323334	-0.474850	-1.243432	0.313448	-0.483725	-1.198831	0.287306	-0.472170	-1.383276	0.127395	-0.451068	-1.350140	0.112776	-0.359110	-1.296713	0.033551	-0.510477	-1.255975	0.032778	-0.396950	-1.212636	0.051402	-0.458501	-1.461464	0.104619	-0.402952	-0.996284	1.370739	-0.161823	-0.962430	1.368573	-0.502697	
31	0.1500	-1.061886	0.916703	-0.173362	-1.066638	0.924720	-0.467127	-1.246615	0.943919	-0.279056	-1.238750	0.955899	-0.375171	-1.062312	0.710772	-0.129464	-1.015074	0.742878	-0.133615	-1.030889	0.675417	-0.134161	-0.985491	0.708799	-0.134346	-0.859242	0.492353	-0.203260	-0.854717	0.503444	-0.319670	-0.988811	0.445031	-0.183372	-0.950416	0.406739	-0.195493	-1.026950	0.415375	-0.185905	-0.989456	0.377291	-0.196409	-1.182339	0.242676	-0.228784	-1.160866	0.241514	-0.323248	-1.096873	0.132465	-0.190738	-1.090058	0.130290	-0.304520	-1.032369	0.133209	-0.242004	-1.266277	0.231135	-0.288641	-1.133502	0.691544	-0.513789	-1.075899	0.690048	-0.508889	-1.135674	0.650505	-0.506405	-1.081239	0.647723	-0.503789	-1.084693	0.427955	-0.458873	-1.079680	0.424753	-0.352326	-1.203429	0.353531	-0.485078	-1.161520	0.324491	-0.475431	-1.239197	0.315525	-0.484244	-1.194842	0.288814	-0.472868	-1.381073	0.130334	-0.452081	-1.347820	0.115236	-0.360295	-1.297258	0.033312	-0.510494	-1.256060	0.032475	-0.397093	-1.213084	0.050961	-0.458630	-1.458854	0.109321	-0.403656	-0.981296	1.375551	-0.159991	-0.942046	1.371605	-0.500020	
32	0.1550	-1.041699	0.920402	-0.172886	-1.045505	0.926071	-0.466420	-1.226087	0.946128	-0.278720	-1.217793	0.957969	-0.374790	-1.039779	0.715389	-0.128761	-0.993191	0.748662	-0.132984	-1.007699	0.680667	-0.133576	-0.963003	0.715285	-0.133802	-0.831812	0.501207	-0.202472	-0.827640	0.512297	-0.318716	-0.959302	0.446940	-0.183079	-0.919050	0.410835	-0.195067	-0.995784	0.415351	-0.185661	-0.956475	0.379430	-0.196035	-1.142179	0.234818	-0.229230	-1.120425	0.235163	-0.323584	-1.050920	0.128951	-0.191381	-1.043825	0.127789	-0.305220	-0.986478	0.133415	-0.242484	-1.225382	0.219093	-0.289227	-1.117493	0.693603	-0.513348	-1.059998	0.690626	-0.508212	-1.121084	0.652826	-0.506100	-1.066793	0.648457	-0.503286	-1.078285	0.428492	-0.459017	-1.073594	0.424865	-0.352376	-1.198465	0.355856	-0.485677	-1.156861	0.326228	-0.476077	-1.234660	0.318155	-0.484844	-1.190545	0.290875	-0.473668	-1.378421	0.133626	-0.453265	-1.345081	0.118041	-0.361668	-1.297711	0.033185	-0.510506	-1.256037	0.032216	-0.397233	-1.213489	0.050429	-0.458763	-1.455707	0.114567	-0.404537	-0.966369	1.380515	-0.158244	-0.921781	1.374828	-0.497262	
33	0.1600	-1.021425	0.924304	-0.172345	-1.024207	0.927576	-0.465561	-1.205441	0.948440	-0.278329	-1.196699	0.960116	-0.374355	-1.017435	0.720058	-0.128026	-0.971494	0.754431	-0.132355	-0.984799	0.685931	-0.132974	-0.940796	0.721715	-0.133276	-0.805254	0.509778	-0.201603	-0.801350	0.520829	-0.317675	-0.930387	0.448567	-0.182744	-0.888333	0.414756	-0.194612	-0.965105	0.415091	-0.185412	-0.924034	0.381439	-0.195646	-1.102008	0.227053	-0.229753	-1.080022	0.228943	-0.323989	-1.005193	0.125672	-0.192164	-0.997846	0.125614	-0.306060	-0.940954	0.133865	-0.243078	-1.184287	0.207240	-0.289913	-1.101194	0.695937	-0.512876	-1.043837	0.691517	-0.507461	-1.106192	0.655471	-0.505774	-1.052073	0.649535	-0.502726	-1.071533	0.429561	-0.459161	-1.067239	0.425516	-0.352398	-1.193136	0.358746	-0.486318	-1.151833	0.328525	-0.476783	-1.229740	0.321329	-0.485520	-1.185867	0.293474	-0.474562	-1.375268	0.137289	-0.454610	-1.341878	0.121206	-0.363218	-1.298032	0.033218	-0.510513	-1.255877	0.032042	-0.397371	-1.213821	0.049819	-0.458900	-1.451972	0.120370	-0.405588	-0.951483	1.385581	-0.156588	-0.901641	1.378209	-0.494440	
34	0.1650	-1.001074	0.928366	-0.171732	-1.002756	0.929233	-0.464549	-1.184686	0.950836	-0.277883	-1.175476	0.962335	-0.373864	-0.995285	0.724723	-0.127260	-0.949977	0.760122	-0.131728	-0.962194	0.691148	-0.132353	-0.918865	0.728016	-0.132765	-0.779555	0.517973	-0.200661	-0.775834	0.528955	-0.316558	-0.902061	0.449874	-0.182371	-0.858274	0.418450	-0.194135	-0.934917	0.414573	-0.185159	-0.892152	0.383279	-0.195246	-1.061884	0.219418	-0.230351	-1.039722	0.222882	-0.324459	-0.959775	0.122630	-0.193085	-0.952215	0.123757	-0.307037	-0.895877	0.134537	-0.243785	-1.143068	0.195642	-0.290695	-1.084592	0.698529	-0.512374	-1.027404	0.692707	-0.506644	-1.090976	0.658413	-0.505427	-1.037053	0.650941	-0.502114	-1.064348	0.431130	-0.459308	-1.060518	0.426678	-0.352392	-1.187358	0.362177	-0.486996	-1.146356	0.331355	-0.477543	-1.224358	0.325027	-0.486264	-1.180731	0.296589	-0.475542	-1.371568	0.141336	-0.456104	-1.338172	0.124743	-0.364927	-1.298179	0.033460	-0.510517	-1.255550	0.031995	-0.397508	-1.214045	0.049152	-0.459042	-1.447604	0.126742	-0.406802	-0.936616	1.390701	-0.155031	-0.881629	1.381711	-0.491569	
35	0.1700	-0.980660	0.932539	-0.171044	-0.981169	0.931036	-0.463383	-1.163833	0.953298	-0.277385	-1.154138	0.964615	-0.373316	-0.973335	0.729328	-0.126466	-0.928636	0.765671	-0.131098	-0.939882	0.696256	-0.131713	-0.897200	0.734118	-0.132262	-0.754693	0.525704	-0.199659	-0.751072	0.536596	-0.315378	-0.874308	0.450827	-0.181964	-0.828879	0.421868	-0.193642	-0.905219	0.413778	-0.184904	-0.860846	0.384918	-0.194843	-1.021871	0.211951	-0.231018	-0.999594	0.217003	-0.324993	-0.914750	0.119820	-0.194141	-0.907029	0.122203	-0.308145	-0.851326	0.135403	-0.244606	-1.101812	0.184363	-0.291565	-1.067683	0.701353	-0.511842	-1.010690	0.694178	-0.505768	-1.075418	0.661624	-0.505057	-1.021712	0.652652	-0.501456	-1.056646	0.433154	-0.459461	-1.053342	0.428310	-0.352363	-1.181050	0.366113	-0.487705	-1.140354	0.334679	-0.478350	-1.218440	0.329221	-0.487069	-1.175070	0.300188	-0.476598	-1.367278	0.145781	-0.457729	-1.333925	0.128663	-0.366779	-1.298104	0.033965	-0.510519	-1.255022	0.032126	-0.397643	-1.214123	0.048456	-0.459190	-1.442562	0.133683	-0.408165	-0.921748	1.395825	-0.153572	-0.861749	1.385300	-0.488663	
36	0.1750	-0.960195	0.936774	-0.170275	-0.959462	0.932978	-0.462066	-1.142892	0.955805	-0.276835	-1.132697	0.966948	-0.372709	-0.951587	0.733815	-0.125650	-0.907464	0.771013	-0.130461	-0.917863	0.701192	-0.131053	-0.875790	0.739951	-0.131761	-0.730636	0.532891	-0.198612	-0.727038	0.543680	-0.314149	-0.847112	0.451399	-0.181527	-0.800144	0.424965	-0.193145	-0.876010	0.412693	-0.184651	-0.830126	0.386322	-0.194444	-0.982041	0.204681	-0.231750	-0.959716	0.211326	-0.325586	-0.870210	0.117230	-0.195324	-0.862390	0.120928	-0.309378	-0.807379	0.136424	-0.245539	-1.060617	0.173461	-0.292514	-1.050462	0.704382	-0.511283	-0.993687	0.695906	-0.504844	-1.059505	0.665065	-0.504664	-1.006032	0.654638	-0.500759	-1.048346	0.435579	-0.459622	-1.045619	0.430359	-0.352317	-1.174134	0.370507	-0.488441	-1.133757	0.338450	-0.479199	-1.211914	0.333875	-0.487926	-1.168818	0.304231	-0.477718	-1.362358	0.150632	-0.459467	-1.329104	0.132973	-0.368750	-1.297759	0.034790	-0.510518	-1.254255	0.032487	-0.397779	-1.214014	0.047767	-0.459343	-1.436808	0.141191	-0.409660	-0.906857	1.400905	-0.152214	-0.842003	1.388937	-0.485737	
37	0.1800	-0.939693	0.941020	-0.169426	-0.937654	0.935048	-0.460601	-1.121875	0.958336	-0.276236	-1.111168	0.969325	-0.372043	-0.930045	0.738127	-0.124813	-0.886452	0.776086	-0.129813	-0.896133	0.705895	-0.130375	-0.854622	0.745447	-0.131257	-0.707343	0.539464	-0.197534	-0.703696	0.550146	-0.312888	-0.820456	0.451568	-0.181070	-0.772063	0.427702	-0.192652	-0.847287	0.411309	-0.184403	-0.800001	0.387463	-0.194057	-0.942475	0.197634	-0.232540	-0.920169	0.205863	-0.326234	-0.826250	0.114844	-0.196628	-0.818398	0.119899	-0.310726	-0.764120	0.137557	-0.246581	-1.019590	0.162985	-0.293534	-1.032933	0.707581	-0.510698	-0.976393	0.697860	-0.503882	-1.043227	0.668694	-0.504250	-0.989999	0.656865	-0.500030	-1.039375	0.438344	-0.459795	-1.037268	0.432763	-0.352260	-1.166539	0.375305	-0.489199	-1.126498	0.342611	-0.480081	-1.204716	0.338943	-0.488827	-1.161916	0.308672	-0.478890	-1.356773	0.155896	-0.461293	-1.323678	0.137679	-0.370815	-1.297091	0.035992	-0.510515	-1.253210	0.033134	-0.397915	-1.213673	0.047129	-0.459503	-1.430312	0.149255	-0.411268	-0.891927	1.405895	-0.150953	-0.822394	1.392589	-0.482802	
38	0.1850	-0.919169	0.945224	-0.168495	-0.915769	0.937232	-0.458997	-1.100798	0.960869	-0.275592	-1.089568	0.971733	-0.371319	-0.908709	0.742210	-0.123961	-0.865595	0.780827	-0.129148	-0.874684	0.710306	-0.129680	-0.833681	0.750540	-0.130741	-0.684767	0.545363	-0.196444	-0.681009	0.555940	-0.311611	-0.794318	0.451320	-0.180599	-0.744626	0.430044	-0.192173	-0.819048	0.409622	-0.184165	-0.770477	0.388317	-0.193690	-0.903259	0.190833	-0.233383	-0.881042	0.200622	-0.326934	-0.782968	0.112637	-0.198043	-0.775156	0.119075	-0.312180	-0.721630	0.138751	-0.247728	-0.978846	0.152980	-0.294615	-1.015100	0.710913	-0.510089	-0.958808	0.700008	-0.502892	-1.026579	0.672465	-0.503815	-0.973603	0.659293	-0.499279	-1.029669	0.441378	-0.459987	-1.028212	0.435450	-0.352201	-1.158201	0.380447	-0.489973	-1.118522	0.347101	-0.480991	-1.196784	0.344375	-0.489760	-1.154310	0.313456	-0.480102	-1.350491	0.161575	-0.463184	-1.317620	0.142782	-0.372946	-1.296045	0.037627	-0.510510	-1.251846	0.034124	-0.398053	-1.213052	0.046590	-0.459672	-1.423044	0.157861	-0.412965	-0.876940	1.410749	-0.149784	-0.802922	1.396220	-0.479870	
39	0.1900	-0.898638	0.949333	-0.167486	-0.893828	0.939515	-0.457262	-1.079675	0.963381	-0.274905	-1.067917	0.974160	-0.370538	-0.887581	0.746009	-0.123098	-0.844882	0.785180	-0.128461	-0.853511	0.714370	-0.128970	-0.812954	0.755170	-0.130208	-0.662853	0.550540	-0.195360	-0.658934	0.561020	-0.310338	-0.768679	0.450651	-0.180123	-0.717822	0.431966	-0.191721	-0.791293	0.407633	-0.183941	-0.741561	0.388863	-0.193354	-0.864488	0.184294	-0.234271	-0.842427	0.195606	-0.327682	-0.740468	0.110582	-0.199559	-0.732771	0.118410	-0.313726	-0.679993	0.139953	-0.248975	-0.938509	0.143482	-0.295747	-0.996969	0.714335	-0.509459	-0.940935	0.702312	-0.501886	-1.009558	0.676325	-0.503362	-0.956836	0.661878	-0.498513	-1.019170	0.444607	-0.460202	-1.018380	0.438341	-0.352149	-1.149062	0.385865	-0.490758	-1.109776	0.351853	-0.481921	-1.188067	0.350114	-0.490715	-1.145953	0.318527	-0.481339	-1.343488	0.167670	-0.465110	-1.310908	0.148283	-0.375113	-1.294564	0.039749	-0.510503	-1.250118	0.035510	-0.398193	-1.212100	0.046204	-0.459850	-1.414984	0.166987	-0.414725	-0.861882	1.415427	-0.148700	-0.783589	1.399795	-0.476952	
40	0.1950	-0.878116	0.953296	-0.166402	-0.871857	0.941877	-0.455407	-1.058523	0.965848	-0.274178	-1.046234	0.976592	-0.369701	-0.866659	0.749476	-0.122229	-0.824308	0.789091	-0.127747	-0.832604	0.718034	-0.128248	-0.792424	0.759280	-0.129651	-0.641545	0.554957	-0.194300	-0.637427	0.565355	-0.309085	-0.743521	0.449559	-0.179653	-0.691635	0.433445	-0.191305	-0.764021	0.405347	-0.183738	-0.713256	0.389086	-0.193058	-0.826261	0.178030	-0.235198	-0.804422	0.190814	-0.328472	-0.698856	0.108647	-0.201164	-0.691347	0.117851	-0.315352	-0.639296	0.141104	-0.250314	-0.898709	0.134521	-0.296920	-0.978551	0.717804	-0.508811	-0.922778	0.704730	-0.500874	-0.992166	0.680221	-0.502893	-0.939695	0.664575	-0.497739	-1.007830	0.447952	-0.460447	-1.007711	0.441352	-0.352115	-1.139071	0.391489	-0.491549	-1.100217	0.356794	-0.482863	-1.178517	0.356099	-0.491680	-1.136806	0.323822	-0.482588	-1.335740	0.174176	-0.467042	-1.303521	0.154176	-0.377286	-1.292592	0.042409	-0.510493	-1.247978	0.037346	-0.398335	-1.210765	0.046030	-0.460038	-1.406113	0.176604	-0.416518	-0.846741	1.419889	-0.147690	-0.764397	1.403283	-0.474057	
41	0.2000	-0.857616	0.957063	-0.165248	-0.849881	0.944298	-0.453447	-1.037359	0.968244	-0.273414	-1.024540	0.979012	-0.368811	-0.845943	0.752562	-0.121359	-0.803864	0.792511	-0.126999	-0.811952	0.721252	-0.127518	-0.772078	0.762823	-0.129064	-0.620784	0.558588	-0.193284	-0.616441	0.568925	-0.307871	-0.718827	0.448053	-0.179199	-0.666051	0.434469	-0.190937	-0.737235	0.402775	-0.183562	-0.685568	0.388975	-0.192812	-0.788685	0.172048	-0.236159	-0.767128	0.186238	-0.329303	-0.658243	0.106797	-0.202843	-0.650991	0.117341	-0.317044	-0.599626	0.142142	-0.251737	-0.859580	0.126120	-0.298124	-0.959855	0.721271	-0.508150	-0.904343	0.707221	-0.499865	-0.974406	0.684097	-0.502412	-0.922178	0.667333	-0.496968	-0.995608	0.451334	-0.460727	-0.996152	0.444398	-0.352109	-1.128186	0.397244	-0.492338	-1.089809	0.361853	-0.483812	-1.168095	0.362266	-0.492643	-1.126834	0.329279	-0.483835	-1.327229	0.181086	-0.468952	-1.295440	0.160453	-0.379432	-1.290071	0.045653	-0.510480	-1.245379	0.039678	-0.398480	-1.208992	0.046127	-0.460237	-1.396417	0.186680	-0.418312	-0.831505	1.424100	-0.146743	-0.745348	1.406653	-0.471194	
42	0.2050	-0.837153	0.960587	-0.164029	-0.827924	0.946754	-0.451394	-1.016202	0.970545	-0.272618	-1.002856	0.981400	-0.367872	-0.825428	0.755229	-0.120493	-0.783542	0.795399	-0.126213	-0.791543	0.723984	-0.126784	-0.751898	0.765756	-0.128443	-0.600509	0.561422	-0.192331	-0.595928	0.571720	-0.306715	-0.694581	0.446148	-0.178772	-0.641053	0.435029	-0.190627	-0.710940	0.399931	-0.183420	-0.658501	0.388524	-0.192625	-0.751869	0.166353	-0.237146	-0.730649	0.181870	-0.330170	-0.618738	0.104997	-0.204582	-0.611807	0.116822	-0.318786	-0.561070	0.143005	-0.253235	-0.821262	0.118295	-0.299351	-0.940892	0.724690	-0.507478	-0.885636	0.709740	-0.498870	-0.956281	0.687895	-0.501921	-0.904286	0.670104	-0.496205	-0.982475	0.454673	-0.461049	-0.983658	0.447389	-0.352143	-1.116372	0.403057	-0.493122	-1.078524	0.366957	-0.484761	-1.156768	0.368553	-0.493595	-1.116010	0.334834	-0.485069	-1.317939	0.188389	-0.470807	-1.286650	0.167102	-0.381521	-1.286941	0.049518	-0.510461	-1.242267	0.042548	-0.398629	-1.206725	0.046554	-0.460450	-1.385884	0.197176	-0.420077	-0.816167	1.428027	-0.145847	-0.726441	1.409877	-0.468370	
43	0.2100	-0.816740	0.963822	-0.162754	-0.806012	0.949219	-0.449265	-0.995070	0.972724	-0.271791	-0.981204	0.983736	-0.366886	-0.805110	0.757439	-0.119635	-0.763335	0.797720	-0.125384	-0.771366	0.726196	-0.126052	-0.731871	0.768046	-0.127783	-0.580660	0.563456	-0.191457	-0.575842	0.573742	-0.305631	-0.670771	0.443865	-0.178383	-0.616627	0.435125	-0.190385	-0.685144	0.396836	-0.183320	-0.632061	0.387730	-0.192505	-0.715925	0.160947	-0.238156	-0.695090	0.177696	-0.331071	-0.580455	0.103211	-0.206365	-0.573899	0.116233	-0.320562	-0.523715	0.143633	-0.254798	-0.783894	0.111056	-0.300594	-0.921673	0.728010	-0.506802	-0.866663	0.712242	-0.497895	-0.937798	0.691557	-0.501427	-0.886021	0.672836	-0.495458	-0.968408	0.457891	-0.461419	-0.970193	0.450241	-0.352227	-1.103603	0.408856	-0.493894	-1.066338	0.372033	-0.485704	-1.144509	0.374893	-0.494522	-1.104312	0.340422	-0.486276	-1.307856	0.196070	-0.472578	-1.277134	0.174106	-0.383521	-1.283146	0.054036	-0.510434	-1.238590	0.045990	-0.398780	-1.203905	0.047371	-0.460677	-1.374506	0.208050	-0.421777	-0.800719	1.431642	-0.144985	-0.707678	1.412930	-0.465591	
44	0.2150	-0.796390	0.966731	-0.161429	-0.784168	0.951666	-0.447075	-0.973981	0.974753	-0.270936	-0.959605	0.985996	-0.365857	-0.784983	0.759165	-0.118790	-0.743235	0.799446	-0.124509	-0.751405	0.727862	-0.125326	-0.711981	0.769670	-0.127082	-0.561179	0.564700	-0.190680	-0.556136	0.575003	-0.304635	-0.647390	0.441231	-0.178044	-0.592758	0.434762	-0.190220	-0.659857	0.393512	-0.183270	-0.606254	0.386598	-0.192463	-0.680964	0.155827	-0.239184	-0.660554	0.173701	-0.332004	-0.543503	0.101402	-0.208176	-0.537367	0.115517	-0.322357	-0.487649	0.143965	-0.256413	-0.747613	0.104405	-0.301845	-0.902206	0.731183	-0.506124	-0.847431	0.714684	-0.496949	-0.918963	0.695029	-0.500932	-0.867386	0.675480	-0.494734	-0.953392	0.460917	-0.461842	-0.955730	0.452872	-0.352371	-1.089857	0.414570	-0.494649	-1.053237	0.377014	-0.486638	-1.131297	0.381226	-0.495416	-1.091724	0.345983	-0.487445	-1.296971	0.204108	-0.474237	-1.266877	0.181443	-0.385404	-1.278628	0.059227	-0.510399	-1.234292	0.050026	-0.398934	-1.200473	0.048631	-0.460921	-1.362276	0.219255	-0.423380	-0.785155	1.434920	-0.144143	-0.689059	1.415789	-0.462865	
45	0.2200	-0.776111	0.969276	-0.160062	-0.762413	0.954068	-0.444844	-0.952952	0.976606	-0.270058	-0.938078	0.988155	-0.364791	-0.765038	0.760385	-0.117963	-0.723235	0.800562	-0.123586	-0.731646	0.728963	-0.124612	-0.692215	0.770613	-0.126340	-0.542010	0.565172	-0.190016	-0.536766	0.575523	-0.303741	-0.624431	0.438278	-0.177764	-0.569432	0.433951	-0.190140	-0.635092	0.389985	-0.183276	-0.581086	0.385134	-0.192505	-0.647099	0.150988	-0.240227	-0.627143	0.169867	-0.332969	-0.507990	0.099537	-0.209998	-0.502305	0.114616	-0.324155	-0.452955	0.143948	-0.258069	-0.712554	0.098342	-0.303100	-0.882500	0.734163	-0.505449	-0.827942	0.717022	-0.496037	-0.899780	0.698257	-0.500442	-0.848383	0.677989	-0.494037	-0.937420	0.463682	-0.462323	-0.940249	0.455207	-0.352584	-1.075120	0.420134	-0.495382	-1.039209	0.381835	-0.487557	-1.117117	0.387490	-0.496266	-1.078232	0.351459	-0.488568	-1.285270	0.212480	-0.475755	-1.255862	0.189089	-0.387143	-1.273332	0.065102	-0.510351	-1.229314	0.054671	-0.399091	-1.196371	0.050383	-0.461184	-1.349187	0.230740	-0.424852	-0.769468	1.437841	-0.143303	-0.670583	1.418434	-0.460196	
46	0.2250	-0.755913	0.971429	-0.158662	-0.740766	0.956396	-0.442586	-0.931997	0.978258	-0.269157	-0.916641	0.990187	-0.363691	-0.745266	0.761085	-0.117157	-0.703326	0.801056	-0.122615	-0.712073	0.729490	-0.123918	-0.672557	0.770871	-0.125558	-0.523102	0.564904	-0.189476	-0.517691	0.575335	-0.302959	-0.601892	0.435042	-0.177555	-0.546638	0.432710	-0.190153	-0.610863	0.386285	-0.183347	-0.556565	0.383349	-0.192638	-0.614437	0.146426	-0.241281	-0.594955	0.166178	-0.333963	-0.474018	0.097587	-0.211814	-0.468802	0.113480	-0.325939	-0.419713	0.143531	-0.259754	-0.678845	0.092858	-0.304353	-0.862558	0.736905	-0.504781	-0.808202	0.719217	-0.495164	-0.880256	0.701192	-0.499961	-0.829016	0.680319	-0.493371	-0.920491	0.466129	-0.462867	-0.923738	0.457178	-0.352874	-1.059384	0.425488	-0.496089	-1.024247	0.386439	-0.488458	-1.101959	0.393632	-0.497062	-1.063829	0.356796	-0.489634	-1.272743	0.221158	-0.477109	-1.244070	0.197013	-0.388716	-1.267201	0.071659	-0.510289	-1.223597	0.059925	-0.399251	-1.191536	0.052668	-0.461467	-1.335232	0.242452	-0.426162	-0.753652	1.440386	-0.142450	-0.652245	1.420849	-0.457588	
47	0.2300	-0.735799	0.973167	-0.157233	-0.719242	0.958622	-0.440319	-0.911131	0.979684	-0.268236	-0.895310	0.992064	-0.362564	-0.725653	0.761259	-0.116376	-0.683500	0.800931	-0.121595	-0.692667	0.729442	-0.123248	-0.652996	0.770450	-0.124737	-0.504409	0.563932	-0.189073	-0.498871	0.574477	-0.302299	-0.579773	0.431561	-0.177426	-0.524366	0.431058	-0.190262	-0.587187	0.382444	-0.183489	-0.532698	0.381259	-0.192868	-0.583081	0.142132	-0.242346	-0.564082	0.162616	-0.334988	-0.441682	0.095525	-0.213608	-0.436941	0.112063	-0.327695	-0.388000	0.142673	-0.261454	-0.646608	0.087942	-0.305601	-0.842384	0.739370	-0.504125	-0.788208	0.721233	-0.494331	-0.860391	0.703790	-0.499494	-0.809285	0.682431	-0.492741	-0.902609	0.468206	-0.463475	-0.906191	0.458729	-0.353247	-1.042644	0.430578	-0.496764	-1.008348	0.390775	-0.489338	-1.085814	0.399599	-0.497799	-1.048506	0.361946	-0.490639	-1.259377	0.230108	-0.478277	-1.231480	0.205180	-0.390101	-1.260182	0.078885	-0.510209	-1.217077	0.065779	-0.399414	-1.185907	0.055518	-0.461775	-1.320403	0.254332	-0.427280	-0.737701	1.442544	-0.141566	-0.634044	1.423020	-0.455047	
48	0.2350	-0.715772	0.974472	-0.155784	-0.697852	0.960717	-0.438058	-0.890363	0.980860	-0.267298	-0.874098	0.993757	-0.361414	-0.706185	0.760911	-0.115623	-0.663748	0.800197	-0.120529	-0.673412	0.728829	-0.122608	-0.633517	0.769368	-0.123882	-0.485889	0.562301	-0.188815	-0.480273	0.572994	-0.301767	-0.558080	0.427880	-0.177384	-0.502606	0.429022	-0.190472	-0.564083	0.378495	-0.183707	-0.509493	0.378883	-0.193197	-0.553127	0.138099	-0.243419	-0.534610	0.159166	-0.336043	-0.411067	0.093330	-0.215365	-0.406792	0.110326	-0.329410	-0.357885	0.141338	-0.263158	-0.615950	0.083579	-0.306843	-0.821976	0.741521	-0.503483	-0.767959	0.723037	-0.493540	-0.840187	0.706013	-0.499045	-0.789190	0.684290	-0.492147	-0.883783	0.469876	-0.464148	-0.887607	0.459815	-0.353705	-1.024900	0.435361	-0.497404	-0.991509	0.394799	-0.490194	-1.068679	0.405347	-0.498467	-1.032259	0.366867	-0.491574	-1.245158	0.239294	-0.479239	-1.218068	0.213550	-0.391282	-1.252221	0.086753	-0.510109	-1.209691	0.072208	-0.399581	-1.179422	0.058954	-0.462108	-1.304689	0.266321	-0.428181	-0.721608	1.444306	-0.140634	-0.615971	1.424939	-0.452574	
49	0.2400	-0.695831	0.975335	-0.154319	-0.676604	0.962656	-0.435820	-0.869702	0.981768	-0.266344	-0.853012	0.995241	-0.360247	-0.686847	0.760051	-0.114899	-0.644060	0.798872	-0.119421	-0.654288	0.727666	-0.122004	-0.614108	0.767650	-0.122999	-0.467508	0.560063	-0.188707	-0.461866	0.570937	-0.301368	-0.536817	0.424039	-0.177436	-0.481354	0.426630	-0.190784	-0.541569	0.374471	-0.184007	-0.486961	0.376241	-0.193629	-0.524660	0.134320	-0.244500	-0.506614	0.155813	-0.337128	-0.382249	0.090987	-0.217070	-0.378418	0.108242	-0.331071	-0.329430	0.139504	-0.264854	-0.586970	0.079749	-0.308077	-0.801330	0.743328	-0.502859	-0.747450	0.724604	-0.492792	-0.819642	0.707830	-0.498617	-0.768729	0.685868	-0.491591	-0.864022	0.471109	-0.464887	-0.867992	0.460405	-0.354251	-1.006154	0.439798	-0.498005	-0.973732	0.398478	-0.491024	-1.050552	0.410837	-0.499063	-1.015084	0.371523	-0.492437	-1.230068	0.248674	-0.479983	-1.203807	0.222079	-0.392247	-1.243265	0.095224	-0.509986	-1.201374	0.079176	-0.399752	-1.172015	0.062984	-0.462471	-1.288079	0.278357	-0.428841	-0.705364	1.445668	-0.139639	-0.598018	1.426598	-0.450174	
50	0.2450	-0.675971	0.975752	-0.152841	-0.655499	0.964413	-0.433618	-0.849151	0.982390	-0.265374	-0.832058	0.996488	-0.359069	-0.667622	0.758700	-0.114207	-0.624427	0.796986	-0.118276	-0.635276	0.725980	-0.121439	-0.594756	0.765332	-0.122094	-0.449237	0.557273	-0.188752	-0.443623	0.568363	-0.301101	-0.515994	0.420084	-0.177586	-0.460606	0.423915	-0.191199	-0.519666	0.370408	-0.184392	-0.465108	0.373358	-0.194164	-0.497755	0.130786	-0.245588	-0.480161	0.152547	-0.338244	-0.355291	0.088487	-0.218709	-0.351868	0.105793	-0.332667	-0.302686	0.137158	-0.266531	-0.559750	0.076432	-0.309300	-0.780437	0.744769	-0.502255	-0.726673	0.725912	-0.492083	-0.798752	0.709219	-0.498213	-0.747898	0.687144	-0.491073	-0.843340	0.471889	-0.465687	-0.847354	0.460482	-0.354881	-0.986409	0.443863	-0.498564	-0.955016	0.401788	-0.491826	-1.031431	0.416038	-0.499581	-0.996974	0.375886	-0.493224	-1.214089	0.258200	-0.480498	-1.188666	0.230719	-0.392988	-1.233262	0.104248	-0.509836	-1.192057	0.086636	-0.399927	-1.163623	0.067603	-0.462865	-1.270558	0.290377	-0.429241	-0.688957	1.446631	-0.138565	-0.580174	1.427998	-0.447848	
51	0.2500	-0.656185	0.975729	-0.151354	-0.634536	0.965968	-0.431464	-0.828710	0.982714	-0.264392	-0.811238	0.997474	-0.357885	-0.648490	0.756884	-0.113546	-0.604838	0.794576	-0.117100	-0.616358	0.723805	-0.120917	-0.575450	0.762460	-0.121176	-0.431056	0.553990	-0.188951	-0.425526	0.565330	-0.300967	-0.495622	0.416058	-0.177838	-0.440358	0.420909	-0.191714	-0.498392	0.366340	-0.184864	-0.443944	0.370260	-0.194800	-0.472476	0.127490	-0.246683	-0.455304	0.149357	-0.339391	-0.330239	0.085828	-0.220272	-0.327180	0.102969	-0.334190	-0.277696	0.134298	-0.268178	-0.534355	0.073602	-0.310514	-0.759287	0.745828	-0.501672	-0.705617	0.726947	-0.491412	-0.777508	0.710166	-0.497835	-0.726689	0.688104	-0.490590	-0.821750	0.472212	-0.466545	-0.825705	0.460042	-0.355592	-0.965671	0.447536	-0.499077	-0.935360	0.404711	-0.492597	-1.011316	0.420925	-0.500018	-0.977925	0.379934	-0.493932	-1.197197	0.267823	-0.480777	-1.172609	0.239418	-0.393502	-1.222160	0.113760	-0.509657	-1.181673	0.094526	-0.400107	-1.154178	0.072791	-0.463294	-1.252108	0.302316	-0.429367	-0.672376	1.447198	-0.137398	-0.562427	1.429140	-0.445597	
52	0.2550	-0.636461	0.975278	-0.149857	-0.613706	0.967300	-0.429368	-0.808376	0.982732	-0.263397	-0.790549	0.998178	-0.356700	-0.629433	0.754640	-0.112915	-0.585283	0.791688	-0.115900	-0.597515	0.721182	-0.120440	-0.556180	0.759086	-0.120253	-0.412951	0.550276	-0.189300	-0.407557	0.561898	-0.300961	-0.475712	0.412003	-0.178193	-0.420610	0.417648	-0.192325	-0.477766	0.362301	-0.185424	-0.423476	0.366973	-0.195534	-0.448869	0.124427	-0.247785	-0.432085	0.146241	-0.340568	-0.307125	0.083014	-0.221747	-0.304376	0.099776	-0.335633	-0.254489	0.130934	-0.269787	-0.510834	0.071235	-0.311716	-0.737865	0.746495	-0.501111	-0.684269	0.727704	-0.490773	-0.755902	0.710666	-0.497483	-0.705096	0.688744	-0.490140	-0.799267	0.472087	-0.467452	-0.803059	0.459099	-0.356375	-0.943946	0.450809	-0.499540	-0.914763	0.407243	-0.493334	-0.990208	0.425478	-0.500371	-0.957930	0.383653	-0.494561	-1.179367	0.277487	-0.480820	-1.155598	0.248121	-0.393788	-1.209908	0.123684	-0.509448	-1.170152	0.102775	-0.400293	-1.143614	0.078515	-0.463759	-1.232712	0.314106	-0.429209	-0.655605	1.447379	-0.136126	-0.544759	1.430031	-0.443424	
53	0.2600	-0.616787	0.974417	-0.148349	-0.592998	0.968394	-0.427340	-0.788140	0.982440	-0.262390	-0.769982	0.998582	-0.355519	-0.610431	0.752010	-0.112315	-0.565751	0.788373	-0.114685	-0.578730	0.718160	-0.120009	-0.536936	0.755270	-0.119334	-0.394915	0.546193	-0.189793	-0.389708	0.558129	-0.301078	-0.456279	0.407959	-0.178650	-0.401366	0.414167	-0.193026	-0.457807	0.358322	-0.186069	-0.403713	0.363527	-0.196361	-0.426969	0.121590	-0.248892	-0.410530	0.143196	-0.341773	-0.285964	0.080058	-0.223128	-0.283465	0.096229	-0.336989	-0.233084	0.127091	-0.271350	-0.489215	0.069303	-0.312907	-0.716154	0.746772	-0.500570	-0.662612	0.728181	-0.490161	-0.733922	0.710723	-0.497157	-0.683106	0.689066	-0.489720	-0.775905	0.471533	-0.468401	-0.779431	0.457678	-0.357220	-0.921240	0.453681	-0.499951	-0.893223	0.409385	-0.494034	-0.968107	0.429688	-0.500639	-0.936981	0.387037	-0.495109	-1.160571	0.287134	-0.480627	-1.137595	0.256771	-0.393851	-1.196453	0.133937	-0.509205	-1.157425	0.111304	-0.400485	-1.131862	0.084729	-0.464261	-1.212348	0.325683	-0.428764	-0.638628	1.447188	-0.134737	-0.527153	1.430680	-0.441327	
54	0.2650	-0.597145	0.973172	-0.146830	-0.572396	0.969240	-0.425387	-0.767992	0.981842	-0.261372	-0.749526	0.998673	-0.354347	-0.591465	0.749041	-0.111742	-0.546234	0.784689	-0.113463	-0.559987	0.714792	-0.119623	-0.517709	0.751076	-0.118427	-0.376950	0.541802	-0.190422	-0.371976	0.554083	-0.301308	-0.437335	0.403963	-0.179204	-0.382628	0.410504	-0.193810	-0.438530	0.354432	-0.186797	-0.384659	0.359950	-0.197274	-0.406793	0.118977	-0.250004	-0.390654	0.140226	-0.343006	-0.266754	0.076976	-0.224407	-0.264439	0.092353	-0.338257	-0.213484	0.122803	-0.272859	-0.469509	0.067778	-0.314083	-0.694137	0.746667	-0.500049	-0.640631	0.728389	-0.489569	-0.711554	0.710352	-0.496855	-0.660709	0.689082	-0.489324	-0.751676	0.470582	-0.469378	-0.754840	0.455820	-0.358111	-0.897560	0.456158	-0.500306	-0.870737	0.411148	-0.494692	-0.945014	0.433549	-0.500821	-0.915071	0.390085	-0.495575	-1.140780	0.296703	-0.480207	-1.118558	0.265309	-0.393698	-1.181747	0.144422	-0.508929	-1.143426	0.120025	-0.400682	-1.118855	0.091370	-0.464801	-1.190996	0.336978	-0.428032	-0.621428	1.446643	-0.133224	-0.509590	1.431102	-0.439307	
55	0.2700	-0.577517	0.971576	-0.145294	-0.551880	0.969830	-0.423511	-0.747915	0.980947	-0.260344	-0.729168	0.998444	-0.353187	-0.572518	0.745788	-0.111192	-0.526723	0.780698	-0.112243	-0.541271	0.711137	-0.119280	-0.498494	0.746574	-0.117543	-0.359063	0.537166	-0.191176	-0.354361	0.549818	-0.301642	-0.418897	0.400049	-0.179851	-0.364401	0.406692	-0.194667	-0.419948	0.350659	-0.187602	-0.366322	0.356272	-0.198263	-0.388342	0.116584	-0.251119	-0.372453	0.137337	-0.344261	-0.249475	0.073792	-0.225582	-0.247275	0.088186	-0.339434	-0.195678	0.118117	-0.274309	-0.451707	0.066632	-0.315245	-0.671794	0.746197	-0.499543	-0.618309	0.728341	-0.488990	-0.688783	0.709574	-0.496573	-0.637891	0.688810	-0.488947	-0.726595	0.469275	-0.470371	-0.729303	0.453577	-0.359033	-0.872912	0.458257	-0.500601	-0.847301	0.412553	-0.495304	-0.920931	0.437062	-0.500917	-0.892189	0.392802	-0.495958	-1.119965	0.306131	-0.479568	-1.098447	0.273674	-0.393341	-1.165740	0.155040	-0.508618	-1.128090	0.128842	-0.400886	-1.104525	0.098368	-0.465378	-1.168637	0.347926	-0.427022	-0.603984	1.445767	-0.131580	-0.492049	1.431316	-0.437363	
56	0.2750	-0.557884	0.969667	-0.143738	-0.531429	0.970163	-0.421717	-0.727894	0.979769	-0.259305	-0.708890	0.997892	-0.352042	-0.553575	0.742306	-0.110662	-0.507210	0.776465	-0.111032	-0.522571	0.707256	-0.118976	-0.479287	0.741836	-0.116687	-0.341272	0.532341	-0.192041	-0.336873	0.545390	-0.302067	-0.400978	0.396245	-0.180583	-0.346693	0.402767	-0.195586	-0.402075	0.347026	-0.188477	-0.348704	0.352522	-0.199320	-0.371599	0.114407	-0.252232	-0.355911	0.134538	-0.345536	-0.234087	0.070535	-0.226648	-0.231936	0.083773	-0.340522	-0.179643	0.113088	-0.275696	-0.435779	0.065836	-0.316389	-0.649107	0.745386	-0.499048	-0.595628	0.728061	-0.488415	-0.665597	0.708423	-0.496307	-0.614642	0.688279	-0.488582	-0.700675	0.467664	-0.471362	-0.702843	0.451013	-0.359966	-0.847307	0.459999	-0.500832	-0.822912	0.413624	-0.495863	-0.895862	0.440235	-0.500927	-0.868329	0.395200	-0.496259	-1.098097	0.315351	-0.478725	-1.077224	0.281806	-0.392793	-1.148386	0.165681	-0.508272	-1.111356	0.137659	-0.401095	-1.088809	0.105639	-0.465989	-1.145254	0.358461	-0.425744	-0.586278	1.444587	-0.129799	-0.474508	1.431342	-0.435493	
57	0.2800	-0.538225	0.967488	-0.142156	-0.511018	0.970241	-0.420005	-0.707908	0.978329	-0.258257	-0.688672	0.997023	-0.350916	-0.534622	0.738656	-0.110148	-0.487691	0.772058	-0.109840	-0.503879	0.703214	-0.118705	-0.460086	0.736933	-0.115867	-0.323597	0.527385	-0.193003	-0.319526	0.540852	-0.302572	-0.383592	0.392577	-0.181390	-0.329510	0.398761	-0.196557	-0.384918	0.343554	-0.189413	-0.331807	0.348726	-0.200432	-0.356534	0.112447	-0.253342	-0.340996	0.131842	-0.346823	-0.220535	0.067236	-0.227607	-0.218368	0.079168	-0.341521	-0.165339	0.107781	-0.277016	-0.421679	0.065361	-0.317512	-0.626061	0.744266	-0.498560	-0.572574	0.727577	-0.487836	-0.641983	0.706937	-0.496050	-0.590950	0.687522	-0.488221	-0.673930	0.465806	-0.472335	-0.675482	0.448200	-0.360889	-0.820755	0.461412	-0.500995	-0.797569	0.414393	-0.496362	-0.869814	0.443079	-0.500851	-0.843485	0.397296	-0.496475	-1.075152	0.324300	-0.477693	-1.054854	0.289647	-0.392069	-1.129643	0.176236	-0.507892	-1.093168	0.146375	-0.401308	-1.071644	0.113092	-0.466630	-1.120836	0.368520	-0.424217	-0.568291	1.443133	-0.127882	-0.456946	1.431205	-0.433695	
58	0.2850	-0.518522	0.965086	-0.140542	-0.490623	0.970073	-0.418373	-0.687938	0.976655	-0.257197	-0.668494	0.995849	-0.349808	-0.515651	0.734900	-0.109642	-0.468165	0.767543	-0.108673	-0.485193	0.699074	-0.118461	-0.440893	0.731937	-0.115087	-0.306066	0.522348	-0.194045	-0.302340	0.536250	-0.303143	-0.366753	0.389065	-0.182262	-0.312863	0.394706	-0.197565	-0.368484	0.340259	-0.190398	-0.315633	0.344913	-0.201588	-0.343099	0.110700	-0.254443	-0.327664	0.129264	-0.348116	-0.208748	0.063931	-0.228459	-0.206505	0.074430	-0.342434	-0.152713	0.102269	-0.278267	-0.409340	0.065180	-0.318610	-0.602642	0.742878	-0.498071	-0.549136	0.726925	-0.487243	-0.617931	0.705164	-0.495795	-0.566809	0.686580	-0.487857	-0.646378	0.463767	-0.473270	-0.647247	0.445218	-0.361778	-0.793271	0.462530	-0.501086	-0.771272	0.414897	-0.496793	-0.842798	0.445611	-0.500689	-0.817655	0.399110	-0.496604	-1.051110	0.332910	-0.476492	-1.031312	0.297139	-0.391188	-1.109474	0.186593	-0.507480	-1.073482	0.154891	-0.401522	-1.052977	0.120628	-0.467295	-1.095377	0.378043	-0.422462	-0.550005	1.441441	-0.125828	-0.439344	1.430933	-0.431966	
59	0.2900	-0.498756	0.962511	-0.138890	-0.470221	0.969672	-0.416818	-0.667964	0.974779	-0.256128	-0.648336	0.994386	-0.348721	-0.496658	0.731097	-0.109141	-0.448633	0.762987	-0.107536	-0.466512	0.694901	-0.118237	-0.421715	0.726918	-0.114350	-0.288715	0.517279	-0.195148	-0.285339	0.531627	-0.303764	-0.350475	0.385724	-0.183184	-0.296761	0.390632	-0.198598	-0.352776	0.337153	-0.191421	-0.300180	0.341108	-0.202773	-0.331232	0.109167	-0.255528	-0.315854	0.126821	-0.349408	-0.198640	0.060657	-0.229206	-0.196265	0.069624	-0.343266	-0.141701	0.096627	-0.279447	-0.398681	0.065264	-0.319678	-0.578841	0.741265	-0.497574	-0.525305	0.726144	-0.486627	-0.593437	0.703155	-0.495533	-0.542214	0.685499	-0.487482	-0.618040	0.461617	-0.474146	-0.618170	0.442153	-0.362610	-0.764875	0.463388	-0.501100	-0.744030	0.415177	-0.497146	-0.814830	0.447850	-0.500442	-0.790842	0.400665	-0.496646	-1.025958	0.341120	-0.475141	-1.006580	0.304228	-0.390167	-1.087850	0.196639	-0.507037	-1.052259	0.163109	-0.401734	-1.032760	0.128147	-0.467975	-1.068881	0.386971	-0.420506	-0.531407	1.439546	-0.123641	-0.421684	1.430555	-0.430303	
60	0.2950	-0.478914	0.959816	-0.137194	-0.449791	0.969055	-0.415337	-0.647967	0.972737	-0.255048	-0.628179	0.992661	-0.347653	-0.477645	0.727308	-0.108637	-0.429102	0.758452	-0.106434	-0.447844	0.690755	-0.118024	-0.402562	0.721943	-0.113659	-0.271580	0.512221	-0.196295	-0.268555	0.527021	-0.304422	-0.334769	0.382563	-0.184143	-0.281214	0.386563	-0.199643	-0.337794	0.334245	-0.192469	-0.285447	0.337334	-0.203974	-0.320859	0.107844	-0.256592	-0.305497	0.124528	-0.350687	-0.190110	0.057451	-0.229852	-0.187557	0.064815	-0.344020	-0.132223	0.090934	-0.280556	-0.389607	0.065588	-0.320710	-0.554656	0.739478	-0.497061	-0.501082	0.725278	-0.485980	-0.568502	0.700968	-0.495255	-0.517170	0.684329	-0.487086	-0.588941	0.459425	-0.474944	-0.588286	0.439091	-0.363359	-0.735595	0.464027	-0.501030	-0.715856	0.415276	-0.497412	-0.785935	0.449818	-0.500111	-0.763058	0.401990	-0.496596	-0.999696	0.348868	-0.473663	-0.980651	0.310866	-0.389025	-1.064753	0.206267	-0.506567	-1.029478	0.170938	-0.401941	-1.010957	0.135545	-0.468662	-1.041361	0.395251	-0.418377	-0.512487	1.437491	-0.121326	-0.403952	1.430103	-0.428702	
61	0.3000	-0.458984	0.957054	-0.135451	-0.429316	0.968246	-0.413924	-0.627932	0.970572	-0.253957	-0.608009	0.990705	-0.346603	-0.458618	0.723591	-0.108124	-0.409583	0.753999	-0.105370	-0.429199	0.686695	-0.117812	-0.383449	0.717071	-0.113013	-0.254707	0.507212	-0.197466	-0.252023	0.522464	-0.305102	-0.319647	0.379588	-0.185125	-0.266233	0.382526	-0.200685	-0.323537	0.331537	-0.193527	-0.271427	0.333612	-0.205178	-0.311893	0.106729	-0.257627	-0.296510	0.122403	-0.351945	-0.183049	0.054349	-0.230402	-0.180279	0.060070	-0.344702	-0.124190	0.085270	-0.281592	-0.382009	0.066125	-0.321701	-0.530094	0.737568	-0.496524	-0.476473	0.724373	-0.485291	-0.543134	0.698663	-0.494951	-0.491685	0.683120	-0.486662	-0.559115	0.457266	-0.475642	-0.557641	0.436119	-0.364002	-0.705466	0.464487	-0.500872	-0.686772	0.415237	-0.497582	-0.756146	0.451541	-0.499694	-0.734325	0.403112	-0.496452	-0.972333	0.356098	-0.472081	-0.953533	0.317008	-0.387782	-1.040176	0.215374	-0.506072	-1.005130	0.178291	-0.402137	-0.987548	0.142721	-0.469343	-1.012846	0.402836	-0.416109	-0.493240	1.435316	-0.118894	-0.386140	1.429608	-0.427159	
62	0.3050	-0.438962	0.954278	-0.133655	-0.408786	0.967269	-0.412571	-0.607849	0.968326	-0.252855	-0.587813	0.988554	-0.345570	-0.439592	0.719998	-0.107596	-0.390093	0.749680	-0.104346	-0.410598	0.682776	-0.117593	-0.364397	0.712359	-0.112409	-0.238140	0.502286	-0.198641	-0.235781	0.517982	-0.305791	-0.305118	0.376798	-0.186112	-0.251829	0.378541	-0.201711	-0.309997	0.329032	-0.194580	-0.258116	0.329963	-0.206372	-0.304238	0.105819	-0.258624	-0.288802	0.120463	-0.353170	-0.177336	0.051386	-0.230862	-0.174319	0.055452	-0.345317	-0.117505	0.079712	-0.282556	-0.375769	0.066851	-0.322643	-0.505170	0.735592	-0.495954	-0.451493	0.723476	-0.484554	-0.517352	0.696302	-0.494611	-0.465780	0.681928	-0.486200	-0.528603	0.455209	-0.476220	-0.526288	0.433322	-0.364516	-0.674535	0.464810	-0.500620	-0.656813	0.415106	-0.497643	-0.725510	0.453045	-0.499192	-0.704675	0.404061	-0.496210	-0.943895	0.362759	-0.470417	-0.925251	0.322615	-0.386456	-1.014129	0.223865	-0.505556	-0.979227	0.185092	-0.402316	-0.962527	0.149579	-0.470006	-0.983377	0.409684	-0.413735	-0.473670	1.433066	-0.116354	-0.368245	1.429104	-0.425670	
63	0.3100	-0.418850	0.951539	-0.131805	-0.388195	0.966155	-0.411273	-0.587714	0.966047	-0.251742	-0.567588	0.986249	-0.344552	-0.420588	0.716579	-0.107049	-0.370654	0.745545	-0.103361	-0.392064	0.679044	-0.117358	-0.345431	0.707854	-0.111844	-0.221929	0.497471	-0.199804	-0.219873	0.513597	-0.306477	-0.291192	0.374191	-0.187091	-0.238014	0.374628	-0.202709	-0.297169	0.326724	-0.195615	-0.245504	0.326404	-0.207541	-0.297789	0.105109	-0.259575	-0.282274	0.118720	-0.354352	-0.172845	0.048591	-0.231238	-0.169563	0.051022	-0.345871	-0.112062	0.074333	-0.283449	-0.370762	0.067742	-0.323530	-0.479910	0.733605	-0.495342	-0.426170	0.722636	-0.483762	-0.491184	0.693946	-0.494224	-0.439484	0.680805	-0.485695	-0.497460	0.453322	-0.476659	-0.494290	0.430780	-0.364878	-0.642861	0.465035	-0.500269	-0.626026	0.414925	-0.497587	-0.694084	0.454357	-0.498604	-0.674157	0.404868	-0.495867	-0.914425	0.368804	-0.468694	-0.895850	0.327657	-0.385066	-0.986640	0.231654	-0.505023	-0.951800	0.191274	-0.402472	-0.935910	0.156027	-0.470638	-0.953014	0.415761	-0.411291	-0.453789	1.430783	-0.113721	-0.350269	1.428621	-0.424230	
64	0.3150	-0.398659	0.948886	-0.129900	-0.367548	0.964935	-0.410021	-0.567529	0.963781	-0.250618	-0.547335	0.983836	-0.343544	-0.401636	0.713376	-0.106476	-0.351298	0.741635	-0.102415	-0.373629	0.675543	-0.117097	-0.326585	0.703598	-0.111313	-0.206124	0.492790	-0.200935	-0.204344	0.509325	-0.307146	-0.277876	0.371758	-0.188045	-0.224797	0.370804	-0.203668	-0.285041	0.324606	-0.196617	-0.233584	0.322949	-0.208674	-0.292437	0.104593	-0.260472	-0.276824	0.117188	-0.355479	-0.169446	0.045992	-0.231536	-0.165887	0.046832	-0.346368	-0.107748	0.069199	-0.284271	-0.366856	0.068777	-0.324356	-0.454353	0.731660	-0.494681	-0.400541	0.721897	-0.482908	-0.464672	0.691655	-0.493782	-0.412840	0.679802	-0.485137	-0.465750	0.451668	-0.476943	-0.461724	0.428566	-0.365070	-0.610516	0.465204	-0.499813	-0.594476	0.414737	-0.497405	-0.661943	0.455504	-0.497931	-0.642833	0.405560	-0.495420	-0.883982	0.374199	-0.466935	-0.865392	0.332109	-0.383628	-0.957756	0.238668	-0.504477	-0.922903	0.196781	-0.402599	-0.907736	0.161985	-0.471222	-0.921833	0.421040	-0.408814	-0.433618	1.428510	-0.111009	-0.332227	1.428190	-0.422836	
65	0.3200	-0.378407	0.946366	-0.127941	-0.346860	0.963644	-0.408809	-0.547306	0.961574	-0.249484	-0.527066	0.981363	-0.342543	-0.382772	0.710426	-0.105875	-0.332059	0.737984	-0.101506	-0.355332	0.672308	-0.116803	-0.307895	0.699622	-0.110810	-0.190777	0.488263	-0.202019	-0.189240	0.505180	-0.307789	-0.265176	0.369489	-0.188960	-0.212188	0.367082	-0.204577	-0.273602	0.322670	-0.197572	-0.222345	0.319612	-0.209759	-0.288070	0.104262	-0.261307	-0.272344	0.115875	-0.356541	-0.167007	0.043610	-0.231764	-0.163170	0.042931	-0.346814	-0.104449	0.064370	-0.285025	-0.363918	0.069935	-0.325115	-0.428550	0.729811	-0.493964	-0.374658	0.721302	-0.481988	-0.437869	0.689485	-0.493276	-0.385902	0.678965	-0.484523	-0.433555	0.450301	-0.477056	-0.428680	0.426743	-0.365075	-0.577591	0.465352	-0.499250	-0.562243	0.414580	-0.497088	-0.629176	0.456512	-0.497173	-0.610785	0.406167	-0.494867	-0.852651	0.378913	-0.465159	-0.833965	0.335955	-0.382160	-0.927549	0.244847	-0.503923	-0.892617	0.201571	-0.402689	-0.878070	0.167381	-0.471746	-0.889929	0.425503	-0.406337	-0.413191	1.426290	-0.108238	-0.314137	1.427841	-0.421483	
66	0.3250	-0.358125	0.944017	-0.125933	-0.326154	0.962315	-0.407629	-0.527067	0.959470	-0.248340	-0.506801	0.978878	-0.341547	-0.364040	0.707757	-0.105241	-0.312981	0.734617	-0.100631	-0.337217	0.669365	-0.116469	-0.289406	0.695950	-0.110329	-0.175937	0.483906	-0.203040	-0.174610	0.501171	-0.308398	-0.253099	0.367370	-0.189823	-0.200197	0.363476	-0.205426	-0.262837	0.320903	-0.198469	-0.211774	0.316402	-0.210788	-0.284572	0.104107	-0.262072	-0.268724	0.114787	-0.357528	-0.165397	0.041463	-0.231928	-0.161288	0.039357	-0.347213	-0.102046	0.059894	-0.285711	-0.361817	0.071196	-0.325800	-0.402567	0.728105	-0.493185	-0.348585	0.720891	-0.481000	-0.410844	0.687490	-0.492699	-0.358740	0.678339	-0.483847	-0.400968	0.449270	-0.476986	-0.395260	0.425365	-0.364881	-0.544190	0.465512	-0.498575	-0.529425	0.414487	-0.496631	-0.595891	0.457407	-0.496330	-0.578115	0.406716	-0.494205	-0.820533	0.382927	-0.463388	-0.801677	0.339190	-0.380675	-0.896117	0.250145	-0.503363	-0.861048	0.205616	-0.402735	-0.847005	0.172158	-0.472193	-0.857417	0.429144	-0.403894	-0.392550	1.424161	-0.105425	-0.296030	1.427597	-0.420168	
67	0.3300	-0.337851	0.941876	-0.123881	-0.305467	0.960984	-0.406475	-0.506844	0.957510	-0.247187	-0.486572	0.976430	-0.340551	-0.345491	0.705393	-0.104575	-0.294113	0.731554	-0.099785	-0.319335	0.666735	-0.116091	-0.271167	0.692600	-0.109862	-0.161654	0.479728	-0.203986	-0.160501	0.497302	-0.308963	-0.241649	0.365388	-0.190621	-0.188831	0.359994	-0.206209	-0.252733	0.319290	-0.199295	-0.201860	0.313330	-0.211751	-0.281832	0.104117	-0.262759	-0.265858	0.113925	-0.358431	-0.164489	0.039560	-0.232036	-0.160122	0.036139	-0.347569	-0.100425	0.055812	-0.286332	-0.360422	0.072543	-0.326407	-0.376481	0.726584	-0.492340	-0.322401	0.720695	-0.479943	-0.383679	0.685713	-0.492044	-0.331436	0.677958	-0.483105	-0.368102	0.448612	-0.476727	-0.361585	0.424473	-0.364480	-0.510436	0.465713	-0.497787	-0.496142	0.414490	-0.496029	-0.562212	0.458212	-0.495402	-0.544941	0.407231	-0.493435	-0.787755	0.386233	-0.461639	-0.768661	0.341814	-0.379188	-0.863583	0.254534	-0.502802	-0.828331	0.208900	-0.402731	-0.814661	0.176273	-0.472552	-0.824432	0.431966	-0.401518	-0.371753	1.422159	-0.102592	-0.277948	1.427482	-0.418888	
68	0.3350	-0.317635	0.939970	-0.121793	-0.284847	0.959683	-0.405342	-0.486682	0.955731	-0.246026	-0.466421	0.974064	-0.339552	-0.327185	0.703345	-0.103875	-0.275512	0.728806	-0.098966	-0.301742	0.664430	-0.115665	-0.253234	0.689580	-0.109402	-0.147975	0.475738	-0.204847	-0.146958	0.493577	-0.309481	-0.230827	0.363527	-0.191345	-0.178096	0.356646	-0.206919	-0.243273	0.317817	-0.200043	-0.192587	0.310400	-0.212641	-0.279739	0.104278	-0.263365	-0.263639	0.113287	-0.359243	-0.164159	0.037907	-0.232094	-0.159554	0.033296	-0.347886	-0.099469	0.052152	-0.286890	-0.359609	0.073958	-0.326933	-0.350386	0.725286	-0.491426	-0.296197	0.720742	-0.478818	-0.356470	0.684195	-0.491310	-0.304087	0.677851	-0.482298	-0.335085	0.448355	-0.476273	-0.327789	0.424093	-0.363868	-0.476470	0.465982	-0.496886	-0.462529	0.414611	-0.495281	-0.528283	0.458950	-0.494393	-0.511403	0.407732	-0.492557	-0.754466	0.388832	-0.459927	-0.735073	0.343838	-0.377710	-0.830098	0.258001	-0.502245	-0.794628	0.211423	-0.402671	-0.781192	0.179697	-0.472811	-0.791126	0.433980	-0.399235	-0.350869	1.420317	-0.099760	-0.259938	1.427512	-0.417641	
69	0.3400	-0.297540	0.938321	-0.119679	-0.264354	0.958444	-0.404225	-0.466635	0.954163	-0.244860	-0.446402	0.971825	-0.338548	-0.309183	0.701622	-0.103142	-0.257239	0.726376	-0.098169	-0.284499	0.662454	-0.115189	-0.235665	0.686890	-0.108944	-0.134941	0.471942	-0.205613	-0.134024	0.490000	-0.309945	-0.220637	0.361771	-0.191986	-0.167998	0.353439	-0.207553	-0.234441	0.316470	-0.200705	-0.183942	0.307619	-0.213453	-0.278188	0.104578	-0.263884	-0.261966	0.112868	-0.359958	-0.164292	0.036503	-0.232110	-0.159475	0.030839	-0.348168	-0.099069	0.048929	-0.287387	-0.359262	0.075425	-0.327374	-0.324386	0.724239	-0.490445	-0.270078	0.721051	-0.477627	-0.329329	0.682964	-0.490493	-0.276805	0.678039	-0.481425	-0.302059	0.448513	-0.475625	-0.294021	0.424241	-0.363047	-0.442447	0.466336	-0.495873	-0.428744	0.414870	-0.494387	-0.494261	0.459640	-0.493305	-0.477661	0.408239	-0.491575	-0.720832	0.390735	-0.458269	-0.701089	0.345280	-0.376253	-0.795838	0.260551	-0.501694	-0.760127	0.213199	-0.402550	-0.746780	0.182417	-0.472960	-0.757669	0.435213	-0.397071	-0.329979	1.418661	-0.096949	-0.242061	1.427701	-0.416424	
70	0.3450	-0.277635	0.936945	-0.117552	-0.244057	0.957295	-0.403121	-0.446769	0.952830	-0.243691	-0.426579	0.969750	-0.337538	-0.291556	0.700222	-0.102380	-0.239361	0.724261	-0.097391	-0.267669	0.660807	-0.114663	-0.218523	0.684525	-0.108482	-0.122592	0.468341	-0.206279	-0.121741	0.486569	-0.310355	-0.211077	0.360107	-0.192537	-0.158538	0.350379	-0.208107	-0.226220	0.315231	-0.201275	-0.175909	0.304990	-0.214184	-0.277081	0.104999	-0.264314	-0.260744	0.112657	-0.360573	-0.164782	0.035341	-0.232090	-0.159780	0.028769	-0.348417	-0.099121	0.046152	-0.287826	-0.359271	0.076929	-0.327730	-0.298598	0.723463	-0.489396	-0.244161	0.721631	-0.476377	-0.302376	0.682042	-0.489596	-0.249713	0.678532	-0.480489	-0.269182	0.449093	-0.474788	-0.260444	0.424914	-0.362022	-0.408538	0.466790	-0.494753	-0.394958	0.415279	-0.493354	-0.460324	0.460298	-0.492143	-0.443890	0.408767	-0.490494	-0.687042	0.391966	-0.456674	-0.666907	0.346167	-0.374825	-0.761007	0.262204	-0.501153	-0.725044	0.214254	-0.402366	-0.711636	0.184436	-0.472991	-0.724245	0.435698	-0.395048	-0.309175	1.417213	-0.094183	-0.224385	1.428057	-0.415239	
71	0.3500	-0.258002	0.935847	-0.115424	-0.224038	0.956261	-0.402028	-0.427161	0.951749	-0.242522	-0.407026	0.967874	-0.336520	-0.274375	0.699137	-0.101591	-0.221946	0.722451	-0.096630	-0.251320	0.659477	-0.114090	-0.201873	0.682473	-0.108011	-0.110960	0.464938	-0.206842	-0.110143	0.483286	-0.310707	-0.202146	0.358521	-0.192996	-0.149717	0.347470	-0.208581	-0.218591	0.314088	-0.201752	-0.168473	0.302516	-0.214832	-0.276328	0.105525	-0.264654	-0.259885	0.112641	-0.361085	-0.165532	0.034412	-0.232041	-0.160377	0.027077	-0.348637	-0.099527	0.043813	-0.288211	-0.359540	0.078457	-0.328000	-0.273149	0.722973	-0.488286	-0.218573	0.722486	-0.475075	-0.275746	0.681440	-0.488623	-0.222943	0.679334	-0.479494	-0.236625	0.450085	-0.473771	-0.227230	0.426100	-0.360805	-0.374928	0.467353	-0.493532	-0.361362	0.415844	-0.492189	-0.426657	0.460938	-0.490912	-0.410282	0.409326	-0.489321	-0.653300	0.392557	-0.455155	-0.632738	0.346535	-0.373435	-0.725832	0.263000	-0.500625	-0.689615	0.214627	-0.402115	-0.675996	0.185771	-0.472902	-0.691052	0.435482	-0.393180	-0.288560	1.415989	-0.091482	-0.206985	1.428582	-0.414084	
72	0.3550	-0.238729	0.935028	-0.113312	-0.204386	0.955361	-0.400947	-0.407896	0.950931	-0.241359	-0.387826	0.966221	-0.335495	-0.257715	0.698353	-0.100782	-0.205067	0.720934	-0.095883	-0.235518	0.658451	-0.113474	-0.185782	0.680718	-0.107529	-0.100071	0.461732	-0.207299	-0.099259	0.480152	-0.311003	-0.193841	0.357003	-0.193361	-0.141532	0.344718	-0.208976	-0.211538	0.313028	-0.202135	-0.161615	0.300197	-0.215396	-0.275847	0.106140	-0.264906	-0.259309	0.112805	-0.361495	-0.166456	0.033699	-0.231967	-0.161180	0.025747	-0.348828	-0.100198	0.041901	-0.288544	-0.359981	0.079993	-0.328188	-0.248172	0.722770	-0.487121	-0.193447	0.723609	-0.473729	-0.249578	0.681162	-0.487579	-0.196638	0.680437	-0.478447	-0.204569	0.451473	-0.472587	-0.194565	0.427770	-0.359412	-0.341811	0.468029	-0.492219	-0.328153	0.416565	-0.490902	-0.393458	0.461570	-0.489621	-0.377039	0.409925	-0.488065	-0.619823	0.392552	-0.453718	-0.598811	0.346424	-0.372091	-0.690559	0.262989	-0.500113	-0.654096	0.214370	-0.401799	-0.640122	0.186454	-0.472691	-0.658296	0.434619	-0.391482	-0.268243	1.414998	-0.088866	-0.189943	1.429273	-0.412961	
73	0.3600	-0.219909	0.934480	-0.111231	-0.185196	0.954612	-0.399877	-0.389065	0.950377	-0.240204	-0.369070	0.964812	-0.334465	-0.241650	0.697851	-0.099958	-0.188797	0.719689	-0.095149	-0.220331	0.657708	-0.112819	-0.170315	0.679240	-0.107035	-0.089946	0.458722	-0.207654	-0.089113	0.477167	-0.311245	-0.186155	0.355543	-0.193632	-0.133978	0.342124	-0.209293	-0.205043	0.312039	-0.202424	-0.155319	0.298034	-0.215878	-0.275567	0.106826	-0.265072	-0.258945	0.113127	-0.361805	-0.167479	0.033184	-0.231874	-0.162114	0.024756	-0.348995	-0.101055	0.040392	-0.288829	-0.360521	0.081527	-0.328295	-0.223806	0.722850	-0.485909	-0.168923	0.724986	-0.472352	-0.224021	0.681199	-0.486474	-0.170945	0.681823	-0.477357	-0.173200	0.453227	-0.471254	-0.162635	0.429884	-0.357863	-0.309387	0.468816	-0.490826	-0.295541	0.417438	-0.489508	-0.360932	0.462203	-0.488278	-0.344373	0.410567	-0.486739	-0.586837	0.392003	-0.452371	-0.565358	0.345883	-0.370799	-0.655451	0.262239	-0.499617	-0.618758	0.213542	-0.401420	-0.604292	0.186529	-0.472361	-0.626187	0.433173	-0.389959	-0.248342	1.414243	-0.086354	-0.173344	1.430123	-0.411873	
74	0.3650	-0.201641	0.934191	-0.109196	-0.166569	0.954022	-0.398823	-0.370768	0.950082	-0.239065	-0.350852	0.963656	-0.333434	-0.226254	0.697606	-0.099126	-0.173206	0.718694	-0.094428	-0.205823	0.657225	-0.112134	-0.155536	0.678016	-0.106527	-0.080598	0.455907	-0.207909	-0.079721	0.474334	-0.311433	-0.179082	0.354137	-0.193813	-0.127048	0.339693	-0.209536	-0.199087	0.311112	-0.202625	-0.149567	0.296028	-0.216280	-0.275425	0.107565	-0.265157	-0.258730	0.113589	-0.362019	-0.168540	0.032847	-0.231767	-0.163116	0.024074	-0.349137	-0.102028	0.039256	-0.289070	-0.361097	0.083044	-0.328327	-0.200191	0.723200	-0.484661	-0.145142	0.726594	-0.470954	-0.199223	0.681537	-0.485319	-0.146014	0.683470	-0.476233	-0.142708	0.455310	-0.469793	-0.131632	0.432393	-0.356182	-0.277857	0.469707	-0.489365	-0.263738	0.418450	-0.488024	-0.329286	0.462840	-0.486895	-0.312500	0.411252	-0.485356	-0.554572	0.390967	-0.451116	-0.532621	0.344962	-0.369564	-0.620779	0.260828	-0.499142	-0.583879	0.212212	-0.400980	-0.568795	0.186052	-0.471918	-0.594938	0.431216	-0.388616	-0.228975	1.413722	-0.083963	-0.157278	1.431118	-0.410820	
75	0.3700	-0.184024	0.934141	-0.107225	-0.148607	0.953595	-0.397786	-0.353102	0.950032	-0.237946	-0.333271	0.962757	-0.332405	-0.211596	0.697590	-0.098295	-0.158363	0.717926	-0.093721	-0.192053	0.656974	-0.111427	-0.141506	0.677021	-0.106008	-0.072030	0.453285	-0.208071	-0.071092	0.471653	-0.311572	-0.172610	0.352780	-0.193909	-0.120729	0.337426	-0.209710	-0.193651	0.310239	-0.202743	-0.144338	0.294176	-0.216606	-0.275370	0.108340	-0.265167	-0.258615	0.114166	-0.362144	-0.169587	0.032664	-0.231651	-0.164133	0.023670	-0.349258	-0.103056	0.038458	-0.289270	-0.361660	0.084534	-0.328290	-0.177465	0.723801	-0.483390	-0.122245	0.728406	-0.469551	-0.175330	0.682151	-0.484125	-0.121994	0.685345	-0.475086	-0.113282	0.457674	-0.468228	-0.101744	0.435236	-0.354397	-0.247423	0.470692	-0.487853	-0.232955	0.419587	-0.486469	-0.298721	0.463484	-0.485485	-0.281634	0.411979	-0.483932	-0.523258	0.389510	-0.449958	-0.500835	0.343719	-0.368391	-0.586821	0.258844	-0.498688	-0.549741	0.210455	-0.400487	-0.533928	0.185088	-0.471372	-0.564754	0.428825	-0.387450	-0.210262	1.413425	-0.081708	-0.141832	1.432242	-0.409808	
76	0.3750	-0.167156	0.934305	-0.105332	-0.131410	0.953332	-0.396774	-0.336168	0.950210	-0.236854	-0.316423	0.962111	-0.331385	-0.197739	0.697774	-0.097472	-0.144331	0.717358	-0.093030	-0.179078	0.656925	-0.110706	-0.128281	0.676228	-0.105480	-0.064239	0.450853	-0.208146	-0.063228	0.469130	-0.311666	-0.166726	0.351472	-0.193927	-0.115007	0.335325	-0.209821	-0.188718	0.309416	-0.202784	-0.139614	0.292478	-0.216860	-0.275360	0.109135	-0.265111	-0.258555	0.114835	-0.362187	-0.170581	0.032612	-0.231530	-0.165121	0.023506	-0.349359	-0.104092	0.037959	-0.289434	-0.362171	0.085985	-0.328192	-0.155760	0.724623	-0.482109	-0.100365	0.730385	-0.468156	-0.152485	0.683012	-0.482909	-0.099026	0.687409	-0.473930	-0.085103	0.460268	-0.466586	-0.073151	0.438348	-0.352536	-0.218276	0.471755	-0.486307	-0.203395	0.420827	-0.484866	-0.269435	0.464135	-0.484060	-0.251981	0.412742	-0.482483	-0.493117	0.387702	-0.448897	-0.470231	0.342212	-0.367285	-0.553850	0.256381	-0.498257	-0.516621	0.208349	-0.399948	-0.499987	0.183708	-0.470734	-0.535836	0.426081	-0.386459	-0.192320	1.413338	-0.079602	-0.127091	1.433472	-0.408839	
77	0.3800	-0.151130	0.934656	-0.103532	-0.115073	0.953224	-0.395790	-0.320061	0.950590	-0.235796	-0.300401	0.961705	-0.330379	-0.184743	0.698123	-0.096667	-0.131167	0.716962	-0.092358	-0.166945	0.657046	-0.109982	-0.115908	0.675612	-0.104948	-0.057216	0.448609	-0.208145	-0.056119	0.466766	-0.311720	-0.161415	0.350215	-0.193875	-0.109863	0.333391	-0.209875	-0.184266	0.308639	-0.202757	-0.135371	0.290930	-0.217050	-0.275364	0.109934	-0.264995	-0.258519	0.115574	-0.362158	-0.171490	0.032667	-0.231406	-0.166049	0.023545	-0.349441	-0.105094	0.037717	-0.289566	-0.362606	0.087385	-0.328040	-0.135200	0.725637	-0.480833	-0.079627	0.732493	-0.466783	-0.130820	0.684083	-0.481685	-0.077244	0.689619	-0.472777	-0.058341	0.463034	-0.464896	-0.046022	0.441656	-0.350631	-0.190595	0.472880	-0.484746	-0.175252	0.422148	-0.483238	-0.241610	0.464789	-0.482637	-0.223739	0.413531	-0.481029	-0.464358	0.385616	-0.447932	-0.441025	0.340499	-0.366248	-0.522133	0.253538	-0.497850	-0.484786	0.205974	-0.399371	-0.467256	0.181989	-0.470020	-0.508365	0.423069	-0.385632	-0.175260	1.413441	-0.077653	-0.113134	1.434786	-0.407918	
78	0.3850	-0.136032	0.935164	-0.101837	-0.099687	0.953261	-0.394841	-0.304869	0.951144	-0.234779	-0.285292	0.961522	-0.329397	-0.172653	0.698607	-0.095886	-0.118918	0.716713	-0.091707	-0.155693	0.657308	-0.109264	-0.104427	0.675146	-0.104416	-0.050940	0.446551	-0.208077	-0.049753	0.464565	-0.311739	-0.156657	0.349012	-0.193763	-0.105276	0.331624	-0.209879	-0.180276	0.307907	-0.202672	-0.131588	0.289530	-0.217181	-0.275357	0.110722	-0.264831	-0.258481	0.116358	-0.362066	-0.172297	0.032806	-0.231283	-0.166892	0.023749	-0.349507	-0.106032	0.037689	-0.289669	-0.362946	0.088726	-0.327844	-0.115895	0.726804	-0.479576	-0.060144	0.734687	-0.465448	-0.110455	0.685324	-0.480469	-0.056768	0.691930	-0.471642	-0.033150	0.465912	-0.463185	-0.020510	0.445088	-0.348715	-0.164542	0.474045	-0.483190	-0.148700	0.423525	-0.481608	-0.215411	0.465442	-0.481231	-0.197085	0.414338	-0.479588	-0.437173	0.383325	-0.447062	-0.413414	0.338640	-0.365283	-0.491916	0.250417	-0.497468	-0.454484	0.203412	-0.398768	-0.436006	0.180010	-0.469247	-0.482508	0.419873	-0.384959	-0.159181	1.413713	-0.075868	-0.100034	1.436156	-0.407049	
79	0.3900	-0.121937	0.935795	-0.100258	-0.085327	0.953429	-0.393933	-0.290671	0.951840	-0.233809	-0.271174	0.961537	-0.328445	-0.161509	0.699191	-0.095139	-0.107622	0.716585	-0.091083	-0.145350	0.657678	-0.108562	-0.093867	0.674807	-0.103891	-0.045387	0.444676	-0.207954	-0.044105	0.462531	-0.311727	-0.152429	0.347869	-0.193602	-0.101220	0.330021	-0.209841	-0.176725	0.307220	-0.202539	-0.128240	0.288274	-0.217261	-0.275325	0.111487	-0.264628	-0.258426	0.117165	-0.361922	-0.172990	0.033006	-0.231164	-0.167636	0.024080	-0.349558	-0.106886	0.037833	-0.289747	-0.363185	0.089998	-0.327614	-0.097938	0.728087	-0.478355	-0.042013	0.736924	-0.464164	-0.091491	0.686692	-0.479277	-0.037701	0.694292	-0.470537	-0.009664	0.468841	-0.461484	0.003257	0.448571	-0.346817	-0.140256	0.475231	-0.481660	-0.123893	0.424930	-0.479999	-0.190980	0.466087	-0.479857	-0.172174	0.415151	-0.478177	-0.411730	0.380901	-0.446284	-0.387570	0.336692	-0.364392	-0.463424	0.247117	-0.497113	-0.425937	0.200738	-0.398149	-0.406480	0.177849	-0.468433	-0.458405	0.416576	-0.384427	-0.144172	1.414125	-0.074253	-0.087852	1.437556	-0.406234	
80	0.3950	-0.108910	0.936517	-0.098805	-0.072059	0.953707	-0.393073	-0.277534	0.952643	-0.232894	-0.258112	0.961723	-0.327532	-0.151334	0.699845	-0.094432	-0.097305	0.716552	-0.090490	-0.135934	0.658127	-0.107885	-0.084248	0.674572	-0.103379	-0.040523	0.442980	-0.207787	-0.039147	0.460667	-0.311691	-0.148707	0.346791	-0.193402	-0.097669	0.328582	-0.209769	-0.173591	0.306578	-0.202368	-0.125303	0.287156	-0.217297	-0.275260	0.112218	-0.264397	-0.258343	0.117974	-0.361738	-0.173564	0.033249	-0.231051	-0.168273	0.024504	-0.349596	-0.107642	0.038108	-0.289805	-0.363322	0.091193	-0.327358	-0.081404	0.729445	-0.477182	-0.025309	0.739160	-0.462944	-0.074012	0.688144	-0.478125	-0.020126	0.696659	-0.469475	0.012011	0.471763	-0.459819	0.025172	0.452033	-0.344967	-0.117851	0.476416	-0.480174	-0.100956	0.426336	-0.478435	-0.168432	0.466719	-0.478532	-0.149133	0.415958	-0.476815	-0.388167	0.378414	-0.445596	-0.363636	0.334709	-0.363576	-0.436851	0.243732	-0.496784	-0.399336	0.198028	-0.397526	-0.378891	0.175581	-0.467596	-0.436169	0.413256	-0.384020	-0.130304	1.414650	-0.072806	-0.076636	1.438958	-0.405479	
81	0.4000	-0.096997	0.937298	-0.097482	-0.059931	0.954076	-0.392268	-0.265508	0.953519	-0.232039	-0.246155	0.962050	-0.326666	-0.142143	0.700538	-0.093772	-0.087980	0.716593	-0.089931	-0.127451	0.658627	-0.107243	-0.075576	0.674419	-0.102886	-0.036311	0.441459	-0.207587	-0.034843	0.458973	-0.311637	-0.145463	0.345784	-0.193174	-0.094590	0.327301	-0.209671	-0.170849	0.305984	-0.202170	-0.122750	0.286172	-0.217296	-0.275157	0.112904	-0.264146	-0.258228	0.118767	-0.361525	-0.174023	0.033516	-0.230944	-0.168801	0.024987	-0.349622	-0.108292	0.038476	-0.289845	-0.363364	0.092303	-0.327086	-0.066345	0.730839	-0.476070	-0.010088	0.741352	-0.461800	-0.058075	0.689636	-0.477027	-0.004102	0.698985	-0.468469	0.031795	0.474621	-0.458216	0.045159	0.455408	-0.343193	-0.097406	0.477578	-0.478751	-0.079983	0.427718	-0.476937	-0.147851	0.467329	-0.477269	-0.128061	0.416746	-0.475518	-0.366590	0.375928	-0.444992	-0.341721	0.332741	-0.362837	-0.412353	0.240353	-0.496483	-0.374835	0.195348	-0.396910	-0.353413	0.173277	-0.466755	-0.415883	0.409986	-0.383723	-0.117632	1.415259	-0.071526	-0.066422	1.440337	-0.404786	
82	0.4050	-0.086228	0.938107	-0.096294	-0.048973	0.954513	-0.391521	-0.254628	0.954435	-0.231249	-0.235335	0.962484	-0.325855	-0.133932	0.701245	-0.093163	-0.079646	0.716687	-0.089411	-0.119893	0.659154	-0.106642	-0.067846	0.674330	-0.102417	-0.032706	0.440108	-0.207365	-0.031150	0.457451	-0.311568	-0.142665	0.344853	-0.192929	-0.091950	0.326175	-0.209554	-0.168474	0.305438	-0.201955	-0.120552	0.285315	-0.217266	-0.275020	0.113539	-0.263887	-0.258083	0.119528	-0.361293	-0.174373	0.033792	-0.230846	-0.169224	0.025501	-0.349639	-0.108837	0.038904	-0.289871	-0.363321	0.093323	-0.326808	-0.052791	0.732231	-0.475032	0.003620	0.743462	-0.460741	-0.043715	0.691128	-0.475996	0.010336	0.701226	-0.467528	0.049640	0.477365	-0.456698	0.063175	0.458638	-0.341519	-0.078972	0.478697	-0.477408	-0.061035	0.429051	-0.475524	-0.129289	0.467911	-0.476082	-0.109017	0.417504	-0.474301	-0.347071	0.373502	-0.444467	-0.321896	0.330831	-0.362173	-0.390048	0.237059	-0.496209	-0.352547	0.192758	-0.396312	-0.330180	0.171003	-0.465929	-0.397594	0.406831	-0.383519	-0.106190	1.415923	-0.070409	-0.057227	1.441666	-0.404156	
83	0.4100	-0.076616	0.938916	-0.095241	-0.039196	0.954995	-0.390839	-0.244906	0.955359	-0.230529	-0.225668	0.962994	-0.325105	-0.126689	0.701942	-0.092610	-0.072289	0.716815	-0.088932	-0.113243	0.659684	-0.106088	-0.061038	0.674289	-0.101979	-0.029660	0.438921	-0.207132	-0.028022	0.456099	-0.311491	-0.140281	0.344005	-0.192676	-0.089715	0.325195	-0.209425	-0.166440	0.304943	-0.201732	-0.118683	0.284577	-0.217215	-0.274853	0.114117	-0.263627	-0.257910	0.120243	-0.361052	-0.174625	0.034064	-0.230757	-0.169551	0.026021	-0.349647	-0.109279	0.039360	-0.289886	-0.363209	0.094249	-0.326532	-0.040744	0.733588	-0.474077	0.015809	0.745456	-0.459775	-0.030940	0.692582	-0.475043	0.023181	0.703347	-0.466661	0.065531	0.479949	-0.455285	0.079208	0.461670	-0.339965	-0.062563	0.479757	-0.476159	-0.044136	0.430313	-0.474212	-0.112762	0.468457	-0.474983	-0.092030	0.418221	-0.473176	-0.329641	0.371188	-0.444016	-0.304196	0.329019	-0.361584	-0.370007	0.233920	-0.495962	-0.332541	0.190308	-0.395742	-0.309277	0.168814	-0.465134	-0.381317	0.403850	-0.383392	-0.095989	1.416614	-0.069446	-0.049055	1.442924	-0.403591	
84	0.4150	-0.068152	0.939701	-0.094322	-0.030593	0.955500	-0.390223	-0.236339	0.956263	-0.229881	-0.217148	0.963549	-0.324422	-0.120383	0.702608	-0.092115	-0.065880	0.716964	-0.088499	-0.107468	0.660200	-0.105587	-0.055122	0.674283	-0.101576	-0.027123	0.437890	-0.206898	-0.025411	0.454913	-0.311409	-0.138276	0.343243	-0.192426	-0.087846	0.324356	-0.209291	-0.164719	0.304499	-0.201510	-0.117112	0.283950	-0.217148	-0.274664	0.114635	-0.263375	-0.257718	0.120900	-0.360812	-0.174793	0.034322	-0.230678	-0.169790	0.026526	-0.349649	-0.109627	0.039820	-0.289892	-0.363043	0.095078	-0.326265	-0.030184	0.734877	-0.473212	0.026499	0.747304	-0.458907	-0.019730	0.693965	-0.474176	0.034451	0.705314	-0.465875	0.079488	0.482338	-0.453992	0.093280	0.464464	-0.338548	-0.048158	0.480740	-0.475017	-0.029274	0.431486	-0.473015	-0.098249	0.468961	-0.473981	-0.077087	0.418886	-0.472152	-0.314294	0.369027	-0.443634	-0.288614	0.327335	-0.361067	-0.352259	0.230994	-0.495743	-0.314838	0.188039	-0.395210	-0.290739	0.166757	-0.464385	-0.367032	0.401086	-0.383326	-0.087021	1.417307	-0.068630	-0.041890	1.444093	-0.403091	
85	0.4200	-0.060811	0.940442	-0.093532	-0.023136	0.956008	-0.389676	-0.228903	0.957122	-0.229306	-0.209751	0.964120	-0.323810	-0.114974	0.703229	-0.091679	-0.060379	0.717119	-0.088112	-0.102526	0.660686	-0.105140	-0.050056	0.674298	-0.101211	-0.025041	0.437008	-0.206670	-0.023263	0.453888	-0.311326	-0.136614	0.342568	-0.192185	-0.086307	0.323646	-0.209158	-0.163282	0.304108	-0.201295	-0.115811	0.283425	-0.217073	-0.274463	0.115090	-0.263137	-0.257513	0.121493	-0.360581	-0.174891	0.034559	-0.230609	-0.169956	0.026999	-0.349647	-0.109892	0.040264	-0.289892	-0.362840	0.095809	-0.326013	-0.021066	0.736075	-0.472441	0.035734	0.748984	-0.458140	-0.010042	0.695250	-0.473400	0.044192	0.707103	-0.465174	0.091561	0.484503	-0.452830	0.105445	0.466988	-0.337278	-0.035704	0.481636	-0.473990	-0.016401	0.432554	-0.471941	-0.085698	0.469419	-0.473082	-0.064141	0.419493	-0.471237	-0.300988	0.367052	-0.443313	-0.275105	0.325803	-0.360620	-0.336784	0.228324	-0.495551	-0.299416	0.185983	-0.394722	-0.274556	0.164869	-0.463694	-0.354682	0.398577	-0.383306	-0.079256	1.417978	-0.067948	-0.035703	1.445158	-0.402655	
86	0.4250	-0.054548	0.941122	-0.092865	-0.016778	0.956500	-0.389199	-0.222554	0.957915	-0.228806	-0.203434	0.964682	-0.323270	-0.110409	0.703792	-0.091302	-0.055734	0.717272	-0.087772	-0.098365	0.661131	-0.104750	-0.045787	0.674327	-0.100887	-0.023362	0.436263	-0.206456	-0.021527	0.453016	-0.311247	-0.135257	0.341981	-0.191960	-0.085060	0.323056	-0.209030	-0.162100	0.303769	-0.201095	-0.114748	0.282993	-0.216994	-0.274257	0.115483	-0.262918	-0.257306	0.122016	-0.360364	-0.174934	0.034770	-0.230550	-0.170060	0.027429	-0.349641	-0.110083	0.040675	-0.289888	-0.362616	0.096444	-0.325782	-0.013323	0.737162	-0.471766	0.043580	0.750480	-0.457474	-0.001807	0.696416	-0.472719	0.052472	0.708698	-0.464561	0.101832	0.486426	-0.451806	0.115789	0.469222	-0.336162	-0.025113	0.482436	-0.473084	-0.005437	0.433507	-0.470995	-0.075022	0.469827	-0.472290	-0.053112	0.420035	-0.470433	-0.289643	0.365287	-0.443048	-0.263589	0.324440	-0.360239	-0.323519	0.225942	-0.495385	-0.286206	0.184159	-0.394284	-0.260669	0.163177	-0.463070	-0.344182	0.396346	-0.383319	-0.072645	1.418609	-0.067389	-0.030448	1.446108	-0.402282	
87	0.4300	-0.049300	0.941729	-0.092312	-0.011455	0.956960	-0.388790	-0.217231	0.958629	-0.228378	-0.198138	0.965214	-0.322804	-0.106624	0.704289	-0.090982	-0.051879	0.717415	-0.087480	-0.094924	0.661527	-0.104416	-0.042254	0.674363	-0.100606	-0.022033	0.435646	-0.206260	-0.020148	0.452287	-0.311172	-0.134170	0.341481	-0.191756	-0.084067	0.322574	-0.208911	-0.161145	0.303480	-0.200913	-0.113896	0.282643	-0.216916	-0.274056	0.115816	-0.262722	-0.257103	0.122468	-0.360168	-0.174935	0.034951	-0.230500	-0.170117	0.027809	-0.349633	-0.110215	0.041044	-0.289882	-0.362387	0.096985	-0.325576	-0.006866	0.738125	-0.471188	0.050125	0.751783	-0.456906	0.005067	0.697448	-0.472134	0.059382	0.710088	-0.464034	0.110412	0.488096	-0.450922	0.124424	0.471157	-0.335201	-0.016271	0.483134	-0.472300	0.003731	0.434340	-0.470180	-0.066108	0.470183	-0.471606	-0.043889	0.420510	-0.469742	-0.280148	0.363746	-0.442833	-0.253953	0.323253	-0.359920	-0.312359	0.223866	-0.495244	-0.275103	0.182577	-0.393899	-0.248973	0.161696	-0.462520	-0.335418	0.394406	-0.383354	-0.067117	1.419186	-0.066939	-0.026066	1.446937	-0.401967	
88	0.4350	-0.044993	0.942256	-0.091863	-0.007089	0.957378	-0.388447	-0.212860	0.959253	-0.228019	-0.193787	0.965698	-0.322409	-0.103550	0.704716	-0.090717	-0.048746	0.717543	-0.087234	-0.092133	0.661869	-0.104136	-0.039387	0.674400	-0.100367	-0.021003	0.435144	-0.206087	-0.019076	0.451691	-0.311105	-0.133315	0.341063	-0.191576	-0.083292	0.322189	-0.208804	-0.160387	0.303240	-0.200753	-0.113225	0.282366	-0.216843	-0.273867	0.116091	-0.262552	-0.256914	0.122849	-0.359994	-0.174910	0.035104	-0.230459	-0.170138	0.028133	-0.349624	-0.110300	0.041363	-0.289874	-0.362164	0.097436	-0.325396	-0.001590	0.738955	-0.470703	0.055475	0.752892	-0.456434	0.010687	0.698338	-0.471641	0.065033	0.711271	-0.463592	0.117432	0.489513	-0.450177	0.131487	0.472794	-0.334392	-0.009040	0.483730	-0.471637	0.011241	0.435050	-0.469493	-0.058816	0.470487	-0.471028	-0.036332	0.420916	-0.469160	-0.272363	0.362433	-0.442662	-0.246054	0.322245	-0.359659	-0.303164	0.222100	-0.495126	-0.265962	0.181239	-0.393568	-0.239328	0.160434	-0.462046	-0.328251	0.392758	-0.383402	-0.062590	1.419696	-0.066585	-0.022484	1.447643	-0.401708	
89	0.4400	-0.041539	0.942701	-0.091507	-0.003591	0.957743	-0.388166	-0.209352	0.959783	-0.227726	-0.190294	0.966125	-0.322084	-0.101108	0.705073	-0.090501	-0.046256	0.717653	-0.087032	-0.089922	0.662156	-0.103907	-0.037114	0.674434	-0.100169	-0.020222	0.434744	-0.205939	-0.018262	0.451213	-0.311047	-0.132658	0.340723	-0.191423	-0.082701	0.321888	-0.208712	-0.159800	0.303044	-0.200616	-0.112708	0.282152	-0.216777	-0.273697	0.116314	-0.262407	-0.256742	0.123161	-0.359846	-0.174868	0.035227	-0.230426	-0.170135	0.028402	-0.349614	-0.110349	0.041630	-0.289867	-0.361959	0.097805	-0.325244	0.002621	0.739652	-0.470305	0.059748	0.753812	-0.456049	0.015178	0.699085	-0.471237	0.069547	0.712252	-0.463230	0.123046	0.490685	-0.449564	0.137131	0.474143	-0.333729	-0.003262	0.484225	-0.471090	0.017252	0.435640	-0.468928	-0.052987	0.470740	-0.470551	-0.030283	0.421253	-0.468683	-0.266127	0.361344	-0.442528	-0.239728	0.321411	-0.359448	-0.295765	0.220637	-0.495030	-0.258611	0.180136	-0.393292	-0.231559	0.159386	-0.461649	-0.322524	0.391395	-0.383454	-0.058968	1.420134	-0.066312	-0.019625	1.448230	-0.401499	
