PathFileType	4	(X/Y/Z)	 P3 65w 04.trc
DataRate	CameraRate	NumFrames	NumMarkers	Units	OrigDataRate	OrigDataStartFrame	OrigNumFrames
200	200	219	38	m	200	1	219
Frame#	Time	RASIS			LASIS			RPSIS			LPSIS			RThighRear1			RThighFront1			RThighRear2			RThighFront2			RKneeLat			RKneeMed			RShankRear1			RShankFront1			RShankRear2			RShankFront2			RAnkleLat			RAnkleMed			RM5			RM1			RMid			RHeel			LThighRear1			LThighFront1			LThighRear2			LThighFront2			LKneeLat			LKneeMed			LShankRear1			LShankFront1			LShankRear2			LShankFront2			LAnkleLat			LAnkleMed			LM5			LM1			LMid			LHeel			RShoulder			LShoulder			
		X1	Y1	Z1	X2	Y2	Z2	X3	Y3	Z3	X4	Y4	Z4	X5	Y5	Z5	X6	Y6	Z6	X7	Y7	Z7	X8	Y8	Z8	X9	Y9	Z9	X10	Y10	Z10	X11	Y11	Z11	X12	Y12	Z12	X13	Y13	Z13	X14	Y14	Z14	X15	Y15	Z15	X16	Y16	Z16	X17	Y17	Z17	X18	Y18	Z18	X19	Y19	Z19	X20	Y20	Z20	X21	Y21	Z21	X22	Y22	Z22	X23	Y23	Z23	X24	Y24	Z24	X25	Y25	Z25	X26	Y26	Z26	X27	Y27	Z27	X28	Y28	Z28	X29	Y29	Z29	X30	Y30	Z30	X31	Y31	Z31	X32	Y32	Z32	X33	Y33	Z33	X34	Y34	Z34	X35	Y35	Z35	X36	Y36	Z36	X37	Y37	Z37	X38	Y38	Z38	
1	0.0000	-1.569766	0.953391	-0.244495	-1.551143	0.959583	-0.492956	-1.761723	0.991725	-0.356657	-1.748755	0.987749	-0.446165	-1.701652	0.816602	-0.187194	-1.649317	0.803684	-0.188075	-1.720621	0.769845	-0.191258	-1.667030	0.754514	-0.191820	-1.802248	0.492626	-0.245121	-1.773749	0.491449	-0.365756	-1.925422	0.379182	-0.239190	-1.875601	0.359609	-0.238691	-1.947225	0.333272	-0.245613	-1.900899	0.314776	-0.245156	-2.026811	0.146025	-0.273742	-2.001889	0.138509	-0.361113	-1.969081	0.043563	-0.215524	-1.923255	0.035795	-0.324796	-1.872580	0.056314	-0.251395	-2.087082	0.137685	-0.340437	-1.603661	0.823550	-0.562311	-1.557092	0.846004	-0.567554	-1.582205	0.781805	-0.566154	-1.539066	0.805073	-0.567690	-1.432772	0.508522	-0.508442	-1.446708	0.496492	-0.386396	-1.445470	0.305721	-0.535212	-1.390002	0.321496	-0.530166	-1.422471	0.258302	-0.525011	-1.375878	0.283778	-0.523258	-1.337880	0.098642	-0.499952	-1.320747	0.110688	-0.410334	-1.214429	0.072577	-0.522676	-1.186948	0.085750	-0.416278	-1.136507	0.130511	-0.471589	-1.379511	0.056700	-0.442704	-1.583690	1.434045	-0.226998	-1.586806	1.451829	-0.568213	
2	0.0050	-1.562611	0.953260	-0.245012	-1.544293	0.959632	-0.493457	-1.754822	0.991461	-0.356839	-1.741953	0.987617	-0.446408	-1.693990	0.816029	-0.187475	-1.641601	0.803311	-0.188425	-1.712750	0.769152	-0.191487	-1.659107	0.754067	-0.192025	-1.793313	0.491457	-0.244108	-1.764609	0.489848	-0.364584	-1.918185	0.379657	-0.238302	-1.868748	0.359339	-0.237718	-1.940668	0.334198	-0.244730	-1.894724	0.314976	-0.244189	-2.023030	0.148508	-0.272962	-1.998028	0.140858	-0.360398	-1.968427	0.044367	-0.215420	-1.922864	0.035727	-0.324647	-1.872726	0.056193	-0.251249	-2.082773	0.142018	-0.339874	-1.596923	0.823910	-0.562455	-1.550273	0.846333	-0.567842	-1.575593	0.782060	-0.566237	-1.531940	0.805456	-0.568160	-1.425761	0.508811	-0.508861	-1.439499	0.496912	-0.386981	-1.440019	0.305804	-0.535114	-1.384461	0.321046	-0.530163	-1.417567	0.258250	-0.524973	-1.370724	0.283228	-0.523210	-1.335326	0.098163	-0.499779	-1.317939	0.109825	-0.410185	-1.212763	0.069826	-0.522458	-1.185276	0.082218	-0.415980	-1.133844	0.125887	-0.471295	-1.377888	0.057483	-0.442646	-1.577443	1.434145	-0.228182	-1.580246	1.451208	-0.569520	
3	0.0100	-1.555360	0.953137	-0.245550	-1.537363	0.959703	-0.493977	-1.747829	0.991203	-0.357009	-1.735068	0.987498	-0.446641	-1.686204	0.815441	-0.187760	-1.633760	0.802933	-0.188783	-1.704745	0.768439	-0.191718	-1.651048	0.753611	-0.192236	-1.784200	0.490255	-0.243073	-1.755285	0.488204	-0.363382	-1.910798	0.380134	-0.237395	-1.861752	0.359062	-0.236724	-1.933971	0.335136	-0.243828	-1.888414	0.315175	-0.243204	-2.019138	0.151049	-0.272170	-1.994050	0.143247	-0.359670	-1.967766	0.045232	-0.215321	-1.922481	0.035691	-0.324495	-1.872902	0.056043	-0.251092	-2.078305	0.146450	-0.339308	-1.590115	0.824286	-0.562617	-1.543390	0.846674	-0.568145	-1.568906	0.782331	-0.566338	-1.524748	0.805850	-0.568651	-1.418632	0.509127	-0.509293	-1.432169	0.497362	-0.387581	-1.434479	0.305913	-0.535043	-1.378832	0.320609	-0.530168	-1.412588	0.258220	-0.524960	-1.365493	0.282687	-0.523164	-1.332764	0.097692	-0.499603	-1.315126	0.108968	-0.410034	-1.211097	0.067082	-0.522244	-1.183604	0.078680	-0.415676	-1.131185	0.121242	-0.470994	-1.376267	0.058274	-0.442586	-1.571095	1.434260	-0.229385	-1.573586	1.450586	-0.570842	
4	0.0150	-1.548025	0.953026	-0.246112	-1.530369	0.959805	-0.494519	-1.740756	0.990956	-0.357165	-1.728113	0.987397	-0.446861	-1.678295	0.814839	-0.188047	-1.625793	0.802554	-0.189148	-1.696603	0.767706	-0.191947	-1.642852	0.753147	-0.192452	-1.774888	0.489018	-0.242017	-1.745756	0.486514	-0.362150	-1.903235	0.380613	-0.236467	-1.854588	0.358779	-0.235710	-1.927106	0.336089	-0.242907	-1.881943	0.315379	-0.242202	-2.015103	0.153657	-0.271370	-1.989918	0.145679	-0.358931	-1.967082	0.046187	-0.215233	-1.922089	0.035711	-0.324343	-1.873101	0.055861	-0.250919	-2.073629	0.150992	-0.338745	-1.583252	0.824681	-0.562802	-1.536465	0.847030	-0.568468	-1.562161	0.782621	-0.566463	-1.517513	0.806256	-0.569165	-1.411397	0.509475	-0.509743	-1.424728	0.497843	-0.388197	-1.428860	0.306055	-0.535009	-1.373125	0.320191	-0.530184	-1.407550	0.258220	-0.524979	-1.360200	0.282163	-0.523123	-1.330214	0.097236	-0.499426	-1.312330	0.108125	-0.409881	-1.209447	0.064373	-0.522036	-1.181945	0.075165	-0.415367	-1.128553	0.116608	-0.470685	-1.374663	0.059069	-0.442525	-1.564648	1.434396	-0.230606	-1.566832	1.449968	-0.572176	
5	0.0200	-1.540616	0.952933	-0.246704	-1.523322	0.959946	-0.495089	-1.733613	0.990725	-0.357305	-1.721100	0.987321	-0.447065	-1.670261	0.814225	-0.188338	-1.617701	0.802178	-0.189521	-1.688318	0.766954	-0.192175	-1.634510	0.752682	-0.192674	-1.765350	0.487744	-0.240939	-1.735997	0.484779	-0.360887	-1.895468	0.381096	-0.235516	-1.847225	0.358495	-0.234677	-1.920043	0.337061	-0.241964	-1.875281	0.315590	-0.241183	-2.010886	0.156346	-0.270562	-1.985592	0.148162	-0.358181	-1.966350	0.047259	-0.215160	-1.921664	0.035812	-0.324191	-1.873308	0.055642	-0.250728	-2.068692	0.155656	-0.338187	-1.576348	0.825100	-0.563016	-1.529514	0.847403	-0.568813	-1.555368	0.782935	-0.566619	-1.510254	0.806675	-0.569708	-1.404066	0.509858	-0.510212	-1.417187	0.498361	-0.388830	-1.423176	0.306237	-0.535019	-1.367354	0.319798	-0.530212	-1.402465	0.258257	-0.525038	-1.354859	0.281662	-0.523087	-1.327692	0.096802	-0.499248	-1.309570	0.107305	-0.409727	-1.207826	0.061723	-0.521837	-1.180313	0.071700	-0.415053	-1.125972	0.112014	-0.470368	-1.373090	0.059862	-0.442462	-1.558104	1.434560	-0.231843	-1.559987	1.449361	-0.573517	
6	0.0250	-1.533139	0.952864	-0.247330	-1.516232	0.960134	-0.495691	-1.726405	0.990516	-0.357426	-1.714037	0.987276	-0.447251	-1.662099	0.813600	-0.188634	-1.609477	0.801809	-0.189904	-1.679883	0.766184	-0.192401	-1.626016	0.752217	-0.192903	-1.755558	0.486433	-0.239837	-1.725980	0.482997	-0.359593	-1.887462	0.381586	-0.234540	-1.839633	0.358213	-0.233624	-1.912748	0.338055	-0.241000	-1.868394	0.315815	-0.240150	-2.006447	0.159128	-0.269752	-1.981028	0.150702	-0.357421	-1.965544	0.048480	-0.215106	-1.921181	0.036021	-0.324042	-1.873509	0.055385	-0.250517	-2.063437	0.160454	-0.337640	-1.569415	0.825544	-0.563268	-1.522550	0.847796	-0.569186	-1.548538	0.783276	-0.566814	-1.502987	0.807109	-0.570283	-1.396650	0.510277	-0.510701	-1.409556	0.498915	-0.389481	-1.417438	0.306466	-0.535081	-1.361531	0.319434	-0.530255	-1.397347	0.258337	-0.525140	-1.349484	0.281187	-0.523059	-1.325217	0.096394	-0.499069	-1.306867	0.106516	-0.409571	-1.206247	0.059155	-0.521651	-1.178720	0.068311	-0.414735	-1.123462	0.107491	-0.470043	-1.371560	0.060650	-0.442396	-1.551460	1.434759	-0.233094	-1.553053	1.448773	-0.574861	
7	0.0300	-1.525599	0.952825	-0.247994	-1.509105	0.960377	-0.496330	-1.719139	0.990334	-0.357528	-1.706931	0.987269	-0.447419	-1.653802	0.812967	-0.188936	-1.601117	0.801453	-0.190296	-1.671286	0.765396	-0.192624	-1.617359	0.751758	-0.193140	-1.745481	0.485086	-0.238713	-1.715675	0.481171	-0.358267	-1.879183	0.382086	-0.233537	-1.831776	0.357937	-0.232555	-1.905185	0.339078	-0.240013	-1.861246	0.316058	-0.239103	-2.001745	0.162019	-0.268941	-1.976182	0.153309	-0.356653	-1.964637	0.049879	-0.215078	-1.920610	0.036368	-0.323897	-1.873682	0.055090	-0.250282	-2.057808	0.165399	-0.337107	-1.562462	0.826018	-0.563561	-1.515585	0.848210	-0.569588	-1.541679	0.783649	-0.567054	-1.495725	0.807559	-0.570891	-1.389160	0.510734	-0.511213	-1.401845	0.499507	-0.390151	-1.411660	0.306747	-0.535200	-1.355671	0.319104	-0.530315	-1.392211	0.258465	-0.525293	-1.344089	0.280744	-0.523039	-1.322806	0.096018	-0.498888	-1.304241	0.105766	-0.409413	-1.204723	0.056692	-0.521481	-1.177179	0.065022	-0.414414	-1.121043	0.103065	-0.469711	-1.370086	0.061429	-0.442328	-1.544714	1.434998	-0.234358	-1.546031	1.448209	-0.576205	
8	0.0350	-1.518003	0.952822	-0.248700	-1.501948	0.960682	-0.497007	-1.711818	0.990184	-0.357610	-1.699788	0.987303	-0.447568	-1.645367	0.812329	-0.189244	-1.592616	0.801115	-0.190699	-1.662519	0.764593	-0.192842	-1.608529	0.751310	-0.193384	-1.735090	0.483704	-0.237565	-1.705053	0.479301	-0.356909	-1.870596	0.382598	-0.232505	-1.823621	0.357673	-0.231469	-1.897318	0.340134	-0.239003	-1.853802	0.316327	-0.238044	-1.996739	0.165030	-0.268132	-1.971010	0.155991	-0.355879	-1.963594	0.051486	-0.215080	-1.919917	0.036881	-0.323758	-1.873804	0.054757	-0.250023	-2.051754	0.170500	-0.336592	-1.555495	0.826523	-0.563902	-1.508627	0.848646	-0.570023	-1.534796	0.784056	-0.567346	-1.488481	0.808025	-0.571535	-1.381609	0.511227	-0.511748	-1.394066	0.500134	-0.390840	-1.405856	0.307082	-0.535379	-1.349789	0.318811	-0.530394	-1.387071	0.258645	-0.525497	-1.338692	0.280335	-0.523028	-1.320473	0.095679	-0.498706	-1.301708	0.105059	-0.409252	-1.203266	0.054353	-0.521327	-1.175699	0.061855	-0.414089	-1.118733	0.098764	-0.469371	-1.368680	0.062194	-0.442257	-1.537866	1.435283	-0.235632	-1.538921	1.447677	-0.577545	
9	0.0400	-1.510354	0.952858	-0.249451	-1.494765	0.961054	-0.497728	-1.704448	0.990070	-0.357675	-1.692611	0.987385	-0.447699	-1.636788	0.811688	-0.189560	-1.583969	0.800801	-0.191113	-1.653573	0.763777	-0.193057	-1.599517	0.750879	-0.193636	-1.724356	0.482290	-0.236394	-1.694088	0.477394	-0.355523	-1.861668	0.383127	-0.231443	-1.815133	0.357426	-0.230369	-1.889113	0.341229	-0.237970	-1.846029	0.316627	-0.236977	-1.991391	0.168176	-0.267330	-1.965470	0.158758	-0.355100	-1.962383	0.053327	-0.215116	-1.919067	0.037585	-0.323627	-1.873847	0.054391	-0.249737	-2.045223	0.175766	-0.336098	-1.548520	0.827060	-0.564295	-1.501684	0.849104	-0.570493	-1.527894	0.784498	-0.567693	-1.481264	0.808507	-0.572215	-1.374011	0.511753	-0.512305	-1.386234	0.500794	-0.391547	-1.400044	0.307472	-0.535621	-1.343901	0.318555	-0.530492	-1.381944	0.258877	-0.525754	-1.333309	0.279962	-0.523026	-1.318234	0.095379	-0.498521	-1.299284	0.104401	-0.409089	-1.201885	0.052156	-0.521191	-1.174291	0.058830	-0.413761	-1.116549	0.094612	-0.469025	-1.367351	0.062941	-0.442182	-1.530912	1.435621	-0.236914	-1.531724	1.447182	-0.578876	
10	0.0450	-1.502658	0.952940	-0.250248	-1.487560	0.961497	-0.498495	-1.697033	0.989997	-0.357725	-1.685405	0.987516	-0.447813	-1.628065	0.811051	-0.189886	-1.575174	0.800518	-0.191538	-1.644442	0.762954	-0.193266	-1.590319	0.750471	-0.193896	-1.713256	0.480848	-0.235203	-1.682757	0.475454	-0.354111	-1.852369	0.383678	-0.230351	-1.806285	0.357203	-0.229258	-1.880539	0.342369	-0.236915	-1.837894	0.316967	-0.235905	-1.985663	0.171465	-0.266538	-1.959524	0.161619	-0.354318	-1.960967	0.055425	-0.215191	-1.918019	0.038508	-0.323506	-1.873778	0.053997	-0.249423	-2.038174	0.181202	-0.335630	-1.541542	0.827631	-0.564742	-1.494761	0.849586	-0.570999	-1.520978	0.784977	-0.568100	-1.474083	0.809007	-0.572930	-1.366384	0.512307	-0.512883	-1.378366	0.501482	-0.392270	-1.394241	0.307918	-0.535924	-1.338027	0.318336	-0.530610	-1.376847	0.259161	-0.526064	-1.327960	0.279626	-0.523035	-1.316100	0.095123	-0.498335	-1.296984	0.103795	-0.408924	-1.200589	0.050115	-0.521076	-1.172962	0.055966	-0.413432	-1.114503	0.090631	-0.468673	-1.366108	0.063666	-0.442105	-1.523855	1.436014	-0.238202	-1.524443	1.446732	-0.580196	
11	0.0500	-1.494922	0.953071	-0.251093	-1.480338	0.962013	-0.499308	-1.689578	0.989967	-0.357762	-1.678176	0.987700	-0.447915	-1.619196	0.810422	-0.190223	-1.566231	0.800271	-0.191974	-1.635124	0.762128	-0.193472	-1.580931	0.750093	-0.194162	-1.701773	0.479386	-0.233993	-1.671043	0.473491	-0.352678	-1.842674	0.384256	-0.229228	-1.797049	0.357011	-0.228140	-1.871570	0.343559	-0.235839	-1.829373	0.317354	-0.234830	-1.979525	0.174907	-0.265760	-1.953139	0.164580	-0.353536	-1.959306	0.057800	-0.215308	-1.916731	0.039672	-0.323397	-1.873559	0.053582	-0.249084	-2.030572	0.186807	-0.335190	-1.534566	0.828234	-0.565247	-1.487864	0.850089	-0.571540	-1.514053	0.785493	-0.568569	-1.466944	0.809522	-0.573680	-1.358748	0.512882	-0.513480	-1.370481	0.502190	-0.393007	-1.388470	0.308416	-0.536287	-1.332189	0.318153	-0.530747	-1.371801	0.259497	-0.526423	-1.322664	0.279325	-0.523054	-1.314083	0.094909	-0.498146	-1.294820	0.103245	-0.408755	-1.199385	0.048241	-0.520981	-1.171719	0.053278	-0.413101	-1.112606	0.086841	-0.468316	-1.364958	0.064364	-0.442025	-1.516696	1.436467	-0.239492	-1.517080	1.446332	-0.581499	
12	0.0550	-1.487151	0.953256	-0.251986	-1.473103	0.962603	-0.500167	-1.682090	0.989985	-0.357791	-1.670928	0.987939	-0.448007	-1.610186	0.809807	-0.190573	-1.557143	0.800067	-0.192421	-1.625618	0.761306	-0.193672	-1.571352	0.749753	-0.194436	-1.689893	0.477912	-0.232768	-1.658937	0.471517	-0.351228	-1.832562	0.384865	-0.228076	-1.787407	0.356857	-0.227019	-1.862183	0.344806	-0.234746	-1.820442	0.317795	-0.233759	-1.972950	0.178507	-0.265000	-1.946288	0.167647	-0.352758	-1.957362	0.060464	-0.215469	-1.915160	0.041095	-0.323301	-1.873152	0.053158	-0.248720	-2.022390	0.192579	-0.334780	-1.527596	0.828869	-0.565809	-1.480995	0.850612	-0.572117	-1.507123	0.786045	-0.569102	-1.459854	0.810052	-0.574461	-1.351126	0.513471	-0.514093	-1.362603	0.502912	-0.393755	-1.382753	0.308962	-0.536704	-1.326409	0.318003	-0.530903	-1.366825	0.259880	-0.526828	-1.317444	0.279058	-0.523083	-1.312193	0.094740	-0.497954	-1.292801	0.102751	-0.408582	-1.198279	0.046543	-0.520906	-1.170568	0.050777	-0.412770	-1.110867	0.083260	-0.467957	-1.363905	0.065031	-0.441941	-1.509440	1.436982	-0.240780	-1.509643	1.445989	-0.582781	
13	0.0600	-1.479356	0.953496	-0.252923	-1.465859	0.963266	-0.501071	-1.674576	0.990052	-0.357817	-1.663667	0.988235	-0.448095	-1.601041	0.809215	-0.190936	-1.547917	0.799914	-0.192879	-1.615930	0.760496	-0.193869	-1.561589	0.749458	-0.194715	-1.677611	0.476437	-0.231532	-1.646434	0.469545	-0.349770	-1.822020	0.385513	-0.226898	-1.777342	0.356749	-0.225900	-1.852363	0.346113	-0.233638	-1.811085	0.318299	-0.232695	-1.965917	0.182266	-0.264263	-1.938949	0.170827	-0.351987	-1.955094	0.063426	-0.215678	-1.913261	0.042795	-0.323222	-1.872510	0.052735	-0.248333	-2.013612	0.198508	-0.334402	-1.520637	0.829533	-0.566429	-1.474157	0.851155	-0.572727	-1.500193	0.786632	-0.569697	-1.452818	0.810595	-0.575268	-1.343544	0.514064	-0.514719	-1.354757	0.503636	-0.394510	-1.377115	0.309551	-0.537169	-1.320713	0.317883	-0.531075	-1.361942	0.260304	-0.527270	-1.312322	0.278823	-0.523122	-1.310436	0.094615	-0.497759	-1.290934	0.102314	-0.408406	-1.197275	0.045025	-0.520852	-1.169513	0.048472	-0.412441	-1.109290	0.079902	-0.467595	-1.362954	0.065663	-0.441854	-1.502095	1.437560	-0.242062	-1.502139	1.445707	-0.584039	
14	0.0650	-1.471545	0.953795	-0.253903	-1.458612	0.964000	-0.502018	-1.667045	0.990171	-0.357845	-1.656398	0.988587	-0.448183	-1.591770	0.808651	-0.191315	-1.538563	0.799820	-0.193347	-1.606067	0.759706	-0.194062	-1.551649	0.749218	-0.195000	-1.664930	0.474973	-0.230289	-1.633539	0.467592	-0.348312	-1.811041	0.386203	-0.225696	-1.766848	0.356694	-0.224790	-1.842101	0.347487	-0.232519	-1.801293	0.318872	-0.231644	-1.958410	0.186183	-0.263552	-1.931108	0.174120	-0.351227	-1.952461	0.066687	-0.215934	-1.910989	0.044780	-0.323161	-1.871586	0.052329	-0.247928	-2.004233	0.204580	-0.334059	-1.513691	0.830226	-0.567103	-1.467352	0.851715	-0.573368	-1.493268	0.787253	-0.570354	-1.445840	0.811151	-0.576098	-1.336032	0.514651	-0.515353	-1.346973	0.504353	-0.395269	-1.371583	0.310175	-0.537673	-1.315127	0.317788	-0.531263	-1.357174	0.260765	-0.527744	-1.307321	0.278615	-0.523169	-1.308819	0.094531	-0.497561	-1.289227	0.101932	-0.408226	-1.196375	0.043690	-0.520818	-1.168554	0.046371	-0.412114	-1.107879	0.076779	-0.467235	-1.362107	0.066258	-0.441765	-1.494669	1.438202	-0.243333	-1.494578	1.445492	-0.585269	
15	0.0700	-1.463730	0.954154	-0.254920	-1.451365	0.964801	-0.503003	-1.659507	0.990343	-0.357882	-1.649128	0.988996	-0.448277	-1.582386	0.808126	-0.191710	-1.529092	0.799790	-0.193823	-1.596041	0.758946	-0.194252	-1.541545	0.749041	-0.195289	-1.651857	0.473534	-0.229045	-1.620263	0.465675	-0.346862	-1.799622	0.386944	-0.224474	-1.755921	0.356702	-0.223694	-1.831393	0.348931	-0.231396	-1.791060	0.319522	-0.230613	-1.950419	0.190253	-0.262872	-1.922759	0.177528	-0.350482	-1.949421	0.070242	-0.216238	-1.908298	0.047058	-0.323120	-1.870328	0.051955	-0.247511	-1.994256	0.210778	-0.333749	-1.506763	0.830943	-0.567829	-1.460581	0.852289	-0.574036	-1.486355	0.787904	-0.571069	-1.438923	0.811717	-0.576944	-1.328618	0.515220	-0.515990	-1.339281	0.505052	-0.396027	-1.366184	0.310825	-0.538206	-1.309678	0.317712	-0.531464	-1.352543	0.261253	-0.528240	-1.302467	0.278431	-0.523226	-1.307345	0.094487	-0.497359	-1.287680	0.101605	-0.408043	-1.195579	0.042536	-0.520803	-1.167693	0.044475	-0.411792	-1.106632	0.073898	-0.466877	-1.361363	0.066811	-0.441672	-1.487176	1.438908	-0.244588	-1.486971	1.445349	-0.586466	
16	0.0750	-1.455923	0.954575	-0.255970	-1.444126	0.965664	-0.504022	-1.651970	0.990571	-0.357934	-1.641864	0.989462	-0.448382	-1.572905	0.807647	-0.192123	-1.519522	0.799834	-0.194307	-1.585869	0.758227	-0.194441	-1.531292	0.748937	-0.195580	-1.638407	0.472137	-0.227807	-1.606623	0.463816	-0.345432	-1.787770	0.387739	-0.223239	-1.744566	0.356779	-0.222619	-1.820243	0.350448	-0.230272	-1.780390	0.320255	-0.229608	-1.941941	0.194467	-0.262227	-1.913900	0.181050	-0.349758	-1.945935	0.074079	-0.216589	-1.905145	0.049627	-0.323102	-1.868684	0.051630	-0.247086	-1.983698	0.217079	-0.333474	-1.499858	0.831683	-0.568602	-1.453846	0.852877	-0.574727	-1.479458	0.788582	-0.571837	-1.432071	0.812293	-0.577799	-1.321334	0.515761	-0.516625	-1.331712	0.505722	-0.396778	-1.360945	0.311493	-0.538758	-1.304393	0.317651	-0.531676	-1.348072	0.261762	-0.528748	-1.297781	0.278265	-0.523290	-1.306015	0.094478	-0.497154	-1.286295	0.101329	-0.407857	-1.194887	0.041558	-0.520806	-1.166930	0.042786	-0.411476	-1.105547	0.071265	-0.466525	-1.360721	0.067321	-0.441578	-1.479628	1.439675	-0.245822	-1.479331	1.445283	-0.587626	
17	0.0800	-1.448135	0.955059	-0.257044	-1.436899	0.966582	-0.505068	-1.644448	0.990856	-0.358008	-1.634613	0.989983	-0.448506	-1.563344	0.807225	-0.192553	-1.509869	0.799957	-0.194798	-1.575569	0.757559	-0.194629	-1.520908	0.748915	-0.195874	-1.624603	0.470797	-0.226580	-1.592643	0.462035	-0.344031	-1.775496	0.388596	-0.221996	-1.732793	0.356935	-0.221571	-1.808659	0.352041	-0.229155	-1.769288	0.321079	-0.228634	-1.932979	0.198811	-0.261621	-1.904539	0.184682	-0.349058	-1.941962	0.078178	-0.216984	-1.901486	0.052482	-0.323109	-1.866597	0.051373	-0.246661	-1.972580	0.223456	-0.333233	-1.492979	0.832443	-0.569417	-1.447147	0.853476	-0.575437	-1.472586	0.789286	-0.572653	-1.425285	0.812876	-0.578657	-1.314214	0.516263	-0.517253	-1.324301	0.506351	-0.397519	-1.355893	0.312168	-0.539316	-1.299299	0.317598	-0.531897	-1.343783	0.262283	-0.529258	-1.293286	0.278114	-0.523361	-1.304829	0.094502	-0.496947	-1.285070	0.101100	-0.407669	-1.194295	0.040749	-0.520824	-1.166261	0.041299	-0.411167	-1.104618	0.068881	-0.466181	-1.360177	0.067786	-0.441483	-1.472042	1.440502	-0.247029	-1.471674	1.445295	-0.588746	
18	0.0850	-1.440380	0.955606	-0.258136	-1.429691	0.967551	-0.506135	-1.636949	0.991198	-0.358109	-1.627383	0.990560	-0.448653	-1.553722	0.806868	-0.193002	-1.500153	0.800169	-0.195293	-1.565161	0.756955	-0.194819	-1.510417	0.748983	-0.196170	-1.610470	0.469534	-0.225372	-1.578353	0.460357	-0.342672	-1.762816	0.389520	-0.220752	-1.720615	0.357177	-0.220558	-1.796656	0.353713	-0.228050	-1.757769	0.321997	-0.227698	-1.923538	0.203270	-0.261058	-1.894687	0.188418	-0.348390	-1.937465	0.082515	-0.217420	-1.897281	0.055611	-0.323142	-1.864013	0.051201	-0.246245	-1.960937	0.229879	-0.333023	-1.486130	0.833219	-0.570267	-1.440483	0.854085	-0.576160	-1.465745	0.790011	-0.573508	-1.418568	0.813465	-0.579511	-1.307287	0.516716	-0.517868	-1.317078	0.506931	-0.398244	-1.351054	0.312842	-0.539870	-1.294421	0.317548	-0.532123	-1.339695	0.262807	-0.529761	-1.289003	0.277972	-0.523440	-1.303784	0.094555	-0.496739	-1.284000	0.100916	-0.407479	-1.193800	0.040100	-0.520857	-1.165683	0.040011	-0.410869	-1.103838	0.066745	-0.465848	-1.359728	0.068204	-0.441387	-1.464435	1.441387	-0.248203	-1.464013	1.445391	-0.589824	
19	0.0900	-1.432670	0.956216	-0.259237	-1.422507	0.968561	-0.507213	-1.629485	0.991600	-0.358243	-1.620179	0.991192	-0.448830	-1.544061	0.806586	-0.193470	-1.490395	0.800475	-0.195791	-1.554669	0.756427	-0.195011	-1.499839	0.749152	-0.196465	-1.596039	0.468365	-0.224189	-1.563785	0.458804	-0.341364	-1.749753	0.390515	-0.219515	-1.708054	0.357513	-0.219586	-1.784254	0.355463	-0.226966	-1.745849	0.323014	-0.226806	-1.913631	0.207824	-0.260539	-1.884364	0.192250	-0.347756	-1.932407	0.087057	-0.217894	-1.892493	0.058997	-0.323203	-1.860873	0.051132	-0.245846	-1.948809	0.236316	-0.332843	-1.479316	0.834011	-0.571145	-1.433855	0.854703	-0.576892	-1.458944	0.790756	-0.574395	-1.411920	0.814060	-0.580353	-1.300583	0.517111	-0.518467	-1.310074	0.507451	-0.398950	-1.346450	0.313505	-0.540407	-1.289782	0.317495	-0.532354	-1.335827	0.263327	-0.530245	-1.284951	0.277835	-0.523524	-1.302877	0.094630	-0.496529	-1.283081	0.100771	-0.407290	-1.193396	0.039599	-0.520901	-1.165193	0.038912	-0.410583	-1.103198	0.064851	-0.465527	-1.359367	0.068575	-0.441292	-1.456822	1.442326	-0.249338	-1.456364	1.445573	-0.590855	
20	0.0950	-1.425017	0.956889	-0.260338	-1.415353	0.969606	-0.508294	-1.622066	0.992062	-0.358416	-1.613008	0.991878	-0.449040	-1.534380	0.806389	-0.193957	-1.480616	0.800882	-0.196290	-1.544117	0.755986	-0.195207	-1.489198	0.749430	-0.196759	-1.581344	0.467308	-0.223039	-1.548975	0.457400	-0.340120	-1.736331	0.391587	-0.218293	-1.695131	0.357948	-0.218661	-1.771475	0.357292	-0.225909	-1.733548	0.324133	-0.225963	-1.903272	0.212451	-0.260068	-1.873590	0.196169	-0.347163	-1.926754	0.091769	-0.218400	-1.887086	0.062616	-0.323295	-1.857123	0.051183	-0.245473	-1.936240	0.242732	-0.332689	-1.472541	0.834815	-0.572042	-1.427263	0.855329	-0.577627	-1.452189	0.791518	-0.575305	-1.405343	0.814661	-0.581178	-1.294132	0.517442	-0.519043	-1.303320	0.507906	-0.399631	-1.342104	0.314149	-0.540916	-1.285401	0.317437	-0.532586	-1.332194	0.263834	-0.530703	-1.281144	0.277700	-0.523614	-1.302102	0.094725	-0.496321	-1.282305	0.100662	-0.407101	-1.193077	0.039232	-0.520957	-1.164783	0.037992	-0.410311	-1.102687	0.063192	-0.465222	-1.359089	0.068900	-0.441199	-1.449222	1.443315	-0.250430	-1.448742	1.445844	-0.591839	
21	0.1000	-1.417432	0.957625	-0.261430	-1.408233	0.970680	-0.509370	-1.614701	0.992586	-0.358630	-1.605877	0.992618	-0.449288	-1.524701	0.806285	-0.194462	-1.470836	0.801398	-0.196789	-1.533527	0.755644	-0.195410	-1.478520	0.749826	-0.197053	-1.566421	0.466383	-0.221929	-1.533964	0.456168	-0.338950	-1.722580	0.392740	-0.217095	-1.681872	0.358488	-0.217787	-1.758345	0.359198	-0.224886	-1.720890	0.325357	-0.225175	-1.892479	0.217125	-0.259645	-1.862394	0.200160	-0.346615	-1.920475	0.096607	-0.218931	-1.881032	0.066442	-0.323418	-1.852710	0.051369	-0.245135	-1.923282	0.249091	-0.332558	-1.465810	0.835632	-0.572951	-1.420707	0.855964	-0.578359	-1.445488	0.792294	-0.576228	-1.398836	0.815266	-0.581977	-1.287958	0.517701	-0.519594	-1.296840	0.508289	-0.400284	-1.338031	0.314766	-0.541389	-1.281296	0.317368	-0.532818	-1.328809	0.264322	-0.531125	-1.277597	0.277563	-0.523709	-1.301452	0.094835	-0.496114	-1.281662	0.100584	-0.406916	-1.192836	0.038985	-0.521020	-1.164448	0.037241	-0.410056	-1.102292	0.061758	-0.464935	-1.358885	0.069180	-0.441108	-1.441651	1.444352	-0.251473	-1.441160	1.446204	-0.592773	
22	0.1050	-1.409925	0.958423	-0.262504	-1.401153	0.971774	-0.510431	-1.607398	0.993174	-0.358890	-1.598789	0.993413	-0.449576	-1.515042	0.806283	-0.194983	-1.461076	0.802027	-0.197285	-1.522925	0.755411	-0.195620	-1.467828	0.750346	-0.197344	-1.551308	0.465607	-0.220865	-1.518789	0.455131	-0.337862	-1.708530	0.393976	-0.215930	-1.668307	0.359139	-0.216971	-1.744893	0.361179	-0.223904	-1.707902	0.326685	-0.224445	-1.881273	0.221819	-0.259273	-1.850802	0.204212	-0.346116	-1.913542	0.101527	-0.219483	-1.874304	0.070441	-0.323572	-1.847581	0.051704	-0.244842	-1.909987	0.255357	-0.332447	-1.459126	0.836459	-0.573863	-1.414187	0.856608	-0.579084	-1.438850	0.793084	-0.577156	-1.392401	0.815876	-0.582746	-1.282082	0.517887	-0.520115	-1.290657	0.508598	-0.400907	-1.334245	0.315351	-0.541816	-1.277480	0.317287	-0.533048	-1.325682	0.264786	-0.531506	-1.274317	0.277421	-0.523810	-1.300918	0.094955	-0.495910	-1.281142	0.100532	-0.406735	-1.192665	0.038842	-0.521090	-1.164181	0.036644	-0.409818	-1.102001	0.060535	-0.464668	-1.358748	0.069416	-0.441020	-1.434124	1.445433	-0.252464	-1.433631	1.446656	-0.593656	
23	0.1100	-1.402505	0.959282	-0.263552	-1.394116	0.972882	-0.511469	-1.600165	0.993825	-0.359196	-1.591749	0.994261	-0.449905	-1.505424	0.806389	-0.195521	-1.451355	0.802775	-0.197777	-1.512332	0.755299	-0.195840	-1.457143	0.750998	-0.197632	-1.536043	0.464997	-0.219854	-1.503491	0.454309	-0.336866	-1.694214	0.395298	-0.214805	-1.654464	0.359904	-0.216216	-1.731149	0.363232	-0.222969	-1.694609	0.328117	-0.223778	-1.869676	0.226506	-0.258951	-1.838847	0.208306	-0.345670	-1.905932	0.106482	-0.220046	-1.866881	0.074576	-0.323759	-1.841691	0.052197	-0.244603	-1.896411	0.261492	-0.332350	-1.452493	0.837297	-0.574771	-1.407704	0.857262	-0.579796	-1.432281	0.793887	-0.578078	-1.386037	0.816493	-0.583480	-1.276522	0.517998	-0.520603	-1.284789	0.508832	-0.401496	-1.330756	0.315898	-0.542191	-1.273961	0.317191	-0.533274	-1.322818	0.265221	-0.531839	-1.271311	0.277275	-0.523916	-1.300491	0.095080	-0.495712	-1.280734	0.100503	-0.406560	-1.192556	0.038788	-0.521166	-1.163975	0.036187	-0.409599	-1.101801	0.059511	-0.464422	-1.358670	0.069611	-0.440938	-1.426656	1.446554	-0.253397	-1.426166	1.447200	-0.594488	
24	0.1150	-1.395178	0.960200	-0.264566	-1.387126	0.973999	-0.512475	-1.593005	0.994542	-0.359550	-1.584760	0.995166	-0.450278	-1.495861	0.806611	-0.196074	-1.441689	0.803646	-0.198263	-1.501770	0.755315	-0.196071	-1.446488	0.751789	-0.197919	-1.520663	0.464567	-0.218900	-1.488107	0.453722	-0.335969	-1.679665	0.396707	-0.213730	-1.640374	0.360785	-0.215525	-1.717143	0.365352	-0.222088	-1.681041	0.329651	-0.223175	-1.857711	0.231154	-0.258678	-1.826561	0.212425	-0.345280	-1.897624	0.111420	-0.220614	-1.858749	0.078810	-0.323979	-1.834997	0.052856	-0.244425	-1.882607	0.267462	-0.332264	-1.445916	0.838146	-0.575664	-1.401259	0.857927	-0.580491	-1.425790	0.794701	-0.578986	-1.379745	0.817116	-0.584174	-1.271292	0.518035	-0.521056	-1.279252	0.508991	-0.402049	-1.327569	0.316404	-0.542509	-1.270744	0.317081	-0.533497	-1.320219	0.265625	-0.532122	-1.268581	0.277122	-0.524026	-1.300161	0.095209	-0.495521	-1.280427	0.100493	-0.406394	-1.192501	0.038807	-0.521245	-1.163823	0.035856	-0.409402	-1.101679	0.058667	-0.464198	-1.358643	0.069768	-0.440862	-1.419257	1.447713	-0.254272	-1.418775	1.447837	-0.595268	
25	0.1200	-1.387950	0.961177	-0.265537	-1.380186	0.975121	-0.513441	-1.585924	0.995326	-0.359949	-1.577823	0.996126	-0.450691	-1.486369	0.806953	-0.196638	-1.432094	0.804645	-0.198742	-1.491258	0.755468	-0.196314	-1.435882	0.752722	-0.198202	-1.505203	0.464332	-0.218008	-1.472675	0.453385	-0.335178	-1.664915	0.398203	-0.212712	-1.626066	0.361785	-0.214902	-1.702906	0.367532	-0.221266	-1.667225	0.331282	-0.222640	-1.845400	0.235734	-0.258454	-1.813973	0.216550	-0.344949	-1.888603	0.116292	-0.221180	-1.849896	0.083098	-0.324230	-1.827462	0.053683	-0.244315	-1.868627	0.273231	-0.332183	-1.439398	0.839008	-0.576536	-1.394853	0.858605	-0.581165	-1.419382	0.795528	-0.579869	-1.373526	0.817746	-0.584825	-1.266398	0.518002	-0.521473	-1.274054	0.509079	-0.402567	-1.324684	0.316867	-0.542768	-1.267829	0.316956	-0.533714	-1.317884	0.265994	-0.532353	-1.266124	0.276963	-0.524142	-1.299919	0.095336	-0.495338	-1.280207	0.100499	-0.406239	-1.192491	0.038884	-0.521325	-1.163717	0.035635	-0.409226	-1.101622	0.057988	-0.463998	-1.358658	0.069892	-0.440793	-1.411939	1.448905	-0.255085	-1.411464	1.448566	-0.595996	
26	0.1250	-1.380823	0.962212	-0.266461	-1.373296	0.976242	-0.514362	-1.578922	0.996178	-0.360392	-1.570940	0.997144	-0.451143	-1.476959	0.807420	-0.197213	-1.422582	0.805773	-0.199213	-1.480812	0.755764	-0.196569	-1.425341	0.753802	-0.198482	-1.489697	0.464303	-0.217184	-1.457228	0.453314	-0.334496	-1.649996	0.399784	-0.211760	-1.611569	0.362901	-0.214346	-1.688469	0.369766	-0.220508	-1.653188	0.333005	-0.222172	-1.832767	0.240214	-0.258277	-1.801116	0.220659	-0.344677	-1.878860	0.121048	-0.221734	-1.840318	0.087398	-0.324511	-1.819056	0.054678	-0.244279	-1.854521	0.278767	-0.332105	-1.432945	0.839884	-0.577379	-1.388490	0.859298	-0.581814	-1.413064	0.796368	-0.580719	-1.367381	0.818385	-0.585430	-1.261847	0.517902	-0.521853	-1.269201	0.509101	-0.403047	-1.322098	0.317287	-0.542965	-1.265213	0.316817	-0.533927	-1.315808	0.266330	-0.532530	-1.263935	0.276799	-0.524264	-1.299753	0.095460	-0.495167	-1.280064	0.100518	-0.406095	-1.192518	0.039004	-0.521407	-1.163650	0.035508	-0.409074	-1.101617	0.057455	-0.463822	-1.358707	0.069985	-0.440731	-1.404707	1.450129	-0.255835	-1.404238	1.449387	-0.596674	
27	0.1300	-1.373800	0.963302	-0.267331	-1.366459	0.977360	-0.515230	-1.572000	0.997099	-0.360874	-1.564110	0.998221	-0.451631	-1.467641	0.808015	-0.197795	-1.413165	0.807034	-0.199673	-1.470446	0.756208	-0.196838	-1.414880	0.755032	-0.198760	-1.474176	0.464490	-0.216429	-1.441798	0.453520	-0.333927	-1.634940	0.401447	-0.210880	-1.596910	0.364133	-0.213860	-1.673860	0.372044	-0.219817	-1.638955	0.334814	-0.221774	-1.819834	0.244565	-0.258145	-1.788017	0.224729	-0.344467	-1.868388	0.125641	-0.222270	-1.830015	0.091667	-0.324821	-1.809757	0.055835	-0.244320	-1.840333	0.284038	-0.332023	-1.426559	0.840774	-0.578187	-1.382171	0.860007	-0.582435	-1.406843	0.797220	-0.581530	-1.361311	0.819033	-0.585987	-1.257635	0.517744	-0.522196	-1.264692	0.509066	-0.403491	-1.319803	0.317665	-0.543104	-1.262887	0.316668	-0.534134	-1.313982	0.266633	-0.532656	-1.262005	0.276632	-0.524391	-1.299652	0.095579	-0.495008	-1.279985	0.100548	-0.405966	-1.192576	0.039154	-0.521489	-1.163615	0.035462	-0.408945	-1.101653	0.057051	-0.463670	-1.358784	0.070053	-0.440679	-1.397568	1.451382	-0.256522	-1.397100	1.450298	-0.597302	
28	0.1350	-1.366879	0.964445	-0.268145	-1.359674	0.978473	-0.516043	-1.565157	0.998090	-0.361391	-1.557333	0.999357	-0.452149	-1.458422	0.808738	-0.198381	-1.403848	0.808427	-0.200122	-1.460173	0.756803	-0.197121	-1.404510	0.756412	-0.199034	-1.458668	0.464900	-0.215748	-1.426413	0.454010	-0.333472	-1.619776	0.403189	-0.210078	-1.582117	0.365479	-0.213442	-1.659107	0.374358	-0.219198	-1.624551	0.336699	-0.221443	-1.806621	0.248758	-0.258055	-1.774704	0.228738	-0.344316	-1.857189	0.130024	-0.222781	-1.818992	0.095859	-0.325155	-1.799549	0.057145	-0.244441	-1.826103	0.289016	-0.331937	-1.420245	0.841682	-0.578952	-1.375902	0.860734	-0.583024	-1.400722	0.798087	-0.582292	-1.355317	0.819692	-0.586496	-1.253760	0.517534	-0.522503	-1.260522	0.508980	-0.403900	-1.317787	0.318002	-0.543186	-1.260840	0.316511	-0.534335	-1.312395	0.266905	-0.532734	-1.260322	0.276464	-0.524523	-1.299607	0.095691	-0.494863	-1.279958	0.100587	-0.405852	-1.192655	0.039322	-0.521571	-1.163606	0.035480	-0.408840	-1.101720	0.056756	-0.463542	-1.358881	0.070099	-0.440636	-1.390522	1.452662	-0.257147	-1.390049	1.451297	-0.597882	
29	0.1400	-1.360058	0.965641	-0.268899	-1.352942	0.979580	-0.516796	-1.558389	0.999151	-0.361936	-1.550605	1.000552	-0.452692	-1.449307	0.809590	-0.198969	-1.394638	0.809952	-0.200558	-1.449999	0.757551	-0.197416	-1.394241	0.757943	-0.199307	-1.443199	0.465538	-0.215141	-1.411098	0.454790	-0.333131	-1.604530	0.405004	-0.209359	-1.567212	0.366932	-0.213093	-1.644234	0.376696	-0.218652	-1.609999	0.338652	-0.221180	-1.793148	0.252763	-0.258004	-1.761200	0.232660	-0.344225	-1.845267	0.134155	-0.223260	-1.807260	0.099932	-0.325512	-1.788426	0.058594	-0.244641	-1.811865	0.293675	-0.331842	-1.414006	0.842608	-0.579670	-1.369685	0.861479	-0.583581	-1.394708	0.798970	-0.583002	-1.349403	0.820362	-0.586956	-1.250211	0.517284	-0.522775	-1.256685	0.508855	-0.404274	-1.316035	0.318303	-0.543215	-1.259057	0.316350	-0.534532	-1.311033	0.267149	-0.532767	-1.258872	0.276299	-0.524661	-1.299607	0.095795	-0.494733	-1.279972	0.100634	-0.405755	-1.192750	0.039497	-0.521651	-1.163618	0.035551	-0.408758	-1.101807	0.056555	-0.463436	-1.358992	0.070130	-0.440603	-1.383570	1.453966	-0.257710	-1.383084	1.452382	-0.598414	
30	0.1450	-1.353332	0.966886	-0.269593	-1.346262	0.980679	-0.517488	-1.551693	1.000281	-0.362503	-1.543924	1.001807	-0.453253	-1.440295	0.810570	-0.199554	-1.385537	0.811609	-0.200981	-1.439933	0.758451	-0.197722	-1.384079	0.759624	-0.199577	-1.427790	0.466407	-0.214611	-1.395872	0.455862	-0.332904	-1.589229	0.406884	-0.208726	-1.552218	0.368487	-0.212811	-1.629266	0.379047	-0.218181	-1.595319	0.340661	-0.220982	-1.779433	0.256555	-0.257988	-1.747526	0.236471	-0.344192	-1.832634	0.137998	-0.223701	-1.794833	0.103844	-0.325886	-1.776389	0.060164	-0.244917	-1.797646	0.297992	-0.331737	-1.407847	0.843553	-0.580336	-1.363526	0.862244	-0.584102	-1.388803	0.799868	-0.583654	-1.343569	0.821042	-0.587369	-1.246976	0.517002	-0.523013	-1.253168	0.508699	-0.404616	-1.314530	0.318571	-0.543199	-1.257520	0.316188	-0.534724	-1.309880	0.267368	-0.532762	-1.257637	0.276139	-0.524805	-1.299643	0.095891	-0.494621	-1.280018	0.100689	-0.405677	-1.192856	0.039670	-0.521730	-1.163644	0.035662	-0.408700	-1.101908	0.056429	-0.463353	-1.359113	0.070148	-0.440581	-1.376710	1.455295	-0.258214	-1.376201	1.453550	-0.598901	
31	0.1500	-1.346697	0.968178	-0.270226	-1.339633	0.981771	-0.518120	-1.545063	1.001479	-0.363083	-1.537288	1.003122	-0.453824	-1.431388	0.811675	-0.200134	-1.376546	0.813395	-0.201390	-1.429976	0.759501	-0.198039	-1.374028	0.761452	-0.199844	-1.412458	0.467506	-0.214158	-1.380754	0.457224	-0.332786	-1.573893	0.408822	-0.208184	-1.537154	0.370138	-0.212593	-1.614224	0.381398	-0.217785	-1.580528	0.342715	-0.220847	-1.765493	0.260107	-0.258005	-1.733700	0.240145	-0.344213	-1.819304	0.141517	-0.224098	-1.781731	0.107558	-0.326273	-1.763446	0.061836	-0.245266	-1.783466	0.301944	-0.331621	-1.401772	0.844520	-0.580947	-1.357429	0.863027	-0.584587	-1.383010	0.800782	-0.584245	-1.337819	0.821733	-0.587735	-1.244040	0.516698	-0.523221	-1.249955	0.508525	-0.404929	-1.313251	0.318810	-0.543143	-1.256211	0.316030	-0.534912	-1.308917	0.267566	-0.532723	-1.256599	0.275989	-0.524955	-1.299707	0.095978	-0.494525	-1.280085	0.100751	-0.405617	-1.192966	0.039833	-0.521808	-1.163680	0.035800	-0.408664	-1.102014	0.056364	-0.463289	-1.359238	0.070159	-0.440568	-1.369936	1.456644	-0.258663	-1.369394	1.454796	-0.599345	
32	0.1550	-1.340145	0.969515	-0.270802	-1.333053	0.982857	-0.518691	-1.538493	1.002744	-0.363668	-1.530692	1.004494	-0.454398	-1.422583	0.812900	-0.200703	-1.367664	0.815307	-0.201784	-1.420130	0.760699	-0.198365	-1.364090	0.763422	-0.200110	-1.397221	0.468834	-0.213781	-1.365759	0.458871	-0.332775	-1.558545	0.410808	-0.207732	-1.522037	0.371876	-0.212439	-1.599127	0.383736	-0.217463	-1.565644	0.344801	-0.220771	-1.751343	0.263398	-0.258051	-1.719734	0.243657	-0.344286	-1.805298	0.144686	-0.224447	-1.767975	0.111036	-0.326667	-1.749617	0.063584	-0.245681	-1.769339	0.305513	-0.331493	-1.395782	0.845508	-0.581500	-1.351400	0.863828	-0.585036	-1.377331	0.801713	-0.584771	-1.332155	0.822433	-0.588056	-1.241384	0.516383	-0.523401	-1.247028	0.508342	-0.405214	-1.312177	0.319027	-0.543054	-1.255107	0.315881	-0.535095	-1.308126	0.267748	-0.532658	-1.255738	0.275851	-0.525109	-1.299790	0.096059	-0.494448	-1.280166	0.100820	-0.405577	-1.193076	0.039981	-0.521885	-1.163722	0.035958	-0.408649	-1.102120	0.056344	-0.463245	-1.359364	0.070168	-0.440565	-1.363243	1.458014	-0.259058	-1.362656	1.456117	-0.599746	
33	0.1600	-1.333668	0.970892	-0.271322	-1.326519	0.983936	-0.519206	-1.531976	1.004073	-0.364249	-1.524133	1.005922	-0.454966	-1.413874	0.814241	-0.201259	-1.358887	0.817340	-0.202164	-1.410394	0.762038	-0.198696	-1.354265	0.765530	-0.200374	-1.382090	0.470385	-0.213479	-1.350899	0.460798	-0.332865	-1.543201	0.412832	-0.207373	-1.506883	0.373691	-0.212345	-1.583992	0.386046	-0.217215	-1.550681	0.346905	-0.220753	-1.736994	0.266406	-0.258123	-1.705638	0.246980	-0.344406	-1.790641	0.147482	-0.224745	-1.753590	0.114248	-0.327061	-1.734924	0.065383	-0.246151	-1.755273	0.308683	-0.331356	-1.389882	0.846518	-0.581993	-1.345444	0.864644	-0.585446	-1.371768	0.802660	-0.585232	-1.326579	0.823141	-0.588335	-1.238990	0.516067	-0.523557	-1.244369	0.508160	-0.405476	-1.311287	0.319227	-0.542941	-1.254188	0.315744	-0.535275	-1.307487	0.267919	-0.532573	-1.255036	0.275729	-0.525269	-1.299885	0.096132	-0.494388	-1.280253	0.100897	-0.405556	-1.193184	0.040109	-0.521959	-1.163767	0.036125	-0.408654	-1.102222	0.056358	-0.463218	-1.359488	0.070176	-0.440572	-1.356622	1.459403	-0.259404	-1.355978	1.457507	-0.600107	
34	0.1650	-1.327257	0.972307	-0.271791	-1.320031	0.985010	-0.519667	-1.525505	1.005462	-0.364819	-1.517606	1.007402	-0.455521	-1.405256	0.815692	-0.201797	-1.350212	0.819488	-0.202528	-1.400766	0.763513	-0.199029	-1.344552	0.767769	-0.200636	-1.367075	0.472154	-0.213252	-1.336182	0.462992	-0.333051	-1.527878	0.414881	-0.207104	-1.491704	0.375572	-0.212309	-1.568832	0.388315	-0.217039	-1.535651	0.349014	-0.220788	-1.722460	0.269112	-0.258216	-1.691421	0.250089	-0.344568	-1.775362	0.149888	-0.224987	-1.738603	0.117164	-0.327448	-1.719400	0.067206	-0.246668	-1.741267	0.311440	-0.331210	-1.384073	0.847548	-0.582427	-1.339564	0.865474	-0.585820	-1.366320	0.803623	-0.585627	-1.321094	0.823855	-0.588574	-1.236836	0.515758	-0.523691	-1.241955	0.507988	-0.405718	-1.310557	0.319415	-0.542811	-1.253430	0.315623	-0.535452	-1.306980	0.268084	-0.532474	-1.254471	0.275627	-0.525432	-1.299987	0.096200	-0.494347	-1.280340	0.100982	-0.405553	-1.193286	0.040215	-0.522033	-1.163812	0.036296	-0.408678	-1.102315	0.056394	-0.463206	-1.359608	0.070189	-0.440588	-1.350065	1.460807	-0.259706	-1.349352	1.458961	-0.600429	
35	0.1700	-1.320903	0.973755	-0.272214	-1.313585	0.986079	-0.520079	-1.519073	1.006907	-0.365368	-1.511109	1.008930	-0.456054	-1.396723	0.817246	-0.202313	-1.341632	0.821745	-0.202877	-1.391241	0.765115	-0.199363	-1.334948	0.770131	-0.200896	-1.352184	0.474132	-0.213097	-1.321616	0.465443	-0.333326	-1.512590	0.416944	-0.206924	-1.476513	0.377509	-0.212327	-1.553663	0.390527	-0.216931	-1.520564	0.351114	-0.220872	-1.707750	0.271502	-0.258329	-1.677085	0.252960	-0.344766	-1.759491	0.151892	-0.225174	-1.723045	0.119760	-0.327822	-1.703083	0.069024	-0.247216	-1.727318	0.313773	-0.331059	-1.378357	0.848598	-0.582801	-1.333765	0.866312	-0.586157	-1.360987	0.804598	-0.585958	-1.315702	0.824571	-0.588777	-1.234900	0.515465	-0.523807	-1.239765	0.507835	-0.405943	-1.309965	0.319596	-0.542671	-1.252813	0.315522	-0.535625	-1.306586	0.268246	-0.532368	-1.254025	0.275547	-0.525599	-1.300090	0.096263	-0.494322	-1.280422	0.101077	-0.405570	-1.193380	0.040296	-0.522105	-1.163855	0.036463	-0.408718	-1.102399	0.056441	-0.463207	-1.359721	0.070210	-0.440611	-1.343561	1.462227	-0.259968	-1.342768	1.460473	-0.600714	
36	0.1750	-1.314597	0.975233	-0.272597	-1.307179	0.987144	-0.520449	-1.512671	1.008403	-0.365889	-1.504635	1.010499	-0.456559	-1.388267	0.818894	-0.202805	-1.333143	0.824103	-0.203212	-1.381815	0.766837	-0.199693	-1.325450	0.772608	-0.201154	-1.337422	0.476307	-0.213012	-1.307207	0.468136	-0.333683	-1.497347	0.419007	-0.206830	-1.461318	0.379490	-0.212398	-1.538493	0.392669	-0.216889	-1.505431	0.353189	-0.221001	-1.692872	0.273561	-0.258458	-1.662630	0.255569	-0.344997	-1.743062	0.153490	-0.225302	-1.706943	0.122018	-0.328174	-1.686015	0.070808	-0.247784	-1.713415	0.315670	-0.330907	-1.372735	0.849664	-0.583118	-1.328049	0.867155	-0.586458	-1.355766	0.805584	-0.586227	-1.310403	0.825287	-0.588946	-1.233160	0.515193	-0.523909	-1.237774	0.507707	-0.406154	-1.309490	0.319775	-0.542527	-1.252314	0.315444	-0.535794	-1.306287	0.268411	-0.532258	-1.253677	0.275491	-0.525768	-1.300191	0.096324	-0.494314	-1.280494	0.101180	-0.405603	-1.193464	0.040354	-0.522176	-1.163895	0.036622	-0.408773	-1.102470	0.056491	-0.463220	-1.359827	0.070239	-0.440640	-1.337101	1.463658	-0.260193	-1.336215	1.462034	-0.600964	
37	0.1800	-1.308327	0.976735	-0.272946	-1.300811	0.988204	-0.520782	-1.506293	1.009944	-0.366375	-1.498183	1.012104	-0.457028	-1.379880	0.820628	-0.203267	-1.324737	0.826554	-0.203532	-1.372481	0.768667	-0.200015	-1.316052	0.775190	-0.201411	-1.322794	0.478669	-0.212993	-1.292959	0.471053	-0.334114	-1.482161	0.421056	-0.206817	-1.446128	0.381501	-0.212518	-1.523334	0.394725	-0.216908	-1.490258	0.355227	-0.221173	-1.677834	0.275277	-0.258601	-1.648056	0.257893	-0.345252	-1.726112	0.154679	-0.225371	-1.690330	0.123920	-0.328496	-1.668242	0.072532	-0.248355	-1.699543	0.317125	-0.330757	-1.367208	0.850744	-0.583380	-1.322419	0.867998	-0.586724	-1.350655	0.806579	-0.586437	-1.305199	0.825998	-0.589085	-1.231596	0.514948	-0.523999	-1.235961	0.507608	-0.406356	-1.309111	0.319958	-0.542385	-1.251915	0.315392	-0.535961	-1.306064	0.268582	-0.532151	-1.253412	0.275462	-0.525939	-1.300285	0.096383	-0.494320	-1.280553	0.101294	-0.405653	-1.193538	0.040388	-0.522247	-1.163930	0.036771	-0.408840	-1.102529	0.056539	-0.463242	-1.359926	0.070281	-0.440675	-1.330674	1.465098	-0.260388	-1.329683	1.463638	-0.601180	
38	0.1850	-1.302085	0.978257	-0.273267	-1.294477	0.989259	-0.521086	-1.499932	1.011522	-0.366820	-1.491749	1.013736	-0.457456	-1.371554	0.822439	-0.203698	-1.316408	0.829089	-0.203838	-1.363233	0.770595	-0.200326	-1.306750	0.777866	-0.201665	-1.308303	0.481203	-0.213038	-1.278876	0.474177	-0.334613	-1.467041	0.423077	-0.206880	-1.430951	0.383529	-0.212684	-1.508194	0.396681	-0.216983	-1.475053	0.357214	-0.221382	-1.662642	0.276643	-0.258755	-1.633357	0.259912	-0.345528	-1.708677	0.155466	-0.225382	-1.673234	0.125457	-0.328780	-1.649815	0.074170	-0.248913	-1.685685	0.318130	-0.330615	-1.361774	0.851834	-0.583590	-1.316876	0.868835	-0.586957	-1.345650	0.807577	-0.586590	-1.300090	0.826701	-0.589197	-1.230185	0.514735	-0.524083	-1.234302	0.507544	-0.406550	-1.308810	0.320148	-0.542249	-1.251597	0.315367	-0.536123	-1.305903	0.268763	-0.532048	-1.253212	0.275461	-0.526111	-1.300369	0.096443	-0.494340	-1.280597	0.101419	-0.405716	-1.193602	0.040399	-0.522315	-1.163960	0.036906	-0.408918	-1.102575	0.056578	-0.463273	-1.360016	0.070335	-0.440713	-1.324271	1.466544	-0.260555	-1.323163	1.465276	-0.601363	
39	0.1900	-1.295861	0.979792	-0.273568	-1.288176	0.990308	-0.521366	-1.493580	1.013128	-0.367218	-1.485331	1.015388	-0.457837	-1.363281	0.824317	-0.204093	-1.308149	0.831698	-0.204131	-1.354065	0.772611	-0.200622	-1.297539	0.780625	-0.201918	-1.293951	0.483896	-0.213143	-1.264961	0.477488	-0.335170	-1.451993	0.425056	-0.207015	-1.415792	0.385562	-0.212894	-1.493078	0.398523	-0.217110	-1.459822	0.359134	-0.221624	-1.647300	0.277652	-0.258918	-1.618529	0.261607	-0.345817	-1.690794	0.155857	-0.225334	-1.655687	0.126623	-0.329018	-1.630786	0.075698	-0.249443	-1.671820	0.318680	-0.330485	-1.356431	0.852929	-0.583753	-1.311420	0.869659	-0.587159	-1.340746	0.808574	-0.586693	-1.295073	0.827391	-0.589286	-1.228909	0.514554	-0.524161	-1.232777	0.507514	-0.406740	-1.308571	0.320349	-0.542121	-1.251343	0.315372	-0.536281	-1.305790	0.268956	-0.531953	-1.253064	0.275489	-0.526282	-1.300443	0.096505	-0.494371	-1.280625	0.101554	-0.405792	-1.193654	0.040391	-0.522383	-1.163984	0.037026	-0.409004	-1.102608	0.056604	-0.463309	-1.360098	0.070402	-0.440752	-1.317881	1.467991	-0.260699	-1.316645	1.466940	-0.601514	
40	0.1950	-1.289646	0.981335	-0.273855	-1.281905	0.991347	-0.521632	-1.487234	1.014756	-0.367564	-1.478924	1.017050	-0.458169	-1.355054	0.826254	-0.204451	-1.299954	0.834369	-0.204412	-1.344970	0.774703	-0.200900	-1.288415	0.783455	-0.202169	-1.279740	0.486730	-0.213303	-1.251218	0.480966	-0.335779	-1.437025	0.426978	-0.207213	-1.400659	0.387586	-0.213146	-1.477995	0.400238	-0.217284	-1.444571	0.360977	-0.221896	-1.631814	0.278299	-0.259090	-1.603563	0.262960	-0.346114	-1.672499	0.155866	-0.225229	-1.637715	0.127415	-0.329202	-1.611205	0.077096	-0.249928	-1.657925	0.318772	-0.330373	-1.351178	0.854024	-0.583873	-1.306049	0.870464	-0.587332	-1.335937	0.809566	-0.586750	-1.290147	0.828062	-0.589356	-1.227748	0.514408	-0.524239	-1.231364	0.507521	-0.406928	-1.308378	0.320564	-0.542003	-1.251140	0.315406	-0.536435	-1.305711	0.269163	-0.531866	-1.252955	0.275547	-0.526450	-1.300505	0.096570	-0.494410	-1.280634	0.101701	-0.405878	-1.193697	0.040366	-0.522449	-1.164003	0.037131	-0.409096	-1.102630	0.056616	-0.463350	-1.360171	0.070484	-0.440790	-1.311497	1.469435	-0.260824	-1.310122	1.468621	-0.601636	
41	0.2000	-1.283431	0.982880	-0.274135	-1.275661	0.992375	-0.521888	-1.480886	1.016395	-0.367857	-1.472529	1.018711	-0.458447	-1.346866	0.828239	-0.204768	-1.291817	0.837093	-0.204683	-1.335943	0.776857	-0.201157	-1.279372	0.786344	-0.202419	-1.265672	0.489691	-0.213515	-1.237649	0.484589	-0.336432	-1.422141	0.428830	-0.207468	-1.385556	0.389588	-0.213435	-1.462950	0.401813	-0.217500	-1.429306	0.362729	-0.222194	-1.616185	0.278581	-0.259267	-1.588452	0.263957	-0.346413	-1.653828	0.155507	-0.225066	-1.619346	0.127835	-0.329325	-1.591125	0.078346	-0.250352	-1.643977	0.318404	-0.330284	-1.346010	0.855112	-0.583955	-1.300761	0.871244	-0.587478	-1.331218	0.810548	-0.586767	-1.285309	0.828710	-0.589409	-1.226685	0.514296	-0.524317	-1.230043	0.507561	-0.407118	-1.308220	0.320795	-0.541896	-1.250975	0.315469	-0.536583	-1.305657	0.269387	-0.531787	-1.252875	0.275633	-0.526616	-1.300554	0.096640	-0.494456	-1.280625	0.101859	-0.405972	-1.193730	0.040326	-0.522513	-1.164016	0.037220	-0.409193	-1.102639	0.056611	-0.463394	-1.360238	0.070579	-0.440826	-1.305110	1.470872	-0.260933	-1.303584	1.470308	-0.601729	
42	0.2050	-1.277210	0.984420	-0.274414	-1.269443	0.993388	-0.522142	-1.474534	1.018035	-0.368093	-1.466142	1.020362	-0.458670	-1.338712	0.830262	-0.205043	-1.283732	0.839857	-0.204945	-1.326979	0.779064	-0.201390	-1.270408	0.789279	-0.202667	-1.251749	0.492760	-0.213774	-1.224258	0.488336	-0.337120	-1.407348	0.430598	-0.207774	-1.370490	0.391554	-0.213759	-1.447946	0.403235	-0.217751	-1.414031	0.364379	-0.222514	-1.600418	0.278499	-0.259448	-1.573188	0.264585	-0.346709	-1.634815	0.154799	-0.224846	-1.600606	0.127890	-0.329378	-1.570596	0.079436	-0.250700	-1.629950	0.317574	-0.330222	-1.340924	0.856188	-0.584005	-1.295552	0.871992	-0.587599	-1.326581	0.811512	-0.586750	-1.280554	0.829331	-0.589448	-1.225704	0.514216	-0.524398	-1.228797	0.507634	-0.407311	-1.308087	0.321044	-0.541799	-1.250837	0.315562	-0.536725	-1.305619	0.269628	-0.531715	-1.252814	0.275747	-0.526778	-1.300590	0.096716	-0.494507	-1.280598	0.102027	-0.406072	-1.193754	0.040276	-0.522575	-1.164025	0.037295	-0.409292	-1.102639	0.056588	-0.463440	-1.360296	0.070688	-0.440858	-1.298714	1.472295	-0.261029	-1.297025	1.471992	-0.601795	
43	0.2100	-1.270974	0.985949	-0.274696	-1.263248	0.994381	-0.522399	-1.468172	1.019666	-0.368272	-1.459763	1.021992	-0.458837	-1.330588	0.832315	-0.205274	-1.275694	0.842649	-0.205199	-1.318071	0.781309	-0.201597	-1.261518	0.792247	-0.202914	-1.237971	0.495920	-0.214075	-1.211048	0.492184	-0.337837	-1.392648	0.432268	-0.208121	-1.355464	0.393472	-0.214115	-1.432989	0.404495	-0.218033	-1.398751	0.365917	-0.222851	-1.584513	0.278054	-0.259631	-1.557761	0.264835	-0.346996	-1.615489	0.153763	-0.224571	-1.581516	0.127588	-0.329355	-1.549667	0.080355	-0.250958	-1.615820	0.316282	-0.330190	-1.335912	0.857245	-0.584028	-1.290417	0.872701	-0.587699	-1.322020	0.812454	-0.586703	-1.275879	0.829920	-0.589478	-1.224790	0.514165	-0.524485	-1.227607	0.507734	-0.407508	-1.307971	0.321311	-0.541708	-1.250720	0.315683	-0.536861	-1.305591	0.269887	-0.531648	-1.252766	0.275888	-0.526935	-1.300612	0.096799	-0.494559	-1.280554	0.102206	-0.406175	-1.193770	0.040217	-0.522633	-1.164029	0.037355	-0.409392	-1.102629	0.056548	-0.463487	-1.360347	0.070810	-0.440883	-1.292304	1.473699	-0.261115	-1.290440	1.473663	-0.601836	
44	0.2150	-1.264719	0.987458	-0.274987	-1.257075	0.995350	-0.522664	-1.461799	1.021279	-0.368394	-1.453391	1.023591	-0.458949	-1.322488	0.834387	-0.205460	-1.267701	0.845457	-0.205447	-1.309216	0.783582	-0.201775	-1.252699	0.795235	-0.203160	-1.224343	0.499153	-0.214415	-1.198023	0.496110	-0.338575	-1.378047	0.433827	-0.208503	-1.340485	0.395329	-0.214500	-1.418082	0.405581	-0.218340	-1.383472	0.367332	-0.223202	-1.568471	0.277248	-0.259815	-1.542163	0.264700	-0.347271	-1.595880	0.152419	-0.224239	-1.562099	0.126941	-0.329249	-1.528383	0.081099	-0.251114	-1.601564	0.314532	-0.330192	-1.330971	0.858277	-0.584031	-1.285351	0.873366	-0.587781	-1.317526	0.813368	-0.586634	-1.271276	0.830472	-0.589500	-1.223931	0.514142	-0.524578	-1.226459	0.507858	-0.407712	-1.307865	0.321599	-0.541623	-1.250616	0.315830	-0.536991	-1.305567	0.270163	-0.531583	-1.252726	0.276054	-0.527086	-1.300622	0.096890	-0.494610	-1.280492	0.102394	-0.406280	-1.193779	0.040153	-0.522689	-1.164029	0.037404	-0.409491	-1.102611	0.056491	-0.463535	-1.360392	0.070943	-0.440901	-1.285875	1.475078	-0.261192	-1.283823	1.475311	-0.601852	
45	0.2200	-1.258438	0.988941	-0.275290	-1.250922	0.996288	-0.522941	-1.455412	1.022862	-0.368459	-1.447025	1.025147	-0.459007	-1.314411	0.836471	-0.205599	-1.259747	0.848268	-0.205690	-1.300411	0.785870	-0.201923	-1.243949	0.798228	-0.203406	-1.210868	0.502441	-0.214787	-1.185186	0.500093	-0.339327	-1.363548	0.435263	-0.208912	-1.325558	0.397115	-0.214909	-1.403228	0.406484	-0.218666	-1.368198	0.368617	-0.223563	-1.552293	0.276086	-0.259997	-1.526386	0.264176	-0.347527	-1.576014	0.150791	-0.223852	-1.542372	0.125966	-0.329055	-1.506786	0.081666	-0.251157	-1.587160	0.312325	-0.330229	-1.326093	0.859276	-0.584018	-1.280349	0.873982	-0.587846	-1.313091	0.814247	-0.586548	-1.266740	0.830984	-0.589516	-1.223115	0.514141	-0.524679	-1.225339	0.507999	-0.407923	-1.307764	0.321906	-0.541538	-1.250520	0.316002	-0.537113	-1.305544	0.270457	-0.531517	-1.252689	0.276244	-0.527230	-1.300621	0.096990	-0.494659	-1.280414	0.102591	-0.406383	-1.193782	0.040087	-0.522739	-1.164026	0.037441	-0.409588	-1.102585	0.056418	-0.463583	-1.360429	0.071086	-0.440908	-1.279424	1.476424	-0.261263	-1.277172	1.476925	-0.601846	
46	0.2250	-1.252129	0.990391	-0.275608	-1.244788	0.997191	-0.523234	-1.449010	1.024407	-0.368470	-1.440665	1.026652	-0.459012	-1.306355	0.838556	-0.205691	-1.251831	0.851072	-0.205931	-1.291652	0.788161	-0.202041	-1.235265	0.801215	-0.203652	-1.197548	0.505766	-0.215187	-1.172542	0.504109	-0.340087	-1.349152	0.436564	-0.209339	-1.310688	0.398817	-0.215339	-1.388432	0.407197	-0.219007	-1.352936	0.369764	-0.223930	-1.535979	0.274575	-0.260175	-1.510422	0.263262	-0.347762	-1.555913	0.148901	-0.223408	-1.522352	0.124680	-0.328767	-1.484914	0.082059	-0.251078	-1.572587	0.309666	-0.330301	-1.321270	0.860235	-0.583995	-1.275402	0.874544	-0.587898	-1.308709	0.815086	-0.586449	-1.262264	0.831452	-0.589529	-1.222332	0.514159	-0.524788	-1.224233	0.508151	-0.408143	-1.307667	0.322232	-0.541449	-1.250430	0.316197	-0.537227	-1.305519	0.270768	-0.531446	-1.252653	0.276455	-0.527367	-1.300608	0.097099	-0.494704	-1.280322	0.102796	-0.406484	-1.193780	0.040021	-0.522786	-1.164020	0.037470	-0.409682	-1.102551	0.056331	-0.463631	-1.360460	0.071238	-0.440905	-1.272950	1.477731	-0.261327	-1.270482	1.478495	-0.601820	
47	0.2300	-1.245787	0.991800	-0.275942	-1.238670	0.998051	-0.523543	-1.442591	1.025902	-0.368430	-1.434311	1.028096	-0.458966	-1.298320	0.840634	-0.205736	-1.243950	0.853854	-0.206171	-1.282938	0.790445	-0.202128	-1.226646	0.804182	-0.203900	-1.184388	0.509110	-0.215612	-1.160095	0.508137	-0.340848	-1.334864	0.437720	-0.209779	-1.295881	0.400425	-0.215784	-1.373694	0.407712	-0.219356	-1.337689	0.370766	-0.224297	-1.519528	0.272720	-0.260345	-1.494266	0.261961	-0.347969	-1.535596	0.146774	-0.222905	-1.502054	0.123102	-0.328381	-1.462802	0.082285	-0.250869	-1.557825	0.306561	-0.330407	-1.316497	0.861150	-0.583967	-1.270505	0.875049	-0.587939	-1.304370	0.815881	-0.586343	-1.257840	0.831874	-0.589540	-1.221572	0.514191	-0.524907	-1.223130	0.508310	-0.408370	-1.307570	0.322577	-0.541353	-1.250343	0.316412	-0.537334	-1.305491	0.271095	-0.531367	-1.252615	0.276684	-0.527497	-1.300585	0.097218	-0.494742	-1.280217	0.103007	-0.406582	-1.193773	0.039957	-0.522826	-1.164011	0.037491	-0.409772	-1.102512	0.056231	-0.463678	-1.360484	0.071397	-0.440890	-1.266452	1.478992	-0.261387	-1.263754	1.480012	-0.601775	
48	0.2350	-1.239411	0.993161	-0.276293	-1.232569	0.998863	-0.523870	-1.436156	1.027339	-0.368340	-1.427963	1.029471	-0.458874	-1.290305	0.842698	-0.205733	-1.236101	0.856603	-0.206411	-1.274266	0.792710	-0.202186	-1.218091	0.807116	-0.204149	-1.171392	0.512455	-0.216055	-1.147847	0.512154	-0.341603	-1.320685	0.438721	-0.210222	-1.281142	0.401931	-0.216240	-1.359017	0.408023	-0.219710	-1.322463	0.371618	-0.224662	-1.502938	0.270532	-0.260505	-1.477910	0.260278	-0.348146	-1.515078	0.144433	-0.222344	-1.481490	0.121255	-0.327892	-1.440480	0.082352	-0.250525	-1.542858	0.303018	-0.330543	-1.311764	0.862012	-0.583937	-1.265650	0.875492	-0.587973	-1.300067	0.816627	-0.586233	-1.253461	0.832247	-0.589551	-1.220828	0.514233	-0.525035	-1.222020	0.508467	-0.408606	-1.307473	0.322940	-0.541246	-1.250258	0.316644	-0.537432	-1.305460	0.271437	-0.531275	-1.252575	0.276931	-0.527619	-1.300552	0.097346	-0.494773	-1.280098	0.103223	-0.406674	-1.193764	0.039895	-0.522861	-1.164000	0.037507	-0.409859	-1.102467	0.056120	-0.463725	-1.360501	0.071562	-0.440862	-1.259930	1.480201	-0.261443	-1.256986	1.481466	-0.601713	
49	0.2400	-1.233000	0.994465	-0.276661	-1.226482	0.999620	-0.524216	-1.429703	1.028710	-0.368204	-1.421621	1.030767	-0.458737	-1.282311	0.844738	-0.205684	-1.228285	0.859306	-0.206652	-1.265636	0.794945	-0.202213	-1.209597	0.810005	-0.204401	-1.158568	0.515783	-0.216514	-1.135804	0.516139	-0.342348	-1.306617	0.439557	-0.210664	-1.266477	0.403327	-0.216700	-1.344402	0.408125	-0.220062	-1.307264	0.372315	-0.225019	-1.486208	0.268020	-0.260649	-1.461351	0.258220	-0.348288	-1.494373	0.141900	-0.221720	-1.460669	0.119163	-0.327297	-1.417973	0.082275	-0.250042	-1.527671	0.299048	-0.330706	-1.307066	0.862819	-0.583909	-1.260831	0.875874	-0.588000	-1.295794	0.817320	-0.586122	-1.249119	0.832570	-0.589562	-1.220092	0.514280	-0.525173	-1.220893	0.508617	-0.408851	-1.307374	0.323320	-0.541122	-1.250173	0.316892	-0.537523	-1.305423	0.271792	-0.531168	-1.252532	0.277191	-0.527733	-1.300512	0.097485	-0.494796	-1.279969	0.103444	-0.406760	-1.193751	0.039839	-0.522888	-1.163988	0.037519	-0.409940	-1.102416	0.055999	-0.463770	-1.360510	0.071731	-0.440823	-1.253385	1.481349	-0.261494	-1.250178	1.482848	-0.601637	
50	0.2450	-1.226551	0.995708	-0.277045	-1.220410	1.000317	-0.524578	-1.423235	1.030005	-0.368026	-1.415285	1.031980	-0.458560	-1.274340	0.846747	-0.205588	-1.220499	0.861953	-0.206896	-1.257047	0.797139	-0.202213	-1.201165	0.812835	-0.204655	-1.145918	0.519078	-0.216983	-1.123966	0.520071	-0.343075	-1.292661	0.440221	-0.211097	-1.251892	0.404603	-0.217158	-1.329851	0.408014	-0.220408	-1.292095	0.372855	-0.225362	-1.469335	0.265194	-0.260773	-1.444585	0.255799	-0.348390	-1.473491	0.139199	-0.221031	-1.439602	0.116849	-0.326594	-1.395303	0.082068	-0.249419	-1.512250	0.294661	-0.330887	-1.302395	0.863563	-0.583884	-1.256040	0.876191	-0.588023	-1.291544	0.817957	-0.586013	-1.244808	0.832842	-0.589573	-1.219356	0.514330	-0.525319	-1.219743	0.508755	-0.409104	-1.307273	0.323715	-0.540979	-1.250087	0.317152	-0.537607	-1.305383	0.272159	-0.531043	-1.252486	0.277462	-0.527841	-1.300463	0.097634	-0.494810	-1.279830	0.103667	-0.406840	-1.193736	0.039787	-0.522909	-1.163974	0.037529	-0.410018	-1.102360	0.055870	-0.463816	-1.360512	0.071903	-0.440770	-1.246818	1.482431	-0.261542	-1.243331	1.484149	-0.601549	
51	0.2500	-1.220066	0.996880	-0.277442	-1.214349	1.000947	-0.524955	-1.416751	1.031218	-0.367809	-1.408955	1.033102	-0.458345	-1.266393	0.848718	-0.205446	-1.212742	0.864531	-0.207142	-1.248500	0.799284	-0.202185	-1.192793	0.815597	-0.204912	-1.133451	0.522322	-0.217460	-1.112336	0.523930	-0.343781	-1.278817	0.440704	-0.211514	-1.237390	0.405755	-0.217607	-1.315363	0.407688	-0.220742	-1.276960	0.373235	-0.225688	-1.452317	0.262068	-0.260871	-1.427610	0.253029	-0.348449	-1.452440	0.136351	-0.220274	-1.418295	0.114339	-0.325781	-1.372489	0.081751	-0.248655	-1.496585	0.289871	-0.331080	-1.297744	0.864243	-0.583865	-1.251273	0.876444	-0.588044	-1.287311	0.818537	-0.585908	-1.240520	0.833062	-0.589584	-1.218616	0.514379	-0.525473	-1.218561	0.508874	-0.409364	-1.307169	0.324124	-0.540814	-1.250000	0.317422	-0.537683	-1.305336	0.272536	-0.530897	-1.252435	0.277743	-0.527941	-1.300408	0.097793	-0.494816	-1.279682	0.103892	-0.406913	-1.193719	0.039740	-0.522923	-1.163958	0.037538	-0.410091	-1.102300	0.055736	-0.463860	-1.360506	0.072078	-0.440707	-1.240232	1.483440	-0.261585	-1.236448	1.485362	-0.601450	
52	0.2550	-1.213544	0.997976	-0.277850	-1.208301	1.001507	-0.525345	-1.410252	1.032342	-0.367556	-1.402632	1.034130	-0.458095	-1.258472	0.850643	-0.205259	-1.205015	0.867029	-0.207390	-1.239993	0.801368	-0.202133	-1.184479	0.818277	-0.205173	-1.121172	0.525500	-0.217940	-1.100916	0.527695	-0.344460	-1.265086	0.441001	-0.211911	-1.222978	0.406777	-0.218041	-1.300938	0.407145	-0.221061	-1.261865	0.373454	-0.225991	-1.435150	0.258655	-0.260936	-1.410422	0.249926	-0.348460	-1.431223	0.133378	-0.219444	-1.396754	0.111660	-0.324856	-1.349546	0.081342	-0.247752	-1.480666	0.284695	-0.331274	-1.293108	0.864854	-0.583852	-1.246522	0.876634	-0.588063	-1.283090	0.819057	-0.585807	-1.236249	0.833230	-0.589595	-1.217865	0.514424	-0.525635	-1.217342	0.508971	-0.409632	-1.307061	0.324545	-0.540626	-1.249910	0.317699	-0.537752	-1.305285	0.272923	-0.530729	-1.252378	0.278031	-0.528034	-1.300347	0.097961	-0.494813	-1.279525	0.104118	-0.406981	-1.193701	0.039699	-0.522929	-1.163941	0.037547	-0.410161	-1.102236	0.055596	-0.463905	-1.360492	0.072254	-0.440633	-1.233628	1.484371	-0.261624	-1.229529	1.486480	-0.601344	
53	0.2600	-1.206987	0.998990	-0.278266	-1.202263	1.001991	-0.525744	-1.403738	1.033371	-0.367270	-1.396316	1.035059	-0.457814	-1.250580	0.852514	-0.205029	-1.197315	0.869437	-0.207641	-1.231528	0.803382	-0.202057	-1.176224	0.820865	-0.205436	-1.109086	0.528596	-0.218421	-1.089707	0.531347	-0.345107	-1.251467	0.441106	-0.212281	-1.208658	0.407665	-0.218452	-1.286575	0.406385	-0.221358	-1.246812	0.373512	-0.226266	-1.417830	0.254970	-0.260961	-1.393022	0.246510	-0.348417	-1.409846	0.130300	-0.218538	-1.374987	0.108840	-0.323818	-1.326486	0.080862	-0.246713	-1.464486	0.279152	-0.331458	-1.288481	0.865394	-0.583845	-1.241784	0.876762	-0.588081	-1.278877	0.819519	-0.585710	-1.231990	0.833348	-0.589604	-1.217097	0.514463	-0.525802	-1.216080	0.509041	-0.409905	-1.306947	0.324977	-0.540412	-1.249817	0.317982	-0.537815	-1.305226	0.273319	-0.530538	-1.252317	0.278325	-0.528122	-1.300280	0.098139	-0.494804	-1.279361	0.104345	-0.407043	-1.193682	0.039661	-0.522928	-1.163922	0.037559	-0.410229	-1.102167	0.055452	-0.463949	-1.360470	0.072430	-0.440550	-1.227008	1.485217	-0.261658	-1.222579	1.487495	-0.601232	
54	0.2650	-1.200395	0.999915	-0.278684	-1.196234	1.002396	-0.526148	-1.397212	1.034302	-0.366954	-1.390005	1.035887	-0.457502	-1.242718	0.854323	-0.204756	-1.189642	0.871744	-0.207892	-1.223105	0.805317	-0.201961	-1.168025	0.823349	-0.205701	-1.097200	0.531594	-0.218899	-1.078706	0.534869	-0.345720	-1.237958	0.441016	-0.212620	-1.194434	0.408416	-0.218831	-1.272271	0.405409	-0.221627	-1.231804	0.373411	-0.226507	-1.400353	0.251030	-0.260939	-1.375410	0.242801	-0.348317	-1.388308	0.127139	-0.217551	-1.352998	0.105907	-0.322669	-1.303319	0.080335	-0.245542	-1.448039	0.273261	-0.331619	-1.283858	0.865863	-0.583841	-1.237055	0.876830	-0.588098	-1.274667	0.819923	-0.585617	-1.227737	0.833416	-0.589609	-1.216308	0.514493	-0.525974	-1.214771	0.509081	-0.410182	-1.306826	0.325419	-0.540172	-1.249717	0.318269	-0.537872	-1.305160	0.273722	-0.530325	-1.252247	0.278622	-0.528204	-1.300209	0.098326	-0.494787	-1.279190	0.104571	-0.407101	-1.193663	0.039627	-0.522920	-1.163901	0.037573	-0.410294	-1.102096	0.055305	-0.463993	-1.360439	0.072607	-0.440461	-1.220375	1.485973	-0.261687	-1.215600	1.488404	-0.601117	
55	0.2700	-1.193770	1.000748	-0.279102	-1.190214	1.002719	-0.526554	-1.390673	1.035129	-0.366609	-1.383700	1.036613	-0.457163	-1.234888	0.856063	-0.204442	-1.181994	0.873941	-0.208142	-1.214724	0.807164	-0.201845	-1.159882	0.825721	-0.205967	-1.085519	0.534481	-0.219373	-1.067914	0.538243	-0.346293	-1.224557	0.440727	-0.212923	-1.180309	0.409029	-0.219173	-1.258025	0.404219	-0.221865	-1.216842	0.373154	-0.226708	-1.382716	0.246852	-0.260861	-1.357586	0.238823	-0.348153	-1.366612	0.123915	-0.216478	-1.330792	0.102887	-0.321407	-1.280053	0.079783	-0.244244	-1.431320	0.267045	-0.331744	-1.279236	0.866260	-0.583839	-1.232330	0.876840	-0.588114	-1.270459	0.820270	-0.585526	-1.223485	0.833435	-0.589610	-1.215491	0.514515	-0.526148	-1.213412	0.509090	-0.410463	-1.306695	0.325870	-0.539908	-1.249609	0.318558	-0.537923	-1.305083	0.274131	-0.530088	-1.252169	0.278921	-0.528280	-1.300133	0.098522	-0.494767	-1.279011	0.104797	-0.407156	-1.193643	0.039596	-0.522906	-1.163879	0.037590	-0.410359	-1.102022	0.055157	-0.464037	-1.360400	0.072783	-0.440366	-1.213730	1.486636	-0.261712	-1.208596	1.489200	-0.601000	
56	0.2750	-1.187114	1.001482	-0.279515	-1.184200	1.002959	-0.526956	-1.384121	1.035850	-0.366237	-1.377400	1.037235	-0.456796	-1.227092	0.857725	-0.204090	-1.174372	0.876018	-0.208390	-1.206387	0.808914	-0.201711	-1.151791	0.827970	-0.206233	-1.074048	0.537244	-0.219841	-1.057328	0.541451	-0.346825	-1.211260	0.440237	-0.213184	-1.166286	0.409502	-0.219470	-1.243831	0.402818	-0.222065	-1.201929	0.372743	-0.226865	-1.364912	0.242456	-0.260718	-1.339552	0.234601	-0.347921	-1.344757	0.120647	-0.215317	-1.308376	0.099811	-0.320036	-1.256695	0.079230	-0.242826	-1.414325	0.260532	-0.331818	-1.274610	0.866586	-0.583837	-1.227608	0.876795	-0.588127	-1.266249	0.820563	-0.585435	-1.219232	0.833408	-0.589603	-1.214644	0.514528	-0.526323	-1.211999	0.509066	-0.410745	-1.306551	0.326328	-0.539620	-1.249490	0.318848	-0.537969	-1.304995	0.274547	-0.529832	-1.252080	0.279221	-0.528353	-1.300053	0.098726	-0.494742	-1.278826	0.105022	-0.407209	-1.193623	0.039565	-0.522887	-1.163854	0.037612	-0.410424	-1.101946	0.055007	-0.464082	-1.360352	0.072960	-0.440270	-1.207074	1.487202	-0.261731	-1.201570	1.489880	-0.600884	
57	0.2800	-1.180428	1.002114	-0.279917	-1.178191	1.003114	-0.527351	-1.377559	1.036463	-0.365839	-1.371104	1.037754	-0.456404	-1.219330	0.859302	-0.203700	-1.166772	0.877966	-0.208631	-1.198094	0.810558	-0.201562	-1.143750	0.830087	-0.206496	-1.062792	0.539868	-0.220300	-1.046945	0.544479	-0.347312	-1.198065	0.439546	-0.213399	-1.152363	0.409836	-0.219714	-1.229687	0.401213	-0.222222	-1.187064	0.372184	-0.226972	-1.346938	0.237862	-0.260501	-1.321310	0.230164	-0.347614	-1.322743	0.117357	-0.214063	-1.285754	0.096708	-0.318557	-1.233251	0.078700	-0.241296	-1.397053	0.253748	-0.331825	-1.269979	0.866843	-0.583830	-1.222885	0.876698	-0.588137	-1.262037	0.820805	-0.585341	-1.214973	0.833337	-0.589587	-1.213760	0.514531	-0.526496	-1.210531	0.509007	-0.411027	-1.306390	0.326793	-0.539310	-1.249357	0.319137	-0.538010	-1.304892	0.274968	-0.529556	-1.251977	0.279521	-0.528421	-1.299969	0.098938	-0.494717	-1.278634	0.105246	-0.407262	-1.193603	0.039535	-0.522862	-1.163828	0.037638	-0.410490	-1.101868	0.054856	-0.464126	-1.360296	0.073137	-0.440174	-1.200408	1.487666	-0.261746	-1.194527	1.490442	-0.600770	
58	0.2850	-1.173713	1.002641	-0.280305	-1.172186	1.003184	-0.527734	-1.370985	1.036966	-0.365416	-1.364811	1.038169	-0.455985	-1.211604	0.860784	-0.203276	-1.159194	0.879778	-0.208862	-1.189846	0.812087	-0.201398	-1.135758	0.832063	-0.206753	-1.051754	0.542344	-0.220750	-1.036763	0.547313	-0.347754	-1.184965	0.438654	-0.213564	-1.138544	0.410033	-0.219900	-1.215586	0.399409	-0.222328	-1.172248	0.371483	-0.227024	-1.328790	0.233093	-0.260200	-1.302863	0.225539	-0.347226	-1.300569	0.114064	-0.212712	-1.262934	0.093605	-0.316973	-1.209726	0.078215	-0.239661	-1.379502	0.246723	-0.331751	-1.265341	0.867032	-0.583815	-1.218160	0.876554	-0.588140	-1.257822	0.821000	-0.585243	-1.210707	0.833223	-0.589558	-1.212835	0.514525	-0.526666	-1.209005	0.508915	-0.411306	-1.306208	0.327264	-0.538981	-1.249205	0.319426	-0.538046	-1.304772	0.275394	-0.529263	-1.251858	0.279820	-0.528486	-1.299881	0.099158	-0.494691	-1.278436	0.105470	-0.407315	-1.193583	0.039503	-0.522834	-1.163799	0.037669	-0.410559	-1.101791	0.054704	-0.464170	-1.360232	0.073315	-0.440081	-1.193731	1.488028	-0.261756	-1.187470	1.490884	-0.600660	
59	0.2900	-1.166972	1.003059	-0.280673	-1.166181	1.003169	-0.528100	-1.364400	1.037358	-0.364967	-1.358519	1.038484	-0.455540	-1.203913	0.862164	-0.202819	-1.151636	0.881445	-0.209079	-1.181643	0.813493	-0.201220	-1.127812	0.833889	-0.207001	-1.040936	0.544659	-0.221190	-1.026776	0.549940	-0.348148	-1.171955	0.437566	-0.213675	-1.124825	0.410097	-0.220022	-1.201524	0.397414	-0.222379	-1.157480	0.370648	-0.227018	-1.310461	0.228173	-0.259806	-1.284215	0.220757	-0.346752	-1.278235	0.110791	-0.211265	-1.239925	0.090533	-0.315289	-1.186125	0.077800	-0.237931	-1.361672	0.239490	-0.331580	-1.260693	0.867157	-0.583787	-1.213432	0.876364	-0.588135	-1.253601	0.821151	-0.585135	-1.206432	0.833068	-0.589515	-1.211867	0.514510	-0.526828	-1.207421	0.508791	-0.411581	-1.306002	0.327739	-0.538634	-1.249031	0.319714	-0.538077	-1.304632	0.275826	-0.528956	-1.251719	0.280119	-0.528546	-1.299789	0.099386	-0.494666	-1.278229	0.105693	-0.407371	-1.193564	0.039468	-0.522804	-1.163768	0.037705	-0.410630	-1.101714	0.054552	-0.464213	-1.360160	0.073494	-0.439993	-1.187045	1.488285	-0.261762	-1.180404	1.491204	-0.600555	
60	0.2950	-1.160205	1.003367	-0.281019	-1.160174	1.003072	-0.528447	-1.357803	1.037640	-0.364492	-1.352227	1.038698	-0.455067	-1.196257	0.863433	-0.202332	-1.144096	0.882960	-0.209277	-1.173486	0.814769	-0.201028	-1.119910	0.835558	-0.207236	-1.030341	0.546804	-0.221618	-1.016981	0.552348	-0.348496	-1.159030	0.436283	-0.213727	-1.111207	0.410031	-0.220076	-1.187493	0.395238	-0.222369	-1.142758	0.369688	-0.226947	-1.291950	0.223127	-0.259311	-1.265370	0.215849	-0.346187	-1.255742	0.107557	-0.209719	-1.216734	0.087521	-0.313511	-1.162455	0.077478	-0.236116	-1.343562	0.232083	-0.331297	-1.256034	0.867221	-0.583742	-1.208700	0.876133	-0.588119	-1.249376	0.821264	-0.585015	-1.202145	0.832875	-0.589453	-1.210849	0.514488	-0.526981	-1.205779	0.508634	-0.411849	-1.305767	0.328219	-0.538273	-1.248831	0.320001	-0.538103	-1.304467	0.276264	-0.528637	-1.251559	0.280416	-0.528602	-1.299692	0.099621	-0.494645	-1.278015	0.105917	-0.407429	-1.193546	0.039430	-0.522772	-1.163734	0.037746	-0.410705	-1.101638	0.054399	-0.464256	-1.360080	0.073675	-0.439912	-1.180347	1.488436	-0.261763	-1.173332	1.491403	-0.600457	
61	0.3000	-1.153414	1.003564	-0.281337	-1.154163	1.002893	-0.528769	-1.351195	1.037811	-0.363989	-1.345932	1.038814	-0.454566	-1.188634	0.864582	-0.201818	-1.136573	0.884316	-0.209452	-1.165377	0.815906	-0.200822	-1.112047	0.837063	-0.207454	-1.019970	0.548771	-0.222035	-1.007374	0.554527	-0.348797	-1.146182	0.434813	-0.213718	-1.097687	0.409841	-0.220057	-1.173487	0.392893	-0.222290	-1.128081	0.368611	-0.226810	-1.273251	0.217982	-0.258707	-1.246335	0.210849	-0.345525	-1.233090	0.104386	-0.208075	-1.193374	0.084599	-0.311645	-1.138723	0.077271	-0.234228	-1.325174	0.224538	-0.330889	-1.251364	0.867227	-0.583675	-1.203962	0.875862	-0.588090	-1.245145	0.821342	-0.584880	-1.197846	0.832645	-0.589371	-1.209781	0.514460	-0.527121	-1.204079	0.508449	-0.412107	-1.305498	0.328704	-0.537900	-1.248602	0.320287	-0.538123	-1.304276	0.276708	-0.528309	-1.251373	0.280712	-0.528652	-1.299592	0.099863	-0.494627	-1.277793	0.106141	-0.407490	-1.193528	0.039387	-0.522741	-1.163697	0.037791	-0.410783	-1.101566	0.054246	-0.464298	-1.359994	0.073859	-0.439841	-1.173636	1.488481	-0.261761	-1.166259	1.491481	-0.600365	
62	0.3050	-1.146601	1.003648	-0.281624	-1.148144	1.002635	-0.529065	-1.344573	1.037873	-0.363457	-1.339632	1.038834	-0.454034	-1.181045	0.865601	-0.201279	-1.129064	0.885509	-0.209597	-1.157317	0.816897	-0.200602	-1.104223	0.838396	-0.207649	-1.009822	0.550552	-0.222441	-0.997950	0.556469	-0.349052	-1.133404	0.433163	-0.213642	-1.084263	0.409534	-0.219965	-1.159500	0.390391	-0.222138	-1.113446	0.367431	-0.226604	-1.254363	0.212766	-0.257985	-1.227115	0.205788	-0.344761	-1.210283	0.101300	-0.206336	-1.169856	0.081794	-0.309699	-1.114936	0.077201	-0.232280	-1.306511	0.216891	-0.330341	-1.246681	0.867181	-0.583581	-1.199218	0.875556	-0.588043	-1.240908	0.821390	-0.584725	-1.193533	0.832380	-0.589266	-1.208659	0.514426	-0.527246	-1.202321	0.508236	-0.412351	-1.305193	0.329193	-0.537518	-1.248340	0.320573	-0.538135	-1.304055	0.277158	-0.527973	-1.251160	0.281007	-0.528697	-1.299488	0.100112	-0.494612	-1.277561	0.106366	-0.407555	-1.193511	0.039339	-0.522712	-1.163657	0.037841	-0.410866	-1.101497	0.054092	-0.464339	-1.359900	0.074047	-0.439781	-1.166910	1.488421	-0.261756	-1.159188	1.491439	-0.600281	
63	0.3100	-1.139764	1.003620	-0.281877	-1.142114	1.002301	-0.529331	-1.337938	1.037826	-0.362895	-1.333324	1.038760	-0.453471	-1.173486	0.866483	-0.200719	-1.121567	0.886531	-0.209708	-1.149306	0.817735	-0.200366	-1.096435	0.839550	-0.207816	-0.999895	0.552140	-0.222834	-0.988707	0.558167	-0.349265	-1.120689	0.431343	-0.213497	-1.070931	0.409118	-0.219797	-1.145525	0.387747	-0.221905	-1.098852	0.366159	-0.226325	-1.235284	0.207508	-0.257139	-1.207720	0.200699	-0.343892	-1.187324	0.098323	-0.204505	-1.146197	0.079138	-0.307683	-1.091103	0.077291	-0.230285	-1.287577	0.209180	-0.329642	-1.241983	0.867086	-0.583456	-1.194465	0.875216	-0.587976	-1.236663	0.821412	-0.584547	-1.189204	0.832081	-0.589135	-1.207482	0.514389	-0.527351	-1.200508	0.507998	-0.412579	-1.304848	0.329687	-0.537127	-1.248041	0.320860	-0.538138	-1.303801	0.277615	-0.527632	-1.250917	0.281301	-0.528734	-1.299379	0.100367	-0.494602	-1.277321	0.106591	-0.407624	-1.193495	0.039286	-0.522686	-1.163615	0.037893	-0.410952	-1.101433	0.053937	-0.464377	-1.359800	0.074239	-0.439733	-1.160165	1.488255	-0.261748	-1.152123	1.491280	-0.600205	
64	0.3150	-1.132907	1.003481	-0.282093	-1.136070	1.001893	-0.529565	-1.331288	1.037672	-0.362302	-1.327007	1.038594	-0.452875	-1.165958	0.867219	-0.200139	-1.114081	0.887379	-0.209778	-1.141345	0.818413	-0.200113	-1.088680	0.840522	-0.207950	-0.990188	0.553531	-0.223216	-0.979641	0.559616	-0.349436	-1.108028	0.429362	-0.213280	-1.057689	0.408601	-0.219554	-1.131555	0.384978	-0.221588	-1.084295	0.364809	-0.225974	-1.216013	0.202237	-0.256165	-1.188157	0.195618	-0.342915	-1.164218	0.095478	-0.202590	-1.122411	0.076657	-0.305609	-1.067237	0.077561	-0.228257	-1.268377	0.201444	-0.328782	-1.237271	0.866946	-0.583297	-1.189702	0.874843	-0.587885	-1.232410	0.821410	-0.584344	-1.184859	0.831750	-0.588975	-1.206247	0.514348	-0.527433	-1.198642	0.507738	-0.412787	-1.304458	0.330185	-0.536730	-1.247702	0.321147	-0.538132	-1.303512	0.278080	-0.527286	-1.250640	0.281595	-0.528762	-1.299264	0.100630	-0.494596	-1.277070	0.106818	-0.407695	-1.193481	0.039227	-0.522665	-1.163570	0.037949	-0.411042	-1.101374	0.053781	-0.464414	-1.359693	0.074437	-0.439698	-1.153400	1.487986	-0.261738	-1.145068	1.491006	-0.600136	
65	0.3200	-1.126028	1.003231	-0.282269	-1.130007	1.001415	-0.529764	-1.324622	1.037414	-0.361677	-1.320675	1.038339	-0.452244	-1.158456	0.867801	-0.199542	-1.106605	0.888048	-0.209801	-1.133438	0.818927	-0.199840	-1.080957	0.841305	-0.208044	-0.980698	0.554721	-0.223585	-0.970748	0.560814	-0.349570	-1.095414	0.427235	-0.212987	-1.044532	0.407994	-0.219237	-1.117584	0.382099	-0.221181	-1.069776	0.363395	-0.225550	-1.196551	0.196984	-0.255058	-1.168438	0.190576	-0.341826	-1.140972	0.092789	-0.200599	-1.098519	0.074381	-0.303489	-1.043350	0.078031	-0.226214	-1.248916	0.193721	-0.327752	-1.232541	0.866765	-0.583100	-1.184927	0.874439	-0.587768	-1.228145	0.821388	-0.584111	-1.180495	0.831387	-0.588785	-1.204955	0.514305	-0.527490	-1.196724	0.507459	-0.412971	-1.304023	0.330688	-0.536326	-1.247322	0.321437	-0.538112	-1.303187	0.278553	-0.526936	-1.250330	0.281889	-0.528778	-1.299145	0.100900	-0.494591	-1.276808	0.107047	-0.407766	-1.193468	0.039163	-0.522650	-1.163522	0.038007	-0.411134	-1.101322	0.053623	-0.464447	-1.359580	0.074642	-0.439675	-1.146611	1.487615	-0.261726	-1.138027	1.490620	-0.600073	
66	0.3250	-1.119129	1.002874	-0.282404	-1.123920	1.000868	-0.529927	-1.317939	1.037053	-0.361017	-1.314327	1.037995	-0.451578	-1.150980	0.868222	-0.198931	-1.099137	0.888536	-0.209773	-1.125584	0.819271	-0.199546	-1.073266	0.841895	-0.208093	-0.971420	0.555708	-0.223942	-0.962026	0.561758	-0.349671	-1.082839	0.424975	-0.212618	-1.031459	0.407307	-0.218849	-1.103607	0.379131	-0.220680	-1.055292	0.361933	-0.225052	-1.176901	0.191779	-0.253818	-1.148577	0.185606	-0.340628	-1.117595	0.090281	-0.198541	-1.074543	0.072335	-0.301339	-1.019456	0.078721	-0.224172	-1.229205	0.186050	-0.326546	-1.227790	0.866547	-0.582863	-1.180137	0.874004	-0.587621	-1.223866	0.821348	-0.583847	-1.176110	0.830992	-0.588562	-1.203604	0.514260	-0.527517	-1.194757	0.507163	-0.413127	-1.303540	0.331196	-0.535915	-1.246898	0.321729	-0.538078	-1.302822	0.279036	-0.526582	-1.249983	0.282184	-0.528781	-1.299019	0.101176	-0.494587	-1.276535	0.107276	-0.407837	-1.193456	0.039096	-0.522642	-1.163472	0.038065	-0.411227	-1.101277	0.053462	-0.464478	-1.359461	0.074853	-0.439664	-1.139795	1.487145	-0.261712	-1.131001	1.490127	-0.600017	
67	0.3300	-1.112209	1.002411	-0.282496	-1.117806	1.000256	-0.530053	-1.311237	1.036591	-0.360324	-1.307959	1.037566	-0.450875	-1.143529	0.868475	-0.198307	-1.091676	0.888839	-0.209688	-1.117786	0.819441	-0.199228	-1.065604	0.842290	-0.208090	-0.962350	0.556490	-0.224285	-0.953474	0.562449	-0.349742	-1.070297	0.422599	-0.212171	-1.018465	0.406553	-0.218395	-1.089619	0.376092	-0.220083	-1.040842	0.360440	-0.224484	-1.157070	0.186654	-0.252444	-1.128588	0.180741	-0.339319	-1.094097	0.087977	-0.196431	-1.050505	0.070547	-0.299175	-0.995574	0.079648	-0.222152	-1.209255	0.178468	-0.325162	-1.223017	0.866293	-0.582582	-1.175327	0.873539	-0.587441	-1.219570	0.821291	-0.583549	-1.171701	0.830565	-0.588306	-1.202196	0.514214	-0.527512	-1.192744	0.506852	-0.413250	-1.303008	0.331709	-0.535497	-1.246429	0.322026	-0.538027	-1.302419	0.279528	-0.526223	-1.249598	0.282481	-0.528767	-1.298887	0.101460	-0.494580	-1.276250	0.107506	-0.407904	-1.193445	0.039025	-0.522641	-1.163419	0.038123	-0.411321	-1.101239	0.053298	-0.464504	-1.359336	0.075072	-0.439663	-1.132949	1.486578	-0.261697	-1.123994	1.489530	-0.599966	
68	0.3350	-1.105270	1.001847	-0.282542	-1.111660	0.999580	-0.530140	-1.304515	1.036032	-0.359595	-1.301566	1.037053	-0.450137	-1.136099	0.868556	-0.197673	-1.084223	0.888958	-0.209541	-1.110046	0.819434	-0.198882	-1.057972	0.842486	-0.208030	-0.953482	0.557069	-0.224615	-0.945089	0.562890	-0.349788	-1.057782	0.420123	-0.211644	-1.005549	0.405743	-0.217878	-1.075618	0.373004	-0.219387	-1.026428	0.358930	-0.223848	-1.137064	0.181638	-0.250938	-1.108488	0.176011	-0.337903	-1.070492	0.085901	-0.194282	-1.026433	0.069040	-0.297014	-0.971723	0.080829	-0.220172	-1.189078	0.171011	-0.323596	-1.218217	0.866006	-0.582258	-1.170494	0.873041	-0.587227	-1.215252	0.821218	-0.583217	-1.167264	0.830106	-0.588013	-1.200731	0.514167	-0.527470	-1.190688	0.506529	-0.413336	-1.302425	0.332228	-0.535070	-1.245914	0.322326	-0.537954	-1.301974	0.280030	-0.525858	-1.249176	0.282779	-0.528734	-1.298748	0.101752	-0.494569	-1.275953	0.107737	-0.407965	-1.193435	0.038952	-0.522649	-1.163364	0.038181	-0.411413	-1.101208	0.053131	-0.464527	-1.359203	0.075301	-0.439670	-1.126070	1.485919	-0.261680	-1.117008	1.488833	-0.599919	
69	0.3400	-1.098310	1.001184	-0.282543	-1.105477	0.998842	-0.530186	-1.297770	1.035377	-0.358833	-1.295146	1.036456	-0.449363	-1.128691	0.868462	-0.197030	-1.076776	0.888890	-0.209329	-1.102367	0.819249	-0.198506	-1.050371	0.842482	-0.207908	-0.944808	0.557446	-0.224930	-0.936870	0.563085	-0.349814	-1.045288	0.417565	-0.211038	-0.992710	0.404890	-0.217305	-1.061603	0.369886	-0.218591	-1.012052	0.357421	-0.223147	-1.116895	0.176759	-0.249307	-1.088299	0.171444	-0.336385	-1.046795	0.084074	-0.192113	-1.002356	0.067838	-0.294877	-0.947924	0.082280	-0.218255	-1.168692	0.163714	-0.321852	-1.213387	0.865687	-0.581890	-1.165632	0.872509	-0.586975	-1.210908	0.821127	-0.582848	-1.162795	0.829613	-0.587684	-1.199209	0.514119	-0.527390	-1.188593	0.506195	-0.413381	-1.301792	0.332754	-0.534632	-1.245352	0.322632	-0.537859	-1.301489	0.280543	-0.525484	-1.248714	0.283079	-0.528679	-1.298602	0.102052	-0.494549	-1.275643	0.107967	-0.408016	-1.193426	0.038879	-0.522665	-1.163306	0.038235	-0.411502	-1.101186	0.052959	-0.464545	-1.359063	0.075539	-0.439682	-1.119156	1.485169	-0.261661	-1.110045	1.488042	-0.599873	
70	0.3450	-1.091331	1.000427	-0.282497	-1.099252	0.998043	-0.530192	-1.291003	1.034631	-0.358037	-1.288695	1.035778	-0.448554	-1.121304	0.868188	-0.196379	-1.069336	0.888637	-0.209047	-1.094749	0.818886	-0.198098	-1.042802	0.842278	-0.207719	-0.936322	0.557624	-0.225230	-0.928816	0.563040	-0.349824	-1.032812	0.414945	-0.210354	-0.979946	0.404008	-0.216684	-1.047572	0.366761	-0.217697	-0.997716	0.355929	-0.222386	-1.096576	0.172046	-0.247555	-1.068042	0.167069	-0.334770	-1.023027	0.082518	-0.189941	-0.978306	0.066959	-0.292784	-0.924203	0.084013	-0.216422	-1.148115	0.156608	-0.319934	-1.208519	0.865337	-0.581478	-1.160736	0.871942	-0.586685	-1.206532	0.821019	-0.582443	-1.158291	0.829084	-0.587317	-1.197632	0.514068	-0.527268	-1.186460	0.505853	-0.413378	-1.301108	0.333285	-0.534179	-1.244744	0.322943	-0.537736	-1.300961	0.281067	-0.525098	-1.248213	0.283382	-0.528598	-1.298448	0.102360	-0.494517	-1.275321	0.108195	-0.408053	-1.193418	0.038808	-0.522689	-1.163247	0.038287	-0.411585	-1.101170	0.052781	-0.464558	-1.358915	0.075788	-0.439697	-1.112205	1.484334	-0.261639	-1.103107	1.487160	-0.599828	
71	0.3500	-1.084332	0.999581	-0.282403	-1.092981	0.997184	-0.530156	-1.284211	1.033795	-0.357210	-1.282209	1.035020	-0.447713	-1.113936	0.867736	-0.195720	-1.061904	0.888200	-0.208693	-1.087195	0.818346	-0.197653	-1.035266	0.841876	-0.207460	-0.928017	0.557610	-0.225512	-0.920926	0.562763	-0.349824	-1.020351	0.412281	-0.209595	-0.967258	0.403108	-0.216020	-1.033529	0.363649	-0.216708	-0.983426	0.354469	-0.221571	-1.076126	0.167524	-0.245693	-1.047743	0.162909	-0.333068	-0.999207	0.081250	-0.187787	-0.954317	0.066421	-0.290757	-0.900586	0.086040	-0.214696	-1.127371	0.149723	-0.317848	-1.203610	0.864955	-0.581023	-1.155799	0.871337	-0.586355	-1.202117	0.820890	-0.582001	-1.153744	0.828519	-0.586912	-1.196000	0.514014	-0.527101	-1.184292	0.505503	-0.413325	-1.300373	0.333824	-0.533710	-1.244088	0.323259	-0.537584	-1.300391	0.281602	-0.524699	-1.247671	0.283688	-0.528488	-1.298285	0.102678	-0.494469	-1.274985	0.108422	-0.408073	-1.193411	0.038740	-0.522722	-1.163185	0.038334	-0.411661	-1.101161	0.052598	-0.464566	-1.358758	0.076048	-0.439710	-1.105214	1.483416	-0.261613	-1.096193	1.486192	-0.599781	
72	0.3550	-1.077312	0.998650	-0.282260	-1.086659	0.996266	-0.530077	-1.277392	1.032873	-0.356353	-1.275684	1.034182	-0.446841	-1.106588	0.867106	-0.195054	-1.054480	0.887583	-0.208265	-1.079706	0.817631	-0.197171	-1.027765	0.841278	-0.207126	-0.919883	0.557407	-0.225776	-0.913197	0.562262	-0.349816	-1.007904	0.409593	-0.208764	-0.954649	0.402204	-0.215324	-1.019477	0.360570	-0.215626	-0.969188	0.353058	-0.220709	-1.055565	0.163215	-0.243733	-1.027431	0.158986	-0.331288	-0.975363	0.080286	-0.185673	-0.930427	0.066239	-0.288819	-0.877105	0.088367	-0.213099	-1.106487	0.143085	-0.315606	-1.198653	0.864541	-0.580528	-1.150814	0.870689	-0.585985	-1.197657	0.820738	-0.581524	-1.149150	0.827915	-0.586469	-1.194313	0.513956	-0.526887	-1.182092	0.505146	-0.413215	-1.299586	0.334370	-0.533220	-1.243384	0.323582	-0.537399	-1.299779	0.282148	-0.524282	-1.247088	0.283996	-0.528346	-1.298112	0.103006	-0.494400	-1.274635	0.108646	-0.408071	-1.193403	0.038678	-0.522762	-1.163122	0.038375	-0.411728	-1.101159	0.052407	-0.464568	-1.358590	0.076321	-0.439717	-1.098184	1.482420	-0.261582	-1.089305	1.485144	-0.599731	
73	0.3600	-1.070273	0.997641	-0.282067	-1.080281	0.995287	-0.529954	-1.270547	1.031869	-0.355470	-1.269117	1.033267	-0.445943	-1.099259	0.866301	-0.194379	-1.047066	0.886790	-0.207762	-1.072285	0.816746	-0.196648	-1.020300	0.840487	-0.206716	-0.911913	0.557025	-0.226020	-0.905627	0.561549	-0.349805	-0.995473	0.406900	-0.207866	-0.942120	0.401307	-0.214602	-1.005425	0.357544	-0.214459	-0.955011	0.351707	-0.219806	-1.034919	0.159142	-0.241688	-1.007137	0.155318	-0.329443	-0.951523	0.079638	-0.183620	-0.906675	0.066421	-0.286991	-0.853790	0.091001	-0.211654	-1.085494	0.136717	-0.313219	-1.193642	0.864092	-0.579995	-1.145774	0.869997	-0.585574	-1.193144	0.820559	-0.581011	-1.144502	0.827269	-0.585987	-1.192571	0.513891	-0.526625	-1.179861	0.504783	-0.413044	-1.298748	0.334923	-0.532707	-1.242632	0.323909	-0.537178	-1.299122	0.282704	-0.523845	-1.246462	0.284308	-0.528170	-1.297929	0.103346	-0.494306	-1.274271	0.108867	-0.408043	-1.193395	0.038623	-0.522808	-1.163057	0.038410	-0.411784	-1.101162	0.052209	-0.464566	-1.358410	0.076608	-0.439714	-1.091115	1.481351	-0.261544	-1.082443	1.484020	-0.599675	
74	0.3650	-1.063214	0.996559	-0.281824	-1.073844	0.994248	-0.529786	-1.263672	1.030787	-0.354564	-1.262504	1.032275	-0.445021	-1.091950	0.865326	-0.193696	-1.039662	0.885826	-0.207185	-1.064932	0.815696	-0.196083	-1.012875	0.839509	-0.206228	-0.904097	0.556471	-0.226242	-0.898213	0.560636	-0.349795	-0.983061	0.404219	-0.206906	-0.929677	0.400428	-0.213864	-0.991380	0.354588	-0.213213	-0.940905	0.350430	-0.218872	-1.014218	0.155320	-0.239574	-0.986896	0.151920	-0.327546	-0.927719	0.079315	-0.181653	-0.883102	0.066974	-0.285297	-0.830678	0.093940	-0.210383	-1.064425	0.130636	-0.310705	-1.188569	0.863607	-0.579428	-1.140671	0.869256	-0.585124	-1.188571	0.820349	-0.580465	-1.139793	0.826579	-0.585467	-1.190773	0.513818	-0.526313	-1.177600	0.504414	-0.412809	-1.297858	0.335483	-0.532169	-1.241831	0.324242	-0.536918	-1.298421	0.283271	-0.523384	-1.245793	0.284622	-0.527956	-1.297734	0.103697	-0.494184	-1.273893	0.109083	-0.407985	-1.193387	0.038579	-0.522858	-1.162989	0.038437	-0.411827	-1.101170	0.052003	-0.464558	-1.358218	0.076910	-0.439698	-1.084007	1.480212	-0.261498	-1.075605	1.482825	-0.599610	
75	0.3700	-1.056133	0.995409	-0.281531	-1.067343	0.993148	-0.529572	-1.256768	1.029630	-0.353638	-1.255842	1.031209	-0.444081	-1.084660	0.864188	-0.193004	-1.032270	0.884698	-0.206533	-1.057646	0.814490	-0.195475	-1.005491	0.838352	-0.205662	-0.896425	0.555755	-0.226440	-0.890950	0.559536	-0.349787	-0.970673	0.401568	-0.205892	-0.917325	0.399577	-0.213119	-0.977355	0.351719	-0.211898	-0.926882	0.349237	-0.217915	-0.993496	0.151763	-0.237408	-0.966745	0.148803	-0.325613	-0.903988	0.079322	-0.179792	-0.859754	0.067898	-0.283756	-0.807807	0.097183	-0.209305	-1.043320	0.124859	-0.308081	-1.183427	0.863081	-0.578830	-1.135497	0.868463	-0.584634	-1.183930	0.820105	-0.579888	-1.135017	0.825842	-0.584910	-1.188916	0.513734	-0.525949	-1.175308	0.504039	-0.412505	-1.296914	0.336051	-0.531601	-1.240978	0.324579	-0.536618	-1.297672	0.283848	-0.522898	-1.245077	0.284940	-0.527702	-1.297528	0.104062	-0.494029	-1.273500	0.109296	-0.407895	-1.193379	0.038545	-0.522911	-1.162920	0.038457	-0.411855	-1.101182	0.051787	-0.464545	-1.358011	0.077230	-0.439663	-1.076861	1.479008	-0.261440	-1.068790	1.481563	-0.599535	
76	0.3750	-1.049032	0.994199	-0.281185	-1.060775	0.991986	-0.529311	-1.249832	1.028403	-0.352697	-1.249128	1.030069	-0.443126	-1.077391	0.862896	-0.192301	-1.024892	0.883415	-0.205810	-1.050428	0.813137	-0.194824	-0.998150	0.837023	-0.205019	-0.888888	0.554888	-0.226613	-0.883833	0.558265	-0.349785	-0.958317	0.398963	-0.204832	-0.905072	0.398762	-0.212375	-0.963364	0.348950	-0.210525	-0.912958	0.348134	-0.216946	-0.972791	0.148481	-0.235211	-0.946725	0.145973	-0.323661	-0.880372	0.079657	-0.178062	-0.836675	0.069188	-0.282391	-0.785216	0.100721	-0.208440	-1.022222	0.119396	-0.305369	-1.178210	0.862513	-0.578206	-1.130245	0.867614	-0.584106	-1.179213	0.819821	-0.579281	-1.130166	0.825057	-0.584315	-1.186997	0.513639	-0.525533	-1.172985	0.503658	-0.412130	-1.295913	0.336627	-0.531004	-1.240072	0.324921	-0.536275	-1.296874	0.284435	-0.522383	-1.244314	0.285259	-0.527407	-1.297309	0.104443	-0.493839	-1.273093	0.109503	-0.407768	-1.193369	0.038525	-0.522964	-1.162848	0.038468	-0.411867	-1.101196	0.051562	-0.464527	-1.357788	0.077568	-0.439605	-1.069679	1.477743	-0.261368	-1.061996	1.480239	-0.599447	
77	0.3800	-1.041909	0.992933	-0.280787	-1.054136	0.990760	-0.529002	-1.242864	1.027109	-0.351745	-1.242360	1.028859	-0.442160	-1.070142	0.861460	-0.191586	-1.017526	0.881986	-0.205017	-1.043275	0.811646	-0.194129	-0.990851	0.835533	-0.204300	-0.881475	0.553880	-0.226759	-0.876856	0.556837	-0.349788	-0.946003	0.396416	-0.203736	-0.892927	0.397989	-0.211640	-0.949424	0.346294	-0.209106	-0.899148	0.347129	-0.215972	-0.952146	0.145480	-0.233002	-0.926877	0.143433	-0.321707	-0.856915	0.080315	-0.176481	-0.813913	0.070835	-0.281218	-0.762947	0.104540	-0.207803	-1.001177	0.114254	-0.302590	-1.172911	0.861899	-0.577559	-1.124907	0.866705	-0.583542	-1.174414	0.819495	-0.578648	-1.125233	0.824221	-0.583685	-1.185010	0.513528	-0.525065	-1.170628	0.503270	-0.411681	-1.294854	0.337211	-0.530375	-1.239109	0.325265	-0.535889	-1.296023	0.285032	-0.521839	-1.243498	0.285582	-0.527069	-1.297075	0.104840	-0.493610	-1.272669	0.109707	-0.407603	-1.193358	0.038519	-0.523016	-1.162774	0.038470	-0.411863	-1.101210	0.051326	-0.464505	-1.357549	0.077928	-0.439523	-1.062465	1.476422	-0.261280	-1.055220	1.478858	-0.599344	
78	0.3850	-1.034764	0.991619	-0.280337	-1.047425	0.989472	-0.528643	-1.235862	1.025755	-0.350786	-1.235533	1.027581	-0.441190	-1.062912	0.859893	-0.190858	-1.010174	0.880422	-0.204158	-1.036185	0.810031	-0.193393	-0.983596	0.833894	-0.203509	-0.874176	0.552744	-0.226876	-0.870008	0.555270	-0.349798	-0.933742	0.393941	-0.202614	-0.880899	0.397263	-0.210923	-0.935555	0.343760	-0.207655	-0.885470	0.346223	-0.215006	-0.931607	0.142759	-0.230802	-0.907248	0.141180	-0.319770	-0.833666	0.081285	-0.175070	-0.791516	0.072821	-0.280254	-0.741045	0.108623	-0.207407	-0.980235	0.109434	-0.299769	-1.167522	0.861236	-0.576894	-1.119475	0.865735	-0.582943	-1.169523	0.819121	-0.577990	-1.120211	0.823332	-0.583020	-1.182950	0.513401	-0.524545	-1.168234	0.502876	-0.411157	-1.293733	0.337804	-0.529715	-1.238086	0.325612	-0.535458	-1.295115	0.285637	-0.521265	-1.242627	0.285906	-0.526689	-1.296827	0.105257	-0.493343	-1.272229	0.109908	-0.407398	-1.193345	0.038528	-0.523063	-1.162697	0.038464	-0.411842	-1.101225	0.051081	-0.464479	-1.357291	0.078312	-0.439412	-1.055221	1.475049	-0.261171	-1.048459	1.477425	-0.599224	
79	0.3900	-1.027595	0.990263	-0.279833	-1.040638	0.988120	-0.528233	-1.228825	1.024344	-0.349825	-1.228647	1.026239	-0.440218	-1.055699	0.858208	-0.190116	-1.002834	0.878736	-0.203238	-1.029152	0.808304	-0.192617	-0.976382	0.832119	-0.202649	-0.866979	0.551491	-0.226963	-0.863281	0.553579	-0.349814	-0.921548	0.391547	-0.201477	-0.868999	0.396585	-0.210231	-0.921779	0.341353	-0.206187	-0.871942	0.345416	-0.214057	-0.911225	0.140316	-0.228634	-0.887882	0.139207	-0.317868	-0.810678	0.082550	-0.173846	-0.769535	0.075124	-0.279513	-0.719554	0.112945	-0.207262	-0.959451	0.104934	-0.296933	-1.162038	0.860521	-0.576216	-1.113944	0.864702	-0.582313	-1.164535	0.818697	-0.577310	-1.115093	0.822389	-0.582321	-1.180810	0.513256	-0.523975	-1.165798	0.502475	-0.410557	-1.292544	0.338405	-0.529024	-1.236997	0.325961	-0.534985	-1.294146	0.286252	-0.520660	-1.241696	0.286234	-0.526265	-1.296562	0.105695	-0.493035	-1.271773	0.110107	-0.407152	-1.193332	0.038552	-0.523102	-1.162618	0.038448	-0.411804	-1.101238	0.050826	-0.464450	-1.357014	0.078723	-0.439271	-1.047951	1.473630	-0.261038	-1.041709	1.475943	-0.599084	
80	0.3950	-1.020401	0.988871	-0.279276	-1.033775	0.986706	-0.527772	-1.221751	1.022883	-0.348865	-1.221698	1.024835	-0.439250	-1.048502	0.856420	-0.189359	-0.995505	0.876941	-0.202263	-1.022172	0.806480	-0.191804	-0.969207	0.830222	-0.201726	-0.859875	0.550135	-0.227021	-0.856664	0.551783	-0.349834	-0.909438	0.389239	-0.200338	-0.857240	0.395955	-0.209570	-0.908119	0.339076	-0.204716	-0.858586	0.344705	-0.213136	-0.891053	0.138143	-0.226519	-0.868828	0.137503	-0.316021	-0.788005	0.084087	-0.172823	-0.748019	0.077716	-0.279003	-0.698520	0.117475	-0.207374	-0.938882	0.100750	-0.294107	-1.156453	0.859751	-0.575529	-1.108307	0.863603	-0.581654	-1.159441	0.818219	-0.576612	-1.109874	0.821393	-0.581590	-1.178580	0.513091	-0.523356	-1.163315	0.502066	-0.409881	-1.291282	0.339017	-0.528305	-1.235837	0.326312	-0.534469	-1.293111	0.286876	-0.520027	-1.240700	0.286564	-0.525801	-1.296279	0.106156	-0.492688	-1.271298	0.110306	-0.406867	-1.193318	0.038592	-0.523132	-1.162535	0.038423	-0.411750	-1.101248	0.050562	-0.464418	-1.356717	0.079166	-0.439099	-1.040659	1.472168	-0.260878	-1.034965	1.474418	-0.598922	
81	0.4000	-1.013180	0.987448	-0.278665	-1.026833	0.985230	-0.527259	-1.214638	1.021376	-0.347909	-1.214686	1.023375	-0.438287	-1.041318	0.854543	-0.188587	-0.988185	0.875051	-0.201237	-1.015237	0.804573	-0.190957	-0.962067	0.828219	-0.200746	-0.852851	0.548687	-0.227050	-0.850142	0.549899	-0.349859	-0.897429	0.387024	-0.199207	-0.845635	0.395370	-0.208949	-0.894601	0.336931	-0.203259	-0.845422	0.344083	-0.212252	-0.871146	0.136228	-0.224478	-0.850133	0.136052	-0.314247	-0.765707	0.085867	-0.172012	-0.727016	0.080561	-0.278732	-0.677990	0.122178	-0.207746	-0.918586	0.096872	-0.291319	-1.150761	0.858925	-0.574836	-1.102559	0.862440	-0.580968	-1.154238	0.817687	-0.575897	-1.104546	0.820344	-0.580829	-1.176250	0.512904	-0.522692	-1.160776	0.501651	-0.409132	-1.289941	0.339640	-0.527561	-1.234599	0.326664	-0.533914	-1.292002	0.287509	-0.519366	-1.239633	0.286897	-0.525297	-1.295977	0.106645	-0.492303	-1.270805	0.110509	-0.406543	-1.193303	0.038646	-0.523150	-1.162449	0.038390	-0.411679	-1.101255	0.050290	-0.464384	-1.356399	0.079643	-0.438895	-1.033349	1.470668	-0.260685	-1.028224	1.472854	-0.598735	
82	0.4050	-1.005929	0.986001	-0.278002	-1.019812	0.983694	-0.526693	-1.207485	1.019830	-0.346961	-1.207608	1.021863	-0.437334	-1.034141	0.852595	-0.187798	-0.980870	0.873081	-0.200168	-1.008337	0.802601	-0.190081	-0.954957	0.826127	-0.199715	-0.845896	0.547159	-0.227048	-0.843704	0.547944	-0.349885	-0.885541	0.384902	-0.198099	-0.834196	0.394826	-0.208371	-0.881253	0.334914	-0.201831	-0.832471	0.343541	-0.211414	-0.851564	0.134553	-0.222532	-0.831847	0.134834	-0.312564	-0.743843	0.087858	-0.171423	-0.706576	0.083619	-0.278702	-0.658009	0.127014	-0.208374	-0.898625	0.093287	-0.288596	-1.144959	0.858042	-0.574140	-1.096694	0.861214	-0.580258	-1.148917	0.817099	-0.575168	-1.099105	0.819244	-0.580040	-1.173809	0.512696	-0.521984	-1.158174	0.501229	-0.408313	-1.288514	0.340276	-0.526795	-1.233277	0.327018	-0.533322	-1.290815	0.288154	-0.518683	-1.238488	0.287234	-0.524758	-1.295654	0.107164	-0.491883	-1.270292	0.110718	-0.406185	-1.193288	0.038715	-0.523154	-1.162359	0.038350	-0.411595	-1.101256	0.050010	-0.464350	-1.356059	0.080160	-0.438662	-1.026024	1.469136	-0.260458	-1.021479	1.471256	-0.598521	
83	0.4100	-0.998647	0.984536	-0.277285	-1.012711	0.982102	-0.526074	-1.200289	1.018250	-0.346021	-1.200462	1.020304	-0.436392	-1.026966	0.850593	-0.186995	-0.973555	0.871046	-0.199063	-1.001463	0.800578	-0.189180	-0.947868	0.823963	-0.198642	-0.838997	0.545565	-0.227019	-0.837333	0.545934	-0.349909	-0.873795	0.382873	-0.197024	-0.822938	0.394314	-0.207841	-0.868102	0.333018	-0.200448	-0.819757	0.343066	-0.210633	-0.832366	0.133100	-0.220700	-0.814017	0.133825	-0.310989	-0.722476	0.090020	-0.171060	-0.686746	0.086843	-0.278912	-0.638622	0.131934	-0.209252	-0.879060	0.089981	-0.285963	-1.139041	0.857104	-0.573444	-1.090710	0.859927	-0.579528	-1.143476	0.816457	-0.574428	-1.093545	0.818096	-0.579224	-1.171245	0.512466	-0.521238	-1.155498	0.500801	-0.407429	-1.286992	0.340926	-0.526013	-1.231864	0.327374	-0.532697	-1.289541	0.288810	-0.517980	-1.237259	0.287576	-0.524186	-1.295310	0.107716	-0.491433	-1.269758	0.110938	-0.405796	-1.193273	0.038794	-0.523141	-1.162266	0.038301	-0.411498	-1.101252	0.049725	-0.464315	-1.355697	0.080722	-0.438400	-1.018690	1.467576	-0.260190	-1.014725	1.469629	-0.598279	
84	0.4150	-0.991329	0.983058	-0.276517	-1.005530	0.980459	-0.525403	-1.193048	1.016643	-0.345091	-1.193249	1.018705	-0.435461	-1.019786	0.848551	-0.186177	-0.966233	0.868963	-0.197928	-0.994602	0.798520	-0.188259	-0.940792	0.821744	-0.197534	-0.832143	0.543914	-0.226964	-0.831016	0.543887	-0.349930	-0.862210	0.380934	-0.195994	-0.811873	0.393824	-0.207365	-0.855176	0.331237	-0.199125	-0.807299	0.342644	-0.209915	-0.813609	0.131845	-0.218999	-0.796690	0.132999	-0.309535	-0.701668	0.092309	-0.170923	-0.667570	0.090183	-0.279355	-0.619872	0.136888	-0.210370	-0.859953	0.086936	-0.283445	-1.133007	0.856111	-0.572750	-1.084602	0.858583	-0.578779	-1.137908	0.815762	-0.573677	-1.087862	0.816904	-0.578383	-1.168544	0.512215	-0.520459	-1.152736	0.500369	-0.406484	-1.285366	0.341593	-0.525221	-1.230350	0.327733	-0.532045	-1.288173	0.289481	-0.517264	-1.235940	0.287924	-0.523588	-1.294940	0.108305	-0.490959	-1.269201	0.111173	-0.405381	-1.193261	0.038884	-0.523111	-1.162169	0.038246	-0.411391	-1.101240	0.049437	-0.464281	-1.355313	0.081334	-0.438115	-1.011349	1.465993	-0.259879	-1.007956	1.467978	-0.598005	
85	0.4200	-0.983973	0.981571	-0.275699	-0.998268	0.978769	-0.524680	-1.185758	1.015016	-0.344170	-1.185965	1.017073	-0.434542	-1.012594	0.846487	-0.185345	-0.958899	0.866848	-0.196771	-0.987741	0.796444	-0.187325	-0.933718	0.819489	-0.196401	-0.825322	0.542219	-0.226886	-0.824736	0.541817	-0.349945	-0.850809	0.379079	-0.195020	-0.801015	0.393346	-0.206944	-0.842505	0.329559	-0.197877	-0.795118	0.342259	-0.209268	-0.795354	0.130762	-0.217445	-0.779910	0.132325	-0.308217	-0.681479	0.094678	-0.171011	-0.649091	0.093583	-0.280023	-0.601797	0.141821	-0.211713	-0.841366	0.084134	-0.281066	-1.126851	0.855068	-0.572059	-1.078370	0.857187	-0.578015	-1.132210	0.815018	-0.572917	-1.082053	0.815673	-0.577520	-1.165695	0.511943	-0.519651	-1.149878	0.499933	-0.405487	-1.283629	0.342279	-0.524426	-1.228727	0.328097	-0.531373	-1.286703	0.290168	-0.516541	-1.234522	0.288281	-0.522969	-1.294544	0.108935	-0.490467	-1.268619	0.111429	-0.404948	-1.193250	0.038980	-0.523062	-1.162070	0.038185	-0.411277	-1.101221	0.049148	-0.464248	-1.354906	0.082002	-0.437811	-1.004005	1.464393	-0.259519	-1.001168	1.466308	-0.597696	
86	0.4250	-0.976573	0.980082	-0.274832	-0.990927	0.977039	-0.523907	-1.178416	1.013374	-0.343257	-1.178611	1.015414	-0.433633	-1.005378	0.844417	-0.184502	-0.951542	0.864716	-0.195601	-0.980865	0.794365	-0.186382	-0.926635	0.817215	-0.195252	-0.818521	0.540488	-0.226787	-0.818478	0.539739	-0.349950	-0.839613	0.377301	-0.194113	-0.790377	0.392866	-0.206581	-0.830116	0.327971	-0.196716	-0.783235	0.341891	-0.208698	-0.777657	0.129821	-0.216049	-0.763718	0.131774	-0.307044	-0.661970	0.097077	-0.171317	-0.631346	0.096985	-0.280902	-0.584436	0.146674	-0.213261	-0.823357	0.081555	-0.278847	-1.120574	0.853978	-0.571372	-1.072011	0.855747	-0.577237	-1.126380	0.814228	-0.572149	-1.076114	0.814409	-0.576637	-1.162684	0.511654	-0.518822	-1.146908	0.499495	-0.404445	-1.281771	0.342987	-0.523636	-1.226988	0.328467	-0.530686	-1.285124	0.290874	-0.515817	-1.232998	0.288649	-0.522336	-1.294119	0.109611	-0.489965	-1.268011	0.111711	-0.404505	-1.193244	0.039079	-0.522994	-1.161967	0.038117	-0.411158	-1.101193	0.048861	-0.464218	-1.354476	0.082734	-0.437493	-0.996661	1.462781	-0.259107	-0.994354	1.464625	-0.597352	
87	0.4300	-0.969126	0.978594	-0.273919	-0.983506	0.975277	-0.523085	-1.171019	1.011724	-0.342351	-1.171185	1.013736	-0.432731	-0.998129	0.842354	-0.183650	-0.944154	0.862583	-0.194423	-0.973957	0.792297	-0.185437	-0.919528	0.814939	-0.194096	-0.811729	0.538732	-0.226671	-0.812227	0.537666	-0.349943	-0.828642	0.375591	-0.193280	-0.779969	0.392368	-0.206278	-0.818035	0.326460	-0.195653	-0.771666	0.341520	-0.208210	-0.760571	0.128995	-0.214823	-0.748152	0.131311	-0.306026	-0.643197	0.099452	-0.171832	-0.614370	0.100328	-0.281975	-0.567818	0.151385	-0.214993	-0.805984	0.079179	-0.276806	-1.114174	0.852849	-0.570687	-1.065524	0.854271	-0.576449	-1.120413	0.813400	-0.571375	-1.070043	0.813121	-0.575736	-1.159497	0.511349	-0.517980	-1.143814	0.499056	-0.403370	-1.279782	0.343720	-0.522860	-1.225123	0.328846	-0.529994	-1.283428	0.291603	-0.515102	-1.231361	0.289029	-0.521698	-1.293662	0.110335	-0.489463	-1.267373	0.112026	-0.404060	-1.193241	0.039177	-0.522908	-1.161862	0.038045	-0.411038	-1.101157	0.048580	-0.464190	-1.354023	0.083535	-0.437171	-0.989319	1.461163	-0.258639	-0.987509	1.462934	-0.596968	
88	0.4350	-0.961626	0.977112	-0.272962	-0.976007	0.973493	-0.522217	-1.163562	1.010074	-0.341448	-1.163686	1.012048	-0.431834	-0.990835	0.840314	-0.182791	-0.936724	0.860464	-0.193247	-0.967003	0.790254	-0.184496	-0.912384	0.812679	-0.192944	-0.804934	0.536959	-0.226543	-0.805970	0.535609	-0.349922	-0.817917	0.373940	-0.192530	-0.769803	0.391839	-0.206035	-0.806288	0.325009	-0.194697	-0.760427	0.341126	-0.207807	-0.744145	0.128251	-0.213772	-0.733246	0.130904	-0.305168	-0.625212	0.101750	-0.172543	-0.598193	0.103551	-0.283223	-0.551972	0.155893	-0.216883	-0.789299	0.076986	-0.274958	-1.107651	0.851688	-0.570004	-1.058910	0.852769	-0.575652	-1.114309	0.812540	-0.570595	-1.063837	0.811817	-0.574818	-1.156122	0.511031	-0.517132	-1.140581	0.498619	-0.402270	-1.277654	0.344483	-0.522106	-1.223123	0.329235	-0.529304	-1.281607	0.292358	-0.514403	-1.229604	0.289425	-0.521062	-1.293170	0.111113	-0.488972	-1.266704	0.112380	-0.403624	-1.193245	0.039271	-0.522804	-1.161756	0.037968	-0.410921	-1.101112	0.048307	-0.464166	-1.353545	0.084415	-0.436851	-0.981980	1.459544	-0.258112	-0.980629	1.461243	-0.596542	
89	0.4400	-0.954068	0.975641	-0.271965	-0.968428	0.971695	-0.521305	-1.156043	1.008430	-0.340543	-1.156114	1.010356	-0.430938	-0.983483	0.838307	-0.181928	-0.929242	0.858372	-0.192079	-0.959984	0.788248	-0.183563	-0.905189	0.810449	-0.191805	-0.798126	0.535176	-0.226406	-0.799694	0.533579	-0.349885	-0.807455	0.372336	-0.191867	-0.759886	0.391263	-0.205852	-0.794896	0.323603	-0.193858	-0.749532	0.340689	-0.207490	-0.728426	0.127559	-0.212902	-0.719029	0.130520	-0.304473	-0.608063	0.103917	-0.173434	-0.582838	0.106592	-0.284622	-0.536918	0.160134	-0.218904	-0.773350	0.074958	-0.273315	-1.101003	0.850504	-0.569322	-1.052169	0.851251	-0.574846	-1.108065	0.811657	-0.569807	-1.057496	0.810506	-0.573887	-1.152546	0.510705	-0.516287	-1.137192	0.498185	-0.401159	-1.275376	0.345277	-0.521382	-1.220981	0.329638	-0.528626	-1.279653	0.293144	-0.513730	-1.227720	0.289840	-0.520438	-1.292638	0.111949	-0.488501	-1.265999	0.112780	-0.403207	-1.193255	0.039356	-0.522684	-1.161650	0.037887	-0.410808	-1.101058	0.048047	-0.464146	-1.353041	0.085380	-0.436543	-0.974644	1.457931	-0.257521	-0.973708	1.459558	-0.596073	
90	0.4450	-0.946448	0.974184	-0.270932	-0.960771	0.969896	-0.520353	-1.148457	1.006799	-0.339632	-1.148467	1.008672	-0.430036	-0.976062	0.836345	-0.181064	-0.921697	0.856320	-0.190926	-0.952885	0.786290	-0.182645	-0.897928	0.808265	-0.190689	-0.791293	0.533389	-0.226265	-0.793388	0.531583	-0.349831	-0.797272	0.370768	-0.191296	-0.750225	0.390624	-0.205727	-0.783879	0.322226	-0.193138	-0.738991	0.340187	-0.207261	-0.713450	0.126890	-0.212211	-0.705523	0.130129	-0.303941	-0.591792	0.105899	-0.174486	-0.568324	0.109391	-0.286148	-0.522671	0.164047	-0.221028	-0.758178	0.073077	-0.271886	-1.094232	0.849308	-0.568636	-1.045303	0.849729	-0.574034	-1.101680	0.810760	-0.569013	-1.051018	0.809199	-0.572944	-1.148758	0.510374	-0.515455	-1.133632	0.497755	-0.400048	-1.272939	0.346108	-0.520700	-1.218688	0.330058	-0.527970	-1.277559	0.293965	-0.513091	-1.225700	0.290277	-0.519836	-1.292062	0.112847	-0.488064	-1.265254	0.113233	-0.402820	-1.193273	0.039428	-0.522551	-1.161544	0.037801	-0.410705	-1.100995	0.047803	-0.464129	-1.352509	0.086438	-0.436257	-0.967313	1.456330	-0.256864	-0.966743	1.457884	-0.595556	
91	0.4500	-0.938759	0.972745	-0.269865	-0.953037	0.968106	-0.519363	-1.140799	1.005188	-0.338709	-1.140745	1.007002	-0.429123	-0.968559	0.834438	-0.180202	-0.914076	0.854319	-0.189795	-0.945689	0.784390	-0.181744	-0.890585	0.806138	-0.189604	-0.784426	0.531606	-0.226125	-0.787043	0.529630	-0.349758	-0.787381	0.369226	-0.190818	-0.740826	0.389908	-0.205659	-0.773252	0.320862	-0.192542	-0.728811	0.339604	-0.207118	-0.699250	0.126215	-0.211699	-0.692745	0.129700	-0.303569	-0.576431	0.107645	-0.175680	-0.554662	0.111891	-0.287775	-0.509238	0.167574	-0.223225	-0.743820	0.071327	-0.270676	-1.087339	0.848109	-0.567946	-1.038312	0.848216	-0.573217	-1.095154	0.809859	-0.568212	-1.044403	0.807906	-0.571992	-1.144747	0.510043	-0.514645	-1.129886	0.497331	-0.398951	-1.270334	0.346979	-0.520067	-1.216234	0.330497	-0.527345	-1.275316	0.294826	-0.512497	-1.223538	0.290739	-0.519265	-1.291436	0.113812	-0.487670	-1.264466	0.113746	-0.402475	-1.193299	0.039483	-0.522407	-1.161440	0.037712	-0.410613	-1.100924	0.047578	-0.464117	-1.351947	0.087600	-0.436004	-0.959984	1.454748	-0.256137	-0.959730	1.456231	-0.594989	
92	0.4550	-0.930996	0.971329	-0.268769	-0.945225	0.966338	-0.518341	-1.133066	1.003604	-0.337769	-1.132948	1.005356	-0.428193	-0.960961	0.832594	-0.179344	-0.906370	0.852379	-0.188691	-0.938381	0.782556	-0.180865	-0.883148	0.804080	-0.188558	-0.777516	0.529830	-0.225989	-0.780651	0.527724	-0.349665	-0.777792	0.367699	-0.190433	-0.731690	0.389103	-0.205645	-0.763027	0.319496	-0.192070	-0.718996	0.338920	-0.207059	-0.685850	0.125509	-0.211360	-0.680706	0.129207	-0.303352	-0.562008	0.109107	-0.176993	-0.541858	0.114040	-0.289475	-0.496621	0.170657	-0.225463	-0.730303	0.069696	-0.269685	-1.080323	0.846922	-0.567247	-1.031199	0.846725	-0.572393	-1.088486	0.808965	-0.567403	-1.037651	0.806639	-0.571031	-1.140503	0.509715	-0.513868	-1.125937	0.496913	-0.397880	-1.267551	0.347893	-0.519492	-1.213613	0.330959	-0.526762	-1.272917	0.295732	-0.511956	-1.221227	0.291229	-0.518734	-1.290754	0.114847	-0.487332	-1.263628	0.114326	-0.402183	-1.193333	0.039517	-0.522257	-1.161340	0.037618	-0.410536	-1.100845	0.047377	-0.464109	-1.351349	0.088874	-0.435794	-0.952657	1.453190	-0.255339	-0.952667	1.454604	-0.594369	
93	0.4600	-0.923154	0.969939	-0.267649	-0.937337	0.964604	-0.517289	-1.125253	1.002053	-0.336804	-1.125074	1.003742	-0.427241	-0.953257	0.830819	-0.178494	-0.898568	0.850509	-0.187619	-0.930949	0.780795	-0.180012	-0.875603	0.802101	-0.187559	-0.770555	0.528066	-0.225862	-0.774208	0.525869	-0.349554	-0.768511	0.366178	-0.190140	-0.722817	0.388197	-0.205683	-0.753210	0.318117	-0.191719	-0.709545	0.338123	-0.207081	-0.673266	0.124748	-0.211185	-0.669410	0.128628	-0.303282	-0.548538	0.110244	-0.178402	-0.529912	0.115788	-0.291222	-0.484813	0.173246	-0.227714	-0.717647	0.068172	-0.268910	-1.073187	0.845756	-0.566535	-1.023965	0.845269	-0.571564	-1.081676	0.808089	-0.566584	-1.030762	0.805408	-0.570065	-1.136017	0.509394	-0.513133	-1.121768	0.496501	-0.396849	-1.264581	0.348853	-0.518983	-1.210816	0.331445	-0.526230	-1.270354	0.296686	-0.511477	-1.218758	0.291751	-0.518254	-1.290009	0.115957	-0.487062	-1.262735	0.114979	-0.401955	-1.193375	0.039526	-0.522104	-1.161245	0.037519	-0.410477	-1.100758	0.047201	-0.464104	-1.350711	0.090269	-0.435637	-0.945328	1.451665	-0.254467	-0.945552	1.453012	-0.593693	
94	0.4650	-0.915230	0.968579	-0.266508	-0.929373	0.962917	-0.516212	-1.117359	1.000542	-0.335811	-1.117124	1.002170	-0.426259	-0.945438	0.829118	-0.177653	-0.890661	0.848714	-0.186584	-0.923379	0.779111	-0.179185	-0.867940	0.800209	-0.186613	-0.763538	0.526318	-0.225746	-0.767710	0.524068	-0.349424	-0.759542	0.364654	-0.189935	-0.714205	0.387182	-0.205767	-0.743804	0.316714	-0.191486	-0.700456	0.337201	-0.207178	-0.661504	0.123913	-0.211164	-0.658852	0.127942	-0.303348	-0.536030	0.111016	-0.179884	-0.518815	0.117094	-0.292989	-0.473801	0.175295	-0.229948	-0.705863	0.066747	-0.268345	-1.065931	0.844626	-0.565808	-1.016613	0.843862	-0.570730	-1.074724	0.807241	-0.565755	-1.023737	0.804225	-0.569095	-1.131281	0.509084	-0.512451	-1.117364	0.496096	-0.395870	-1.261414	0.349861	-0.518548	-1.207834	0.331958	-0.525759	-1.267618	0.297693	-0.511069	-1.216126	0.292307	-0.517835	-1.289192	0.117145	-0.486871	-1.261779	0.115711	-0.401802	-1.193424	0.039508	-0.521952	-1.161157	0.037417	-0.410437	-1.100664	0.047055	-0.464103	-1.350026	0.091796	-0.435545	-0.937995	1.450179	-0.253520	-0.938384	1.451463	-0.592959	
95	0.4700	-0.907218	0.967253	-0.265353	-0.921334	0.961290	-0.515114	-1.109379	0.999078	-0.334781	-1.109097	1.000647	-0.425242	-0.937495	0.827495	-0.176824	-0.882643	0.847001	-0.185588	-0.915665	0.777508	-0.178385	-0.860151	0.798408	-0.185726	-0.756460	0.524590	-0.225644	-0.761156	0.522321	-0.349276	-0.750883	0.363123	-0.189811	-0.705847	0.386052	-0.205894	-0.734806	0.315277	-0.191364	-0.691722	0.336145	-0.207344	-0.650564	0.122989	-0.211283	-0.649024	0.127136	-0.303539	-0.524483	0.111392	-0.181415	-0.508553	0.117926	-0.294750	-0.463564	0.176767	-0.232140	-0.694955	0.065417	-0.267980	-1.058557	0.843542	-0.565062	-1.009146	0.842515	-0.569889	-1.067630	0.806430	-0.564914	-1.016575	0.803098	-0.568121	-1.126287	0.508788	-0.511832	-1.112708	0.495694	-0.394958	-1.258042	0.350920	-0.518195	-1.204659	0.332500	-0.525357	-1.264703	0.298756	-0.510739	-1.213321	0.292899	-0.517484	-1.288293	0.118416	-0.486767	-1.260752	0.116528	-0.401732	-1.193479	0.039462	-0.521807	-1.161077	0.037309	-0.410419	-1.100565	0.046938	-0.464104	-1.349284	0.093464	-0.435527	-0.930654	1.448739	-0.252497	-0.931163	1.449965	-0.592164	
96	0.4750	-0.899116	0.965965	-0.264185	-0.913220	0.959733	-0.513999	-1.101313	0.997668	-0.333711	-1.100994	0.999183	-0.424184	-0.929421	0.825953	-0.176008	-0.874506	0.845373	-0.184635	-0.907798	0.775989	-0.177615	-0.852227	0.796705	-0.184900	-0.749316	0.522885	-0.225557	-0.754547	0.520630	-0.349110	-0.742529	0.361580	-0.189763	-0.697738	0.384805	-0.206059	-0.726209	0.313803	-0.191345	-0.683331	0.334952	-0.207572	-0.640436	0.121965	-0.211528	-0.639907	0.126200	-0.303840	-0.513885	0.111350	-0.182972	-0.499106	0.118256	-0.296481	-0.454075	0.177631	-0.234265	-0.684917	0.064177	-0.267803	-1.051065	0.842516	-0.564294	-1.001565	0.841241	-0.569040	-1.060396	0.805668	-0.564061	-1.009278	0.802038	-0.567147	-1.121029	0.508507	-0.511283	-1.107785	0.495293	-0.394122	-1.254454	0.352030	-0.517927	-1.201282	0.333072	-0.525032	-1.261598	0.299878	-0.510494	-1.210335	0.293529	-0.517211	-1.287302	0.119772	-0.486761	-1.259646	0.117436	-0.401754	-1.193538	0.039386	-0.521674	-1.161006	0.037198	-0.410423	-1.100460	0.046854	-0.464108	-1.348476	0.095283	-0.435591	-0.923301	1.447352	-0.251396	-0.923889	1.448526	-0.591306	
97	0.4800	-0.890922	0.964720	-0.263011	-0.905034	0.958259	-0.512870	-1.093159	0.996316	-0.332595	-1.092816	0.997784	-0.423083	-0.921214	0.824493	-0.175205	-0.866248	0.843833	-0.183725	-0.899777	0.774554	-0.176871	-0.844166	0.795100	-0.184138	-0.742105	0.521208	-0.225487	-0.747887	0.518994	-0.348929	-0.734471	0.360024	-0.189780	-0.689865	0.383441	-0.206257	-0.718000	0.312287	-0.191418	-0.675270	0.333621	-0.207854	-0.631100	0.120834	-0.211882	-0.631480	0.125128	-0.304236	-0.504218	0.110871	-0.184534	-0.490449	0.118068	-0.298161	-0.445302	0.177864	-0.236300	-0.675735	0.063028	-0.267798	-1.043457	0.841558	-0.563499	-0.993872	0.840050	-0.568183	-1.053021	0.804961	-0.563194	-1.001848	0.801053	-0.566172	-1.115498	0.508243	-0.510814	-1.102579	0.494889	-0.393375	-1.250640	0.353192	-0.517751	-1.197695	0.333673	-0.524792	-1.258294	0.301062	-0.510340	-1.207160	0.294198	-0.517021	-1.286207	0.121217	-0.486858	-1.258451	0.118437	-0.401875	-1.193597	0.039281	-0.521556	-1.160946	0.037082	-0.410451	-1.100352	0.046801	-0.464113	-1.347587	0.097265	-0.435746	-0.915931	1.446025	-0.250218	-0.916565	1.447154	-0.590382	
98	0.4850	-0.882635	0.963522	-0.261834	-0.896776	0.956877	-0.511732	-1.084916	0.995031	-0.331432	-1.084564	0.996458	-0.421933	-0.912871	0.823115	-0.174417	-0.857868	0.842381	-0.182859	-0.891601	0.773205	-0.176153	-0.835966	0.793597	-0.183440	-0.734828	0.519561	-0.225433	-0.741177	0.517413	-0.348731	-0.726696	0.358454	-0.189854	-0.682216	0.381964	-0.206482	-0.710161	0.310731	-0.191572	-0.667521	0.332155	-0.208183	-0.622532	0.119594	-0.212328	-0.623714	0.123922	-0.304710	-0.495452	0.109949	-0.186078	-0.482550	0.117354	-0.299772	-0.437207	0.177454	-0.238228	-0.667386	0.061971	-0.267948	-1.035735	0.840676	-0.562676	-0.986071	0.838953	-0.567317	-1.045508	0.804316	-0.562312	-0.994284	0.800149	-0.565198	-1.109689	0.507994	-0.510432	-1.097073	0.494478	-0.392727	-1.246590	0.354404	-0.517669	-1.193887	0.334302	-0.524643	-1.254782	0.302307	-0.510279	-1.203786	0.294906	-0.516922	-1.284994	0.122754	-0.487066	-1.257154	0.119538	-0.402100	-1.193654	0.039150	-0.521460	-1.160897	0.036964	-0.410504	-1.100241	0.046780	-0.464119	-1.346603	0.099419	-0.435996	-0.908540	1.444765	-0.248963	-0.909192	1.445857	-0.589391	
99	0.4900	-0.874255	0.962376	-0.260656	-0.888449	0.955598	-0.510587	-1.076587	0.993817	-0.330217	-1.076240	0.995212	-0.420734	-0.904395	0.821820	-0.173641	-0.849368	0.841017	-0.182035	-0.883274	0.771941	-0.175459	-0.827630	0.792193	-0.182805	-0.727483	0.517950	-0.225393	-0.734425	0.515887	-0.348520	-0.719187	0.356874	-0.189974	-0.674778	0.380381	-0.206729	-0.702671	0.309138	-0.191794	-0.660065	0.330564	-0.208548	-0.614699	0.118248	-0.212848	-0.616575	0.122586	-0.305247	-0.487551	0.108584	-0.187586	-0.475375	0.116116	-0.301297	-0.429748	0.176396	-0.240034	-0.659840	0.061011	-0.268233	-1.027900	0.839878	-0.561821	-0.978164	0.837957	-0.566439	-1.037856	0.803739	-0.561414	-0.986588	0.799332	-0.564226	-1.103595	0.507760	-0.510143	-1.091254	0.494052	-0.392186	-1.242293	0.355665	-0.517684	-1.189849	0.334959	-0.524588	-1.251050	0.303615	-0.510316	-1.200203	0.295653	-0.516917	-1.283647	0.124386	-0.487387	-1.255743	0.120740	-0.402432	-1.193703	0.038998	-0.521389	-1.160858	0.036844	-0.410580	-1.100129	0.046787	-0.464125	-1.345506	0.101756	-0.436345	-0.901123	1.443578	-0.247632	-0.901774	1.444643	-0.588331	
100	0.4950	-0.865785	0.961288	-0.259481	-0.880057	0.954430	-0.509438	-1.068174	0.992680	-0.328952	-1.067847	0.994051	-0.419484	-0.895791	0.820608	-0.172878	-0.840750	0.839742	-0.181252	-0.874803	0.770761	-0.174785	-0.819163	0.790890	-0.182230	-0.720076	0.516379	-0.225367	-0.727635	0.514416	-0.348294	-0.711925	0.355290	-0.190127	-0.667532	0.378705	-0.206993	-0.695505	0.307514	-0.192069	-0.652879	0.328857	-0.208941	-0.607560	0.116804	-0.213424	-0.610025	0.121129	-0.305830	-0.480472	0.106784	-0.189040	-0.468884	0.114365	-0.302725	-0.422881	0.174699	-0.241706	-0.653060	0.060152	-0.268632	-1.019953	0.839168	-0.560934	-0.970153	0.837068	-0.565549	-1.030068	0.803233	-0.560499	-0.978762	0.798605	-0.563257	-1.097208	0.507536	-0.509952	-1.085106	0.493604	-0.391759	-1.237738	0.356972	-0.517797	-1.185570	0.335640	-0.524632	-1.247086	0.304984	-0.510452	-1.196402	0.296438	-0.517010	-1.282152	0.126116	-0.487823	-1.254204	0.122047	-0.402873	-1.193738	0.038829	-0.521347	-1.160829	0.036726	-0.410679	-1.100016	0.046821	-0.464132	-1.344275	0.104287	-0.436797	-0.893675	1.442471	-0.246226	-0.894313	1.443520	-0.587200	
101	0.5000	-0.857228	0.960263	-0.258311	-0.871602	0.953378	-0.508286	-1.059680	0.991626	-0.327635	-1.059389	0.992980	-0.418185	-0.887066	0.819478	-0.172126	-0.832023	0.838554	-0.180506	-0.866198	0.769664	-0.174129	-0.810572	0.789685	-0.181711	-0.712608	0.514853	-0.225350	-0.720814	0.513000	-0.348055	-0.704888	0.353708	-0.190304	-0.660462	0.376947	-0.207268	-0.688635	0.305869	-0.192384	-0.645939	0.327051	-0.209354	-0.601072	0.115271	-0.214038	-0.604023	0.119565	-0.306442	-0.474165	0.104568	-0.190427	-0.463036	0.112122	-0.304046	-0.416558	0.172376	-0.243238	-0.647005	0.059399	-0.269126	-1.011895	0.838550	-0.560013	-0.962041	0.836289	-0.564646	-1.022145	0.802800	-0.559568	-0.970807	0.797970	-0.562292	-1.090521	0.507317	-0.509862	-1.078615	0.493127	-0.391452	-1.232912	0.358321	-0.518006	-1.181039	0.336342	-0.524774	-1.242880	0.306413	-0.510685	-1.192369	0.297260	-0.517202	-1.280490	0.127948	-0.488372	-1.252522	0.123461	-0.403420	-1.193754	0.038653	-0.521338	-1.160807	0.036611	-0.410800	-1.099903	0.046876	-0.464138	-1.342888	0.107022	-0.437351	-0.886191	1.441449	-0.244748	-0.886815	1.442495	-0.585999	
102	0.5050	-0.848588	0.959307	-0.257148	-0.863088	0.952448	-0.507133	-1.051112	0.990659	-0.326270	-1.050869	0.992005	-0.416839	-0.878231	0.818430	-0.171383	-0.823195	0.837452	-0.179793	-0.857473	0.768650	-0.173486	-0.801870	0.788577	-0.181240	-0.705086	0.513378	-0.225339	-0.713967	0.511642	-0.347803	-0.698050	0.352139	-0.190490	-0.653549	0.375125	-0.207549	-0.682029	0.304215	-0.192724	-0.639220	0.325163	-0.209778	-0.595187	0.113665	-0.214675	-0.598527	0.117910	-0.307067	-0.468576	0.101961	-0.191732	-0.457787	0.109416	-0.305256	-0.410732	0.169453	-0.244624	-0.641626	0.058760	-0.269693	-1.003729	0.838023	-0.559057	-0.953831	0.835624	-0.563728	-1.014089	0.802437	-0.558620	-0.962726	0.797426	-0.561329	-1.083526	0.507098	-0.509875	-1.071767	0.492610	-0.391270	-1.227804	0.359708	-0.518309	-1.176245	0.337060	-0.525016	-1.238417	0.307898	-0.511015	-1.188095	0.298115	-0.517494	-1.278644	0.129884	-0.489033	-1.250680	0.124984	-0.404070	-1.193741	0.038481	-0.521364	-1.160790	0.036505	-0.410941	-1.099792	0.046949	-0.464144	-1.341320	0.109970	-0.438004	-0.878668	1.440516	-0.243201	-0.879282	1.441574	-0.584727	
103	0.5100	-0.839874	0.958426	-0.255993	-0.854522	0.951645	-0.505981	-1.042475	0.989784	-0.324860	-1.042293	0.991129	-0.415450	-0.869300	0.817464	-0.170646	-0.814280	0.836435	-0.179108	-0.848646	0.767717	-0.172852	-0.793070	0.787563	-0.180811	-0.697516	0.511960	-0.225330	-0.707102	0.510344	-0.347536	-0.691388	0.350593	-0.190676	-0.646775	0.373257	-0.207832	-0.675657	0.302565	-0.193075	-0.632697	0.323213	-0.210205	-0.589853	0.112003	-0.215319	-0.593491	0.116185	-0.307692	-0.463648	0.098995	-0.192946	-0.453094	0.106283	-0.306353	-0.405355	0.165965	-0.245865	-0.636873	0.058239	-0.270313	-0.995456	0.837586	-0.558066	-0.945524	0.835070	-0.562794	-1.005902	0.802143	-0.557654	-0.954519	0.796973	-0.560371	-1.076214	0.506871	-0.509990	-1.064548	0.492045	-0.391214	-1.222402	0.361127	-0.518703	-1.171175	0.337791	-0.525355	-1.233684	0.309436	-0.511436	-1.183565	0.299001	-0.517883	-1.276594	0.131927	-0.489798	-1.248661	0.126616	-0.404818	-1.193692	0.038324	-0.521427	-1.160773	0.036414	-0.411102	-1.099682	0.047031	-0.464151	-1.339542	0.113142	-0.438751	-0.871100	1.439679	-0.241586	-0.871719	1.440764	-0.583384	
104	0.5150	-0.831092	0.957626	-0.254846	-0.845909	0.950969	-0.504828	-1.033778	0.989005	-0.323411	-1.033668	0.990355	-0.414023	-0.860289	0.816580	-0.169913	-0.805291	0.835501	-0.178445	-0.839733	0.766866	-0.172222	-0.784188	0.786641	-0.180415	-0.689906	0.510607	-0.225318	-0.700223	0.509110	-0.347254	-0.684874	0.349082	-0.190850	-0.640121	0.371364	-0.208112	-0.669485	0.300934	-0.193424	-0.626346	0.321225	-0.210629	-0.585020	0.110305	-0.215955	-0.588873	0.114411	-0.308304	-0.459320	0.095710	-0.194060	-0.448912	0.102767	-0.307338	-0.400382	0.161953	-0.246963	-0.632691	0.057841	-0.270966	-0.987079	0.837234	-0.557039	-0.937126	0.834627	-0.561844	-0.997587	0.801912	-0.556672	-0.946189	0.796605	-0.559418	-1.068577	0.506626	-0.510206	-1.056945	0.491420	-0.391286	-1.216692	0.362573	-0.519182	-1.165819	0.338528	-0.525787	-1.228666	0.311022	-0.511943	-1.178768	0.299916	-0.518366	-1.274319	0.134081	-0.490661	-1.246445	0.128359	-0.405657	-1.193597	0.038200	-0.521527	-1.160749	0.036344	-0.411279	-1.099573	0.047118	-0.464159	-1.337526	0.116545	-0.439585	-0.863486	1.438941	-0.239909	-0.864132	1.440069	-0.581973	
105	0.5200	-0.822253	0.956913	-0.253706	-0.837255	0.950421	-0.503676	-1.025030	0.988326	-0.321928	-1.025000	0.989685	-0.412564	-0.851215	0.815778	-0.169181	-0.796244	0.834651	-0.177798	-0.830757	0.766096	-0.171593	-0.775242	0.785811	-0.180041	-0.682263	0.509325	-0.225298	-0.693335	0.507946	-0.346955	-0.678483	0.347620	-0.191003	-0.633568	0.369467	-0.208385	-0.663483	0.299339	-0.193757	-0.620141	0.319222	-0.211042	-0.580636	0.108591	-0.216572	-0.584627	0.112611	-0.308891	-0.455532	0.092151	-0.195070	-0.445197	0.098919	-0.308216	-0.395768	0.157467	-0.247924	-0.629027	0.057570	-0.271634	-0.978600	0.836961	-0.555979	-0.928638	0.834289	-0.560876	-0.989146	0.801736	-0.555675	-0.937739	0.796317	-0.558468	-1.060605	0.506355	-0.510519	-1.048948	0.490727	-0.391484	-1.210661	0.364039	-0.519741	-1.160162	0.339266	-0.526307	-1.223350	0.312652	-0.512530	-1.173691	0.300855	-0.518939	-1.271800	0.136350	-0.491611	-1.244013	0.130213	-0.406575	-1.193444	0.038124	-0.521665	-1.160710	0.036304	-0.411472	-1.099466	0.047199	-0.464170	-1.335240	0.120188	-0.440497	-0.855822	1.438304	-0.238173	-0.856524	1.439496	-0.580494	
106	0.5250	-0.813367	0.956295	-0.252573	-0.828570	0.950001	-0.502523	-1.016243	0.987751	-0.320419	-1.016298	0.989120	-0.411082	-0.842100	0.815061	-0.168446	-0.787157	0.833885	-0.177159	-0.821740	0.765407	-0.170960	-0.766252	0.785069	-0.179680	-0.674598	0.508123	-0.225266	-0.686443	0.506856	-0.346639	-0.672191	0.346220	-0.191124	-0.627102	0.367587	-0.208648	-0.657619	0.297796	-0.194064	-0.614062	0.317228	-0.211439	-0.576648	0.106884	-0.217159	-0.580713	0.110809	-0.309444	-0.452224	0.088366	-0.195971	-0.441906	0.094791	-0.308995	-0.391474	0.152563	-0.248758	-0.625826	0.057429	-0.272300	-0.970024	0.836758	-0.554886	-0.920065	0.834049	-0.559891	-0.980584	0.801608	-0.554662	-0.929172	0.796102	-0.557523	-1.052287	0.506046	-0.510924	-1.040546	0.489954	-0.391805	-1.204298	0.365519	-0.520372	-1.154193	0.339999	-0.526909	-1.217721	0.314320	-0.513188	-1.168320	0.301814	-0.519593	-1.269016	0.138737	-0.492636	-1.241345	0.132179	-0.407562	-1.193221	0.038118	-0.521838	-1.160646	0.036304	-0.411677	-1.099359	0.047269	-0.464186	-1.332652	0.124078	-0.441474	-0.848105	1.437771	-0.236383	-0.848900	1.439047	-0.578951	
107	0.5300	-0.804446	0.955776	-0.251445	-0.819862	0.949704	-0.501367	-1.007427	0.987281	-0.318894	-1.007570	0.988660	-0.409585	-0.832964	0.814429	-0.167706	-0.778050	0.833202	-0.176520	-0.812705	0.764802	-0.170319	-0.757238	0.784416	-0.179321	-0.666919	0.507007	-0.225218	-0.679548	0.505848	-0.346302	-0.665976	0.344894	-0.191206	-0.620707	0.365745	-0.208898	-0.651866	0.296321	-0.194335	-0.608087	0.315266	-0.211815	-0.573010	0.105205	-0.217708	-0.577092	0.109028	-0.309955	-0.449337	0.084409	-0.196764	-0.439000	0.090442	-0.309683	-0.387462	0.147303	-0.249473	-0.623034	0.057415	-0.272950	-0.961353	0.836615	-0.553762	-0.911412	0.833900	-0.558888	-0.971904	0.801516	-0.553636	-0.920491	0.795951	-0.556582	-1.043615	0.505690	-0.511415	-1.031728	0.489093	-0.392246	-1.197590	0.367006	-0.521066	-1.147900	0.340722	-0.527584	-1.211765	0.316021	-0.513906	-1.162642	0.302792	-0.520322	-1.265945	0.141246	-0.493722	-1.238419	0.134256	-0.408603	-1.192916	0.038204	-0.522045	-1.160545	0.036355	-0.411892	-1.099249	0.047318	-0.464209	-1.329728	0.128220	-0.442502	-0.840334	1.437343	-0.234545	-0.841265	1.438725	-0.577345	
108	0.5350	-0.795504	0.955363	-0.250320	-0.811140	0.949527	-0.500209	-0.998595	0.986918	-0.317361	-0.998827	0.988305	-0.408083	-0.823829	0.813885	-0.166958	-0.768942	0.832604	-0.175875	-0.803673	0.764283	-0.169667	-0.748221	0.783852	-0.178953	-0.659238	0.505984	-0.225148	-0.672654	0.504930	-0.345942	-0.659818	0.343657	-0.191243	-0.614372	0.363963	-0.209132	-0.646201	0.294930	-0.194560	-0.602201	0.313360	-0.212168	-0.569675	0.103575	-0.218214	-0.573727	0.107290	-0.310419	-0.446816	0.080334	-0.197448	-0.436440	0.085933	-0.310291	-0.383702	0.141752	-0.250083	-0.620599	0.057528	-0.273573	-0.952592	0.836520	-0.552608	-0.902682	0.833831	-0.557867	-0.963109	0.801449	-0.552598	-0.911700	0.795856	-0.555645	-1.034580	0.505275	-0.511984	-1.022489	0.488137	-0.392798	-1.190525	0.368495	-0.521814	-1.141272	0.341429	-0.528322	-1.205467	0.317749	-0.514674	-1.156644	0.303784	-0.521116	-1.262567	0.143882	-0.494853	-1.235212	0.136445	-0.409685	-1.192514	0.038403	-0.522281	-1.160392	0.036472	-0.412117	-1.099134	0.047338	-0.464242	-1.326434	0.132618	-0.443565	-0.832509	1.437021	-0.232664	-0.833620	1.438532	-0.575681	
109	0.5400	-0.786554	0.955061	-0.249197	-0.802415	0.949465	-0.499045	-0.989760	0.986664	-0.315830	-0.990077	0.988054	-0.406584	-0.814716	0.813433	-0.166199	-0.759853	0.832093	-0.175215	-0.794670	0.763851	-0.169000	-0.739222	0.783376	-0.178566	-0.651565	0.505061	-0.225054	-0.665763	0.504110	-0.345558	-0.653703	0.342519	-0.191229	-0.608087	0.362259	-0.209347	-0.640601	0.293638	-0.194735	-0.596389	0.311531	-0.212493	-0.566603	0.102016	-0.218673	-0.570588	0.105618	-0.310832	-0.444608	0.076197	-0.198027	-0.434192	0.081322	-0.310832	-0.380166	0.135980	-0.250600	-0.618472	0.057763	-0.274157	-0.943747	0.836460	-0.551427	-0.893881	0.833832	-0.556829	-0.954206	0.801394	-0.551549	-0.902804	0.795807	-0.554712	-1.025171	0.504792	-0.512622	-1.012821	0.487077	-0.393456	-1.183093	0.369980	-0.522605	-1.134298	0.342117	-0.529113	-1.198815	0.319500	-0.515479	-1.150315	0.304788	-0.521963	-1.258863	0.146650	-0.496012	-1.231704	0.138746	-0.410791	-1.191999	0.038743	-0.522543	-1.160170	0.036668	-0.412347	-1.099009	0.047323	-0.464288	-1.322735	0.137273	-0.444645	-0.824629	1.436804	-0.230748	-0.825971	1.438470	-0.573963	
110	0.5450	-0.777610	0.954875	-0.248071	-0.793697	0.949511	-0.497875	-0.980936	0.986519	-0.314311	-0.981333	0.987903	-0.405099	-0.805646	0.813074	-0.165426	-0.750802	0.831673	-0.174535	-0.785714	0.763510	-0.168315	-0.730262	0.782991	-0.178149	-0.643913	0.504244	-0.224933	-0.658876	0.503396	-0.345146	-0.647617	0.341490	-0.191163	-0.601846	0.360650	-0.209543	-0.635052	0.292456	-0.194853	-0.590642	0.309796	-0.212789	-0.563757	0.100544	-0.219082	-0.567647	0.104028	-0.311192	-0.442667	0.072053	-0.198505	-0.432222	0.076670	-0.311317	-0.376831	0.130055	-0.251039	-0.616610	0.058113	-0.274695	-0.934823	0.836422	-0.550221	-0.885015	0.833891	-0.555775	-0.945198	0.801338	-0.550491	-0.893807	0.795792	-0.553783	-1.015383	0.504232	-0.513318	-1.002722	0.485910	-0.394209	-1.175283	0.371456	-0.523429	-1.126967	0.342783	-0.529945	-1.191797	0.321271	-0.516310	-1.143644	0.305802	-0.522854	-1.254813	0.149552	-0.497182	-1.227873	0.141158	-0.411904	-1.191356	0.039248	-0.522825	-1.159860	0.036959	-0.412583	-1.098867	0.047265	-0.464351	-1.318600	0.142187	-0.445723	-0.816696	1.436690	-0.228801	-0.818319	1.438537	-0.572196	
111	0.5500	-0.768686	0.954808	-0.246943	-0.784997	0.949659	-0.496696	-0.972136	0.986483	-0.312813	-0.972606	0.987851	-0.403636	-0.796641	0.812813	-0.164638	-0.741808	0.831344	-0.173828	-0.776828	0.763262	-0.167610	-0.721360	0.782696	-0.177695	-0.636294	0.503536	-0.224783	-0.651994	0.502795	-0.344706	-0.641554	0.340579	-0.191041	-0.595648	0.359150	-0.209718	-0.629543	0.291397	-0.194913	-0.584955	0.308174	-0.213054	-0.561106	0.099175	-0.219441	-0.564882	0.102539	-0.311500	-0.440948	0.067955	-0.198888	-0.430501	0.072036	-0.311760	-0.373682	0.124049	-0.251414	-0.614971	0.058567	-0.275182	-0.925827	0.836391	-0.548992	-0.876090	0.833997	-0.554706	-0.936093	0.801269	-0.549426	-0.884716	0.795802	-0.552857	-1.005207	0.503587	-0.514063	-0.992190	0.484633	-0.395047	-1.167088	0.372920	-0.524276	-1.119271	0.343423	-0.530806	-1.184400	0.323056	-0.517154	-1.136618	0.306825	-0.523774	-1.250399	0.152595	-0.498344	-1.223696	0.143682	-0.413009	-1.190567	0.039944	-0.523119	-1.159440	0.037361	-0.412821	-1.098701	0.047160	-0.464435	-1.313995	0.147356	-0.446780	-0.808709	1.436678	-0.226832	-0.810668	1.438733	-0.570385	
112	0.5550	-0.759796	0.954864	-0.245808	-0.776327	0.949899	-0.495508	-0.963373	0.986555	-0.311346	-0.963906	0.987894	-0.402204	-0.787717	0.812652	-0.163833	-0.732889	0.831111	-0.173089	-0.768029	0.763111	-0.166884	-0.712533	0.782494	-0.177196	-0.628720	0.502942	-0.224602	-0.645120	0.502313	-0.344236	-0.635513	0.339793	-0.190865	-0.589493	0.357771	-0.209871	-0.624069	0.290466	-0.194912	-0.579326	0.306676	-0.213289	-0.558623	0.097923	-0.219752	-0.562273	0.101162	-0.311756	-0.439416	0.063953	-0.199182	-0.429003	0.067473	-0.312170	-0.370706	0.118030	-0.251738	-0.613518	0.059116	-0.275615	-0.916765	0.836354	-0.547742	-0.867113	0.834136	-0.553623	-0.926896	0.801174	-0.548356	-0.875536	0.795827	-0.551935	-0.994640	0.502851	-0.514844	-0.981226	0.483246	-0.395958	-1.158500	0.374369	-0.525134	-1.111203	0.344038	-0.531683	-1.176617	0.324855	-0.517998	-1.129231	0.307857	-0.524711	-1.245605	0.155782	-0.499480	-1.219153	0.146317	-0.414089	-1.189613	0.040858	-0.523420	-1.158886	0.037892	-0.413061	-1.098501	0.047004	-0.464543	-1.308891	0.152776	-0.447796	-0.800672	1.436763	-0.224848	-0.803018	1.439056	-0.568535	
113	0.5600	-0.750953	0.955044	-0.244665	-0.767697	0.950225	-0.494309	-0.954659	0.986733	-0.309917	-0.955245	0.988028	-0.400812	-0.778892	0.812594	-0.163010	-0.724060	0.830977	-0.172313	-0.759332	0.763060	-0.166135	-0.703799	0.782386	-0.176647	-0.621205	0.502461	-0.224390	-0.638256	0.501956	-0.343733	-0.629496	0.339133	-0.190635	-0.583387	0.356521	-0.210000	-0.618630	0.289671	-0.194852	-0.573757	0.305313	-0.213492	-0.556286	0.096796	-0.220017	-0.559807	0.099908	-0.311965	-0.438037	0.060095	-0.199395	-0.427702	0.063032	-0.312559	-0.367894	0.112065	-0.252024	-0.612222	0.059746	-0.275992	-0.907646	0.836300	-0.546474	-0.858091	0.834298	-0.552528	-0.917615	0.801041	-0.547282	-0.866275	0.795858	-0.551017	-0.983679	0.502022	-0.515651	-0.969835	0.481752	-0.396928	-1.149514	0.375802	-0.525992	-1.102756	0.344629	-0.532564	-1.168439	0.326665	-0.518830	-1.121473	0.308899	-0.525653	-1.240417	0.159117	-0.500571	-1.214225	0.149062	-0.415127	-1.188477	0.042014	-0.523717	-1.158170	0.038569	-0.413301	-1.098253	0.046796	-0.464678	-1.303260	0.158439	-0.448750	-0.792588	1.436942	-0.222856	-0.795372	1.439502	-0.566652	
114	0.5650	-0.742170	0.955350	-0.243512	-0.759120	0.950627	-0.493098	-0.946007	0.987015	-0.308534	-0.946633	0.988249	-0.399465	-0.770181	0.812643	-0.162168	-0.715335	0.830944	-0.171497	-0.750751	0.763110	-0.165362	-0.695172	0.782372	-0.176042	-0.613764	0.502093	-0.224148	-0.631407	0.501728	-0.343199	-0.623510	0.338604	-0.190355	-0.577338	0.355404	-0.210105	-0.613230	0.289014	-0.194735	-0.568255	0.304090	-0.213664	-0.554080	0.095803	-0.220241	-0.557473	0.098785	-0.312129	-0.436785	0.056420	-0.199536	-0.426575	0.058759	-0.312934	-0.365244	0.106218	-0.252285	-0.611055	0.060443	-0.276314	-0.898478	0.836217	-0.545188	-0.849032	0.834473	-0.551422	-0.908257	0.800860	-0.546207	-0.856939	0.795887	-0.550101	-0.972324	0.501099	-0.516471	-0.958025	0.480156	-0.397944	-1.140126	0.377219	-0.526842	-1.093927	0.345197	-0.533436	-1.159860	0.328486	-0.519638	-1.113339	0.309953	-0.526586	-1.234821	0.162602	-0.501601	-1.208893	0.151918	-0.416107	-1.187137	0.043436	-0.524004	-1.157266	0.039410	-0.413538	-1.097943	0.046538	-0.464846	-1.297079	0.164336	-0.449623	-0.784459	1.437210	-0.220863	-0.787731	1.440067	-0.564743	
115	0.5700	-0.733457	0.955781	-0.242349	-0.750605	0.951098	-0.491876	-0.937428	0.987398	-0.307203	-0.938083	0.988551	-0.398168	-0.761593	0.812800	-0.161308	-0.706727	0.831014	-0.170641	-0.742297	0.763265	-0.164567	-0.686664	0.782454	-0.175381	-0.606411	0.501836	-0.223876	-0.624577	0.501629	-0.342634	-0.617569	0.338202	-0.190029	-0.571357	0.354424	-0.210184	-0.607881	0.288493	-0.194564	-0.562832	0.303010	-0.213804	-0.551993	0.094946	-0.220426	-0.555267	0.097795	-0.312253	-0.435638	0.052966	-0.199612	-0.425602	0.054694	-0.313301	-0.362752	0.100547	-0.252532	-0.609996	0.061192	-0.276583	-0.889270	0.836095	-0.543889	-0.839943	0.834650	-0.550307	-0.898829	0.800625	-0.545131	-0.847537	0.795909	-0.549189	-0.960576	0.500083	-0.517295	-0.945804	0.478468	-0.398992	-1.130336	0.378621	-0.527673	-1.084714	0.345747	-0.534286	-1.150877	0.330320	-0.520411	-1.104824	0.311021	-0.527497	-1.228807	0.166240	-0.502552	-1.203139	0.154882	-0.417017	-1.185573	0.045145	-0.524270	-1.156141	0.040431	-0.413772	-1.097553	0.046234	-0.465048	-1.290326	0.170453	-0.450395	-0.776289	1.437561	-0.218878	-0.780096	1.440746	-0.562814	
116	0.5750	-0.724825	0.956336	-0.241176	-0.742163	0.951630	-0.490644	-0.928931	0.987877	-0.305928	-0.929603	0.988930	-0.396926	-0.753139	0.813067	-0.160431	-0.698243	0.831188	-0.169743	-0.733977	0.763525	-0.163748	-0.678284	0.782631	-0.174662	-0.599163	0.501685	-0.223576	-0.617775	0.501659	-0.342037	-0.611689	0.337924	-0.189662	-0.565460	0.353578	-0.210236	-0.602597	0.288107	-0.194344	-0.557499	0.302073	-0.213913	-0.550017	0.094225	-0.220579	-0.553183	0.096941	-0.312342	-0.434579	0.049761	-0.199633	-0.424762	0.050871	-0.313663	-0.360422	0.095105	-0.252774	-0.609027	0.061976	-0.276801	-0.880031	0.835927	-0.542576	-0.830833	0.834822	-0.549187	-0.889339	0.800327	-0.544057	-0.838077	0.795918	-0.548280	-0.948441	0.498980	-0.518111	-0.933187	0.476698	-0.400056	-1.120145	0.380011	-0.528478	-1.075116	0.346285	-0.535104	-1.141489	0.332169	-0.521139	-1.095926	0.312108	-0.528374	-1.222366	0.170032	-0.503410	-1.196949	0.157954	-0.417843	-1.183763	0.047158	-0.524506	-1.154764	0.041646	-0.414000	-1.097061	0.045889	-0.465286	-1.282987	0.176774	-0.451051	-0.768084	1.437990	-0.216907	-0.772467	1.441534	-0.560871	
117	0.5800	-0.716282	0.957011	-0.239993	-0.733803	0.952216	-0.489402	-0.920524	0.988449	-0.304711	-0.921204	0.989380	-0.395739	-0.744825	0.813442	-0.159536	-0.689892	0.831467	-0.168805	-0.725797	0.763890	-0.162909	-0.670041	0.782900	-0.173888	-0.592034	0.501634	-0.223249	-0.611009	0.501814	-0.341413	-0.605889	0.337765	-0.189260	-0.559663	0.352862	-0.210260	-0.597397	0.287849	-0.194080	-0.552274	0.301274	-0.213991	-0.548148	0.093639	-0.220704	-0.551222	0.096219	-0.312402	-0.433597	0.046829	-0.199607	-0.424035	0.047315	-0.314021	-0.358255	0.089937	-0.253018	-0.608135	0.062780	-0.276974	-0.870771	0.835709	-0.541252	-0.821710	0.834983	-0.548062	-0.879796	0.799964	-0.542985	-0.828567	0.795914	-0.547375	-0.935927	0.497797	-0.518909	-0.920190	0.474864	-0.401122	-1.109556	0.381393	-0.529248	-1.065135	0.346817	-0.535878	-1.131696	0.334036	-0.521815	-1.086642	0.313217	-0.529206	-1.215492	0.173977	-0.504161	-1.190309	0.161131	-0.418574	-1.181683	0.049491	-0.524702	-1.153101	0.043071	-0.414221	-1.096444	0.045514	-0.465562	-1.275048	0.183281	-0.451573	-0.759847	1.438491	-0.214957	-0.764845	1.442424	-0.558921	
118	0.5850	-0.707835	0.957802	-0.238802	-0.725534	0.952850	-0.488154	-0.912214	0.989109	-0.303553	-0.912893	0.989896	-0.394609	-0.736653	0.813927	-0.158626	-0.681678	0.831849	-0.167831	-0.717759	0.764359	-0.162050	-0.661939	0.783261	-0.173061	-0.585043	0.501673	-0.222899	-0.604293	0.502088	-0.340763	-0.600195	0.337717	-0.188829	-0.553987	0.352270	-0.210256	-0.592301	0.287712	-0.193779	-0.547174	0.300607	-0.214038	-0.546385	0.093181	-0.220806	-0.549383	0.095626	-0.312437	-0.432682	0.044187	-0.199543	-0.423402	0.044048	-0.314372	-0.356254	0.085084	-0.253270	-0.607310	0.063589	-0.277107	-0.861499	0.835439	-0.539917	-0.812583	0.835130	-0.546935	-0.870208	0.799536	-0.541916	-0.819017	0.795895	-0.546475	-0.923045	0.496547	-0.519679	-0.906833	0.472981	-0.402175	-1.098573	0.382773	-0.529978	-1.054774	0.347354	-0.536598	-1.121502	0.335924	-0.522430	-1.076976	0.314356	-0.529981	-1.208182	0.178073	-0.504795	-1.183210	0.164412	-0.419200	-1.179312	0.052154	-0.524850	-1.151118	0.044717	-0.414431	-1.095674	0.045121	-0.465876	-1.266505	0.189953	-0.451950	-0.751585	1.439057	-0.213036	-0.757230	1.443409	-0.556970	
119	0.5900	-0.699489	0.958703	-0.237604	-0.717362	0.953526	-0.486903	-0.904006	0.989852	-0.302453	-0.904678	0.990474	-0.393533	-0.728625	0.814517	-0.157703	-0.673602	0.832331	-0.166824	-0.709866	0.764928	-0.161174	-0.653984	0.783708	-0.172187	-0.578204	0.501794	-0.222528	-0.597641	0.502472	-0.340092	-0.594630	0.337769	-0.188377	-0.548450	0.351791	-0.210220	-0.587333	0.287684	-0.193446	-0.542219	0.300063	-0.214054	-0.544728	0.092844	-0.220890	-0.547670	0.095154	-0.312453	-0.431829	0.041843	-0.199449	-0.422842	0.041083	-0.314710	-0.354424	0.080576	-0.253535	-0.606546	0.064387	-0.277203	-0.852225	0.835117	-0.538574	-0.803459	0.835262	-0.545808	-0.860582	0.799043	-0.540852	-0.809434	0.795864	-0.545578	-0.909808	0.495243	-0.520415	-0.893136	0.471071	-0.403199	-1.087206	0.384157	-0.530663	-1.044039	0.347903	-0.537256	-1.110912	0.337839	-0.522979	-1.066929	0.315529	-0.530690	-1.200433	0.182316	-0.505301	-1.175643	0.167792	-0.419715	-1.176624	0.055152	-0.524938	-1.148781	0.046593	-0.414627	-1.094720	0.044725	-0.466227	-1.257356	0.196766	-0.452171	-0.743302	1.439683	-0.211149	-0.749623	1.444482	-0.555025	
120	0.5950	-0.691247	0.959709	-0.236405	-0.709295	0.954240	-0.485651	-0.895903	0.990672	-0.301408	-0.896566	0.991107	-0.392508	-0.720740	0.815210	-0.156770	-0.665665	0.832909	-0.165789	-0.702116	0.765594	-0.160284	-0.646176	0.784236	-0.171272	-0.571536	0.501983	-0.222139	-0.591070	0.502955	-0.339403	-0.589220	0.337911	-0.187910	-0.543076	0.351414	-0.210153	-0.582517	0.287756	-0.193090	-0.537430	0.299630	-0.214038	-0.543179	0.092619	-0.220960	-0.546084	0.094796	-0.312455	-0.431035	0.039800	-0.199333	-0.422336	0.038426	-0.315029	-0.352768	0.076438	-0.253814	-0.605839	0.065162	-0.277269	-0.842958	0.834748	-0.537224	-0.794346	0.835379	-0.544684	-0.850929	0.798491	-0.539791	-0.799829	0.795826	-0.544686	-0.896234	0.493903	-0.521108	-0.879124	0.469156	-0.404180	-1.075462	0.385552	-0.531298	-1.032938	0.348476	-0.537844	-1.099934	0.339785	-0.523458	-1.056505	0.316743	-0.531325	-1.192246	0.186700	-0.505673	-1.167603	0.171268	-0.420113	-1.173596	0.058485	-0.524960	-1.146054	0.048704	-0.414807	-1.093549	0.044344	-0.466611	-1.247606	0.203694	-0.452227	-0.735004	1.440360	-0.209304	-0.742026	1.445635	-0.553091	
121	0.6000	-0.683111	0.960810	-0.235207	-0.701338	0.954989	-0.484405	-0.887907	0.991565	-0.300414	-0.888561	0.991793	-0.391529	-0.712993	0.816001	-0.155829	-0.657866	0.833575	-0.164735	-0.694507	0.766350	-0.159384	-0.638515	0.784838	-0.170324	-0.565055	0.502229	-0.221733	-0.584598	0.503525	-0.338703	-0.583994	0.338131	-0.187435	-0.537884	0.351128	-0.210052	-0.577877	0.287914	-0.192715	-0.532825	0.299297	-0.213991	-0.541742	0.092493	-0.221020	-0.544629	0.094541	-0.312447	-0.430299	0.038056	-0.199201	-0.421862	0.036078	-0.315316	-0.351286	0.072685	-0.254108	-0.605186	0.065901	-0.277309	-0.833708	0.834338	-0.535867	-0.785254	0.835485	-0.543564	-0.841254	0.797888	-0.538736	-0.790210	0.795787	-0.543800	-0.882341	0.492545	-0.521753	-0.864825	0.467262	-0.405106	-1.063356	0.386966	-0.531881	-1.021480	0.349084	-0.538357	-1.088578	0.341769	-0.523865	-1.045713	0.318005	-0.531879	-1.183625	0.191217	-0.505906	-1.159088	0.174834	-0.420390	-1.170202	0.062148	-0.524907	-1.142903	0.051054	-0.414964	-1.092124	0.043997	-0.467024	-1.237266	0.210709	-0.452114	-0.726696	1.441084	-0.207505	-0.734438	1.446861	-0.551175	
122	0.6050	-0.675080	0.961999	-0.234016	-0.693493	0.955771	-0.483168	-0.880017	0.992524	-0.299465	-0.880666	0.992526	-0.390590	-0.705381	0.816883	-0.154884	-0.650200	0.834323	-0.163667	-0.687036	0.767190	-0.158477	-0.631002	0.785505	-0.169352	-0.558776	0.502518	-0.221315	-0.578248	0.504165	-0.337998	-0.578975	0.338414	-0.186959	-0.532895	0.350919	-0.209916	-0.573438	0.288143	-0.192328	-0.528424	0.299049	-0.213911	-0.540420	0.092456	-0.221071	-0.543305	0.094379	-0.312433	-0.429620	0.036601	-0.199060	-0.421400	0.034033	-0.315561	-0.349980	0.069325	-0.254416	-0.604586	0.066594	-0.277329	-0.824482	0.833897	-0.534505	-0.776187	0.835586	-0.542451	-0.831566	0.797244	-0.537685	-0.780585	0.795757	-0.542920	-0.868152	0.491193	-0.522345	-0.850265	0.465415	-0.405964	-1.050900	0.388406	-0.532411	-1.009677	0.349740	-0.538791	-1.076855	0.343795	-0.524198	-1.034559	0.319322	-0.532346	-1.174573	0.195856	-0.505998	-1.150098	0.178484	-0.420546	-1.166416	0.066129	-0.524770	-1.139296	0.053642	-0.415095	-1.090404	0.043705	-0.467459	-1.226350	0.217781	-0.451830	-0.718385	1.441849	-0.205757	-0.726863	1.448152	-0.549283	
123	0.6100	-0.667153	0.963265	-0.232838	-0.685764	0.956586	-0.481947	-0.872233	0.993545	-0.298553	-0.872885	0.993303	-0.389684	-0.697896	0.817848	-0.153940	-0.642663	0.835143	-0.162594	-0.679699	0.768106	-0.157567	-0.623632	0.786228	-0.168364	-0.552716	0.502837	-0.220886	-0.572040	0.504862	-0.337292	-0.574189	0.338748	-0.186488	-0.528128	0.350772	-0.209744	-0.569220	0.288431	-0.191935	-0.524244	0.298872	-0.213799	-0.539215	0.092493	-0.221118	-0.542114	0.094298	-0.312415	-0.429001	0.035422	-0.198915	-0.420929	0.032282	-0.315750	-0.348848	0.066359	-0.254736	-0.604041	0.067233	-0.277334	-0.815290	0.833436	-0.533139	-0.767154	0.835691	-0.541346	-0.821872	0.796571	-0.536639	-0.770963	0.795747	-0.542046	-0.853691	0.489868	-0.522880	-0.835473	0.463642	-0.406742	-1.038110	0.389881	-0.532886	-0.997539	0.350453	-0.539141	-1.064781	0.345868	-0.524459	-1.023053	0.320698	-0.532722	-1.165098	0.200605	-0.505949	-1.140638	0.182212	-0.420581	-1.162214	0.070412	-0.524546	-1.135201	0.056463	-0.415194	-1.088348	0.043490	-0.467909	-1.214880	0.224879	-0.451377	-0.710077	1.442650	-0.204064	-0.719301	1.449500	-0.547419	
124	0.6150	-0.659327	0.964599	-0.231678	-0.678150	0.957435	-0.480747	-0.864551	0.994623	-0.297672	-0.865218	0.994121	-0.388802	-0.690532	0.818888	-0.152999	-0.635250	0.836024	-0.161525	-0.672492	0.769088	-0.156660	-0.616405	0.786995	-0.167370	-0.546888	0.503171	-0.220448	-0.565999	0.505596	-0.336593	-0.569657	0.339120	-0.186026	-0.523599	0.350675	-0.209535	-0.565244	0.288763	-0.191541	-0.520300	0.298752	-0.213654	-0.538130	0.092592	-0.221161	-0.541056	0.094287	-0.312397	-0.428443	0.034500	-0.198772	-0.420430	0.030810	-0.315871	-0.347885	0.063780	-0.255066	-0.603550	0.067811	-0.277327	-0.806137	0.832971	-0.531771	-0.758160	0.835809	-0.540251	-0.812177	0.795885	-0.535597	-0.761351	0.795768	-0.541180	-0.838984	0.488596	-0.523355	-0.820481	0.461971	-0.407431	-1.025003	0.391399	-0.533308	-0.985083	0.351236	-0.539407	-1.052370	0.347994	-0.524647	-1.011207	0.322140	-0.533004	-1.155209	0.205447	-0.505762	-1.130715	0.186008	-0.420497	-1.157569	0.074973	-0.524227	-1.130587	0.059508	-0.415255	-1.085911	0.043374	-0.468362	-1.202883	0.231972	-0.450759	-0.701776	1.443481	-0.202429	-0.711756	1.450898	-0.545588	
125	0.6200	-0.651596	0.965990	-0.230542	-0.670653	0.958319	-0.479576	-0.856966	0.995752	-0.296811	-0.857664	0.994978	-0.387936	-0.683283	0.819993	-0.152066	-0.627955	0.836953	-0.160469	-0.665411	0.770125	-0.155760	-0.609315	0.787794	-0.166380	-0.541304	0.503509	-0.220005	-0.560146	0.506351	-0.335908	-0.565396	0.339516	-0.185579	-0.519323	0.350613	-0.209290	-0.561524	0.289125	-0.191151	-0.516604	0.298676	-0.213475	-0.537164	0.092740	-0.221201	-0.540128	0.094334	-0.312379	-0.427946	0.033814	-0.198633	-0.419884	0.029597	-0.315910	-0.347086	0.061575	-0.255400	-0.603114	0.068324	-0.277312	-0.797031	0.832517	-0.530402	-0.749211	0.835953	-0.539167	-0.802489	0.795202	-0.534559	-0.751757	0.795835	-0.540323	-0.824057	0.487402	-0.523770	-0.805318	0.460431	-0.408023	-1.011599	0.392965	-0.533677	-0.972324	0.352098	-0.539587	-1.039639	0.350175	-0.524767	-0.999034	0.323653	-0.533191	-1.144915	0.210365	-0.505440	-1.120337	0.189865	-0.420296	-1.152457	0.079783	-0.523810	-1.125428	0.062765	-0.415270	-1.083048	0.043380	-0.468808	-1.190389	0.239027	-0.449984	-0.693489	1.444339	-0.200855	-0.704229	1.452340	-0.543796	
126	0.6250	-0.643957	0.967427	-0.229438	-0.663269	0.959240	-0.478437	-0.849474	0.996928	-0.295963	-0.850221	0.995872	-0.387076	-0.676140	0.821153	-0.151144	-0.620771	0.837918	-0.159432	-0.658453	0.771206	-0.154872	-0.602361	0.788614	-0.165403	-0.535975	0.503836	-0.219557	-0.554504	0.507111	-0.335241	-0.561422	0.339925	-0.185150	-0.515310	0.350575	-0.209009	-0.558072	0.289506	-0.190768	-0.513165	0.298632	-0.213265	-0.536319	0.092924	-0.221239	-0.539327	0.094429	-0.312363	-0.427512	0.033339	-0.198502	-0.419274	0.028624	-0.315857	-0.346443	0.059726	-0.255736	-0.602733	0.068769	-0.277291	-0.787977	0.832092	-0.529034	-0.740311	0.836135	-0.538095	-0.792812	0.794539	-0.533525	-0.742185	0.795962	-0.539474	-0.808940	0.486312	-0.524125	-0.790015	0.459046	-0.408512	-0.997917	0.394588	-0.533995	-0.959277	0.353050	-0.539684	-1.026607	0.352415	-0.524820	-0.986548	0.325241	-0.533283	-1.134229	0.215339	-0.504990	-1.109519	0.193771	-0.419985	-1.146852	0.084808	-0.523292	-1.119700	0.066216	-0.415232	-1.079711	0.043528	-0.469233	-1.177434	0.246013	-0.449062	-0.685222	1.445221	-0.199344	-0.696724	1.453818	-0.542046	
127	0.6300	-0.636402	0.968900	-0.228372	-0.655996	0.960203	-0.477338	-0.842069	0.998148	-0.295119	-0.842887	0.996801	-0.386216	-0.669097	0.822356	-0.150239	-0.613692	0.838906	-0.158424	-0.651614	0.772321	-0.154000	-0.595537	0.789441	-0.164447	-0.530909	0.504144	-0.219106	-0.549093	0.507859	-0.334599	-0.557743	0.340335	-0.184741	-0.511568	0.350550	-0.208692	-0.554896	0.289893	-0.190394	-0.509987	0.298606	-0.213022	-0.535590	0.093132	-0.221275	-0.538648	0.094561	-0.312350	-0.427141	0.033050	-0.198382	-0.418590	0.027866	-0.315704	-0.345944	0.058210	-0.256067	-0.602409	0.069148	-0.277268	-0.778979	0.831713	-0.527669	-0.731463	0.836370	-0.537037	-0.783150	0.793915	-0.532493	-0.732643	0.796162	-0.538636	-0.793661	0.485349	-0.524418	-0.774601	0.457845	-0.408892	-0.983978	0.396271	-0.534262	-0.945960	0.354098	-0.539697	-1.013292	0.354713	-0.524810	-0.973763	0.326905	-0.533282	-1.123162	0.220347	-0.504418	-1.098275	0.197716	-0.419567	-1.140732	0.090010	-0.522674	-1.113380	0.069843	-0.415135	-1.075852	0.043836	-0.469623	-1.164057	0.252897	-0.448006	-0.676978	1.446123	-0.197896	-0.689244	1.455327	-0.540342	
128	0.6350	-0.628926	0.970398	-0.227348	-0.648830	0.961210	-0.476283	-0.834742	0.999408	-0.294271	-0.835656	0.997764	-0.385346	-0.662148	0.823591	-0.149354	-0.606713	0.839902	-0.157451	-0.644891	0.773456	-0.153150	-0.588841	0.790264	-0.163520	-0.526112	0.504421	-0.218654	-0.543934	0.508581	-0.333987	-0.554364	0.340738	-0.184356	-0.508101	0.350528	-0.208342	-0.552000	0.290277	-0.190032	-0.507073	0.298591	-0.212749	-0.534975	0.093354	-0.221307	-0.538083	0.094721	-0.312339	-0.426832	0.032919	-0.198274	-0.417822	0.027300	-0.315445	-0.345579	0.056999	-0.256390	-0.602139	0.069460	-0.277245	-0.770039	0.831399	-0.526310	-0.722671	0.836673	-0.535993	-0.773507	0.793348	-0.531465	-0.723135	0.796452	-0.537808	-0.778249	0.484538	-0.524652	-0.759104	0.456849	-0.409161	-0.969804	0.398020	-0.534480	-0.932391	0.355250	-0.539630	-0.999716	0.357071	-0.524741	-0.960696	0.328648	-0.533189	-1.111729	0.225367	-0.503735	-1.086623	0.201687	-0.419051	-1.134073	0.095346	-0.521953	-1.106450	0.073622	-0.414970	-1.071427	0.044319	-0.469961	-1.150299	0.259648	-0.446830	-0.668763	1.447044	-0.196511	-0.681794	1.456861	-0.538687	
129	0.6400	-0.621521	0.971910	-0.226372	-0.641764	0.962266	-0.475277	-0.827488	1.000703	-0.293410	-0.828523	0.998763	-0.384460	-0.655288	0.824846	-0.148493	-0.599828	0.840893	-0.156520	-0.638283	0.774601	-0.152325	-0.582269	0.791069	-0.162629	-0.521587	0.504660	-0.218204	-0.539041	0.509262	-0.333409	-0.551287	0.341124	-0.183994	-0.504908	0.350500	-0.207962	-0.549381	0.290648	-0.189684	-0.504420	0.298576	-0.212447	-0.534468	0.093581	-0.221336	-0.537626	0.094901	-0.312330	-0.426583	0.032919	-0.198179	-0.416968	0.026899	-0.315080	-0.345333	0.056064	-0.256700	-0.601923	0.069709	-0.277221	-0.761160	0.831167	-0.524959	-0.713935	0.837057	-0.534964	-0.763886	0.792857	-0.530440	-0.713663	0.796845	-0.536993	-0.762735	0.483900	-0.524829	-0.743552	0.456081	-0.409317	-0.955417	0.399836	-0.534651	-0.918590	0.356509	-0.539487	-0.985899	0.359487	-0.524618	-0.947363	0.330471	-0.533007	-1.099945	0.230372	-0.502948	-1.074583	0.205673	-0.418441	-1.126853	0.100770	-0.521134	-1.098897	0.077526	-0.414731	-1.066388	0.044991	-0.470234	-1.136205	0.266236	-0.445551	-0.660582	1.447981	-0.195188	-0.674375	1.458415	-0.537083	
130	0.6450	-0.614181	0.973427	-0.225449	-0.634794	0.963375	-0.474322	-0.820299	1.002033	-0.292531	-0.821482	0.999796	-0.383551	-0.648512	0.826111	-0.147658	-0.593033	0.841866	-0.155635	-0.631787	0.775745	-0.151530	-0.575817	0.791847	-0.161778	-0.517335	0.504856	-0.217755	-0.534428	0.509892	-0.332868	-0.548505	0.341489	-0.183656	-0.501986	0.350461	-0.207554	-0.547033	0.291000	-0.189350	-0.502022	0.298556	-0.212120	-0.534062	0.093805	-0.221361	-0.537266	0.095093	-0.312324	-0.426391	0.033024	-0.198097	-0.416033	0.026641	-0.314615	-0.345193	0.055374	-0.256994	-0.601759	0.069900	-0.277199	-0.752342	0.831036	-0.523621	-0.705257	0.837537	-0.533951	-0.754289	0.792460	-0.529419	-0.704232	0.797353	-0.536190	-0.747146	0.483456	-0.524950	-0.727970	0.455560	-0.409362	-0.940840	0.401721	-0.534775	-0.904575	0.357879	-0.539270	-0.971861	0.361956	-0.524443	-0.933783	0.332370	-0.532742	-1.087825	0.235337	-0.502070	-1.062177	0.209658	-0.417745	-1.119054	0.106234	-0.520218	-1.090710	0.081526	-0.414411	-1.060691	0.045858	-0.470423	-1.121821	0.272632	-0.444186	-0.652439	1.448936	-0.193926	-0.666994	1.459986	-0.535534	
131	0.6500	-0.606899	0.974940	-0.224580	-0.627911	0.964540	-0.473422	-0.813168	1.003393	-0.291629	-0.814524	1.000865	-0.382617	-0.641818	0.827376	-0.146854	-0.586324	0.842810	-0.154799	-0.625404	0.776877	-0.150769	-0.569484	0.792586	-0.160972	-0.513352	0.505005	-0.217310	-0.530104	0.510462	-0.332367	-0.546011	0.341825	-0.183341	-0.499327	0.350407	-0.207123	-0.544947	0.291328	-0.189031	-0.499869	0.298525	-0.211770	-0.533750	0.094019	-0.221380	-0.536993	0.095292	-0.312318	-0.426253	0.033209	-0.198029	-0.415030	0.026501	-0.314061	-0.345144	0.054894	-0.257267	-0.601643	0.070037	-0.277179	-0.743585	0.831020	-0.522298	-0.696637	0.838126	-0.532954	-0.744717	0.792171	-0.528403	-0.694843	0.797988	-0.535401	-0.731511	0.483223	-0.525018	-0.712382	0.455301	-0.409296	-0.926095	0.403675	-0.534851	-0.890365	0.359360	-0.538984	-0.957626	0.364476	-0.524220	-0.919974	0.334344	-0.532397	-1.075386	0.240234	-0.501109	-1.049429	0.213630	-0.416969	-1.110658	0.111686	-0.519211	-1.081880	0.085590	-0.414002	-1.054296	0.046925	-0.470514	-1.107193	0.278809	-0.442754	-0.644338	1.449906	-0.192723	-0.659652	1.461569	-0.534039	
132	0.6550	-0.599670	0.976441	-0.223767	-0.621107	0.965765	-0.472577	-0.806087	1.004781	-0.290701	-0.807643	1.001970	-0.381653	-0.635203	0.828628	-0.146083	-0.579698	0.843714	-0.154016	-0.619132	0.777988	-0.150045	-0.563266	0.793279	-0.160214	-0.509635	0.505105	-0.216870	-0.526075	0.510966	-0.331906	-0.543791	0.342132	-0.183050	-0.496922	0.350334	-0.206673	-0.543108	0.291628	-0.188725	-0.497950	0.298481	-0.211401	-0.533522	0.094220	-0.221393	-0.536795	0.095493	-0.312313	-0.426166	0.033450	-0.197975	-0.413977	0.026458	-0.313435	-0.345169	0.054593	-0.257516	-0.601572	0.070127	-0.277160	-0.734887	0.831134	-0.520995	-0.688072	0.838835	-0.531973	-0.735171	0.792007	-0.527392	-0.685497	0.798759	-0.534628	-0.715856	0.483215	-0.525036	-0.696808	0.455316	-0.409124	-0.911206	0.405694	-0.534880	-0.875979	0.360950	-0.538633	-0.943213	0.367038	-0.523952	-0.905953	0.336389	-0.531978	-1.062643	0.245037	-0.500077	-1.036364	0.217573	-0.416121	-1.101650	0.117076	-0.518119	-1.072406	0.089687	-0.413501	-1.047165	0.048191	-0.470493	-1.092368	0.284742	-0.441272	-0.636282	1.450892	-0.191575	-0.652353	1.463161	-0.532601	
133	0.6600	-0.592487	0.977922	-0.223012	-0.614375	0.967052	-0.471786	-0.799050	1.006197	-0.289744	-0.800829	1.003113	-0.380660	-0.628667	0.829861	-0.145347	-0.573153	0.844568	-0.153286	-0.612971	0.779070	-0.149360	-0.557160	0.793917	-0.159505	-0.506174	0.505155	-0.216437	-0.522341	0.511398	-0.331486	-0.541827	0.342406	-0.182780	-0.494755	0.350243	-0.206210	-0.541500	0.291899	-0.188433	-0.496248	0.298422	-0.211018	-0.533368	0.094403	-0.221399	-0.536663	0.095692	-0.312307	-0.426122	0.033726	-0.197932	-0.412905	0.026491	-0.312762	-0.345254	0.054437	-0.257740	-0.601542	0.070177	-0.277144	-0.726245	0.831389	-0.519716	-0.679562	0.839673	-0.531009	-0.725652	0.791978	-0.526389	-0.676195	0.799674	-0.533871	-0.700207	0.483444	-0.525006	-0.681268	0.455613	-0.408849	-0.896195	0.407777	-0.534860	-0.861437	0.362645	-0.538221	-0.928645	0.369635	-0.523639	-0.891740	0.338499	-0.531489	-1.049614	0.249718	-0.498983	-1.023005	0.221472	-0.415207	-1.092019	0.122355	-0.516948	-1.062288	0.093782	-0.412902	-1.039264	0.049648	-0.470347	-1.077392	0.290407	-0.439758	-0.628276	1.451895	-0.190479	-0.645100	1.464759	-0.531219	
134	0.6650	-0.585347	0.979376	-0.222312	-0.607704	0.968402	-0.471049	-0.792051	1.007636	-0.288760	-0.794074	1.004293	-0.379638	-0.622209	0.831065	-0.144647	-0.566689	0.845364	-0.152608	-0.606921	0.780115	-0.148715	-0.551164	0.794497	-0.158844	-0.502962	0.505158	-0.216011	-0.518900	0.511757	-0.331106	-0.540101	0.342649	-0.182528	-0.492813	0.350133	-0.205740	-0.540103	0.292140	-0.188154	-0.494748	0.298348	-0.210625	-0.533278	0.094567	-0.221398	-0.536583	0.095886	-0.312299	-0.426118	0.034019	-0.197902	-0.411849	0.026582	-0.312075	-0.345383	0.054397	-0.257938	-0.601547	0.070195	-0.277130	-0.717656	0.831794	-0.518466	-0.671103	0.840648	-0.530062	-0.716159	0.792095	-0.525395	-0.666936	0.800736	-0.533131	-0.684587	0.483917	-0.524931	-0.665779	0.456199	-0.408478	-0.881083	0.409917	-0.534788	-0.846757	0.364440	-0.537752	-0.913941	0.372259	-0.523285	-0.877355	0.340666	-0.530937	-1.036316	0.254251	-0.497839	-1.009380	0.225312	-0.414231	-1.081754	0.127472	-0.515706	-1.051529	0.097842	-0.412204	-1.030565	0.051286	-0.470065	-1.062309	0.295783	-0.438228	-0.620322	1.452914	-0.189430	-0.637896	1.466361	-0.529894	
135	0.6700	-0.578246	0.980799	-0.221666	-0.601086	0.969815	-0.470361	-0.785085	1.009099	-0.287750	-0.787368	1.005513	-0.378590	-0.615830	0.832234	-0.143985	-0.560305	0.846097	-0.151981	-0.600983	0.781119	-0.148112	-0.545276	0.795013	-0.158232	-0.499984	0.505117	-0.215594	-0.515744	0.512044	-0.330763	-0.538589	0.342861	-0.182294	-0.491076	0.350007	-0.205267	-0.538894	0.292353	-0.187887	-0.493429	0.298260	-0.210227	-0.533242	0.094711	-0.221389	-0.536546	0.096075	-0.312290	-0.426147	0.034313	-0.197882	-0.410856	0.026718	-0.311410	-0.345544	0.054444	-0.258108	-0.601584	0.070187	-0.277117	-0.709116	0.832355	-0.517249	-0.662692	0.841766	-0.529133	-0.706691	0.792366	-0.524413	-0.657719	0.801949	-0.532409	-0.669018	0.484638	-0.524813	-0.650354	0.457073	-0.408017	-0.865892	0.412107	-0.534662	-0.831959	0.366326	-0.537229	-0.899123	0.374898	-0.522888	-0.862815	0.342884	-0.530326	-1.022767	0.258610	-0.496652	-0.995513	0.229076	-0.413201	-1.070852	0.132381	-0.514404	-1.040135	0.101830	-0.411405	-1.021045	0.053088	-0.469638	-1.047161	0.300849	-0.436699	-0.612422	1.453951	-0.188425	-0.630741	1.467964	-0.528624	
136	0.6750	-0.571180	0.982185	-0.221068	-0.594512	0.971291	-0.469719	-0.778147	1.010581	-0.286719	-0.780702	1.006773	-0.377522	-0.609532	0.833361	-0.143360	-0.554000	0.846762	-0.151402	-0.595154	0.782077	-0.147552	-0.539493	0.795464	-0.157664	-0.497229	0.505037	-0.215187	-0.512863	0.512261	-0.330454	-0.537269	0.343045	-0.182075	-0.489526	0.349867	-0.204797	-0.537853	0.292540	-0.187630	-0.492272	0.298162	-0.209828	-0.533249	0.094836	-0.221373	-0.536539	0.096257	-0.312277	-0.426202	0.034594	-0.197871	-0.409979	0.026885	-0.310810	-0.345723	0.054550	-0.258251	-0.601645	0.070160	-0.277106	-0.700619	0.833076	-0.516072	-0.654324	0.843028	-0.528222	-0.697249	0.792794	-0.523447	-0.648542	0.803312	-0.531707	-0.653521	0.485610	-0.524654	-0.635006	0.458235	-0.407472	-0.850643	0.414340	-0.534476	-0.817059	0.368296	-0.536656	-0.884211	0.377542	-0.522448	-0.848140	0.345142	-0.529661	-1.008983	0.262770	-0.495430	-0.981428	0.232748	-0.412119	-1.059309	0.137038	-0.513050	-1.028118	0.105715	-0.410506	-1.010685	0.055035	-0.469062	-1.031988	0.305588	-0.435183	-0.604578	1.455006	-0.187459	-0.623638	1.469566	-0.527407	
137	0.6800	-0.564149	0.983530	-0.220513	-0.587970	0.972826	-0.469117	-0.771234	1.012081	-0.285672	-0.774067	1.008071	-0.376439	-0.603314	0.834443	-0.142773	-0.547776	0.847358	-0.150867	-0.589435	0.782985	-0.147032	-0.533813	0.795849	-0.157139	-0.494680	0.504923	-0.214790	-0.510243	0.512413	-0.330177	-0.536117	0.343205	-0.181868	-0.488143	0.349718	-0.204335	-0.536956	0.292705	-0.187382	-0.491257	0.298056	-0.209433	-0.533289	0.094943	-0.221350	-0.536554	0.096434	-0.312261	-0.426279	0.034852	-0.197868	-0.409274	0.027074	-0.310324	-0.345909	0.054694	-0.258368	-0.601727	0.070122	-0.277096	-0.692160	0.833956	-0.514937	-0.645995	0.844435	-0.527330	-0.687831	0.793382	-0.522499	-0.639405	0.804821	-0.531026	-0.638113	0.486828	-0.524456	-0.619746	0.459678	-0.406852	-0.835356	0.416607	-0.534228	-0.802076	0.370337	-0.536036	-0.869222	0.380178	-0.521965	-0.833349	0.347430	-0.528947	-0.994982	0.266708	-0.494181	-0.967151	0.236312	-0.410991	-1.047128	0.141403	-0.511655	-1.015489	0.109463	-0.409509	-0.999476	0.057101	-0.468335	-1.016825	0.309985	-0.433691	-0.596793	1.456078	-0.186526	-0.616586	1.471166	-0.526243	
138	0.6850	-0.557150	0.984831	-0.219994	-0.581453	0.974416	-0.468547	-0.764342	1.013597	-0.284616	-0.767454	1.009409	-0.375351	-0.597180	0.835475	-0.142222	-0.541634	0.847882	-0.150371	-0.583823	0.783843	-0.146552	-0.528233	0.796170	-0.156652	-0.492323	0.504782	-0.214404	-0.507865	0.512506	-0.329926	-0.535109	0.343344	-0.181672	-0.486908	0.349565	-0.203887	-0.536181	0.292850	-0.187143	-0.490364	0.297947	-0.209046	-0.533352	0.095034	-0.221319	-0.536580	0.096604	-0.312242	-0.426371	0.035080	-0.197871	-0.408805	0.027278	-0.310000	-0.346091	0.054854	-0.258459	-0.601824	0.070079	-0.277088	-0.683734	0.834993	-0.513852	-0.637700	0.845984	-0.526458	-0.678437	0.794129	-0.521574	-0.630304	0.806471	-0.530366	-0.622811	0.488288	-0.524219	-0.604583	0.461393	-0.406164	-0.820048	0.418896	-0.533911	-0.787026	0.372438	-0.535369	-0.854176	0.382793	-0.521435	-0.818458	0.349738	-0.528188	-0.980781	0.270402	-0.492911	-0.952703	0.239750	-0.409820	-1.034314	0.145441	-0.510229	-1.002264	0.113043	-0.408420	-0.987412	0.059259	-0.467457	-1.001702	0.314024	-0.432232	-0.589068	1.457168	-0.185622	-0.609585	1.472761	-0.525127	
139	0.6900	-0.550185	0.986087	-0.219504	-0.574951	0.976057	-0.468003	-0.757470	1.015125	-0.283560	-0.760855	1.010784	-0.374265	-0.591129	0.836455	-0.141706	-0.535573	0.848336	-0.149908	-0.578317	0.784649	-0.146111	-0.522749	0.796429	-0.156199	-0.490142	0.504621	-0.214030	-0.505711	0.512546	-0.329696	-0.534221	0.343468	-0.181483	-0.485801	0.349411	-0.203455	-0.535506	0.292981	-0.186913	-0.489574	0.297839	-0.208671	-0.533430	0.095112	-0.221284	-0.536610	0.096770	-0.312220	-0.426472	0.035273	-0.197880	-0.408633	0.027493	-0.309891	-0.346261	0.055014	-0.258528	-0.601930	0.070037	-0.277081	-0.675333	0.836181	-0.512820	-0.629434	0.847669	-0.525606	-0.669065	0.795032	-0.520674	-0.621238	0.808255	-0.529730	-0.607627	0.489980	-0.523944	-0.589522	0.463368	-0.405414	-0.804738	0.421197	-0.533520	-0.771926	0.374584	-0.534659	-0.839090	0.385373	-0.520856	-0.803485	0.352053	-0.527387	-0.966396	0.273834	-0.491623	-0.938105	0.243047	-0.408610	-1.020877	0.149122	-0.508782	-0.988458	0.116426	-0.407243	-0.974496	0.061479	-0.466435	-0.986647	0.317693	-0.430812	-0.581404	1.458275	-0.184741	-0.602632	1.474349	-0.524058	
140	0.6950	-0.543253	0.987295	-0.219034	-0.568454	0.977740	-0.467474	-0.750616	1.016661	-0.282513	-0.754262	1.012195	-0.373193	-0.585164	0.837382	-0.141223	-0.529594	0.848722	-0.149474	-0.572914	0.785404	-0.145705	-0.517359	0.796629	-0.155774	-0.488119	0.504445	-0.213666	-0.503759	0.512542	-0.329483	-0.533432	0.343581	-0.181301	-0.484805	0.349263	-0.203044	-0.534912	0.293103	-0.186689	-0.488869	0.297736	-0.208311	-0.533515	0.095180	-0.221244	-0.536637	0.096933	-0.312194	-0.426578	0.035429	-0.197894	-0.408818	0.027714	-0.310043	-0.346412	0.055159	-0.258575	-0.602041	0.070000	-0.277076	-0.666953	0.837511	-0.511845	-0.621190	0.849483	-0.524776	-0.659717	0.796085	-0.519804	-0.612204	0.810161	-0.529117	-0.592574	0.491893	-0.523633	-0.574571	0.465589	-0.404610	-0.789443	0.423497	-0.533051	-0.756789	0.376763	-0.533906	-0.823979	0.387904	-0.520226	-0.788448	0.354363	-0.526548	-0.951843	0.276985	-0.490323	-0.923375	0.246184	-0.407362	-1.006831	0.152419	-0.507326	-0.974092	0.119585	-0.405989	-0.960737	0.063730	-0.465278	-0.971681	0.320981	-0.429433	-0.573800	1.459397	-0.183880	-0.595724	1.475927	-0.523031	
141	0.7000	-0.536356	0.988453	-0.218574	-0.561954	0.979458	-0.466953	-0.743780	1.018202	-0.281486	-0.747668	1.013639	-0.372144	-0.579285	0.838254	-0.140770	-0.523699	0.849043	-0.149061	-0.567610	0.786109	-0.145330	-0.512059	0.796774	-0.155373	-0.486239	0.504263	-0.213313	-0.501986	0.512502	-0.329282	-0.532722	0.343688	-0.181124	-0.483901	0.349125	-0.202654	-0.534380	0.293221	-0.186473	-0.488233	0.297643	-0.207968	-0.533598	0.095241	-0.221200	-0.536654	0.097095	-0.312166	-0.426683	0.035546	-0.197910	-0.409416	0.027942	-0.310502	-0.346539	0.055280	-0.258603	-0.602152	0.069974	-0.277074	-0.658587	0.838973	-0.510933	-0.612965	0.851416	-0.523969	-0.650391	0.797279	-0.518969	-0.603199	0.812178	-0.528528	-0.577662	0.494014	-0.523284	-0.559733	0.468040	-0.403759	-0.774178	0.425783	-0.532497	-0.741632	0.378958	-0.533111	-0.808859	0.390373	-0.519541	-0.773361	0.356654	-0.525672	-0.937139	0.279841	-0.489012	-0.908529	0.249144	-0.406079	-0.992192	0.155312	-0.505870	-0.959184	0.122495	-0.404665	-0.946150	0.065978	-0.463998	-0.956821	0.323878	-0.428098	-0.566258	1.460533	-0.183032	-0.588859	1.477492	-0.522043	
142	0.7050	-0.529496	0.989562	-0.218115	-0.555444	0.981202	-0.466430	-0.736961	1.019744	-0.280490	-0.741066	1.015112	-0.371131	-0.573492	0.839073	-0.140346	-0.517888	0.849302	-0.148665	-0.562400	0.786766	-0.144985	-0.506844	0.796869	-0.154990	-0.484486	0.504079	-0.212969	-0.500367	0.512435	-0.329087	-0.532074	0.343795	-0.180950	-0.483074	0.349001	-0.202288	-0.533896	0.293338	-0.186264	-0.487652	0.297565	-0.207644	-0.533676	0.095299	-0.221156	-0.536658	0.097258	-0.312135	-0.426784	0.035626	-0.197929	-0.410470	0.028177	-0.311304	-0.346639	0.055368	-0.258616	-0.602260	0.069961	-0.277074	-0.650230	0.840555	-0.510085	-0.604752	0.853455	-0.523186	-0.641088	0.798605	-0.518170	-0.594222	0.814293	-0.527964	-0.562898	0.496324	-0.522897	-0.545014	0.470701	-0.402867	-0.758956	0.428042	-0.531854	-0.726466	0.381156	-0.532274	-0.793743	0.392765	-0.518797	-0.758240	0.358913	-0.524762	-0.922296	0.282388	-0.487692	-0.893581	0.251911	-0.404764	-0.976980	0.157789	-0.504424	-0.943755	0.125135	-0.403285	-0.930756	0.068192	-0.462610	-0.942079	0.326374	-0.426802	-0.558777	1.461679	-0.182193	-0.582032	1.479043	-0.521089	
143	0.7100	-0.522675	0.990621	-0.217648	-0.548916	0.982960	-0.465896	-0.730161	1.021281	-0.279535	-0.734451	1.016609	-0.370164	-0.567784	0.839838	-0.139946	-0.512159	0.849504	-0.148278	-0.557280	0.787377	-0.144664	-0.501712	0.796919	-0.154620	-0.482846	0.503900	-0.212634	-0.498878	0.512350	-0.328894	-0.531474	0.343905	-0.180779	-0.482312	0.348895	-0.201946	-0.533447	0.293459	-0.186062	-0.487112	0.297504	-0.207339	-0.533742	0.095357	-0.221112	-0.536644	0.097423	-0.312104	-0.426878	0.035672	-0.197950	-0.412011	0.028418	-0.312472	-0.346708	0.055419	-0.258615	-0.602360	0.069965	-0.277077	-0.641878	0.842242	-0.509305	-0.596546	0.855588	-0.522428	-0.631809	0.800051	-0.517413	-0.585271	0.816490	-0.527426	-0.548288	0.498808	-0.522472	-0.530415	0.473553	-0.401938	-0.743791	0.430259	-0.531116	-0.711306	0.383340	-0.531396	-0.778645	0.395065	-0.517990	-0.743097	0.361127	-0.523819	-0.907330	0.284616	-0.486364	-0.878541	0.254467	-0.403419	-0.961220	0.159839	-0.502998	-0.927827	0.127486	-0.401861	-0.914584	0.070339	-0.461134	-0.927459	0.328462	-0.425541	-0.551356	1.462833	-0.181360	-0.575238	1.480575	-0.520166	
144	0.7150	-0.515895	0.991629	-0.217162	-0.542363	0.984722	-0.465341	-0.723379	1.022808	-0.278631	-0.727818	1.018126	-0.369254	-0.562160	0.840550	-0.139568	-0.506513	0.849652	-0.147896	-0.552245	0.787944	-0.144364	-0.496658	0.796928	-0.154259	-0.481306	0.503730	-0.212306	-0.497497	0.512254	-0.328698	-0.530909	0.344022	-0.180610	-0.481602	0.348811	-0.201626	-0.533022	0.293588	-0.185867	-0.486604	0.297463	-0.207053	-0.533793	0.095417	-0.221071	-0.536610	0.097592	-0.312073	-0.426962	0.035687	-0.197972	-0.414051	0.028668	-0.314019	-0.346747	0.055430	-0.258604	-0.602450	0.069988	-0.277085	-0.633525	0.844018	-0.508594	-0.588344	0.857798	-0.521697	-0.622552	0.801603	-0.516701	-0.576343	0.818754	-0.526912	-0.533838	0.501445	-0.522007	-0.515941	0.476575	-0.400977	-0.728695	0.432421	-0.530282	-0.696163	0.385495	-0.530476	-0.763576	0.397259	-0.517119	-0.727946	0.363281	-0.522842	-0.892253	0.286516	-0.485026	-0.863419	0.256794	-0.402044	-0.944938	0.161460	-0.501599	-0.911421	0.129531	-0.400406	-0.897666	0.072390	-0.459591	-0.912964	0.330135	-0.424309	-0.543993	1.463991	-0.180529	-0.568471	1.482084	-0.519268	
145	0.7200	-0.509157	0.992586	-0.216650	-0.535780	0.986476	-0.464759	-0.716617	1.024319	-0.277788	-0.721162	1.019656	-0.368410	-0.556617	0.841211	-0.139208	-0.500948	0.849752	-0.147514	-0.547288	0.788471	-0.144080	-0.491677	0.796901	-0.153902	-0.479852	0.503573	-0.211983	-0.496199	0.512156	-0.328495	-0.530369	0.344151	-0.180443	-0.480935	0.348751	-0.201327	-0.532613	0.293728	-0.185681	-0.486120	0.297446	-0.206785	-0.533826	0.095482	-0.221034	-0.536555	0.097766	-0.312042	-0.427035	0.035675	-0.197994	-0.416579	0.028926	-0.315938	-0.346754	0.055400	-0.258585	-0.602527	0.070031	-0.277098	-0.625168	0.845867	-0.507955	-0.580140	0.860071	-0.520993	-0.613321	0.803249	-0.516035	-0.567438	0.821069	-0.526422	-0.519550	0.504216	-0.521500	-0.501595	0.479746	-0.399989	-0.713678	0.434513	-0.529347	-0.681047	0.387607	-0.529514	-0.748546	0.399334	-0.516180	-0.712797	0.365361	-0.521833	-0.877077	0.288080	-0.483678	-0.848220	0.258878	-0.400643	-0.928163	0.162652	-0.500236	-0.894561	0.131259	-0.398935	-0.880039	0.074315	-0.458004	-0.898589	0.331386	-0.423096	-0.536688	1.465147	-0.179697	-0.561723	1.483566	-0.518391	
146	0.7250	-0.502465	0.993490	-0.216103	-0.529161	0.988210	-0.464141	-0.709876	1.025807	-0.277015	-0.714481	1.021192	-0.367642	-0.551154	0.841822	-0.138863	-0.495462	0.849808	-0.147127	-0.542404	0.788958	-0.143808	-0.486766	0.796841	-0.153545	-0.478473	0.503430	-0.211663	-0.494962	0.512060	-0.328283	-0.529849	0.344293	-0.180278	-0.480302	0.348717	-0.201046	-0.532216	0.293882	-0.185503	-0.485654	0.297453	-0.206533	-0.533839	0.095554	-0.221002	-0.536477	0.097947	-0.312014	-0.427094	0.035643	-0.198016	-0.419559	0.029191	-0.318201	-0.346732	0.055333	-0.258560	-0.602590	0.070095	-0.277117	-0.616805	0.847773	-0.507387	-0.571933	0.862391	-0.520318	-0.604115	0.804973	-0.515418	-0.558554	0.823420	-0.525956	-0.505426	0.507100	-0.520951	-0.487380	0.483042	-0.398976	-0.698750	0.436520	-0.528309	-0.665968	0.389660	-0.528509	-0.733564	0.401274	-0.515170	-0.697661	0.367353	-0.520791	-0.861811	0.289303	-0.482318	-0.832945	0.260700	-0.399217	-0.910925	0.163421	-0.498915	-0.877267	0.132658	-0.397463	-0.861744	0.076091	-0.456398	-0.884326	0.332209	-0.421892	-0.529437	1.466297	-0.178860	-0.554990	1.485017	-0.517531	
147	0.7300	-0.495820	0.994343	-0.215514	-0.522503	0.989912	-0.463482	-0.703157	1.027268	-0.276318	-0.707772	1.022727	-0.366955	-0.545767	0.842383	-0.138530	-0.490053	0.849822	-0.146731	-0.537588	0.789409	-0.143544	-0.481920	0.796753	-0.153184	-0.477158	0.503303	-0.211344	-0.493766	0.511972	-0.328059	-0.529343	0.344451	-0.180115	-0.479698	0.348709	-0.200781	-0.531828	0.294051	-0.185335	-0.485200	0.297486	-0.206295	-0.533831	0.095636	-0.220979	-0.536377	0.098135	-0.311990	-0.427140	0.035594	-0.198039	-0.422924	0.029462	-0.320759	-0.346683	0.055230	-0.258531	-0.602637	0.070180	-0.277143	-0.608433	0.849717	-0.506890	-0.563717	0.864740	-0.519672	-0.594937	0.806761	-0.514851	-0.549689	0.825791	-0.525512	-0.491468	0.510075	-0.520357	-0.473299	0.486443	-0.397940	-0.683918	0.438428	-0.527170	-0.650936	0.391640	-0.527462	-0.718639	0.403067	-0.514089	-0.682545	0.369242	-0.519715	-0.846465	0.290182	-0.480945	-0.817597	0.262245	-0.397769	-0.893256	0.163776	-0.497641	-0.859561	0.133723	-0.396004	-0.842826	0.077694	-0.454797	-0.870160	0.332600	-0.420685	-0.522238	1.467435	-0.178016	-0.548263	1.486432	-0.516684	
148	0.7350	-0.489223	0.995142	-0.214878	-0.515803	0.991571	-0.462775	-0.696460	1.028692	-0.275704	-0.701033	1.024252	-0.366357	-0.540452	0.842895	-0.138206	-0.484720	0.849799	-0.146324	-0.532833	0.789824	-0.143285	-0.477135	0.796638	-0.152817	-0.475899	0.503192	-0.211024	-0.492591	0.511897	-0.327821	-0.528848	0.344626	-0.179955	-0.479117	0.348727	-0.200527	-0.531445	0.294237	-0.185177	-0.484757	0.297543	-0.206070	-0.533802	0.095728	-0.220964	-0.536256	0.098332	-0.311970	-0.427173	0.035535	-0.198061	-0.426575	0.029734	-0.323537	-0.346608	0.055096	-0.258501	-0.602666	0.070285	-0.277177	-0.600051	0.851684	-0.506463	-0.555492	0.867102	-0.519056	-0.585787	0.808596	-0.514335	-0.540844	0.828166	-0.525088	-0.477675	0.513122	-0.519717	-0.459356	0.489927	-0.396884	-0.669189	0.440221	-0.525928	-0.635959	0.393534	-0.526372	-0.703776	0.404699	-0.512935	-0.667457	0.371015	-0.518605	-0.831045	0.290714	-0.479556	-0.802172	0.263497	-0.396300	-0.875190	0.163730	-0.496420	-0.841465	0.134448	-0.394575	-0.823331	0.079106	-0.453227	-0.856077	0.332553	-0.419464	-0.515089	1.468553	-0.177164	-0.541535	1.487804	-0.515845	
149	0.7400	-0.482675	0.995886	-0.214191	-0.509057	0.993175	-0.462019	-0.689787	1.030074	-0.275178	-0.694265	1.025759	-0.365850	-0.535205	0.843360	-0.137888	-0.479458	0.849740	-0.145904	-0.528134	0.790206	-0.143026	-0.472408	0.796499	-0.152442	-0.474687	0.503097	-0.210700	-0.491421	0.511836	-0.327567	-0.528363	0.344818	-0.179798	-0.478556	0.348771	-0.200280	-0.531069	0.294439	-0.185030	-0.484322	0.297626	-0.205853	-0.533752	0.095832	-0.220960	-0.536114	0.098537	-0.311957	-0.427193	0.035469	-0.198084	-0.430380	0.030002	-0.326435	-0.346512	0.054935	-0.258470	-0.602678	0.070411	-0.277220	-0.591658	0.853657	-0.506104	-0.547256	0.869461	-0.518471	-0.576667	0.810463	-0.513869	-0.532018	0.830530	-0.524682	-0.464046	0.516218	-0.519030	-0.445555	0.493472	-0.395807	-0.654571	0.441885	-0.524587	-0.621042	0.395329	-0.525240	-0.688981	0.406157	-0.511708	-0.652403	0.372657	-0.517460	-0.815558	0.290896	-0.478150	-0.786668	0.264443	-0.394812	-0.856758	0.163298	-0.495255	-0.822999	0.134832	-0.393187	-0.803307	0.080311	-0.451713	-0.842054	0.332065	-0.418216	-0.507986	1.469646	-0.176303	-0.534799	1.489130	-0.515011	
150	0.7450	-0.476175	0.996575	-0.213450	-0.502265	0.994714	-0.461210	-0.683137	1.031406	-0.274742	-0.687467	1.027237	-0.365437	-0.530022	0.843778	-0.137573	-0.474264	0.849647	-0.145469	-0.523487	0.790554	-0.142765	-0.467734	0.796335	-0.152056	-0.473513	0.503015	-0.210370	-0.490239	0.511791	-0.327298	-0.527887	0.345029	-0.179644	-0.478012	0.348838	-0.200038	-0.530699	0.294657	-0.184895	-0.483894	0.297731	-0.205642	-0.533682	0.095947	-0.220968	-0.535952	0.098749	-0.311952	-0.427200	0.035401	-0.198106	-0.434172	0.030258	-0.329326	-0.346398	0.054752	-0.258440	-0.602673	0.070556	-0.277272	-0.583255	0.855621	-0.505809	-0.539009	0.871802	-0.517916	-0.567578	0.812348	-0.513453	-0.523210	0.832871	-0.524291	-0.450582	0.519345	-0.518292	-0.431901	0.497057	-0.394710	-0.640066	0.443405	-0.523150	-0.606194	0.397013	-0.524065	-0.674259	0.407427	-0.510410	-0.637387	0.374154	-0.516279	-0.800006	0.290729	-0.476724	-0.771077	0.265068	-0.393309	-0.837994	0.162498	-0.494149	-0.804183	0.134876	-0.391855	-0.782803	0.081298	-0.450277	-0.828071	0.331133	-0.416931	-0.500924	1.470707	-0.175431	-0.528048	1.490403	-0.514178	
151	0.7500	-0.469724	0.997207	-0.212653	-0.495427	0.996178	-0.460348	-0.676511	1.032682	-0.274396	-0.680640	1.028679	-0.365119	-0.524900	0.844148	-0.137259	-0.469136	0.849521	-0.145018	-0.518886	0.790870	-0.142499	-0.463112	0.796148	-0.151659	-0.472371	0.502944	-0.210032	-0.489033	0.511763	-0.327013	-0.527421	0.345256	-0.179496	-0.477482	0.348927	-0.199796	-0.530336	0.294892	-0.184773	-0.483473	0.297857	-0.205434	-0.533593	0.096073	-0.220988	-0.535774	0.098970	-0.311955	-0.427197	0.035336	-0.198129	-0.437752	0.030490	-0.332058	-0.346269	0.054554	-0.258411	-0.602650	0.070719	-0.277334	-0.574843	0.857561	-0.505575	-0.530749	0.874111	-0.517390	-0.558522	0.814237	-0.513084	-0.514420	0.835176	-0.523912	-0.437281	0.522482	-0.517504	-0.418398	0.500664	-0.393593	-0.625679	0.444767	-0.521620	-0.591418	0.398573	-0.522850	-0.659612	0.408498	-0.509041	-0.622412	0.375493	-0.515061	-0.784393	0.290211	-0.475276	-0.755394	0.265360	-0.391793	-0.818928	0.161347	-0.493104	-0.785037	0.134582	-0.390590	-0.761867	0.082058	-0.448941	-0.814102	0.329754	-0.415597	-0.493901	1.471728	-0.174549	-0.521275	1.491616	-0.513344	
152	0.7550	-0.463319	0.997779	-0.211802	-0.488542	0.997558	-0.459434	-0.669907	1.033895	-0.274140	-0.673785	1.030075	-0.364893	-0.519833	0.844471	-0.136944	-0.464070	0.849361	-0.144552	-0.514330	0.791153	-0.142226	-0.458539	0.795936	-0.151249	-0.471253	0.502880	-0.209684	-0.487791	0.511749	-0.326713	-0.526963	0.345498	-0.179352	-0.476963	0.349034	-0.199551	-0.529982	0.295140	-0.184663	-0.483058	0.298002	-0.205227	-0.533486	0.096211	-0.221021	-0.535579	0.099197	-0.311967	-0.427184	0.035275	-0.198153	-0.440890	0.030686	-0.334458	-0.346130	0.054346	-0.258385	-0.602610	0.070898	-0.277405	-0.566424	0.859464	-0.505398	-0.522479	0.876374	-0.516893	-0.549500	0.816114	-0.512760	-0.505648	0.837434	-0.523541	-0.424141	0.525612	-0.516663	-0.405052	0.504273	-0.392455	-0.611413	0.445957	-0.520005	-0.576718	0.399998	-0.521595	-0.645041	0.409356	-0.507605	-0.607480	0.376661	-0.513805	-0.768718	0.289344	-0.473807	-0.739608	0.265309	-0.390266	-0.799590	0.159864	-0.492120	-0.765577	0.133956	-0.389403	-0.740546	0.082586	-0.447722	-0.800120	0.327927	-0.414205	-0.486912	1.472702	-0.173657	-0.514475	1.492766	-0.512507	
153	0.7600	-0.456958	0.998289	-0.210899	-0.481611	0.998847	-0.458471	-0.663326	1.035038	-0.273971	-0.666903	1.031415	-0.364757	-0.514819	0.844747	-0.136627	-0.459063	0.849167	-0.144071	-0.509814	0.791403	-0.141944	-0.454012	0.795698	-0.150826	-0.470153	0.502821	-0.209326	-0.486505	0.511747	-0.326400	-0.526514	0.345755	-0.179215	-0.476453	0.349157	-0.199299	-0.529636	0.295400	-0.184566	-0.482648	0.298161	-0.205018	-0.533364	0.096359	-0.221067	-0.535370	0.099431	-0.311991	-0.427164	0.035223	-0.198176	-0.443331	0.030831	-0.336331	-0.345983	0.054131	-0.258361	-0.602554	0.071091	-0.277487	-0.558000	0.861317	-0.505274	-0.514199	0.878578	-0.516424	-0.540512	0.817968	-0.512478	-0.496894	0.839634	-0.523174	-0.411161	0.528716	-0.515767	-0.391867	0.507867	-0.391296	-0.597269	0.446961	-0.518311	-0.562099	0.401279	-0.520301	-0.630548	0.409990	-0.506106	-0.592592	0.377645	-0.512511	-0.752980	0.288126	-0.472314	-0.723712	0.264904	-0.388732	-0.780009	0.158069	-0.491199	-0.745821	0.133004	-0.388301	-0.718885	0.082881	-0.446636	-0.786098	0.325650	-0.412748	-0.479953	1.473622	-0.172755	-0.507642	1.493844	-0.511665	
154	0.7650	-0.450640	0.998736	-0.209947	-0.474638	1.000038	-0.457463	-0.656765	1.036105	-0.273885	-0.659998	1.032690	-0.364705	-0.509853	0.844974	-0.136305	-0.454110	0.848938	-0.143576	-0.505337	0.791619	-0.141650	-0.449529	0.795433	-0.150390	-0.469065	0.502761	-0.208955	-0.485165	0.511754	-0.326075	-0.526073	0.346022	-0.179083	-0.475950	0.349291	-0.199040	-0.529298	0.295671	-0.184482	-0.482242	0.298332	-0.204806	-0.533228	0.096516	-0.221126	-0.535149	0.099670	-0.312026	-0.427137	0.035180	-0.198201	-0.444802	0.030907	-0.337469	-0.345832	0.053916	-0.258340	-0.602482	0.071297	-0.277578	-0.549575	0.863110	-0.505196	-0.505910	0.880713	-0.515980	-0.531561	0.819786	-0.512233	-0.488159	0.841767	-0.522807	-0.398342	0.531779	-0.514816	-0.378850	0.511428	-0.390114	-0.583248	0.447765	-0.516546	-0.547562	0.402404	-0.518972	-0.616131	0.410388	-0.504547	-0.577748	0.378432	-0.511179	-0.737175	0.286560	-0.470798	-0.707695	0.264138	-0.387193	-0.760209	0.155981	-0.490338	-0.725785	0.131735	-0.387291	-0.696927	0.082943	-0.445695	-0.772009	0.322923	-0.411219	-0.473019	1.474481	-0.171844	-0.500771	1.494847	-0.510816	
155	0.7700	-0.444360	0.999117	-0.208951	-0.467622	1.001127	-0.456413	-0.650224	1.037091	-0.273877	-0.653072	1.033891	-0.364731	-0.504931	0.845153	-0.135979	-0.449210	0.848671	-0.143068	-0.500897	0.791800	-0.141346	-0.445090	0.795138	-0.149942	-0.467981	0.502696	-0.208572	-0.483767	0.511767	-0.325740	-0.525637	0.346299	-0.178958	-0.475448	0.349433	-0.198772	-0.528967	0.295949	-0.184410	-0.481839	0.298511	-0.204590	-0.533080	0.096682	-0.221198	-0.534916	0.099913	-0.312072	-0.427105	0.035147	-0.198226	-0.445018	0.030898	-0.337655	-0.345681	0.053703	-0.258322	-0.602396	0.071515	-0.277679	-0.541152	0.864833	-0.505159	-0.497616	0.882769	-0.515558	-0.522646	0.821555	-0.512021	-0.479442	0.843826	-0.522434	-0.385682	0.534784	-0.513808	-0.366006	0.514941	-0.388909	-0.569349	0.448356	-0.514719	-0.533109	0.403365	-0.517609	-0.601790	0.410539	-0.502934	-0.562946	0.379012	-0.509809	-0.721297	0.284645	-0.469260	-0.691548	0.263006	-0.385653	-0.740213	0.153619	-0.489536	-0.705484	0.130160	-0.386378	-0.674712	0.082778	-0.444907	-0.757824	0.319749	-0.409617	-0.466106	1.475272	-0.170925	-0.493857	1.495769	-0.509961	
156	0.7750	-0.438114	0.999429	-0.207916	-0.460569	1.002108	-0.455330	-0.643699	1.037989	-0.273940	-0.646128	1.035010	-0.364827	-0.500052	0.845283	-0.135646	-0.444358	0.848365	-0.142550	-0.496493	0.791946	-0.141029	-0.440693	0.794810	-0.149482	-0.466896	0.502623	-0.208176	-0.482306	0.511781	-0.325397	-0.525204	0.346582	-0.178839	-0.474945	0.349578	-0.198493	-0.528641	0.296233	-0.184350	-0.481437	0.298694	-0.204368	-0.532922	0.096855	-0.221282	-0.534674	0.100158	-0.312131	-0.427070	0.035125	-0.198253	-0.443691	0.030784	-0.336670	-0.345531	0.053496	-0.258305	-0.602298	0.071742	-0.277788	-0.532734	0.866477	-0.505158	-0.489320	0.884737	-0.515156	-0.513769	0.823265	-0.511836	-0.470744	0.845804	-0.522053	-0.373181	0.537717	-0.512742	-0.353340	0.518392	-0.387681	-0.555571	0.448722	-0.512840	-0.518739	0.404153	-0.516215	-0.587521	0.410432	-0.501273	-0.548185	0.379375	-0.508402	-0.705342	0.282383	-0.467700	-0.675258	0.261503	-0.384114	-0.720040	0.150999	-0.488792	-0.684930	0.128289	-0.385563	-0.652275	0.082391	-0.444276	-0.743516	0.316128	-0.407938	-0.459209	1.475989	-0.170001	-0.486899	1.496604	-0.509099	
157	0.7800	-0.431900	0.999671	-0.206850	-0.453481	1.002980	-0.454219	-0.637190	1.038795	-0.274066	-0.639168	1.036039	-0.364985	-0.495213	0.845364	-0.135307	-0.439551	0.848017	-0.142024	-0.492126	0.792054	-0.140700	-0.436336	0.794448	-0.149011	-0.465801	0.502537	-0.207767	-0.480780	0.511791	-0.325050	-0.524768	0.346869	-0.178727	-0.474434	0.349723	-0.198205	-0.528316	0.296519	-0.184301	-0.481030	0.298878	-0.204142	-0.532754	0.097033	-0.221376	-0.534423	0.100404	-0.312202	-0.427033	0.035115	-0.198280	-0.440544	0.030548	-0.334304	-0.345386	0.053297	-0.258291	-0.602187	0.071977	-0.277905	-0.524326	0.868034	-0.505185	-0.481024	0.886609	-0.514769	-0.504929	0.824907	-0.511673	-0.462066	0.847695	-0.521658	-0.360842	0.540566	-0.511618	-0.340860	0.521764	-0.386427	-0.541912	0.448850	-0.510919	-0.504453	0.404759	-0.514794	-0.573320	0.410057	-0.499571	-0.533461	0.379511	-0.506958	-0.689298	0.279776	-0.466122	-0.658818	0.259629	-0.382579	-0.699704	0.148140	-0.488102	-0.664136	0.126137	-0.384848	-0.629649	0.081792	-0.443802	-0.729058	0.312066	-0.406186	-0.452324	1.476626	-0.169072	-0.479893	1.497350	-0.508230	
158	0.7850	-0.425711	0.999841	-0.205761	-0.446361	1.003741	-0.453088	-0.630693	1.039506	-0.274248	-0.632196	1.036971	-0.365197	-0.490410	0.845395	-0.134961	-0.434788	0.847626	-0.141491	-0.487794	0.792125	-0.140360	-0.432020	0.794049	-0.148529	-0.464691	0.502435	-0.207346	-0.479187	0.511793	-0.324700	-0.524325	0.347156	-0.178620	-0.473912	0.349865	-0.197908	-0.527987	0.296805	-0.184262	-0.480617	0.299059	-0.203911	-0.532579	0.097215	-0.221481	-0.534164	0.100649	-0.312286	-0.426996	0.035115	-0.198308	-0.435322	0.030171	-0.330361	-0.345248	0.053108	-0.258278	-0.602066	0.072219	-0.278029	-0.515932	0.869497	-0.505234	-0.472733	0.888378	-0.514394	-0.496128	0.826470	-0.511527	-0.453408	0.849494	-0.521246	-0.348665	0.543316	-0.510435	-0.328571	0.525047	-0.385149	-0.528368	0.448730	-0.508966	-0.490250	0.405176	-0.513348	-0.559183	0.409406	-0.497834	-0.518771	0.379411	-0.505481	-0.673158	0.276826	-0.464528	-0.642217	0.257385	-0.381051	-0.679219	0.145058	-0.487462	-0.643112	0.123719	-0.384231	-0.606862	0.080993	-0.443482	-0.714426	0.307567	-0.404363	-0.445448	1.477178	-0.168140	-0.472838	1.498000	-0.507356	
159	0.7900	-0.419545	0.999936	-0.204655	-0.439214	1.004391	-0.451946	-0.624206	1.040117	-0.274476	-0.625215	1.037799	-0.365452	-0.485643	0.845376	-0.134609	-0.430064	0.847188	-0.140953	-0.483498	0.792156	-0.140007	-0.427743	0.793610	-0.148038	-0.463558	0.502313	-0.206913	-0.477526	0.511781	-0.324350	-0.523869	0.347442	-0.178519	-0.473371	0.349999	-0.197603	-0.527650	0.297088	-0.184232	-0.480192	0.299234	-0.203677	-0.532398	0.097400	-0.221594	-0.533897	0.100893	-0.312382	-0.426959	0.035124	-0.198337	-0.427802	0.029640	-0.324672	-0.345118	0.052930	-0.258265	-0.601935	0.072465	-0.278158	-0.507556	0.870861	-0.505299	-0.464450	0.890039	-0.514026	-0.487366	0.827947	-0.511390	-0.444772	0.851196	-0.520812	-0.336653	0.545956	-0.509191	-0.316478	0.528225	-0.383845	-0.514937	0.448352	-0.506992	-0.476126	0.405396	-0.511881	-0.545104	0.408470	-0.496069	-0.504112	0.379070	-0.503971	-0.656909	0.273535	-0.462923	-0.625446	0.254773	-0.379534	-0.658591	0.141767	-0.486870	-0.621869	0.121050	-0.383707	-0.583936	0.080006	-0.443307	-0.699594	0.302640	-0.402477	-0.438576	1.477640	-0.167208	-0.465735	1.498553	-0.506477	
160	0.7950	-0.413397	0.999955	-0.203542	-0.432044	1.004930	-0.450800	-0.617727	1.040625	-0.274743	-0.618228	1.038518	-0.365741	-0.480910	0.845308	-0.134249	-0.425377	0.846703	-0.140414	-0.479238	0.792148	-0.139644	-0.423505	0.793131	-0.147539	-0.462396	0.502168	-0.206471	-0.475799	0.511752	-0.324003	-0.523392	0.347723	-0.178423	-0.472806	0.350122	-0.197293	-0.527298	0.297368	-0.184209	-0.479749	0.299399	-0.203440	-0.532211	0.097587	-0.221715	-0.533624	0.101134	-0.312489	-0.426923	0.035141	-0.198366	-0.417808	0.028941	-0.317105	-0.344997	0.052762	-0.258253	-0.601797	0.072716	-0.278291	-0.499202	0.872121	-0.505373	-0.456178	0.891587	-0.513660	-0.478644	0.829328	-0.511257	-0.436158	0.852797	-0.520353	-0.324810	0.548475	-0.507887	-0.304589	0.531288	-0.382515	-0.501612	0.447705	-0.505009	-0.462081	0.405414	-0.510396	-0.531076	0.407243	-0.494286	-0.489479	0.378482	-0.502432	-0.640538	0.269909	-0.461310	-0.608497	0.251802	-0.378030	-0.637825	0.138284	-0.486320	-0.600413	0.118151	-0.383270	-0.560891	0.078848	-0.443267	-0.684541	0.297292	-0.400536	-0.431706	1.478008	-0.166277	-0.458582	1.499006	-0.505595	
161	0.8000	-0.407263	0.999897	-0.202429	-0.424855	1.005359	-0.449658	-0.611254	1.041029	-0.275039	-0.611239	1.039123	-0.366055	-0.476208	0.845191	-0.133881	-0.420724	0.846168	-0.139874	-0.475015	0.792101	-0.139271	-0.419303	0.792609	-0.147031	-0.461197	0.501999	-0.206021	-0.474007	0.511702	-0.323661	-0.522888	0.347997	-0.178332	-0.472210	0.350233	-0.196981	-0.526924	0.297640	-0.184192	-0.479284	0.299552	-0.203204	-0.532021	0.097773	-0.221843	-0.533345	0.101371	-0.312608	-0.426889	0.035164	-0.198395	-0.405223	0.028067	-0.307569	-0.344887	0.052605	-0.258241	-0.601652	0.072969	-0.278427	-0.490876	0.873270	-0.505450	-0.447923	0.893017	-0.513291	-0.469964	0.830607	-0.511122	-0.427569	0.854294	-0.519867	-0.313140	0.550863	-0.506523	-0.292908	0.534223	-0.381160	-0.488389	0.446784	-0.503026	-0.448110	0.405223	-0.508898	-0.517093	0.405718	-0.492491	-0.474868	0.377644	-0.500866	-0.624034	0.265952	-0.459695	-0.591362	0.248480	-0.376542	-0.616922	0.134622	-0.485808	-0.578752	0.115041	-0.382914	-0.537742	0.077537	-0.443348	-0.669247	0.291535	-0.398551	-0.424834	1.478278	-0.165349	-0.451383	1.499356	-0.504711	
162	0.8050	-0.401138	0.999762	-0.201325	-0.417651	1.005681	-0.448527	-0.604783	1.041327	-0.275357	-0.604250	1.039609	-0.366385	-0.471537	0.845026	-0.133507	-0.416104	0.845583	-0.139336	-0.470828	0.792013	-0.138889	-0.415136	0.792044	-0.146517	-0.459955	0.501805	-0.205565	-0.472151	0.511628	-0.323326	-0.522348	0.348263	-0.178244	-0.471576	0.350327	-0.196668	-0.526522	0.297904	-0.184180	-0.478791	0.299690	-0.202969	-0.531827	0.097959	-0.221975	-0.533060	0.101603	-0.312737	-0.426858	0.035192	-0.198425	-0.389999	0.027013	-0.296027	-0.344787	0.052458	-0.258229	-0.601501	0.073223	-0.278564	-0.482580	0.874306	-0.505524	-0.439689	0.894324	-0.512915	-0.461326	0.831776	-0.510980	-0.419005	0.855682	-0.519352	-0.301649	0.553109	-0.505098	-0.281441	0.537019	-0.379781	-0.475261	0.445580	-0.501054	-0.434210	0.404818	-0.507390	-0.503147	0.403893	-0.490693	-0.460276	0.376555	-0.499278	-0.607380	0.261672	-0.458083	-0.574035	0.244821	-0.375073	-0.595879	0.130797	-0.485329	-0.556892	0.111742	-0.382628	-0.514499	0.076094	-0.443531	-0.653691	0.285383	-0.396534	-0.417959	1.478447	-0.164426	-0.444139	1.499604	-0.503829	
163	0.8100	-0.395021	0.999549	-0.200235	-0.410436	1.005898	-0.447416	-0.598315	1.041518	-0.275688	-0.597264	1.039975	-0.366723	-0.466895	0.844815	-0.133126	-0.411512	0.844947	-0.138801	-0.466676	0.791884	-0.138500	-0.411004	0.791435	-0.145998	-0.458665	0.501583	-0.205105	-0.470233	0.511528	-0.323000	-0.521766	0.348517	-0.178159	-0.470899	0.350403	-0.196359	-0.526084	0.298159	-0.184171	-0.478265	0.299811	-0.202739	-0.531631	0.098143	-0.222112	-0.532769	0.101830	-0.312877	-0.426830	0.035222	-0.198453	-0.372165	0.025781	-0.282502	-0.344698	0.052318	-0.258217	-0.601346	0.073478	-0.278702	-0.474319	0.875224	-0.505588	-0.431479	0.895506	-0.512525	-0.452732	0.832829	-0.510826	-0.410470	0.856958	-0.518807	-0.290343	0.555203	-0.503612	-0.270196	0.539663	-0.378378	-0.462223	0.444091	-0.499103	-0.420377	0.404198	-0.505875	-0.489230	0.401765	-0.488898	-0.445697	0.375215	-0.497671	-0.590562	0.257077	-0.456482	-0.556510	0.240839	-0.373625	-0.574690	0.126824	-0.484877	-0.534836	0.108279	-0.382402	-0.491170	0.074539	-0.443799	-0.637857	0.278851	-0.394500	-0.411078	1.478514	-0.163510	-0.436854	1.499747	-0.502948	
164	0.8150	-0.388907	0.999258	-0.199168	-0.403214	1.006013	-0.446331	-0.591846	1.041601	-0.276027	-0.590284	1.040218	-0.367062	-0.462280	0.844558	-0.132738	-0.406947	0.844260	-0.138270	-0.462558	0.791716	-0.138104	-0.406902	0.790783	-0.145473	-0.457320	0.501335	-0.204643	-0.468258	0.511399	-0.322686	-0.521135	0.348760	-0.178078	-0.470174	0.350461	-0.196056	-0.525606	0.298402	-0.184164	-0.477700	0.299915	-0.202515	-0.531433	0.098324	-0.222251	-0.532472	0.102049	-0.313026	-0.426805	0.035254	-0.198481	-0.351831	0.024378	-0.267077	-0.344620	0.052184	-0.258204	-0.601188	0.073732	-0.278838	-0.466097	0.876020	-0.505636	-0.423297	0.896557	-0.512119	-0.444185	0.833760	-0.510654	-0.401967	0.858118	-0.518232	-0.279229	0.557137	-0.502065	-0.259178	0.542146	-0.376952	-0.449267	0.442312	-0.497183	-0.406607	0.403358	-0.504356	-0.475333	0.399333	-0.487116	-0.431127	0.373629	-0.496050	-0.573566	0.252181	-0.454898	-0.538783	0.236553	-0.372201	-0.553348	0.122722	-0.484447	-0.512589	0.104678	-0.382224	-0.467758	0.072899	-0.444129	-0.621730	0.271957	-0.392464	-0.404191	1.478478	-0.162602	-0.429531	1.499787	-0.502072	
165	0.8200	-0.382796	0.998891	-0.198129	-0.395988	1.006030	-0.445276	-0.585377	1.041578	-0.276366	-0.583313	1.040337	-0.367395	-0.457691	0.844258	-0.132344	-0.402405	0.843523	-0.137745	-0.458472	0.791508	-0.137703	-0.402829	0.790087	-0.144944	-0.455917	0.501061	-0.204183	-0.466226	0.511242	-0.322383	-0.520449	0.348991	-0.177999	-0.469396	0.350499	-0.195762	-0.525081	0.298634	-0.184158	-0.477093	0.299999	-0.202299	-0.531234	0.098501	-0.222394	-0.532171	0.102262	-0.313184	-0.426782	0.035286	-0.198507	-0.329196	0.022818	-0.249903	-0.344552	0.052053	-0.258190	-0.601027	0.073984	-0.278974	-0.457917	0.876691	-0.505664	-0.415148	0.897476	-0.511690	-0.435686	0.834563	-0.510460	-0.393499	0.859158	-0.517628	-0.268316	0.558901	-0.500460	-0.248394	0.544456	-0.375505	-0.436387	0.440242	-0.495301	-0.392896	0.402299	-0.502838	-0.461449	0.396602	-0.485353	-0.416565	0.371801	-0.494420	-0.556375	0.246996	-0.453337	-0.520849	0.231985	-0.370803	-0.531841	0.118508	-0.484032	-0.490155	0.100970	-0.382082	-0.444264	0.071200	-0.444499	-0.605296	0.264723	-0.390442	-0.397297	1.478336	-0.161705	-0.422174	1.499725	-0.501201	
166	0.8250	-0.376684	0.998449	-0.197121	-0.388762	1.005951	-0.444257	-0.578906	1.041449	-0.276702	-0.576351	1.040331	-0.367717	-0.453125	0.843917	-0.131942	-0.397884	0.842736	-0.137227	-0.454415	0.791262	-0.137298	-0.398781	0.789351	-0.144411	-0.454451	0.500763	-0.203727	-0.464142	0.511056	-0.322094	-0.519703	0.349208	-0.177922	-0.468562	0.350516	-0.195480	-0.524504	0.298853	-0.184152	-0.476439	0.300064	-0.202093	-0.531034	0.098675	-0.222538	-0.531864	0.102468	-0.313350	-0.426763	0.035315	-0.198531	-0.304541	0.021117	-0.231193	-0.344494	0.051924	-0.258176	-0.600865	0.074235	-0.279107	-0.449782	0.877233	-0.505666	-0.407036	0.898259	-0.511237	-0.427240	0.835232	-0.510242	-0.385070	0.860073	-0.516996	-0.257611	0.560487	-0.498795	-0.237850	0.546582	-0.374038	-0.423574	0.437884	-0.493467	-0.379240	0.401021	-0.501321	-0.447569	0.393574	-0.483617	-0.402005	0.369739	-0.492784	-0.538974	0.241539	-0.451806	-0.502707	0.227161	-0.369433	-0.510158	0.114202	-0.483627	-0.467534	0.097186	-0.381962	-0.420688	0.069472	-0.444886	-0.588543	0.257171	-0.388451	-0.390395	1.478090	-0.160819	-0.414788	1.499562	-0.500339	
167	0.8300	-0.370572	0.997933	-0.196150	-0.381539	1.005780	-0.443277	-0.572432	1.041215	-0.277031	-0.569401	1.040202	-0.368024	-0.448580	0.843536	-0.131534	-0.393380	0.841903	-0.136716	-0.450385	0.790977	-0.136890	-0.394754	0.788575	-0.143876	-0.452920	0.500442	-0.203277	-0.462007	0.510844	-0.321820	-0.518895	0.349411	-0.177848	-0.467670	0.350513	-0.195212	-0.523873	0.299061	-0.184147	-0.475737	0.300110	-0.201899	-0.530834	0.098845	-0.222685	-0.531553	0.102667	-0.313524	-0.426747	0.035341	-0.198552	-0.278221	0.019302	-0.211219	-0.344444	0.051792	-0.258163	-0.600702	0.074483	-0.279237	-0.441697	0.877643	-0.505639	-0.398963	0.898902	-0.510756	-0.418849	0.835764	-0.509996	-0.376683	0.860860	-0.516339	-0.247125	0.561886	-0.497072	-0.227553	0.548514	-0.372552	-0.410823	0.435241	-0.491686	-0.365636	0.399529	-0.499810	-0.433685	0.390259	-0.481914	-0.387446	0.367454	-0.491149	-0.521350	0.235832	-0.450313	-0.484354	0.222108	-0.368093	-0.488287	0.109828	-0.483226	-0.444732	0.093360	-0.381850	-0.397027	0.067746	-0.445264	-0.571461	0.249330	-0.386506	-0.383488	1.477740	-0.159946	-0.407378	1.499302	-0.499487	
168	0.8350	-0.364459	0.997347	-0.195217	-0.374320	1.005521	-0.442339	-0.565956	1.040879	-0.277349	-0.562465	1.039951	-0.368314	-0.444053	0.843119	-0.131120	-0.388890	0.841024	-0.136212	-0.446377	0.790656	-0.136480	-0.390744	0.787760	-0.143338	-0.451322	0.500101	-0.202837	-0.459826	0.510606	-0.321562	-0.518022	0.349601	-0.177777	-0.466719	0.350491	-0.194960	-0.523186	0.299257	-0.184142	-0.474984	0.300136	-0.201719	-0.530634	0.099010	-0.222834	-0.531237	0.102859	-0.313705	-0.426734	0.035362	-0.198571	-0.250663	0.017400	-0.190302	-0.344402	0.051657	-0.258150	-0.600540	0.074727	-0.279365	-0.433663	0.877918	-0.505577	-0.390934	0.899402	-0.510245	-0.410517	0.836152	-0.509720	-0.368344	0.861512	-0.515661	-0.236868	0.563089	-0.495294	-0.217511	0.550240	-0.371048	-0.398125	0.432317	-0.489964	-0.352081	0.397826	-0.498306	-0.419790	0.386665	-0.480249	-0.372886	0.364958	-0.489518	-0.503488	0.229897	-0.448863	-0.465790	0.216857	-0.366786	-0.466213	0.105411	-0.482822	-0.421749	0.089529	-0.381733	-0.373278	0.066058	-0.445612	-0.554042	0.241226	-0.384623	-0.376574	1.477287	-0.159087	-0.399950	1.498947	-0.498645	
169	0.8400	-0.358345	0.996692	-0.194323	-0.367107	1.005176	-0.441443	-0.559478	1.040442	-0.277655	-0.555543	1.039580	-0.368585	-0.439541	0.842667	-0.130698	-0.384410	0.840102	-0.135716	-0.442387	0.790298	-0.136069	-0.386746	0.786911	-0.142799	-0.449656	0.499743	-0.202408	-0.457599	0.510346	-0.321319	-0.517085	0.349779	-0.177710	-0.465708	0.350450	-0.194727	-0.522442	0.299442	-0.184137	-0.474181	0.300144	-0.201552	-0.530435	0.099172	-0.222986	-0.530918	0.103045	-0.313893	-0.426724	0.035378	-0.198586	-0.222341	0.015445	-0.168803	-0.344367	0.051515	-0.258138	-0.600378	0.074968	-0.279491	-0.425682	0.878055	-0.505479	-0.382950	0.899756	-0.509703	-0.402248	0.836394	-0.509414	-0.360057	0.862025	-0.514966	-0.226848	0.564090	-0.493461	-0.207731	0.551752	-0.369528	-0.385473	0.429123	-0.488307	-0.338572	0.395920	-0.496812	-0.405877	0.382806	-0.478629	-0.358325	0.362268	-0.487897	-0.485376	0.223761	-0.447463	-0.447016	0.211442	-0.365511	-0.443926	0.100979	-0.482408	-0.398591	0.085733	-0.381596	-0.349439	0.064444	-0.445906	-0.536279	0.232894	-0.382818	-0.369657	1.476734	-0.158243	-0.392508	1.498501	-0.497816	
170	0.8450	-0.352229	0.995972	-0.193469	-0.359902	1.004749	-0.440591	-0.552998	1.039909	-0.277947	-0.548635	1.039092	-0.368836	-0.435039	0.842183	-0.130270	-0.379937	0.839142	-0.135228	-0.438408	0.789906	-0.135658	-0.382756	0.786028	-0.142259	-0.447924	0.499371	-0.201993	-0.455329	0.510067	-0.321093	-0.516083	0.349945	-0.177647	-0.464641	0.350393	-0.194512	-0.521642	0.299616	-0.184133	-0.473329	0.300135	-0.201401	-0.530237	0.099330	-0.223142	-0.530596	0.103224	-0.314087	-0.426717	0.035387	-0.198597	-0.193762	0.013470	-0.147108	-0.344336	0.051363	-0.258129	-0.600218	0.075205	-0.279616	-0.417757	0.878052	-0.505341	-0.375016	0.899961	-0.509131	-0.394046	0.836485	-0.509077	-0.351826	0.862393	-0.514258	-0.217078	0.564881	-0.491577	-0.198220	0.553038	-0.367992	-0.372862	0.425669	-0.486717	-0.325107	0.393821	-0.495328	-0.391940	0.378697	-0.477058	-0.343762	0.359401	-0.486290	-0.467005	0.217454	-0.446118	-0.428034	0.205900	-0.364271	-0.421414	0.096564	-0.481979	-0.375262	0.082011	-0.381426	-0.325508	0.062942	-0.446125	-0.518168	0.224368	-0.381104	-0.362738	1.476081	-0.157416	-0.385058	1.497968	-0.497000	
171	0.8500	-0.346114	0.995190	-0.192655	-0.352705	1.004241	-0.439781	-0.546515	1.039282	-0.278227	-0.541742	1.038490	-0.369069	-0.430544	0.841668	-0.129836	-0.375466	0.838144	-0.134748	-0.434436	0.789480	-0.135247	-0.378768	0.785115	-0.141720	-0.446127	0.498988	-0.201593	-0.453018	0.509772	-0.320883	-0.515020	0.350101	-0.177591	-0.463519	0.350321	-0.194317	-0.520787	0.299783	-0.184132	-0.472428	0.300111	-0.201265	-0.530041	0.099486	-0.223302	-0.530270	0.103399	-0.314289	-0.426712	0.035390	-0.198604	-0.165444	0.011512	-0.125611	-0.344310	0.051201	-0.258121	-0.600059	0.075439	-0.279740	-0.409890	0.877907	-0.505163	-0.367131	0.900014	-0.508529	-0.385916	0.836422	-0.508708	-0.343657	0.862612	-0.513542	-0.207565	0.565454	-0.489644	-0.188986	0.554091	-0.366440	-0.360285	0.421968	-0.485196	-0.311685	0.391540	-0.493856	-0.377973	0.374358	-0.475540	-0.329198	0.356377	-0.484701	-0.448365	0.211009	-0.444832	-0.408847	0.200268	-0.363065	-0.398668	0.092199	-0.481527	-0.351768	0.078408	-0.381210	-0.301485	0.061591	-0.446248	-0.499706	0.215684	-0.379492	-0.355819	1.475333	-0.156605	-0.377604	1.497353	-0.496198	
172	0.8550	-0.339998	0.994349	-0.191877	-0.345516	1.003656	-0.439011	-0.540031	1.038565	-0.278495	-0.534862	1.037780	-0.369283	-0.426050	0.841124	-0.129395	-0.370993	0.837114	-0.134274	-0.430463	0.789021	-0.134837	-0.374776	0.784174	-0.141181	-0.444266	0.498598	-0.201211	-0.450666	0.509465	-0.320689	-0.513899	0.350249	-0.177541	-0.462346	0.350235	-0.194141	-0.519882	0.299942	-0.184134	-0.471482	0.300073	-0.201144	-0.529847	0.099639	-0.223468	-0.529942	0.103569	-0.314496	-0.426711	0.035386	-0.198607	-0.137897	0.009606	-0.104697	-0.344286	0.051025	-0.258117	-0.599902	0.075669	-0.279866	-0.402081	0.877617	-0.504942	-0.359298	0.899913	-0.507901	-0.377860	0.836204	-0.508310	-0.335553	0.862675	-0.512823	-0.198321	0.565805	-0.487665	-0.180035	0.554901	-0.364874	-0.347737	0.418037	-0.483747	-0.298307	0.389093	-0.492396	-0.363974	0.369810	-0.474077	-0.314636	0.353218	-0.483134	-0.429450	0.204462	-0.443609	-0.389462	0.194587	-0.361895	-0.375683	0.087921	-0.481048	-0.328118	0.074966	-0.380935	-0.277371	0.060434	-0.446258	-0.480892	0.206884	-0.377993	-0.348902	1.474493	-0.155811	-0.370151	1.496662	-0.495412	
173	0.8600	-0.333883	0.993454	-0.191134	-0.338333	1.002995	-0.438279	-0.533545	1.037762	-0.278753	-0.527995	1.036965	-0.369482	-0.421552	0.840554	-0.128948	-0.366514	0.836054	-0.133808	-0.426482	0.788531	-0.134429	-0.370774	0.783209	-0.140644	-0.442344	0.498206	-0.200849	-0.448274	0.509151	-0.320511	-0.512724	0.350391	-0.177501	-0.461126	0.350140	-0.193986	-0.518929	0.300097	-0.184141	-0.470494	0.300024	-0.201039	-0.529655	0.099791	-0.223641	-0.529613	0.103737	-0.314711	-0.426712	0.035376	-0.198606	-0.111593	0.007784	-0.084728	-0.344263	0.050834	-0.258116	-0.599747	0.075898	-0.279993	-0.394330	0.877183	-0.504680	-0.351517	0.899655	-0.507248	-0.369882	0.835829	-0.507883	-0.327519	0.862578	-0.512105	-0.189352	0.565927	-0.485646	-0.171375	0.555461	-0.363292	-0.335214	0.413894	-0.482368	-0.284973	0.386495	-0.490950	-0.349939	0.365076	-0.472672	-0.300079	0.349947	-0.481592	-0.410259	0.197852	-0.442452	-0.369885	0.188898	-0.360758	-0.352455	0.083767	-0.480534	-0.304323	0.071731	-0.380590	-0.253174	0.059512	-0.446137	-0.461729	0.198009	-0.376615	-0.341989	1.473563	-0.155036	-0.362703	1.495898	-0.494641	
174	0.8650	-0.327769	0.992508	-0.190422	-0.331155	1.002261	-0.437581	-0.527056	1.036876	-0.279002	-0.521137	1.036051	-0.369668	-0.417044	0.839957	-0.128495	-0.362023	0.834968	-0.133348	-0.422485	0.788011	-0.134021	-0.366756	0.782221	-0.140110	-0.440365	0.497813	-0.200506	-0.445841	0.508832	-0.320348	-0.511501	0.350530	-0.177471	-0.459864	0.350037	-0.193849	-0.517934	0.300249	-0.184154	-0.469466	0.299967	-0.200948	-0.529465	0.099944	-0.223823	-0.529281	0.103903	-0.314932	-0.426717	0.035358	-0.198601	-0.086959	0.006077	-0.066024	-0.344241	0.050628	-0.258119	-0.599593	0.076125	-0.280125	-0.386638	0.876603	-0.504377	-0.343787	0.899240	-0.506575	-0.361985	0.835296	-0.507430	-0.319558	0.862315	-0.511394	-0.180667	0.565817	-0.483590	-0.163011	0.555764	-0.361695	-0.322712	0.409559	-0.481058	-0.271687	0.383766	-0.489517	-0.335868	0.360185	-0.471326	-0.285532	0.346591	-0.480078	-0.390792	0.191219	-0.441360	-0.350126	0.183244	-0.359655	-0.328988	0.079778	-0.479979	-0.280396	0.068747	-0.380164	-0.228901	0.058865	-0.445874	-0.442222	0.189102	-0.375361	-0.335081	1.472550	-0.154280	-0.355262	1.495068	-0.493887	
175	0.8700	-0.321654	0.991514	-0.189738	-0.323979	1.001454	-0.436914	-0.520564	1.035913	-0.279245	-0.514287	1.035043	-0.369844	-0.412519	0.839335	-0.128037	-0.357515	0.833858	-0.132893	-0.418466	0.787461	-0.133616	-0.362717	0.781213	-0.139580	-0.438331	0.497425	-0.200185	-0.443365	0.508513	-0.320200	-0.510234	0.350668	-0.177453	-0.458564	0.349929	-0.193731	-0.516901	0.300401	-0.184176	-0.468404	0.299904	-0.200871	-0.529278	0.100100	-0.224014	-0.528946	0.104070	-0.315161	-0.426726	0.035334	-0.198591	-0.064350	0.004508	-0.048859	-0.344219	0.050405	-0.258128	-0.599440	0.076354	-0.280263	-0.379002	0.875879	-0.504033	-0.336107	0.898665	-0.505886	-0.354170	0.834605	-0.506952	-0.311671	0.861883	-0.510693	-0.172272	0.565472	-0.481503	-0.154948	0.555806	-0.360081	-0.310228	0.405056	-0.479815	-0.258449	0.380926	-0.488097	-0.321761	0.355163	-0.470038	-0.270999	0.343176	-0.478592	-0.371053	0.184606	-0.440333	-0.330196	0.177667	-0.358583	-0.305289	0.075995	-0.479379	-0.256355	0.066057	-0.379649	-0.204566	0.058533	-0.445456	-0.422379	0.180208	-0.374235	-0.328180	1.471456	-0.153543	-0.347830	1.494178	-0.493149	
176	0.8750	-0.315537	0.990477	-0.189076	-0.316801	1.000576	-0.436273	-0.514065	1.034876	-0.279485	-0.507438	1.033947	-0.370014	-0.407971	0.838689	-0.127573	-0.352984	0.832730	-0.132443	-0.414416	0.786884	-0.133211	-0.358648	0.780188	-0.139054	-0.436245	0.497043	-0.199884	-0.440844	0.508198	-0.320065	-0.508928	0.350807	-0.177449	-0.457230	0.349818	-0.193629	-0.515834	0.300557	-0.184209	-0.467310	0.299837	-0.200806	-0.529092	0.100259	-0.224216	-0.528610	0.104240	-0.315397	-0.426738	0.035305	-0.198578	-0.044047	0.003098	-0.033444	-0.344195	0.050165	-0.258141	-0.599286	0.076587	-0.280408	-0.371421	0.875011	-0.503651	-0.328474	0.897932	-0.505187	-0.346437	0.833758	-0.506454	-0.303859	0.861279	-0.510006	-0.164170	0.564890	-0.479389	-0.147191	0.555583	-0.358449	-0.297762	0.400409	-0.478635	-0.245266	0.377996	-0.486688	-0.307621	0.350041	-0.468809	-0.256489	0.339728	-0.477138	-0.351052	0.178055	-0.439370	-0.310110	0.172210	-0.357541	-0.281370	0.072457	-0.478727	-0.232221	0.063703	-0.379036	-0.180187	0.058554	-0.444876	-0.402212	0.171374	-0.373237	-0.321288	1.470288	-0.152827	-0.340410	1.493232	-0.492429	
177	0.8800	-0.309416	0.989399	-0.188433	-0.309617	0.999629	-0.435654	-0.507556	1.033770	-0.279723	-0.500588	1.032770	-0.370180	-0.403392	0.838020	-0.127104	-0.348423	0.831584	-0.131996	-0.410325	0.786279	-0.132808	-0.354543	0.779148	-0.138534	-0.434108	0.496671	-0.199604	-0.438273	0.507888	-0.319944	-0.507587	0.350952	-0.177460	-0.455866	0.349708	-0.193543	-0.514736	0.300718	-0.184254	-0.466186	0.299770	-0.200753	-0.528907	0.100426	-0.224431	-0.528269	0.104414	-0.315639	-0.426754	0.035270	-0.198562	-0.026248	0.001861	-0.019929	-0.344169	0.049909	-0.258159	-0.599130	0.076826	-0.280563	-0.363890	0.874001	-0.503234	-0.320884	0.897041	-0.504482	-0.338786	0.832757	-0.505938	-0.296123	0.860499	-0.509334	-0.156362	0.564071	-0.477255	-0.139739	0.555093	-0.356796	-0.285313	0.395644	-0.477513	-0.232142	0.375002	-0.485291	-0.293451	0.344852	-0.467635	-0.242009	0.336275	-0.475713	-0.330803	0.171611	-0.438467	-0.289887	0.166913	-0.356524	-0.257249	0.069206	-0.478019	-0.208017	0.061724	-0.378319	-0.155787	0.058963	-0.444128	-0.381737	0.162646	-0.372363	-0.314403	1.469049	-0.152131	-0.332999	1.492235	-0.491726	
178	0.8850	-0.303287	0.988285	-0.187804	-0.302420	0.998614	-0.435051	-0.501034	1.032599	-0.279964	-0.493728	1.031516	-0.370346	-0.398773	0.837328	-0.126632	-0.343826	0.830425	-0.131552	-0.406186	0.785650	-0.132405	-0.350395	0.778095	-0.138019	-0.431921	0.496311	-0.199345	-0.435647	0.507587	-0.319834	-0.506214	0.351105	-0.177489	-0.454473	0.349602	-0.193471	-0.513612	0.300889	-0.184312	-0.465036	0.299705	-0.200711	-0.528721	0.100603	-0.224658	-0.527924	0.104596	-0.315889	-0.426774	0.035230	-0.198543	-0.011063	0.000804	-0.008400	-0.344140	0.049636	-0.258183	-0.598971	0.077077	-0.280728	-0.356406	0.872854	-0.502784	-0.313331	0.895993	-0.503778	-0.331214	0.831606	-0.505406	-0.288459	0.859543	-0.508679	-0.148849	0.563018	-0.475108	-0.132594	0.554336	-0.355121	-0.272881	0.390790	-0.476443	-0.219083	0.371966	-0.483904	-0.279258	0.339626	-0.466514	-0.227568	0.332844	-0.474319	-0.310325	0.165317	-0.437619	-0.269545	0.161817	-0.355529	-0.232953	0.066278	-0.477250	-0.183775	0.060153	-0.377492	-0.131393	0.059788	-0.443209	-0.360975	0.154069	-0.371607	-0.307525	1.467745	-0.151458	-0.325599	1.491194	-0.491042	
179	0.8900	-0.297145	0.987138	-0.187185	-0.295203	0.997532	-0.434461	-0.494493	1.031368	-0.280208	-0.486853	1.030194	-0.370515	-0.394105	0.836614	-0.126155	-0.339184	0.829256	-0.131110	-0.401988	0.784997	-0.132002	-0.346195	0.777031	-0.137512	-0.429682	0.495964	-0.199105	-0.432960	0.507295	-0.319733	-0.504810	0.351269	-0.177534	-0.453052	0.349501	-0.193411	-0.512463	0.301073	-0.184385	-0.463858	0.299646	-0.200677	-0.528533	0.100794	-0.224898	-0.527571	0.104789	-0.316146	-0.426799	0.035186	-0.198522	0.001478	-0.000071	0.001123	-0.344108	0.049348	-0.258212	-0.598805	0.077345	-0.280904	-0.348961	0.871574	-0.502305	-0.305809	0.894792	-0.503079	-0.323715	0.830309	-0.504863	-0.280865	0.858411	-0.508042	-0.141625	0.561734	-0.472953	-0.125753	0.553315	-0.353422	-0.260470	0.385873	-0.475418	-0.206095	0.368913	-0.482525	-0.265050	0.334398	-0.465441	-0.213176	0.329461	-0.472953	-0.289642	0.159214	-0.436820	-0.249111	0.156957	-0.354550	-0.208513	0.063707	-0.476415	-0.159525	0.059022	-0.376552	-0.107039	0.061057	-0.442118	-0.339952	0.145688	-0.370961	-0.300653	1.466383	-0.150807	-0.318205	1.490113	-0.490375	
180	0.8950	-0.290983	0.985960	-0.186570	-0.287958	0.996385	-0.433878	-0.487925	1.030083	-0.280457	-0.479952	1.028808	-0.370690	-0.389378	0.835877	-0.125675	-0.334489	0.828077	-0.130668	-0.397723	0.784321	-0.131598	-0.341936	0.775957	-0.137012	-0.427389	0.495633	-0.198882	-0.430201	0.507015	-0.319641	-0.503375	0.351449	-0.177598	-0.451603	0.349408	-0.193360	-0.511288	0.301274	-0.184474	-0.462654	0.299595	-0.200650	-0.528340	0.101001	-0.225150	-0.527209	0.104997	-0.316408	-0.426828	0.035138	-0.198498	0.011425	-0.000766	0.008676	-0.344073	0.049047	-0.258245	-0.598630	0.077635	-0.281093	-0.341549	0.870166	-0.501800	-0.298310	0.893441	-0.502389	-0.316284	0.828873	-0.504311	-0.273334	0.857104	-0.507421	-0.134684	0.560225	-0.470798	-0.119209	0.552035	-0.351696	-0.248081	0.380923	-0.474431	-0.193186	0.365867	-0.481151	-0.250836	0.329199	-0.464412	-0.198846	0.326152	-0.471613	-0.268784	0.153342	-0.436061	-0.228611	0.152368	-0.353584	-0.183967	0.061526	-0.475512	-0.135307	0.058352	-0.375496	-0.082764	0.062785	-0.440858	-0.318697	0.137546	-0.370413	-0.293784	1.464968	-0.150179	-0.310814	1.488997	-0.489729	
181	0.9000	-0.284793	0.984755	-0.185957	-0.280677	0.995175	-0.433299	-0.481324	1.028746	-0.280714	-0.473018	1.027366	-0.370872	-0.384584	0.835119	-0.125193	-0.329732	0.826894	-0.130225	-0.393381	0.783625	-0.131193	-0.337607	0.774876	-0.136520	-0.425036	0.495318	-0.198675	-0.427362	0.506745	-0.319555	-0.501907	0.351646	-0.177680	-0.450122	0.349325	-0.193316	-0.510086	0.301496	-0.184578	-0.461420	0.299554	-0.200628	-0.528139	0.101230	-0.225415	-0.526833	0.105224	-0.316676	-0.426862	0.035088	-0.198474	0.018896	-0.001289	0.014349	-0.344035	0.048733	-0.258283	-0.598442	0.077954	-0.281294	-0.334160	0.868637	-0.501272	-0.290824	0.891945	-0.501715	-0.308913	0.827305	-0.503752	-0.265858	0.855626	-0.506817	-0.128013	0.558499	-0.468649	-0.112953	0.550503	-0.349940	-0.235721	0.375969	-0.473475	-0.180365	0.362853	-0.479781	-0.236628	0.324061	-0.463420	-0.184589	0.322939	-0.470295	-0.247787	0.147737	-0.435334	-0.208078	0.148078	-0.352623	-0.159361	0.059758	-0.474536	-0.111163	0.058162	-0.374324	-0.058609	0.064985	-0.439432	-0.297249	0.129683	-0.369951	-0.286914	1.463505	-0.149575	-0.303421	1.487849	-0.489102	
182	0.9050	-0.278565	0.983526	-0.185341	-0.273350	0.993905	-0.432719	-0.474679	1.027364	-0.280979	-0.466038	1.025874	-0.371063	-0.379710	0.834339	-0.124709	-0.324902	0.825706	-0.129779	-0.388950	0.782910	-0.130786	-0.333200	0.773788	-0.136036	-0.422618	0.495019	-0.198481	-0.424430	0.506487	-0.319473	-0.500401	0.351865	-0.177780	-0.448605	0.349254	-0.193278	-0.508853	0.301742	-0.184698	-0.460152	0.299526	-0.200608	-0.527927	0.101485	-0.225691	-0.526441	0.105474	-0.316946	-0.426900	0.035036	-0.198449	0.024067	-0.001653	0.018275	-0.343993	0.048410	-0.258325	-0.598237	0.078311	-0.281507	-0.326784	0.866995	-0.500727	-0.283340	0.890312	-0.501057	-0.301591	0.825613	-0.503191	-0.258428	0.853981	-0.506225	-0.121599	0.556566	-0.466514	-0.106974	0.548728	-0.348153	-0.223393	0.371038	-0.472539	-0.167638	0.359892	-0.478412	-0.222440	0.319015	-0.462459	-0.170418	0.319843	-0.468996	-0.226692	0.142433	-0.434628	-0.187547	0.144113	-0.351660	-0.134747	0.058422	-0.473486	-0.087138	0.058460	-0.373035	-0.034622	0.067659	-0.437848	-0.275648	0.122139	-0.369557	-0.280038	1.462002	-0.148997	-0.296020	1.486674	-0.488496	
183	0.9100	-0.272289	0.982275	-0.184720	-0.265966	0.992578	-0.432136	-0.467980	1.025940	-0.281253	-0.459003	1.024338	-0.371263	-0.374745	0.833539	-0.124224	-0.319989	0.824517	-0.129329	-0.384420	0.782178	-0.130377	-0.328704	0.772697	-0.135559	-0.420123	0.494736	-0.198297	-0.421391	0.506237	-0.319392	-0.498849	0.352109	-0.177896	-0.447043	0.349197	-0.193242	-0.507582	0.302017	-0.184832	-0.458845	0.299513	-0.200590	-0.527698	0.101772	-0.225975	-0.526026	0.105753	-0.317219	-0.426942	0.034983	-0.198424	0.027161	-0.001872	0.020624	-0.343949	0.048078	-0.258369	-0.598010	0.078714	-0.281730	-0.319409	0.865248	-0.500166	-0.275846	0.888548	-0.500421	-0.294305	0.823806	-0.502628	-0.251033	0.852177	-0.505643	-0.115422	0.554439	-0.464398	-0.101255	0.546724	-0.346331	-0.211105	0.366159	-0.471617	-0.155016	0.357005	-0.477041	-0.208286	0.314089	-0.461521	-0.156347	0.316884	-0.467711	-0.205546	0.137458	-0.433933	-0.167059	0.140492	-0.350689	-0.110182	0.057531	-0.472358	-0.063283	0.059245	-0.371631	-0.010854	0.070800	-0.436113	-0.253943	0.114945	-0.369216	-0.273149	1.460465	-0.148445	-0.288604	1.485476	-0.487913	
184	0.9150	-0.265953	0.981004	-0.184091	-0.258515	0.991197	-0.431547	-0.461215	1.024479	-0.281534	-0.451899	1.022764	-0.371474	-0.369677	0.832720	-0.123737	-0.314980	0.823328	-0.128873	-0.379780	0.781433	-0.129963	-0.324108	0.771602	-0.135091	-0.417540	0.494469	-0.198120	-0.418230	0.505995	-0.319309	-0.497243	0.352381	-0.178026	-0.445428	0.349154	-0.193205	-0.506266	0.302324	-0.184980	-0.457489	0.299518	-0.200570	-0.527448	0.102094	-0.226265	-0.525584	0.106066	-0.317490	-0.426988	0.034930	-0.198400	0.028434	-0.001965	0.021592	-0.343902	0.047742	-0.258416	-0.597755	0.079174	-0.281962	-0.312023	0.863407	-0.499594	-0.268330	0.886664	-0.499806	-0.287041	0.821895	-0.502066	-0.243658	0.850222	-0.505068	-0.109459	0.552131	-0.462307	-0.095776	0.544506	-0.344474	-0.198866	0.361357	-0.470699	-0.142506	0.354211	-0.475664	-0.194183	0.309310	-0.460597	-0.142391	0.314077	-0.466434	-0.184400	0.132834	-0.433237	-0.146655	0.137230	-0.349701	-0.085731	0.057089	-0.471152	-0.039652	0.060509	-0.370116	0.012639	0.074392	-0.434236	-0.232187	0.108133	-0.368908	-0.266242	1.458899	-0.147920	-0.281165	1.484258	-0.487353	
185	0.9200	-0.259542	0.979718	-0.183453	-0.250984	0.989765	-0.430949	-0.454372	1.022987	-0.281824	-0.444715	1.021159	-0.371694	-0.364495	0.831883	-0.123251	-0.309865	0.822141	-0.128410	-0.375018	0.780675	-0.129546	-0.319399	0.770507	-0.134629	-0.414856	0.494215	-0.197945	-0.414930	0.505757	-0.319220	-0.495570	0.352682	-0.178169	-0.443748	0.349126	-0.193165	-0.504895	0.302666	-0.185138	-0.456077	0.299542	-0.200546	-0.527170	0.102459	-0.226558	-0.525108	0.106420	-0.317758	-0.427037	0.034877	-0.198376	0.028166	-0.001951	0.021388	-0.343853	0.047402	-0.258463	-0.597467	0.079700	-0.282200	-0.304610	0.861481	-0.499014	-0.260776	0.884668	-0.499215	-0.279785	0.819893	-0.501506	-0.236289	0.848128	-0.504496	-0.103684	0.549661	-0.460247	-0.090513	0.542091	-0.342581	-0.186682	0.356658	-0.469777	-0.130118	0.351525	-0.474280	-0.180149	0.304700	-0.459680	-0.128565	0.311433	-0.465161	-0.163312	0.128580	-0.432526	-0.126384	0.134332	-0.348688	-0.061461	0.057090	-0.469866	-0.016302	0.062233	-0.368492	0.035802	0.078409	-0.432230	-0.210440	0.101727	-0.368615	-0.259308	1.457313	-0.147423	-0.273694	1.483022	-0.486818	
186	0.9250	-0.253044	0.978418	-0.182805	-0.243363	0.988289	-0.430341	-0.447439	1.021466	-0.282120	-0.437438	1.019528	-0.371923	-0.359186	0.831029	-0.122764	-0.304629	0.820959	-0.127939	-0.370122	0.779908	-0.129124	-0.314567	0.769412	-0.134175	-0.412053	0.493973	-0.197770	-0.411474	0.505520	-0.319122	-0.493817	0.353017	-0.178321	-0.441990	0.349114	-0.193118	-0.503455	0.303049	-0.185303	-0.454595	0.299587	-0.200514	-0.526858	0.102873	-0.226850	-0.524591	0.106820	-0.318019	-0.427088	0.034825	-0.198354	0.026642	-0.001849	0.020231	-0.343802	0.047063	-0.258510	-0.597138	0.080304	-0.282441	-0.297157	0.859483	-0.498428	-0.253172	0.882574	-0.498647	-0.272518	0.817810	-0.500950	-0.228909	0.845906	-0.503923	-0.098067	0.547047	-0.458223	-0.085440	0.539500	-0.340650	-0.174565	0.352082	-0.468842	-0.117860	0.348961	-0.472885	-0.166205	0.300280	-0.458761	-0.114883	0.308961	-0.463885	-0.142342	0.124707	-0.431790	-0.106294	0.131802	-0.347643	-0.037446	0.057521	-0.468501	0.006707	0.064388	-0.366765	0.058574	0.082814	-0.430106	-0.188765	0.095747	-0.368316	-0.252338	1.455712	-0.146955	-0.266181	1.481771	-0.486309	
187	0.9300	-0.246444	0.977107	-0.182146	-0.235640	0.986773	-0.429723	-0.440402	1.019924	-0.282420	-0.430055	1.017877	-0.372160	-0.353738	0.830160	-0.122278	-0.299261	0.819784	-0.127458	-0.365080	0.779135	-0.128697	-0.309599	0.768319	-0.133726	-0.409114	0.493741	-0.197588	-0.407844	0.505281	-0.319011	-0.491969	0.353387	-0.178478	-0.440138	0.349118	-0.193061	-0.501934	0.303474	-0.185473	-0.453032	0.299655	-0.200472	-0.526505	0.103340	-0.227137	-0.524026	0.107274	-0.318269	-0.427140	0.034775	-0.198333	0.024151	-0.001679	0.018340	-0.343749	0.046727	-0.258556	-0.596762	0.080997	-0.282680	-0.289647	0.857425	-0.497840	-0.245502	0.880394	-0.498101	-0.265223	0.815661	-0.500397	-0.221503	0.843570	-0.503344	-0.092574	0.544309	-0.456239	-0.080526	0.536756	-0.338684	-0.162525	0.347652	-0.467887	-0.105742	0.346529	-0.471476	-0.152371	0.296067	-0.457831	-0.101363	0.306666	-0.462600	-0.121555	0.121219	-0.431016	-0.086440	0.129633	-0.346558	-0.013761	0.058360	-0.467056	0.029315	0.066937	-0.364941	0.080896	0.087562	-0.427876	-0.167234	0.090207	-0.367992	-0.245324	1.454103	-0.146518	-0.258618	1.480507	-0.485829	
188	0.9350	-0.239727	0.975788	-0.181475	-0.227806	0.985222	-0.429095	-0.433249	1.018364	-0.282723	-0.422555	1.016212	-0.372401	-0.348139	0.829279	-0.121793	-0.293748	0.818616	-0.126965	-0.359882	0.778357	-0.128264	-0.304482	0.767231	-0.133281	-0.406020	0.493516	-0.197397	-0.404020	0.505036	-0.318882	-0.490007	0.353794	-0.178637	-0.438177	0.349138	-0.192990	-0.500316	0.303946	-0.185644	-0.451374	0.299745	-0.200416	-0.526103	0.103868	-0.227413	-0.523406	0.107789	-0.318503	-0.427192	0.034727	-0.198313	0.020966	-0.001461	0.015921	-0.343694	0.046397	-0.258600	-0.596331	0.081790	-0.282914	-0.282067	0.855319	-0.497250	-0.237753	0.878142	-0.497576	-0.257883	0.813460	-0.499849	-0.214051	0.841138	-0.502757	-0.087171	0.541469	-0.454299	-0.075737	0.533884	-0.336683	-0.150573	0.343384	-0.466905	-0.093770	0.344235	-0.470049	-0.138669	0.292073	-0.456882	-0.088019	0.304548	-0.461300	-0.101018	0.118115	-0.430193	-0.066877	0.127814	-0.345426	0.009516	0.059575	-0.465533	0.051458	0.069832	-0.363027	0.102707	0.092597	-0.425554	-0.145917	0.085116	-0.367623	-0.238258	1.452494	-0.146111	-0.250997	1.479232	-0.485379	
189	0.9400	-0.232882	0.974464	-0.180796	-0.219851	0.983645	-0.428457	-0.425970	1.016790	-0.283026	-0.414928	1.014539	-0.372645	-0.342379	0.828388	-0.121310	-0.288079	0.817458	-0.126461	-0.354517	0.777578	-0.127826	-0.299206	0.766149	-0.132841	-0.402751	0.493296	-0.197190	-0.399985	0.504779	-0.318731	-0.487916	0.354240	-0.178792	-0.436090	0.349172	-0.192903	-0.498585	0.304465	-0.185809	-0.449605	0.299859	-0.200344	-0.525645	0.104461	-0.227673	-0.522721	0.108370	-0.318718	-0.427243	0.034681	-0.198295	0.017343	-0.001211	0.013170	-0.343639	0.046075	-0.258641	-0.595838	0.082696	-0.283136	-0.274401	0.853178	-0.496661	-0.229913	0.875833	-0.497069	-0.250479	0.811220	-0.499304	-0.206538	0.838626	-0.502157	-0.081819	0.538551	-0.452404	-0.071039	0.530910	-0.334652	-0.138723	0.339294	-0.465891	-0.081956	0.342082	-0.468603	-0.125122	0.288308	-0.455906	-0.074868	0.302606	-0.459980	-0.080800	0.115387	-0.429310	-0.047660	0.126326	-0.344239	0.032305	0.061129	-0.463932	0.073074	0.073017	-0.361029	0.123949	0.097856	-0.423152	-0.124891	0.080476	-0.367193	-0.231131	1.450891	-0.145737	-0.243308	1.477948	-0.484961	
190	0.9450	-0.225896	0.973138	-0.180107	-0.211769	0.982047	-0.427811	-0.418553	1.015210	-0.283325	-0.407166	1.012863	-0.372889	-0.336447	0.827489	-0.120828	-0.282243	0.816313	-0.125943	-0.348974	0.776801	-0.127382	-0.293758	0.765076	-0.132403	-0.399289	0.493078	-0.196964	-0.395721	0.504507	-0.318554	-0.485677	0.354724	-0.178939	-0.433860	0.349220	-0.192795	-0.496725	0.305034	-0.185966	-0.447713	0.299997	-0.200251	-0.525123	0.105126	-0.227911	-0.521966	0.109024	-0.318909	-0.427290	0.034640	-0.198277	0.013513	-0.000947	0.010262	-0.343583	0.045763	-0.258678	-0.595276	0.083724	-0.283341	-0.266636	0.851017	-0.496073	-0.221969	0.873482	-0.496577	-0.242995	0.808956	-0.498762	-0.198947	0.836053	-0.501543	-0.076482	0.535580	-0.450557	-0.066394	0.527863	-0.332593	-0.126988	0.335394	-0.464839	-0.070306	0.340071	-0.467135	-0.111754	0.284777	-0.454897	-0.061928	0.300831	-0.458635	-0.060972	0.113021	-0.428359	-0.028849	0.125146	-0.342992	0.054528	0.062973	-0.462258	0.094100	0.076430	-0.358956	0.144564	0.103268	-0.420684	-0.104235	0.076286	-0.366685	-0.223936	1.449301	-0.145395	-0.235547	1.476657	-0.484576	
191	0.9500	-0.218760	0.971814	-0.179412	-0.203556	0.980437	-0.427158	-0.410993	1.013626	-0.283619	-0.399263	1.011190	-0.373129	-0.330337	0.826585	-0.120348	-0.276231	0.815182	-0.125413	-0.343246	0.776027	-0.126934	-0.288130	0.764014	-0.131967	-0.395614	0.492858	-0.196714	-0.391213	0.504216	-0.318345	-0.483273	0.355248	-0.179072	-0.431472	0.349280	-0.192664	-0.494721	0.305655	-0.186108	-0.445682	0.300159	-0.200135	-0.524528	0.105867	-0.228122	-0.521130	0.109757	-0.319070	-0.427333	0.034602	-0.198261	0.009676	-0.000681	0.007348	-0.343527	0.045465	-0.258710	-0.594636	0.084885	-0.283524	-0.258761	0.848848	-0.495488	-0.213912	0.871107	-0.496099	-0.235415	0.806683	-0.498222	-0.191263	0.833439	-0.500913	-0.071121	0.532580	-0.448758	-0.061766	0.524771	-0.330513	-0.115382	0.331692	-0.463745	-0.058831	0.338199	-0.465645	-0.098589	0.281481	-0.453848	-0.049214	0.299216	-0.457260	-0.041604	0.110998	-0.427331	-0.010500	0.124245	-0.341680	0.076109	0.065055	-0.460512	0.114477	0.080002	-0.356816	0.164498	0.108756	-0.418163	-0.084027	0.072536	-0.366085	-0.216666	1.447731	-0.145086	-0.227707	1.475360	-0.484227	
192	0.9550	-0.211467	0.970495	-0.178714	-0.195208	0.978823	-0.426500	-0.403283	1.012046	-0.283902	-0.391214	1.009526	-0.373363	-0.324043	0.825679	-0.119872	-0.270036	0.814067	-0.124870	-0.337327	0.775260	-0.126481	-0.282314	0.762965	-0.131531	-0.391711	0.492634	-0.196436	-0.386448	0.503900	-0.318101	-0.480689	0.355810	-0.179187	-0.428909	0.349351	-0.192505	-0.492556	0.306328	-0.186231	-0.443499	0.300345	-0.199991	-0.523854	0.106688	-0.228300	-0.520209	0.110575	-0.319198	-0.427370	0.034569	-0.198245	0.005998	-0.000426	0.004555	-0.343470	0.045181	-0.258736	-0.593914	0.086187	-0.283678	-0.250767	0.846684	-0.494906	-0.205736	0.868724	-0.495630	-0.227726	0.804416	-0.497684	-0.183474	0.830804	-0.500265	-0.065699	0.529576	-0.447006	-0.057117	0.521664	-0.328419	-0.103922	0.328197	-0.462609	-0.047539	0.336459	-0.464129	-0.085653	0.278420	-0.452755	-0.036743	0.297748	-0.455852	-0.022763	0.109291	-0.426222	0.007328	0.123590	-0.340301	0.096972	0.067315	-0.458699	0.134146	0.083659	-0.354619	0.183699	0.114241	-0.415601	-0.064345	0.069213	-0.365382	-0.209320	1.446188	-0.144810	-0.219788	1.474058	-0.483916	
193	0.9600	-0.204013	0.969185	-0.178013	-0.186727	0.977213	-0.425842	-0.395423	1.010474	-0.284173	-0.383022	1.007875	-0.373587	-0.317563	0.824775	-0.119399	-0.263655	0.812971	-0.124315	-0.331213	0.774501	-0.126025	-0.276306	0.761931	-0.131095	-0.387565	0.492403	-0.196125	-0.381416	0.503556	-0.317818	-0.477909	0.356410	-0.179277	-0.426160	0.349432	-0.192317	-0.490219	0.307052	-0.186330	-0.441153	0.300554	-0.199818	-0.523093	0.107591	-0.228439	-0.519196	0.111482	-0.319286	-0.427399	0.034540	-0.198229	0.002612	-0.000191	0.001984	-0.343412	0.044915	-0.258755	-0.593101	0.087637	-0.283798	-0.242649	0.844541	-0.494327	-0.197437	0.866350	-0.495168	-0.219920	0.802170	-0.497144	-0.175572	0.828170	-0.499599	-0.060183	0.526595	-0.445302	-0.052412	0.518571	-0.326318	-0.092624	0.324911	-0.461429	-0.036441	0.334843	-0.462590	-0.072971	0.275587	-0.451614	-0.024533	0.296412	-0.454409	-0.004517	0.107873	-0.425027	0.024582	0.123145	-0.338851	0.117048	0.069693	-0.456823	0.153053	0.087326	-0.352374	0.202122	0.119639	-0.413010	-0.045268	0.066299	-0.364568	-0.201894	1.444678	-0.144568	-0.211788	1.472755	-0.483642	
194	0.9650	-0.196399	0.967889	-0.177315	-0.178120	0.975617	-0.425184	-0.387415	1.008916	-0.284428	-0.374689	1.006244	-0.373799	-0.310898	0.823876	-0.118930	-0.257088	0.811895	-0.123748	-0.324906	0.773753	-0.125566	-0.270105	0.760915	-0.130659	-0.383165	0.492161	-0.195779	-0.376111	0.503181	-0.317491	-0.474922	0.357047	-0.179338	-0.423213	0.349520	-0.192096	-0.487699	0.307827	-0.186400	-0.438634	0.300784	-0.199613	-0.522241	0.108580	-0.228533	-0.518084	0.112481	-0.319331	-0.427417	0.034517	-0.198212	-0.000381	0.000018	-0.000289	-0.343354	0.044667	-0.258768	-0.592194	0.089241	-0.283878	-0.234404	0.842430	-0.493751	-0.189015	0.864003	-0.494710	-0.211989	0.799958	-0.496602	-0.167549	0.825558	-0.498917	-0.054542	0.523661	-0.443644	-0.047618	0.515522	-0.324220	-0.081507	0.321835	-0.460206	-0.025548	0.333342	-0.461026	-0.060568	0.272975	-0.450425	-0.012602	0.295192	-0.452929	0.013072	0.106711	-0.423744	0.041207	0.122869	-0.337332	0.136273	0.072124	-0.454891	0.171146	0.090925	-0.350090	0.219724	0.124869	-0.410403	-0.026868	0.063773	-0.363637	-0.194390	1.443208	-0.144359	-0.203712	1.471451	-0.483408	
195	0.9700	-0.188629	0.966610	-0.176621	-0.169396	0.974042	-0.424532	-0.379266	1.007377	-0.284664	-0.366226	1.004638	-0.373994	-0.304052	0.822984	-0.118467	-0.250338	0.810843	-0.123172	-0.318408	0.773019	-0.125107	-0.263712	0.759920	-0.130220	-0.378505	0.491907	-0.195394	-0.370533	0.502772	-0.317119	-0.471722	0.357717	-0.179365	-0.420063	0.349613	-0.191840	-0.484986	0.308649	-0.186435	-0.435936	0.301035	-0.199372	-0.521293	0.109655	-0.228579	-0.516872	0.113573	-0.319329	-0.427425	0.034500	-0.198193	-0.002917	0.000194	-0.002214	-0.343295	0.044438	-0.258774	-0.591189	0.091000	-0.283912	-0.226035	0.840363	-0.493178	-0.180477	0.861699	-0.494253	-0.203933	0.797795	-0.496057	-0.159406	0.822988	-0.498219	-0.048752	0.520796	-0.442030	-0.042708	0.512543	-0.322134	-0.070589	0.318968	-0.458942	-0.014871	0.331943	-0.459441	-0.048470	0.270573	-0.449187	-0.000967	0.294070	-0.451413	0.029946	0.105770	-0.422377	0.057155	0.122723	-0.335745	0.154588	0.074543	-0.452909	0.188382	0.094382	-0.347778	0.236470	0.129851	-0.407790	-0.009214	0.061608	-0.362589	-0.186814	1.441784	-0.144183	-0.195567	1.470150	-0.483215	
196	0.9750	-0.180715	0.965354	-0.175936	-0.160569	0.972499	-0.423888	-0.370990	1.005863	-0.284878	-0.357646	1.003062	-0.374172	-0.297036	0.822102	-0.118011	-0.243415	0.809816	-0.122587	-0.311727	0.772298	-0.124649	-0.257136	0.758947	-0.129780	-0.373585	0.491638	-0.194970	-0.364686	0.502326	-0.316700	-0.468304	0.358417	-0.179356	-0.416705	0.349710	-0.191548	-0.482078	0.309517	-0.186434	-0.433056	0.301305	-0.199095	-0.520246	0.110815	-0.228573	-0.515557	0.114760	-0.319276	-0.427419	0.034488	-0.198172	-0.004957	0.000337	-0.003764	-0.343236	0.044230	-0.258772	-0.590084	0.092915	-0.283897	-0.217550	0.838354	-0.492608	-0.171832	0.859454	-0.493796	-0.195756	0.795693	-0.495507	-0.151146	0.820480	-0.497507	-0.042792	0.518024	-0.440458	-0.037659	0.509662	-0.320072	-0.059891	0.316307	-0.457641	-0.004423	0.330633	-0.457837	-0.036704	0.268369	-0.447901	0.010354	0.293028	-0.449863	0.046053	0.105014	-0.420927	0.072380	0.122666	-0.334095	0.171943	0.076887	-0.450885	0.204720	0.097624	-0.345449	0.252332	0.134508	-0.405181	0.007628	0.059777	-0.361424	-0.179175	1.440411	-0.144040	-0.187365	1.468853	-0.483063	
197	0.9800	-0.172671	0.964124	-0.175263	-0.151659	0.970994	-0.423256	-0.362602	1.004381	-0.285069	-0.348968	1.001522	-0.374328	-0.289865	0.821235	-0.117562	-0.236331	0.808816	-0.121997	-0.304878	0.771594	-0.124193	-0.250387	0.758000	-0.129339	-0.368409	0.491353	-0.194504	-0.358581	0.501843	-0.316231	-0.464668	0.359144	-0.179305	-0.413142	0.349808	-0.191218	-0.478973	0.310425	-0.186392	-0.429995	0.301592	-0.198781	-0.519099	0.112056	-0.228510	-0.514138	0.116039	-0.319171	-0.427400	0.034483	-0.198149	-0.006493	0.000445	-0.004930	-0.343175	0.044042	-0.258763	-0.588877	0.094983	-0.283829	-0.208962	0.836412	-0.492041	-0.163094	0.857285	-0.493337	-0.187466	0.793664	-0.494951	-0.142779	0.818053	-0.496786	-0.036650	0.515364	-0.438925	-0.032452	0.506902	-0.318046	-0.049435	0.313846	-0.456309	0.005781	0.329400	-0.456217	-0.025295	0.266350	-0.446571	0.021341	0.292048	-0.448281	0.061347	0.104406	-0.419402	0.086843	0.122659	-0.332387	0.188297	0.079097	-0.448827	0.220130	0.100585	-0.343112	0.267286	0.138773	-0.402587	0.023604	0.058250	-0.360148	-0.171486	1.439094	-0.143929	-0.179122	1.467564	-0.482951	
198	0.9850	-0.164519	0.962925	-0.174605	-0.142691	0.969538	-0.422639	-0.354127	1.002935	-0.285233	-0.340216	1.000023	-0.374461	-0.282557	0.820385	-0.117121	-0.229105	0.807847	-0.121404	-0.297878	0.770907	-0.123741	-0.243483	0.757079	-0.128897	-0.362988	0.491050	-0.193998	-0.352234	0.501322	-0.315714	-0.460822	0.359893	-0.179211	-0.409379	0.349905	-0.190851	-0.475677	0.311370	-0.186308	-0.426757	0.301893	-0.198428	-0.517853	0.113376	-0.228390	-0.512619	0.117406	-0.319011	-0.427365	0.034484	-0.198122	-0.007537	0.000518	-0.005723	-0.343113	0.043876	-0.258748	-0.587572	0.097197	-0.283705	-0.200291	0.834548	-0.491478	-0.154285	0.855204	-0.492875	-0.179079	0.791721	-0.494388	-0.134321	0.815726	-0.496059	-0.030323	0.512836	-0.437431	-0.027078	0.504283	-0.316066	-0.039243	0.311578	-0.454951	0.015725	0.328230	-0.454587	-0.014267	0.264501	-0.445202	0.031977	0.291114	-0.446674	0.075790	0.103912	-0.417809	0.100511	0.122665	-0.330629	0.203617	0.081119	-0.446744	0.234584	0.103207	-0.340780	0.281318	0.142584	-0.400017	0.038665	0.056996	-0.358770	-0.163763	1.437840	-0.143848	-0.170858	1.466287	-0.482880	
199	0.9900	-0.156286	0.961763	-0.173966	-0.133694	0.968137	-0.422041	-0.345593	1.001532	-0.285371	-0.331420	0.998570	-0.374571	-0.275138	0.819555	-0.116691	-0.221763	0.806910	-0.120811	-0.290751	0.770240	-0.123297	-0.236447	0.756189	-0.128454	-0.357339	0.490729	-0.193451	-0.345669	0.500763	-0.315148	-0.456776	0.360659	-0.179073	-0.405429	0.350001	-0.190447	-0.472198	0.312344	-0.186179	-0.423352	0.302207	-0.198038	-0.516511	0.114768	-0.228211	-0.511002	0.118858	-0.318796	-0.427315	0.034491	-0.198091	-0.008120	0.000560	-0.006166	-0.343050	0.043731	-0.258725	-0.586170	0.099547	-0.283524	-0.191560	0.832771	-0.490917	-0.145431	0.853226	-0.492409	-0.170618	0.789871	-0.493820	-0.125794	0.813514	-0.495329	-0.023814	0.510453	-0.435973	-0.021534	0.501825	-0.314144	-0.029338	0.309495	-0.453575	0.025392	0.327111	-0.452952	-0.003645	0.262808	-0.443801	0.042243	0.290209	-0.445047	0.089350	0.103498	-0.416159	0.113355	0.122649	-0.328831	0.217880	0.082905	-0.444648	0.248067	0.105439	-0.338463	0.294418	0.145893	-0.397481	0.052771	0.055982	-0.357302	-0.156031	1.436650	-0.143796	-0.162597	1.465025	-0.482847	
200	0.9950	-0.148005	0.960641	-0.173348	-0.124703	0.966799	-0.421465	-0.337033	1.000176	-0.285481	-0.322615	0.997169	-0.374655	-0.267638	0.818747	-0.116273	-0.214333	0.806007	-0.120222	-0.283526	0.769592	-0.122861	-0.229307	0.755331	-0.128013	-0.351488	0.490390	-0.192866	-0.338917	0.500170	-0.314537	-0.452548	0.361437	-0.178890	-0.401308	0.350092	-0.190008	-0.468551	0.313342	-0.186007	-0.419794	0.302529	-0.197612	-0.515079	0.116224	-0.227975	-0.509296	0.120385	-0.318527	-0.427248	0.034504	-0.198055	-0.008290	0.000573	-0.006295	-0.342985	0.043606	-0.258697	-0.584679	0.102022	-0.283286	-0.182801	0.831089	-0.490361	-0.136563	0.851361	-0.491941	-0.162110	0.788125	-0.493245	-0.117225	0.811430	-0.494601	-0.017136	0.508231	-0.434550	-0.015826	0.499541	-0.312292	-0.019746	0.307588	-0.452190	0.034763	0.326033	-0.451320	0.006548	0.261254	-0.442377	0.052118	0.289319	-0.443409	0.102007	0.103133	-0.414465	0.125356	0.122583	-0.327005	0.231074	0.084415	-0.442549	0.260568	0.107243	-0.336173	0.306587	0.148662	-0.394988	0.065892	0.055179	-0.355759	-0.148314	1.435531	-0.143771	-0.154371	1.463782	-0.482853	
201	1.0000	-0.139714	0.959563	-0.172756	-0.115758	0.965530	-0.420914	-0.328487	0.998874	-0.285562	-0.313840	0.995824	-0.374714	-0.260093	0.817965	-0.115869	-0.206850	0.805141	-0.119640	-0.276237	0.768966	-0.122436	-0.222097	0.754506	-0.127574	-0.345464	0.490033	-0.192246	-0.332014	0.499544	-0.313884	-0.448161	0.362220	-0.178663	-0.397038	0.350177	-0.189535	-0.464756	0.314357	-0.185792	-0.416102	0.302858	-0.197152	-0.513564	0.117735	-0.227681	-0.507509	0.121978	-0.318205	-0.427166	0.034523	-0.198015	-0.008101	0.000561	-0.006151	-0.342919	0.043501	-0.258663	-0.583107	0.104604	-0.282993	-0.174050	0.829509	-0.489811	-0.127719	0.849619	-0.491472	-0.153589	0.786489	-0.492665	-0.108648	0.809487	-0.493880	-0.010312	0.506178	-0.433162	-0.009970	0.497443	-0.310521	-0.010490	0.305848	-0.450804	0.043818	0.324984	-0.449699	0.016289	0.259827	-0.440937	0.061585	0.288433	-0.441767	0.113747	0.102789	-0.412742	0.136501	0.122442	-0.325163	0.243198	0.085620	-0.440459	0.272088	0.108592	-0.333922	0.317830	0.150865	-0.392547	0.078012	0.054556	-0.354156	-0.140643	1.434483	-0.143772	-0.146210	1.462564	-0.482894	
202	1.0050	-0.131455	0.958534	-0.172191	-0.106902	0.964335	-0.420390	-0.319997	0.997629	-0.285616	-0.305139	0.994540	-0.374748	-0.252543	0.817211	-0.115479	-0.199356	0.804313	-0.119069	-0.268923	0.768362	-0.122025	-0.214854	0.753717	-0.127139	-0.339305	0.489659	-0.191595	-0.325003	0.498889	-0.313194	-0.443642	0.363003	-0.178394	-0.392646	0.350256	-0.189034	-0.460836	0.315379	-0.185535	-0.412299	0.303191	-0.196662	-0.511976	0.119289	-0.227335	-0.505653	0.123626	-0.317834	-0.427067	0.034548	-0.197971	-0.007616	0.000528	-0.005784	-0.342852	0.043416	-0.258624	-0.581463	0.107274	-0.282646	-0.165348	0.828035	-0.489266	-0.118940	0.848008	-0.491003	-0.145095	0.784968	-0.492082	-0.100104	0.807694	-0.493171	-0.003372	0.504302	-0.431810	-0.003986	0.495539	-0.308840	-0.001596	0.304263	-0.449428	0.052535	0.323958	-0.448096	0.025558	0.258513	-0.439493	0.070625	0.287543	-0.440133	0.124566	0.102444	-0.411005	0.146786	0.122206	-0.323320	0.254259	0.086498	-0.438391	0.282632	0.109470	-0.331721	0.328160	0.152492	-0.390167	0.089120	0.054083	-0.352513	-0.133054	1.433510	-0.143796	-0.138154	1.461375	-0.482969	
203	1.0100	-0.123275	0.957557	-0.171657	-0.098181	0.963220	-0.419896	-0.311610	0.996447	-0.285642	-0.296559	0.993321	-0.374758	-0.245032	0.816487	-0.115106	-0.191893	0.803526	-0.118513	-0.261629	0.767781	-0.121629	-0.207624	0.752966	-0.126711	-0.333055	0.489272	-0.190919	-0.317932	0.498211	-0.312472	-0.439025	0.363780	-0.178085	-0.388165	0.350328	-0.188506	-0.456820	0.316401	-0.185241	-0.408413	0.303525	-0.196145	-0.510328	0.120875	-0.226939	-0.503741	0.125315	-0.317417	-0.426954	0.034578	-0.197921	-0.006901	0.000480	-0.005240	-0.342784	0.043348	-0.258582	-0.579760	0.110011	-0.282251	-0.156741	0.826672	-0.488731	-0.110272	0.846533	-0.490536	-0.136672	0.783568	-0.491498	-0.091636	0.806057	-0.492478	0.003646	0.502606	-0.430494	0.002092	0.493832	-0.307259	0.006913	0.302825	-0.448072	0.060894	0.322950	-0.446522	0.034336	0.257300	-0.438056	0.079220	0.286641	-0.438517	0.134468	0.102079	-0.409270	0.156213	0.121862	-0.321489	0.264276	0.087039	-0.436357	0.292217	0.109877	-0.329581	0.337595	0.153546	-0.387857	0.099221	0.053735	-0.350849	-0.125582	1.432612	-0.143841	-0.130240	1.460220	-0.483073	
204	1.0150	-0.115224	0.956636	-0.171154	-0.089644	0.962187	-0.419433	-0.303376	0.995331	-0.285643	-0.288151	0.992171	-0.374744	-0.237607	0.815796	-0.114751	-0.184510	0.802780	-0.117975	-0.254400	0.767224	-0.121250	-0.200452	0.752254	-0.126291	-0.326762	0.488872	-0.190224	-0.310855	0.497514	-0.311726	-0.434347	0.364542	-0.177742	-0.383629	0.350391	-0.187958	-0.452742	0.317414	-0.184912	-0.404475	0.303856	-0.195607	-0.508633	0.122477	-0.226499	-0.501790	0.127031	-0.316960	-0.426828	0.034613	-0.197868	-0.006018	0.000419	-0.004570	-0.342714	0.043297	-0.258536	-0.578014	0.112790	-0.281811	-0.148279	0.825423	-0.488205	-0.101763	0.845198	-0.490073	-0.128368	0.782289	-0.490915	-0.083293	0.804579	-0.491806	0.010695	0.501092	-0.429217	0.008229	0.492322	-0.305784	0.015011	0.301523	-0.446744	0.068872	0.321956	-0.444986	0.042608	0.256178	-0.436637	0.087354	0.285726	-0.436931	0.143467	0.101680	-0.407554	0.164794	0.121404	-0.319688	0.273276	0.087244	-0.434370	0.300866	0.109824	-0.327513	0.346162	0.154044	-0.385625	0.108329	0.053488	-0.349186	-0.118269	1.431791	-0.143904	-0.122511	1.459105	-0.483204	
205	1.0200	-0.107354	0.955772	-0.170685	-0.081342	0.961239	-0.419003	-0.295346	0.994284	-0.285621	-0.279963	0.991093	-0.374710	-0.230319	0.815139	-0.114415	-0.177256	0.802078	-0.117459	-0.247286	0.766693	-0.120890	-0.193388	0.751583	-0.125883	-0.320477	0.488464	-0.189516	-0.303827	0.496806	-0.310962	-0.429648	0.365286	-0.177369	-0.379079	0.350445	-0.187395	-0.448636	0.318410	-0.184554	-0.400518	0.304182	-0.195052	-0.506908	0.124083	-0.226023	-0.499817	0.128759	-0.316469	-0.426689	0.034652	-0.197810	-0.005030	0.000351	-0.003820	-0.342644	0.043261	-0.258488	-0.576238	0.115585	-0.281334	-0.140011	0.824287	-0.487692	-0.093464	0.844003	-0.489619	-0.120236	0.781133	-0.490338	-0.075125	0.803263	-0.491159	0.017723	0.499757	-0.427981	0.014378	0.491005	-0.304421	0.022678	0.300347	-0.445456	0.076448	0.320974	-0.443497	0.050359	0.255136	-0.435248	0.095012	0.284797	-0.435386	0.151583	0.101238	-0.405874	0.172546	0.120831	-0.317930	0.281296	0.087123	-0.432444	0.308609	0.109333	-0.325528	0.353891	0.154015	-0.383482	0.116467	0.053319	-0.347542	-0.111156	1.431046	-0.143983	-0.115011	1.458035	-0.483357	
206	1.0250	-0.099715	0.954969	-0.170251	-0.073325	0.960377	-0.418607	-0.287571	0.993309	-0.285577	-0.272048	0.990089	-0.374657	-0.223218	0.814519	-0.114099	-0.170182	0.801421	-0.116967	-0.240339	0.766189	-0.120550	-0.186483	0.750954	-0.125488	-0.314256	0.488051	-0.188803	-0.296907	0.496094	-0.310189	-0.424973	0.366004	-0.176971	-0.374556	0.350491	-0.186823	-0.444542	0.319380	-0.184172	-0.396580	0.304499	-0.194488	-0.505171	0.125676	-0.225517	-0.497840	0.130480	-0.315952	-0.426541	0.034695	-0.197750	-0.003991	0.000279	-0.003031	-0.342573	0.043238	-0.258438	-0.574452	0.118369	-0.280826	-0.131991	0.823265	-0.487195	-0.085426	0.842947	-0.489175	-0.112327	0.780100	-0.489771	-0.067186	0.802105	-0.490541	0.024675	0.498597	-0.426791	0.020491	0.489875	-0.303174	0.029894	0.299289	-0.444215	0.083601	0.320006	-0.442065	0.057580	0.254169	-0.433899	0.102181	0.283857	-0.433893	0.158847	0.100749	-0.404245	0.179495	0.120148	-0.316231	0.288379	0.086697	-0.430591	0.315484	0.108440	-0.323637	0.360816	0.153502	-0.381434	0.123670	0.053210	-0.345938	-0.104283	1.430376	-0.144074	-0.107781	1.457014	-0.483529	
207	1.0300	-0.092361	0.954228	-0.169852	-0.065640	0.959600	-0.418245	-0.280102	0.992409	-0.285514	-0.264455	0.989161	-0.374587	-0.216354	0.813937	-0.113805	-0.163340	0.800810	-0.116504	-0.233608	0.765712	-0.120233	-0.179789	0.750367	-0.125109	-0.308154	0.487637	-0.188092	-0.290153	0.495384	-0.309417	-0.420364	0.366692	-0.176556	-0.370101	0.350528	-0.186249	-0.440500	0.320316	-0.183773	-0.392697	0.304806	-0.193920	-0.503438	0.127242	-0.224989	-0.495879	0.132179	-0.315416	-0.426384	0.034740	-0.197686	-0.002950	0.000207	-0.002240	-0.342503	0.043227	-0.258388	-0.572674	0.121114	-0.280297	-0.124271	0.822355	-0.486715	-0.077700	0.842027	-0.488746	-0.104696	0.779185	-0.489216	-0.059527	0.801102	-0.489956	0.031492	0.497605	-0.425649	0.026515	0.488922	-0.302045	0.036640	0.298339	-0.443032	0.090313	0.319055	-0.440700	0.064263	0.253270	-0.432603	0.108850	0.282910	-0.432464	0.165292	0.100214	-0.402683	0.185673	0.119364	-0.314604	0.294578	0.085993	-0.428822	0.321535	0.107189	-0.321848	0.366979	0.152555	-0.379491	0.129981	0.053145	-0.344392	-0.097693	1.429779	-0.144176	-0.100864	1.456048	-0.483716	
208	1.0350	-0.085340	0.953549	-0.169489	-0.058335	0.958909	-0.417918	-0.272985	0.991584	-0.285436	-0.257231	0.988311	-0.374504	-0.209776	0.813394	-0.113534	-0.156779	0.800244	-0.116070	-0.227144	0.765264	-0.119938	-0.173355	0.749823	-0.124748	-0.302226	0.487227	-0.187392	-0.283623	0.494684	-0.308654	-0.415868	0.367343	-0.176129	-0.365758	0.350557	-0.185679	-0.436548	0.321211	-0.183363	-0.388906	0.305100	-0.193356	-0.501729	0.128764	-0.224448	-0.493954	0.133837	-0.314869	-0.426223	0.034788	-0.197621	-0.001947	0.000138	-0.001479	-0.342433	0.043227	-0.258339	-0.570921	0.123793	-0.279754	-0.116901	0.821552	-0.486256	-0.070334	0.841237	-0.488334	-0.097392	0.778385	-0.488679	-0.052200	0.800248	-0.489407	0.038114	0.496770	-0.424562	0.032396	0.488135	-0.301034	0.042903	0.297489	-0.441913	0.096568	0.318125	-0.439408	0.070406	0.252435	-0.431369	0.115013	0.281964	-0.431109	0.170962	0.099635	-0.401202	0.191116	0.118494	-0.313062	0.299948	0.085046	-0.427148	0.326811	0.105631	-0.320170	0.372422	0.151236	-0.377660	0.135449	0.053110	-0.342921	-0.091425	1.429252	-0.144284	-0.094298	1.455140	-0.483912	
209	1.0400	-0.078697	0.952932	-0.169161	-0.051452	0.958299	-0.417624	-0.266266	0.990834	-0.285346	-0.250419	0.987539	-0.374411	-0.203530	0.812891	-0.113285	-0.150544	0.799726	-0.115669	-0.220993	0.764845	-0.119667	-0.167228	0.749324	-0.124408	-0.296525	0.486824	-0.186709	-0.277371	0.494003	-0.307909	-0.411527	0.367954	-0.175699	-0.361568	0.350579	-0.185121	-0.432726	0.322057	-0.182949	-0.385245	0.305378	-0.192802	-0.500063	0.130230	-0.223904	-0.492085	0.135440	-0.314320	-0.426058	0.034836	-0.197555	-0.001014	0.000073	-0.000770	-0.342365	0.043235	-0.258290	-0.569212	0.126379	-0.279206	-0.109927	0.820854	-0.485821	-0.063373	0.840571	-0.487941	-0.090465	0.777696	-0.488164	-0.045252	0.799533	-0.488896	0.044482	0.496081	-0.423533	0.038079	0.487498	-0.300140	0.048674	0.296732	-0.440866	0.102353	0.317222	-0.438198	0.076009	0.251661	-0.430206	0.120667	0.281028	-0.429835	0.175903	0.099021	-0.399812	0.195868	0.117555	-0.311617	0.304551	0.083898	-0.425579	0.331364	0.103826	-0.318609	0.377191	0.149611	-0.375948	0.140133	0.053095	-0.341538	-0.085513	1.428793	-0.144397	-0.088121	1.454295	-0.484114	
210	1.0450	-0.072474	0.952377	-0.168869	-0.045027	0.957769	-0.417363	-0.259982	0.990159	-0.285247	-0.244056	0.986843	-0.374310	-0.197657	0.812429	-0.113059	-0.144679	0.799254	-0.115302	-0.215198	0.764456	-0.119420	-0.161452	0.748868	-0.124091	-0.291103	0.486432	-0.186052	-0.271449	0.493347	-0.307190	-0.407382	0.368522	-0.175271	-0.357570	0.350594	-0.184579	-0.429070	0.322850	-0.182538	-0.381747	0.305639	-0.192264	-0.498456	0.131624	-0.223364	-0.490289	0.136970	-0.313778	-0.425894	0.034885	-0.197489	-0.000173	0.000014	-0.000132	-0.342299	0.043249	-0.258243	-0.567566	0.128846	-0.278663	-0.103391	0.820254	-0.485412	-0.056857	0.840019	-0.487572	-0.083957	0.777109	-0.487675	-0.038728	0.798948	-0.488425	0.050542	0.495526	-0.422567	0.043513	0.486998	-0.299360	0.053946	0.296061	-0.439895	0.107660	0.316353	-0.437076	0.081079	0.250946	-0.429121	0.125811	0.280111	-0.428652	0.180166	0.098382	-0.398524	0.199976	0.116569	-0.310276	0.308452	0.082593	-0.424123	0.335252	0.101836	-0.317170	0.381335	0.147750	-0.374361	0.144094	0.053092	-0.340255	-0.079991	1.428398	-0.144512	-0.082362	1.453514	-0.484317	
211	1.0500	-0.066703	0.951883	-0.168610	-0.039090	0.957313	-0.417134	-0.254166	0.989557	-0.285143	-0.238174	0.986223	-0.374205	-0.192193	0.812008	-0.112856	-0.139218	0.798828	-0.114969	-0.209796	0.764099	-0.119198	-0.156064	0.748455	-0.123797	-0.286003	0.486057	-0.185427	-0.265900	0.492723	-0.306505	-0.403470	0.369043	-0.174853	-0.353798	0.350602	-0.184061	-0.425615	0.323583	-0.182136	-0.378444	0.305881	-0.191749	-0.496925	0.132936	-0.222836	-0.488585	0.138415	-0.313249	-0.425731	0.034933	-0.197424	0.000560	-0.000037	0.000425	-0.342236	0.043269	-0.258199	-0.565999	0.131174	-0.278132	-0.097327	0.819745	-0.485032	-0.050820	0.839572	-0.487228	-0.077908	0.776618	-0.487216	-0.032664	0.798479	-0.487996	0.056243	0.495090	-0.421668	0.048649	0.486618	-0.298687	0.058719	0.295470	-0.439005	0.112484	0.315524	-0.436047	0.085625	0.250288	-0.428121	0.130450	0.279223	-0.427565	0.183806	0.097728	-0.397344	0.203488	0.115557	-0.309047	0.311717	0.081177	-0.422786	0.338532	0.099724	-0.315858	0.384902	0.145725	-0.372903	0.147398	0.053094	-0.339081	-0.074883	1.428061	-0.144625	-0.077047	1.452801	-0.484518	
212	1.0550	-0.061411	0.951448	-0.168384	-0.033663	0.956927	-0.416936	-0.248842	0.989027	-0.285035	-0.232795	0.985677	-0.374098	-0.187165	0.811629	-0.112676	-0.134192	0.798448	-0.114670	-0.204817	0.763773	-0.118999	-0.151095	0.748086	-0.123529	-0.281263	0.485703	-0.184841	-0.260763	0.492137	-0.305861	-0.399823	0.369515	-0.174450	-0.350283	0.350606	-0.183573	-0.422389	0.324254	-0.181749	-0.375363	0.306103	-0.191263	-0.495486	0.134156	-0.222330	-0.486988	0.139762	-0.312742	-0.425574	0.034979	-0.197361	0.001177	-0.000080	0.000894	-0.342176	0.043292	-0.258158	-0.564525	0.133343	-0.277621	-0.091765	0.819320	-0.484682	-0.045287	0.839220	-0.486912	-0.072346	0.776214	-0.486789	-0.027090	0.798116	-0.487608	0.061544	0.494758	-0.420840	0.053445	0.486340	-0.298117	0.062998	0.294951	-0.438199	0.116827	0.314742	-0.435112	0.089663	0.249687	-0.427210	0.134594	0.278375	-0.426577	0.186877	0.097074	-0.396278	0.206458	0.114541	-0.307935	0.314413	0.079696	-0.421571	0.341266	0.097553	-0.314674	0.387944	0.143605	-0.371578	0.150112	0.053097	-0.338022	-0.070211	1.427779	-0.144736	-0.072196	1.452157	-0.484712	
213	1.0600	-0.056617	0.951069	-0.168189	-0.028762	0.956604	-0.416765	-0.244026	0.988565	-0.284928	-0.227934	0.985200	-0.373993	-0.182595	0.811290	-0.112517	-0.129621	0.798111	-0.114406	-0.200283	0.763478	-0.118823	-0.146568	0.747758	-0.123287	-0.276915	0.485371	-0.184298	-0.256066	0.491594	-0.305265	-0.396467	0.369939	-0.174069	-0.347051	0.350605	-0.183118	-0.419416	0.324860	-0.181384	-0.372526	0.306304	-0.190810	-0.494151	0.135275	-0.221851	-0.485511	0.141002	-0.312263	-0.425424	0.035024	-0.197301	0.001679	-0.000115	0.001275	-0.342119	0.043317	-0.258120	-0.563158	0.135337	-0.277138	-0.086722	0.818972	-0.484363	-0.040276	0.838950	-0.486624	-0.067294	0.775888	-0.486399	-0.022028	0.797843	-0.487262	0.066408	0.494517	-0.420086	0.057866	0.486150	-0.297641	0.066791	0.294500	-0.437476	0.120693	0.314013	-0.434275	0.093210	0.249143	-0.426390	0.138257	0.277576	-0.425692	0.189438	0.096431	-0.395327	0.208937	0.113544	-0.306942	0.316608	0.078197	-0.420481	0.343513	0.095382	-0.313618	0.390509	0.141457	-0.370386	0.152306	0.053099	-0.337080	-0.065987	1.427546	-0.144842	-0.067818	1.451581	-0.484896	
214	1.0650	-0.052329	0.950743	-0.168022	-0.024390	0.956340	-0.416620	-0.239726	0.988167	-0.284825	-0.223598	0.984791	-0.373892	-0.178495	0.810992	-0.112380	-0.125518	0.797817	-0.114176	-0.196208	0.763215	-0.118670	-0.142498	0.747470	-0.123071	-0.272980	0.485066	-0.183802	-0.251829	0.491098	-0.304720	-0.393421	0.370314	-0.173715	-0.344118	0.350601	-0.182700	-0.416715	0.325400	-0.181043	-0.369950	0.306483	-0.190394	-0.492930	0.136287	-0.221406	-0.484163	0.142127	-0.311819	-0.425283	0.035066	-0.197245	0.002071	-0.000142	0.001572	-0.342067	0.043343	-0.258085	-0.561908	0.137145	-0.276689	-0.082209	0.818691	-0.484077	-0.035795	0.838751	-0.486366	-0.062763	0.775631	-0.486045	-0.017489	0.797648	-0.486957	0.070811	0.494350	-0.419407	0.061885	0.486030	-0.297250	0.070116	0.294111	-0.436838	0.124095	0.313344	-0.433535	0.096292	0.248655	-0.425663	0.141457	0.276834	-0.424909	0.191544	0.095811	-0.394491	0.210980	0.112584	-0.306067	0.318366	0.076720	-0.419516	0.345332	0.093267	-0.312688	0.392649	0.139343	-0.369327	0.154047	0.053098	-0.336255	-0.062216	1.427357	-0.144941	-0.063918	1.451073	-0.485069	
215	1.0700	-0.048548	0.950466	-0.167882	-0.020545	0.956126	-0.416500	-0.235939	0.987830	-0.284726	-0.219783	0.984443	-0.373796	-0.174869	0.810731	-0.112263	-0.121888	0.797563	-0.113977	-0.192598	0.762984	-0.118539	-0.138890	0.747221	-0.122881	-0.269471	0.484789	-0.183356	-0.248063	0.490652	-0.304230	-0.390698	0.370640	-0.173390	-0.341497	0.350595	-0.182323	-0.414297	0.325874	-0.180731	-0.367645	0.306642	-0.190018	-0.491830	0.137189	-0.220999	-0.482952	0.143132	-0.311413	-0.425153	0.035105	-0.197193	0.002361	-0.000163	0.001793	-0.342020	0.043370	-0.258055	-0.560781	0.138759	-0.276278	-0.078227	0.818469	-0.483824	-0.031844	0.838611	-0.486137	-0.058758	0.775433	-0.485730	-0.013477	0.797517	-0.486692	0.074738	0.494245	-0.418804	0.065484	0.485966	-0.296936	0.072992	0.293779	-0.436282	0.127050	0.312738	-0.432889	0.098935	0.248221	-0.425026	0.144218	0.276157	-0.424226	0.193252	0.095227	-0.393768	0.212639	0.111681	-0.305308	0.319750	0.075302	-0.418674	0.346782	0.091255	-0.311880	0.394412	0.137317	-0.368400	0.155400	0.053094	-0.335545	-0.058895	1.427206	-0.145032	-0.060490	1.450630	-0.485227	
216	1.0750	-0.045264	0.950235	-0.167766	-0.017214	0.955958	-0.416401	-0.232655	0.987547	-0.284635	-0.216477	0.984152	-0.373708	-0.171709	0.810507	-0.112164	-0.118724	0.797346	-0.113809	-0.189448	0.762782	-0.118427	-0.135741	0.747008	-0.122717	-0.266390	0.484543	-0.182963	-0.244766	0.490257	-0.303797	-0.388302	0.370920	-0.173099	-0.339192	0.350587	-0.181988	-0.412168	0.326285	-0.180452	-0.365617	0.306779	-0.189683	-0.490855	0.137980	-0.220634	-0.481881	0.144017	-0.311048	-0.425036	0.035140	-0.197146	0.002562	-0.000177	0.001945	-0.341978	0.043395	-0.258028	-0.559782	0.140179	-0.275909	-0.074765	0.818299	-0.483604	-0.028413	0.838519	-0.485938	-0.055270	0.775285	-0.485454	-0.009984	0.797438	-0.486464	0.078185	0.494187	-0.418277	0.068656	0.485944	-0.296688	0.075444	0.293498	-0.435804	0.129581	0.312198	-0.432335	0.101171	0.247842	-0.424478	0.146566	0.275549	-0.423640	0.194615	0.094687	-0.393153	0.213966	0.110849	-0.304660	0.320818	0.073975	-0.417950	0.347916	0.089386	-0.311189	0.395844	0.135423	-0.367598	0.156428	0.053086	-0.334944	-0.056016	1.427088	-0.145114	-0.057523	1.450250	-0.485369	
217	1.0800	-0.042460	0.950045	-0.167671	-0.014376	0.955828	-0.416320	-0.229854	0.987315	-0.284553	-0.213659	0.983913	-0.373628	-0.169003	0.810317	-0.112082	-0.116013	0.797165	-0.113669	-0.186745	0.762609	-0.118335	-0.133039	0.746829	-0.122577	-0.263733	0.484327	-0.182621	-0.241930	0.489913	-0.303420	-0.386231	0.371156	-0.172842	-0.337200	0.350579	-0.181696	-0.410324	0.326634	-0.180205	-0.363861	0.306896	-0.189392	-0.490006	0.138663	-0.220312	-0.480950	0.144781	-0.310728	-0.424931	0.035171	-0.197104	0.002688	-0.000186	0.002041	-0.341941	0.043418	-0.258005	-0.558912	0.141405	-0.275584	-0.071807	0.818171	-0.483415	-0.025482	0.838466	-0.485768	-0.052283	0.775178	-0.485216	-0.006993	0.797398	-0.486273	0.081158	0.494165	-0.417823	0.071402	0.485952	-0.296498	0.077503	0.293264	-0.435401	0.131714	0.311725	-0.431868	0.103032	0.247516	-0.424014	0.148533	0.275013	-0.423146	0.195684	0.094200	-0.392638	0.215008	0.110098	-0.304116	0.321625	0.072763	-0.417337	0.348785	0.087690	-0.310608	0.396990	0.133696	-0.366917	0.157189	0.053076	-0.334445	-0.053560	1.426998	-0.145187	-0.054997	1.449930	-0.485495	
218	1.0850	-0.040108	0.949891	-0.167595	-0.012001	0.955730	-0.416257	-0.227508	0.987127	-0.284480	-0.211302	0.983720	-0.373559	-0.166728	0.810160	-0.112015	-0.113734	0.797016	-0.113554	-0.184470	0.762464	-0.118258	-0.130763	0.746680	-0.122460	-0.261485	0.484141	-0.182329	-0.239536	0.489621	-0.303099	-0.384474	0.371352	-0.172620	-0.335510	0.350571	-0.181446	-0.408759	0.326925	-0.179992	-0.362372	0.306995	-0.189142	-0.489281	0.139240	-0.220035	-0.480157	0.145430	-0.310451	-0.424840	0.035198	-0.197068	0.002756	-0.000191	0.002092	-0.341909	0.043439	-0.257985	-0.558168	0.142444	-0.275304	-0.069324	0.818078	-0.483256	-0.023025	0.838441	-0.485624	-0.049773	0.775104	-0.485015	-0.004479	0.797387	-0.486114	0.083674	0.494169	-0.417440	0.073735	0.485980	-0.296356	0.079201	0.293072	-0.435068	0.133480	0.311320	-0.431481	0.104556	0.247239	-0.423629	0.150151	0.274551	-0.422737	0.196507	0.093769	-0.392216	0.215811	0.109437	-0.303669	0.322220	0.071685	-0.416830	0.349437	0.086189	-0.310127	0.397893	0.132161	-0.366349	0.157735	0.053064	-0.334039	-0.051503	1.426931	-0.145249	-0.052885	1.449665	-0.485603	
219	1.0900	-0.038177	0.949769	-0.167536	-0.010054	0.955658	-0.416207	-0.225584	0.986979	-0.284418	-0.209369	0.983567	-0.373499	-0.164854	0.810031	-0.111962	-0.111856	0.796895	-0.113463	-0.182594	0.762344	-0.118197	-0.128885	0.746560	-0.122364	-0.259621	0.483985	-0.182086	-0.237558	0.489376	-0.302832	-0.383016	0.371511	-0.172433	-0.334108	0.350562	-0.181237	-0.407458	0.327163	-0.179813	-0.361134	0.307076	-0.188933	-0.488675	0.139718	-0.219801	-0.479495	0.145968	-0.310218	-0.424763	0.035221	-0.197037	0.002778	-0.000193	0.002109	-0.341882	0.043457	-0.257969	-0.557547	0.143305	-0.275067	-0.067283	0.818012	-0.483125	-0.021006	0.838436	-0.485506	-0.047707	0.775056	-0.484849	-0.002410	0.797396	-0.485985	0.085758	0.494189	-0.417122	0.075674	0.486019	-0.296253	0.080574	0.292918	-0.434797	0.134913	0.310980	-0.431167	0.105779	0.247009	-0.423316	0.151458	0.274161	-0.422406	0.197127	0.093398	-0.391877	0.216417	0.108870	-0.303309	0.322646	0.070750	-0.416417	0.349914	0.084894	-0.309739	0.398589	0.130833	-0.365884	0.158114	0.053052	-0.333716	-0.049816	1.426883	-0.145302	-0.051156	1.449450	-0.485694	
